carID,price
89856,9783.186599008932
106581,23853.891784120126
80886,13161.705344290263
100174,16830.67858850453
81376,23506.70681776186
85391,10383.275208246549
82175,14331.600437805353
95250,14840.669241428406
85071,5211.290277303039
96210,16965.765815962597
80317,27272.69524392743
92731,21988.99666224509
107704,14210.69221906069
98302,7271.067773512455
107055,22262.047019751095
94621,41923.256225046614
91709,20641.658747183294
98193,48634.69827343314
76189,16689.42803124401
86871,13746.4757706489
102917,6885.845219856925
90923,26835.202336367485
101603,10501.475374103351
94196,21188.932935375084
85174,16098.770445208875
103370,12542.645913901824
107877,15007.952103514635
79567,14311.999843338632
90091,9660.54921871286
76169,12411.088755506353
98708,10792.803861077902
107347,21099.09085568296
89583,9114.575153045167
101591,12088.94744424362
92160,15473.019544532659
99676,11812.448624107916
85354,17660.79549054088
81900,11510.636327227408
80345,22544.095768326373
78509,31495.2421083511
100872,9987.000121288127
95087,27181.522778824918
86027,16409.300060313988
89135,13551.19362869772
80557,27002.533378534175
108092,19865.886826095943
102672,16624.607007249288
83022,8369.249838343261
78398,18890.714944537376
95889,30038.445910914696
81117,47603.86301049149
93730,19510.186248020964
101380,9614.6145276695
81772,27863.979691279805
85304,11310.161025909449
86107,5673.323401643533
88696,15925.305624277982
104350,20416.194376438223
87331,12842.876222343431
85206,16045.44114026087
107445,25308.494853952896
106539,29461.83353692749
98712,20778.741555840763
96875,13201.0860811994
108464,21859.49671700947
99890,7092.8957518145035
87771,17089.128763498986
79442,19526.858538352906
84170,10650.425870215886
103045,15643.420173137425
101544,3660.095457889269
77350,10497.52101631656
89225,14940.48517029231
79565,54253.316231179335
82849,9833.758362053042
94360,19913.075951652496
103040,7110.227001851954
105101,39490.269376172684
97077,11442.899385169689
98674,12657.117778921482
93447,27690.929933997926
84951,19773.908072207876
91953,9465.618676889233
102101,8430.993314406172
92604,30389.555973122962
89010,8794.643124392434
102729,10258.388759733263
88024,9841.861274287341
104367,11603.022289445164
101230,10474.138271479545
82524,19882.975034206538
95279,48815.45961230576
106098,12570.881027355226
89749,8863.527860068074
101277,6008.91390700527
108016,26947.377220906084
81259,25865.37943622673
97434,21282.439348119016
105289,29519.75662887388
103379,9965.648044306265
78317,27490.271537190896
104166,18985.558897773448
106660,31881.831999382164
107490,11455.148578008037
90684,13902.502273966067
90032,6615.195373259493
79481,19505.28020552722
102524,9132.141888471173
100778,17188.124243740724
77810,15310.725549364313
98979,13279.918354888843
76558,17116.966959648427
94550,21769.72492361896
107246,6317.801912463666
77429,25741.153527845792
106105,12373.17802371407
105213,9933.040350385761
102747,14396.692794524146
104958,16344.295523927647
96036,17076.389915922064
92310,23253.413268837547
100837,7197.206255017261
82858,11203.59198458478
90119,10204.83984492679
77304,23403.932976802127
89011,11173.895540358446
84623,17061.63407170247
99665,22932.650945127705
100592,9909.274171358458
82623,10564.651304293218
92035,18112.950832502138
84305,10701.567708140417
92903,7154.809591598998
93398,19194.04213917389
108067,16873.613047259794
85062,7892.131631807409
81727,40326.3610462586
95637,9575.806909827508
89690,8197.74739925598
83240,17877.727437196863
89711,10687.592433490703
96945,10357.637578839553
104924,23108.333418138667
79633,21048.18146690133
89582,4408.9316945385435
98080,7006.380028183204
85992,6527.625017746196
86712,12702.892219337578
105767,12587.87679658758
100590,9036.896804603319
104574,15950.548384824944
97246,12793.45828374409
78141,18203.477196581753
91590,28299.137029503872
80767,14513.128058966404
100344,15165.815145326253
88987,21147.223650267522
96479,17934.44958324524
90598,8688.194664475692
83880,7925.989019898929
86802,15712.876224915246
103078,15641.645588249032
84736,9137.34093951285
84196,3286.2187442005397
102062,10212.716381077456
90110,6461.540559956705
102907,11214.63785633283
81776,24729.96424117911
102431,6304.646572626458
80442,14495.307006634823
78656,26474.641371721496
78537,35342.375495128625
102511,9236.371488196526
93612,19838.768981040288
99284,7527.148856080406
96315,16165.238896636562
94305,37986.89302125813
100636,11160.533947335634
81816,16137.047402381548
100352,15951.845818473566
101476,10314.9534975315
93392,34697.69568933046
93995,22298.767291773653
94261,32094.746670335786
89117,15460.871218736338
86506,2318.0689875479006
88456,5810.383404000373
84134,10787.296060196803
81088,12456.818577976042
103960,11055.541284986724
84925,13323.415993991108
97306,10169.989643747504
83752,7447.415924111308
100696,5737.972765191738
76472,11840.078359342819
101128,14025.593499614437
105932,14316.827029318007
86416,8207.824703643699
79616,26237.390500773927
83395,14583.521674818505
88734,11537.639510191322
106676,17530.707146453595
102442,10213.662970597365
88761,17904.824117451917
79708,27110.1132223196
96808,19109.074340057854
103755,9435.236878435788
86273,17228.298785659714
97635,28824.062118799746
80797,25505.706245080666
108000,16112.803738070279
95126,36627.986942529256
105187,31803.03014428502
81613,20669.791997928598
103906,7083.272829373021
105729,7580.142338965751
100637,15393.410646186123
82861,7493.823688167105
107823,17249.358532804592
85274,13703.624932161678
88926,14257.521905849117
87871,10542.755299346878
97970,6829.180057669829
98044,8855.351755938093
90277,8690.167607526364
85647,13183.248162098218
107447,17978.678735601767
79418,8020.3188764435945
80383,27075.46961150368
79894,19022.784883417367
105875,6876.982104373027
86032,11076.11917164279
104423,14852.117263966322
78437,14284.596741400232
79480,17439.553289759617
89973,5641.6844852247805
94007,26915.028776381238
93952,14353.840900540225
84548,4000.0727455251363
97885,10599.335716235108
86571,10192.824531869383
77839,36957.313604446
102201,5939.853831904905
98731,7078.979833938682
82395,17298.818169753755
76816,34520.918427017285
97956,9143.28964532482
86012,13486.068248314852
106393,21193.107127865824
81832,26128.627048160943
82787,19380.92642083814
103974,6398.787285739113
100725,10537.499077371336
86552,6895.326649286816
80174,13603.959595455317
99189,14650.808245031807
102543,12917.329472069294
98518,14470.589274990363
100334,9507.181963465042
92673,18949.05795242986
88008,11933.892708245286
105207,24988.330957462233
106462,26470.217598416715
106106,16256.70840157631
79705,19589.516063560462
108193,17535.43145391983
89668,7723.568799253587
86435,12163.37949537338
101281,11771.21126319313
104753,27476.030907768512
79004,16492.45298039784
89732,3179.6419073877228
89201,13071.344945940798
87282,13544.676243687818
101589,9691.8527537591
87352,10894.330472807602
103388,10033.288662353061
93619,18228.569833279922
101941,7028.235441023203
106533,13507.697221894628
90018,24561.471169971468
101265,16402.87674211956
104255,18932.229337920682
80093,27860.24011491786
82433,7450.800026981744
77254,17663.81073498681
106400,30937.435938794577
79847,9555.105390822235
95735,29796.104768250276
106733,20440.222032401776
76318,17414.4026492211
95966,13023.50591828285
101690,9423.021606331928
82845,16087.020819578405
96266,24612.28297885519
104175,29362.353024035772
97347,14023.31513685397
92730,48023.78053140374
84738,8885.470651628777
102596,6356.378487709631
78356,31536.79571510348
94062,31922.6768430111
101662,6848.661682321503
81715,28089.574896160233
103046,13217.146755920363
108133,5775.814139644187
96302,12997.831739882691
83859,22133.944345084576
104815,17446.386592108815
95903,26270.464842664347
79683,10943.510812119117
88888,20352.37247511497
80529,31909.927347496174
81898,59181.378354891065
83435,9805.705307693152
80448,15128.236294982931
79241,33775.84514837958
76056,19971.042910871554
76342,16650.309034707836
98238,9238.924426969676
85878,7768.042732349181
102846,12927.732768340069
90215,4483.522519130256
79635,58340.25651518571
77561,16948.174016607125
101151,13129.222335226776
93594,26363.220342458088
78703,40414.748862314314
87596,7813.244099836539
92572,18556.352505671104
90757,7719.2704503048135
95881,20018.790817786507
98008,12904.960686561732
84805,9193.345960350161
100888,10205.430838086793
82504,15525.352341562524
82177,16045.379962922992
89472,33604.159620009515
82301,16672.641895315093
106483,8264.076375091661
79808,12922.045081353537
83412,16857.693625874334
89386,16892.98281511196
89889,20006.7832607115
108249,16956.269826829197
98252,8633.53053138365
83525,9592.901692271571
102595,9894.292933372406
94255,12048.182710404806
91259,25913.100867216166
99539,6772.122566482976
97379,24691.823891330347
104452,24777.053745602025
88479,10762.20630072536
95424,34172.048157875586
94732,38418.876717641455
89025,10253.433017944619
89497,39494.82322976961
92405,16354.882616257837
95346,17191.047456475753
91337,17265.450681168488
97739,13123.920934617381
81087,12949.400299881136
80661,12426.754059948695
105537,12034.500344584581
81073,27987.67659194566
102770,9626.252716302066
99299,9270.884430822129
77528,17861.230200708134
95278,30817.88765160606
106536,17076.483714969112
79421,14305.47873366421
105026,23392.20269363012
97887,11436.026032579057
106163,16543.662337995298
103242,10158.463301790509
103098,8095.124798405972
76195,15330.591003386338
103418,11030.84814275664
102091,12401.476326904756
102341,7694.071158763175
100315,20376.00221666224
100377,8308.711301577383
78857,21738.154760778827
93748,29209.3086422878
107891,9782.917076012867
77063,27293.517601692904
86916,8512.220618622327
108347,9872.987787170452
94475,18665.797072621594
100383,11967.337247527643
80618,33011.5167522661
98926,9873.872236682584
77228,16327.148274060195
106915,14640.82512899709
92594,12155.5734290266
80745,36745.74049144181
78361,11056.022270326346
95725,26071.766736939542
105171,7743.0361662577325
87007,9620.634916996858
104121,15225.283204421785
92877,15000.3393992852
108335,43889.76938073065
101357,13647.39829548475
89325,9915.65747058824
103144,7800.512755821245
101413,7111.640542515735
85182,11771.82472305986
84097,17609.01441872798
101970,5487.682443788105
98315,5189.4292293571225
89048,10945.399255874327
106141,9549.982354628135
87105,17008.598926460894
88472,14223.958906356322
93361,16516.363355288147
87040,6780.97639142716
99831,11778.892621101371
95677,12731.641762221496
89770,6640.262672614613
77371,26973.408539491124
107143,18117.216328179373
100271,11842.37167185641
83905,11733.38779599812
101531,15049.32185304193
90617,7737.014222694838
83895,18578.62524351276
89453,14408.965815051899
106012,21274.13613220952
76381,20491.522301489447
106986,16099.583888138404
84143,12193.129026739058
91665,42160.160828152875
81350,13154.750778536196
80422,13295.897232779871
84794,6130.949929351797
81156,31985.7046024692
77082,34828.51593654438
97356,9192.573763134316
82730,17144.600465300737
99244,9449.712176894634
85538,15380.648588243066
101585,11137.376301849428
90288,9355.554071396584
98799,3344.0863280188446
93547,21245.041532795898
85142,9145.344678288928
82012,32975.32610614315
89654,15905.23856686331
102304,13455.199787868773
79288,47046.87035681472
77400,11137.342840513887
98597,5882.764653687827
103156,8696.893931031644
95446,27079.244004786382
97036,9529.831420035474
101401,8339.479294480869
80817,11006.817629528692
84078,6632.863853150959
95390,27049.738001492577
79883,22569.92852673158
104059,12588.526230352456
103041,11654.259423816993
81651,13981.684314769098
100432,10734.308135216657
84933,12259.043028550659
81600,20061.64896209673
78379,7924.382918368954
90816,7525.484621360713
107414,8730.375171928557
105633,21018.973533965145
99508,6807.394216028555
100874,7792.78322933169
104208,18004.2243139399
84774,12467.361785622199
96518,13281.57648379714
91543,23663.42687011109
107146,18391.946090121422
94426,18152.095326223618
99059,8812.127792531614
96640,7998.042609242965
81277,9630.177430146225
102409,12456.69132749489
104800,16219.790833863764
107498,16409.748333601205
90942,46138.699175817994
80202,25513.003256955784
76794,14952.651520983824
88973,14529.952295418001
91958,61099.99534740458
80562,21200.01214261869
103486,9955.745151093628
95237,16323.302175267097
105569,14624.68790576363
106560,25802.018970231566
107977,13517.118719391448
90076,15501.799343634742
93050,15373.690484812949
80609,31717.736329081486
88557,16082.501625424738
90894,19703.643990715263
83669,8097.431492664366
78849,17439.235349334587
101275,7458.110671991884
91858,7954.332531312906
96243,15181.010284078326
106227,24403.66183221575
105300,15478.636559742621
93065,42484.227236464016
78002,12515.451188407726
82500,13899.117953534746
78204,8383.982656236229
107851,8529.257604638282
86217,6673.226122673229
82662,7359.606339288416
93324,34030.36687166207
79680,11925.983846519994
104920,22477.691722841948
96735,12607.363558487885
89992,7662.4871701623015
106961,25854.956726155662
80078,15323.490040553797
101429,10009.253574466067
95551,18474.698913362743
79937,56644.6491731392
80680,19040.328276500688
99448,11788.204033042679
93909,31692.8210920648
96888,9824.156705917132
104584,11732.854253809908
107289,21504.34345359122
84126,15568.078033175778
101282,11231.332467080943
92474,20554.275804659115
88871,15858.622867976976
107177,15360.436249071781
106026,14655.472509011706
96937,12584.506615239243
83543,6349.76060921733
81094,19191.020823013077
77503,21257.525627289448
85351,6063.49717794877
96000,14783.163930205941
87374,15964.865220454214
86394,19067.79284933451
108364,13439.24708180357
91441,29502.26206607305
97039,18695.88898401783
106685,11316.391892847227
95631,17065.11028703051
101883,8498.3651821112
78238,10889.248804749948
97508,9197.172772813014
98441,12136.092742828692
80066,34350.35475026746
79095,41722.430224501404
80007,17813.589576289978
100219,9344.48418884911
82511,9613.807653141299
89270,15270.147956601286
88713,9755.901073329136
100353,10639.54860053868
102841,4575.123046213184
90117,14895.130012659058
81549,48719.73135344685
82350,27113.987538680074
76546,35432.38629341192
81013,19749.24141503333
91240,15759.064102752482
91542,20111.108108578013
104518,13284.776314865876
93537,49382.548005390265
94372,28207.66782591018
104419,20600.05898495047
97636,13571.07321430721
96288,25199.249826641317
78717,9600.799681722876
105610,19588.37821148952
97754,15744.197201858593
81458,12550.998250661718
86931,18440.151702514802
90713,21652.52819818029
90909,32470.29820543535
77251,39481.963913121865
95081,9693.096340645832
95560,14457.355840351653
93288,15471.018702098927
105036,13039.10774844145
108490,10099.571112088304
96935,21177.32962759729
89373,13723.409878443077
98010,7850.5225463005745
104699,21630.99545509803
86692,7757.915231983404
85024,7805.780510623068
79086,32966.78730124774
89939,13139.493562589209
79098,18494.73451250007
86141,16799.253338360646
105462,29813.36088100349
92870,32849.82553181821
92163,19490.536144305668
87481,16082.77849270919
83276,9975.43402292652
79356,26553.422205324776
103602,11709.247358678796
88460,10273.435255405877
100934,7043.084766877361
96659,6210.413541581499
83204,9021.609368622383
104621,19720.563197044357
84110,11135.410676396818
99265,12322.290459167423
79574,14740.877216422601
78186,10319.708165500842
87005,13996.265235129844
104043,15254.155792947251
81574,30666.35441366941
104091,10575.294383923621
77759,27996.502323937475
78181,10408.498321426374
96169,9353.052281618433
98267,18576.189636265528
97837,12286.004162331117
80133,17212.528724621527
98571,9601.634144013955
88628,21040.244662968686
78622,14621.993978939632
88678,11006.860026672324
87278,16077.241410546205
86963,9775.906209668246
100350,6595.747253469785
78771,15494.718137466347
95935,17534.021099528898
107590,13751.038763109167
84458,13243.974777447027
85656,8639.433389671867
81611,4438.072923034202
92638,22062.87296455705
87478,8089.504828075718
98407,3551.9761014061964
95581,12302.653867180223
100645,11909.94649528151
97184,6492.17378830296
84473,14326.806834386152
88951,6410.164356351463
100836,10194.735043316528
91338,63162.87164232824
94112,16945.834996568476
89882,15610.943851584028
97097,7429.059016723759
99151,11053.001848793632
99607,8709.20425511068
78931,18015.2992599975
97805,6796.063193959996
97477,12844.530292515221
87819,17682.234886277867
76361,19748.725917870597
99201,30171.828982277653
103410,10419.268637212088
108436,14837.598846914729
105558,19644.00432979163
88025,7520.184446616597
101944,8038.943023551027
80786,21063.26528314971
84001,14814.77283353521
78304,21228.050842152083
100501,15685.11944288933
99693,7594.287470558879
94557,17887.28975657479
82152,26890.63583159271
92039,41041.87714118601
83177,16000.348035150386
90726,8178.1442435878425
82879,13728.637616484471
87378,16360.846904736405
91699,16218.33554871622
85500,17893.375250169243
97050,11130.941639703122
88754,7078.687078741876
79069,35373.83848205288
89329,17469.199642453903
102605,10988.535753417584
93090,17429.062303802773
108403,16428.506851602342
91391,19614.08509626899
80964,24328.529874106902
89444,23494.54398239575
84092,11988.33207933442
100617,10461.755005643121
107962,20741.254857105072
106640,7382.72986050179
95123,12649.102299225378
99114,6149.264433267944
94461,21140.8016334517
88654,15996.56895209806
80421,18472.838477701982
78113,19295.398079115617
100558,6786.735767719566
78873,27260.653149007823
85480,9797.701851477299
103902,10286.20304269785
104816,21277.704553231088
89039,14232.549387593275
95169,16620.83097535398
93971,19282.054561665413
84450,19422.151811002594
80824,28645.766596991343
92545,16186.292331882682
89226,6348.9323182106955
93873,20195.248057544777
85871,17090.161684570794
86343,11544.445050510685
93634,38188.19463534418
106942,8930.383258839109
82535,10702.907701094497
92259,18513.30924920673
88794,13041.412382236773
77385,34763.17328111674
76996,7054.886200471183
102708,8522.782030949566
81359,14689.925891315355
90486,3852.315397231434
100200,8019.337042927834
87970,11200.78150754213
107512,10401.717936445784
79078,29159.475210248467
108477,13845.20762522367
80312,33773.13014684578
82208,8413.082886680078
100695,11841.32627134969
99506,8922.255626272216
85773,15073.65909797521
101887,13203.229326037967
90129,11129.836239929822
84730,9420.038531946744
107601,24465.65508603626
89592,6709.081388198503
84844,13309.99798751156
96938,16218.027008950827
84981,16293.678809621024
100698,14121.046297036239
103306,15779.269286834442
107175,24318.649608511558
95411,30819.246081986228
101169,13874.685992466117
99407,19057.336043763036
78248,12595.812149013944
79031,18393.23368088059
91040,19124.973392687316
76464,11289.951152091407
102813,8253.547508189587
86811,21337.29707441813
81191,27254.695005340967
78202,33711.918962386706
82471,13001.440358718815
103920,8290.95251878279
79904,25498.99909235753
95670,30124.835196366083
89931,9920.628070576391
92605,38313.66029013099
85695,20229.092240790185
98750,9749.192650499544
101284,10437.410982546897
91932,18493.99883676347
98623,10449.437316907366
82499,10500.864893563426
93193,26373.19725939678
106110,14355.811160367828
78500,25934.33904114009
89447,15681.716227058449
103373,19090.70214434931
87872,8625.829048708785
99425,12742.815913385395
96552,5884.16962876723
105787,12076.744895732834
82567,11985.49003347326
102894,7225.768580645749
77641,12041.056574784245
100827,12032.52539821712
97712,15166.534863570847
95197,32192.97958618792
102993,11974.066693441117
94855,31746.59373335061
81534,16769.215571613855
95133,13121.601279630497
107468,5790.083511012528
86402,13017.222391610047
102666,11627.767101147816
92984,23040.736067492893
93891,10892.85902261527
94312,15434.313292206798
91959,42335.15730333909
91802,25725.295034011222
108175,16912.705957883616
78293,29614.37550950199
104991,8885.48307559948
104302,9705.512954687732
79807,15359.69027323054
87167,12949.629695434814
78620,21891.47497100185
81174,25759.6946060781
83125,8518.06206160222
103123,10606.084699601055
94065,20126.28280533107
78480,15937.366594358777
98280,8886.998065203306
83415,7838.80055026515
92297,92266.20174410587
100221,11297.246928669962
78829,17008.90301537436
93418,20415.322409027252
83424,10990.02932644784
101749,6616.050289286024
103456,9241.008681263718
88503,10869.38814740099
84931,16653.774439394456
107552,22374.41857799307
108037,11068.780681128894
94539,23153.88976017196
83697,8998.082665749176
87455,17284.038185277765
103044,7634.97229308465
104852,23322.086060222093
93437,39356.96154829736
92885,15628.645864047452
80922,17623.450152944995
102886,8458.139954676864
104586,17248.634009016583
81164,13441.568440297544
106074,17269.53607151926
87617,17248.68182108505
84513,14113.672374842088
96743,13462.574363168163
81209,13642.270761813623
95463,11644.45703709648
95457,19706.89898047972
101606,12260.446371520904
97485,29328.07446413004
91916,24579.989226520018
91629,42917.38268422381
84215,12823.002487628508
108190,10053.961184301214
88314,20339.30855852598
104526,17403.83126602097
82467,10924.862863700848
91827,29643.97281175974
77885,62697.15030404443
83459,7986.7351756195
98375,18828.256058253086
101233,11674.788004846843
97186,9886.73156658784
95520,18335.088152836608
95216,39833.19310131351
100878,5286.741849652879
80031,29293.065124323268
106134,25735.26262510088
103526,7978.42628461499
104018,44398.50775562759
83920,9909.675222186866
88245,9416.192442990272
86248,7883.446014861516
86315,15080.314595713819
108157,31030.12565876932
102814,9165.128284631466
84371,10630.05885125746
95270,14443.854295087038
107670,18919.725227364233
78745,13970.162534899673
88772,11466.77313850299
82335,16595.673941698693
100049,9272.022870918101
84953,6660.9805961573975
98948,18036.475826559268
95952,36517.59531882198
93638,23939.511803896785
91164,31831.100013283263
87627,19201.308849967547
89209,14914.40073917229
94140,17755.203592668262
86567,8920.07612954593
81451,20995.310933954333
94658,28281.857005847774
103969,9631.145272843238
90158,14803.60034229048
107712,14171.588780655042
102518,11320.179816229436
91367,28868.298040127705
78764,16655.733564261238
87411,13431.415770460566
80790,24946.42351958062
97848,14648.623408095144
97985,6075.173104781722
99323,6313.27148057163
96854,11279.350460060581
103917,6975.410421803667
86223,8245.67996925164
101812,8382.390921443208
102098,10275.043006649143
93414,11727.099958545847
86794,10028.254425895482
81508,27985.57665725015
105781,19225.628698759174
103758,8800.356365675543
100877,13641.278575395136
83075,16363.625724194691
100303,13010.562822203812
85269,13134.05020503159
95693,18312.09054856185
85891,17639.17684363631
85991,9317.044069788415
89378,11353.466285213208
79718,11179.734446639302
96415,12130.772959637163
87510,10606.972983137794
95579,15697.970688234902
96453,13604.81056317807
80182,30227.365349385174
103363,9930.170957213346
76430,17701.054784305383
86302,7720.801788326917
78876,12131.198450793858
106740,11043.094216407422
101855,11800.863856480551
78987,27628.251062892505
100155,15939.974176420883
76069,30424.92835854165
79889,19919.985293143433
104035,21338.34435320742
102533,7232.891125743768
85374,13046.462940448684
82210,25879.054347882888
81145,12478.328079649866
99738,12654.686710772654
98201,36391.64529635422
88630,8173.431664733577
94084,21379.139109081192
79771,22568.462790514062
91057,43589.21155747859
92492,17772.37641322384
103600,15889.967335878939
105315,31795.03257746551
106151,18425.766003233013
87426,6330.436795449286
85249,10288.071272945035
77379,7906.052124608638
76190,10883.897480009446
89820,33152.21980461294
92650,27486.673724974826
82906,17200.8119535402
104766,16534.30009977372
104673,17840.843360313556
103734,6771.903564200563
87652,13372.342706569352
107399,15380.802040303466
97222,18278.746791595793
100614,8555.919700752384
95807,29643.97281175974
88084,13702.058029933842
97997,14943.848430845524
83321,14375.61878383543
83002,14148.620489486439
103995,9476.345611872704
102305,6870.061615618749
97774,22192.608355598262
87737,10935.59538735639
102191,15919.961375693194
78470,22132.897245225777
81787,22884.044528769708
90975,35248.53388867792
76598,20392.657707188802
88308,10445.746987402934
105997,11484.149120677626
97095,19664.13089304383
100555,9226.56903837433
106628,21894.185192809484
84638,6747.922823810529
106752,22954.13902343338
88072,15824.086443576256
86734,11773.853015144707
105842,23327.05950207484
102037,18771.7777287632
96623,11662.92211426218
80943,12676.644457092745
107882,9913.03777066902
96069,10912.162040094407
86796,19450.70737221272
83234,15206.713808639157
85044,11424.536261165927
76183,29063.14405726957
102124,9525.626212942525
105963,11412.56318889519
108127,12182.671932020929
76435,57823.36771645462
89809,26217.318236314357
98129,12108.298092896617
95632,24501.743176342232
77264,20816.460829157855
102849,6225.2677971973735
106860,14634.063507384828
90177,9763.437069161353
104336,13035.955813689272
91068,20239.69007775471
85416,10319.225048262422
92720,19478.12931064142
105257,10424.286343277088
94524,15759.005127091807
87069,15726.7744294091
79026,17355.256495354744
100533,10323.051117610108
107396,7190.346464162933
77220,11824.046116372232
76863,10340.69322631224
89441,8444.232221523647
86301,17479.447818843662
82808,16842.55168753114
106681,13240.464984479613
100673,11294.740534390308
87115,9264.38521547375
84819,10248.50102009695
99889,12460.120811131179
100435,6107.716302922508
91329,15888.874155739275
105897,10737.485407555892
94788,20473.5274627633
96403,19629.916919479307
105780,24904.94553367831
81290,20863.170096253183
91689,17726.303423124722
93660,50781.45209899436
84018,16172.011554837281
79166,18804.075644295222
99850,13596.092098955043
89900,15795.416577121265
76628,24627.813071550045
99136,10790.936299337804
89388,13572.680024806654
86441,16180.084346537604
100362,7916.398163640857
99493,10093.340812320244
108082,13871.609822855638
94759,24856.954376264523
91954,25880.689237302297
90378,16766.269728270006
86126,20257.576895616956
92990,17546.710815786108
80507,17220.374090719455
105394,26587.64417145882
80679,10984.319149459337
94014,20701.851979861796
78092,30060.6182387374
92725,9382.066891249857
104609,6079.264515838672
89940,19627.66864151662
84337,15830.898044243975
80392,18154.064667099403
90992,48079.96568051687
88342,9623.915821598752
83193,7839.933098728866
83080,26660.92587221319
87197,16644.63159392362
106043,8541.99032798161
81316,14932.253417104313
105197,39866.763335248
86103,11407.113343654273
107819,39142.721384641314
94911,17699.957505602735
76597,34139.14097150224
96614,8718.644393718423
102197,7669.126523778642
104617,7259.663378225862
101445,9202.312051775865
94521,54227.67651753299
107290,17015.385333326234
93099,23983.84014492627
82179,42890.41616294451
96268,27455.23050516782
83202,16012.447445458653
101568,7793.228183320485
89145,7549.081688058175
82718,6321.541611619304
84595,16965.960887424928
86633,13106.003610017508
91925,29214.94205126287
100357,9140.884013542627
93684,16831.59529987721
106465,44090.82987150966
84631,16516.49085625176
97796,9676.468069245302
82836,11244.6820359515
81314,56716.510580336464
96868,20586.307325336133
94329,15465.37806327827
85728,6968.006086885046
78259,16090.09706329614
107084,19410.2972288422
96134,9469.433656467136
81583,30429.041226064637
104264,16215.647250497965
86202,11294.945577134322
102867,8083.241671615152
83461,11916.49139467509
77589,15561.193899339689
94394,15810.209539736501
87588,10145.810221280522
98769,12524.009264773826
76735,21259.043442276474
105592,12623.173214933964
95260,18075.43043131679
82699,7914.690342053245
95827,28402.830533107302
89294,8637.678373053119
90853,13985.75299972022
86522,9921.14592012568
80958,28011.18900637472
94038,29432.796410746825
88512,7846.699009135626
80219,10415.7284226759
86063,3904.790892182241
87724,7624.429389198767
88835,13110.412084435678
105687,17162.251285985112
83567,10781.593526293138
106584,22397.70958498308
98492,6079.131499536176
94494,19654.096550285445
89061,5986.185796785369
103125,11878.664013124493
103883,11897.1079233133
80430,10843.24946512913
95544,30825.709923508606
105136,71518.97558403143
105560,8274.989823442265
108397,26983.573462204527
82236,48300.20707345688
89477,13916.166163860313
98106,6780.579594953535
85996,6242.690669885982
103439,14042.702026086256
90831,7535.217003420309
100746,13374.313741640022
81518,11910.022697642798
98610,9765.7642350924
100644,14648.306748222454
105486,14468.228278066099
79765,16335.034782635004
107609,10235.10249282019
85407,13224.226615217547
81527,25292.289699332843
80955,36522.39503223668
79400,22459.059872167047
101238,10006.844688099813
87024,17944.473226358063
88662,8949.53563697155
107983,22341.095476140414
93662,27378.087926530916
81557,28023.32272158115
94520,17104.208655736147
97010,14545.686403652588
77628,31274.333433246517
89561,14864.854295522084
104218,15605.057103674619
99839,9051.020951784016
87279,11236.57082697693
93760,19585.224507469622
89551,7681.486114288214
82714,17094.405456370365
98166,20231.63836648243
83812,10065.577597868314
102617,7065.153571886019
76869,16677.608766946578
103735,17154.02969627695
94201,21704.074587636667
107893,17912.68481496018
78651,12493.415219592305
85246,12002.298433920054
81194,25860.208216076193
81133,35958.51321687062
95611,32098.74792983042
93004,15095.438488224312
81826,42743.719975127664
100157,12994.542342073188
103768,12410.571479598739
93350,16500.319114767804
76901,22973.419066002865
88742,11649.951416564902
102866,11707.062998112291
76438,28676.29202368675
86105,9560.660106520589
107506,24346.09066095046
108520,7414.034517407251
106613,10556.511789079366
94164,43445.26649920334
100964,10629.683473797359
92769,13339.169465529758
82221,10765.26824188801
98686,25222.78477804602
79762,20344.366279767677
84645,19087.878051541655
107656,21385.244900419646
97538,16465.089709865453
99552,25166.96902939155
102157,11010.233323713568
80935,11359.206084782436
100578,11928.578500448102
94686,26190.876972758506
93268,46205.01711618837
91842,23070.278702031075
95609,34498.37993283113
91576,22145.278651703265
93139,46313.22629862319
101030,7520.739293660018
80172,41978.74253030949
106262,16465.30124220092
101562,9688.691248997635
102273,2438.1383631027716
87102,5185.833012277234
78491,18163.99559170629
90631,7687.085991042207
94672,20805.54994956061
77261,56259.22390418746
80434,18959.0663296648
86840,8516.045050697774
95011,26096.708362334182
90870,10326.198670878475
97999,9962.077128483523
77016,44938.575729214695
96931,18158.86279062317
85215,9711.940412263311
105268,17278.681844801828
99519,6715.346742444912
104056,18224.938457074317
91117,54624.7207717627
107099,23885.20586334129
80475,11693.982919799257
76216,35467.793469364
93207,25699.095588170683
105166,10042.181601643466
107209,15647.394258289572
100109,9139.744128628387
87232,14082.926355719901
102624,12212.133279191863
81948,9770.015038733123
93625,40326.038015749
90334,9135.189675657472
79878,15057.726918404564
105653,19947.564611401056
108014,12711.824482953647
105491,22341.748378161414
87064,13812.29913949582
106773,17760.247726529098
93489,12928.511082786348
89490,20941.533515542113
100771,13572.36358655852
100803,11815.81168592958
92144,16135.298942865827
88632,10969.979606171095
78778,15918.803312108557
99308,9444.406766927108
77161,15220.92804857017
97501,9502.443067472808
100933,11048.306820326992
77489,29277.85696594929
84309,10502.67918628953
108040,6506.132742803978
97159,17546.13307748375
95779,15277.758455890633
89650,14693.988319834694
80999,7190.8448483771945
91887,22997.8632575221
79753,29568.479284273046
84669,14518.022982346818
76401,13945.03393567108
90299,21564.992763346112
80820,11544.986472930317
80744,36107.46980488179
96151,11886.009520156502
101368,9758.27747318053
106886,24194.8744959671
90590,14719.519130783585
102988,11077.139921583157
96155,12458.42552357212
98069,22259.633408156675
99349,22688.85912218332
105341,7110.246246250126
97054,12525.561534121744
80210,25225.689663119007
105334,13532.405041390455
88495,18670.08503383889
101578,16427.53334500368
103240,7401.752841959839
84979,11200.957659589589
88799,11133.65272606722
83073,8961.494082089284
107288,10391.948085539185
102097,10703.55151892343
99042,9850.212393028845
87242,12539.870799178407
77310,24061.210257888368
87982,19853.550273215413
95506,13579.934308354299
106574,17136.80099868472
80962,49992.99806934115
102168,7324.508200070315
102528,6827.8948316643
99307,12818.436489517037
89354,12772.073634293176
96717,9842.50957620757
99267,19923.99472890206
84588,9414.909113392165
88920,7380.406683190841
101122,13938.646731762994
100916,9960.65771850851
90206,14146.128066399562
100314,10016.243053897531
91528,37278.17594158756
82508,7846.443786577988
77095,48159.78756600553
105943,10131.162967207149
92610,24542.757641326356
76706,18015.82737092241
101753,8758.90700463013
97020,12606.070773675445
103582,10197.443172477439
89559,16850.11372860853
91293,11691.513241137987
76698,31521.769837128926
105365,25054.30619060935
102755,12647.103889924538
82363,20573.43569061511
94314,22388.862778960058
92463,20643.781781746955
107566,11979.925340882699
99251,13486.555857169578
108140,32975.15726862029
99394,9539.131931603852
107849,21125.566168972255
85021,10929.090723373525
98878,12709.15250982722
80258,7647.992818733996
85751,14908.738658844575
77932,13466.715744223771
92120,13080.759608453234
84462,15073.814317275519
104744,14761.721491520313
78174,11282.966091917211
76239,30888.907221293874
99098,21870.68305331971
78068,20501.236708513847
80129,15700.06399120445
92276,26061.739139385525
84297,17457.681467346443
99082,13813.799491439675
103218,12464.513667861014
100512,7575.153059196281
100481,7456.999648613635
77761,14419.981372195722
90764,7875.801644089566
103431,9688.717528989255
96133,18453.109514256626
80377,28803.88837438784
93811,10955.83455808845
99125,13119.642140664218
92377,22320.89494787785
84221,12680.278951290675
87280,11488.107085092108
91188,22094.740495217215
83645,10848.290797616413
105967,8343.74684208185
89389,9464.500576019356
78866,18432.603624422685
82761,16772.747612296218
95049,19574.58181192624
80729,6505.029233919733
76702,28755.72919941381
93554,13554.245052624827
98932,25071.794105051762
91264,22851.947857169198
86993,11912.965837455406
102784,9958.508437979306
79105,22360.526992629613
102943,13274.409755685807
77065,23741.281645886447
104740,15161.873006245152
95500,18109.62634437236
95345,13670.073888181572
103581,11585.845829252736
86417,18096.221350028172
87299,10569.314323824989
101375,13252.876773010588
97640,33472.106271306264
99560,7262.618264168274
105849,21518.831207733725
95701,26718.416932221284
89124,11253.063064157173
78589,16412.320096408395
86742,10345.931078169891
84620,11757.89750324225
91165,31595.457814288853
88463,8835.872949085577
87571,7904.144214567919
104773,15850.660288584042
83370,11825.612696984444
105599,10918.898157763535
104275,18020.541849803092
87908,17684.374587046204
92637,7319.144405912245
101747,18197.135240202864
99271,7514.784641646288
77493,32337.559257501558
100122,6187.095088711416
96424,14063.79028373766
103113,5975.824668884595
107985,26997.805483628992
103634,9222.907390515882
93302,28652.746223290636
93877,13505.95973712081
98121,8432.87084298638
91191,15406.810875211328
99106,19808.821079856556
83151,15491.504406213318
87913,4592.187789588237
105517,13247.439490182227
99452,23260.56375529216
95017,25779.77201456849
98803,11827.450734699094
95625,30700.241710423354
76846,17287.882842306866
101791,11927.212206474902
79911,17879.650300185433
98545,10102.306090190446
106811,10468.47860029305
78007,37088.467639051465
97259,16435.9488036239
96999,8357.614749840028
101969,6855.576819779257
107018,33217.972077123784
76246,28076.8810084336
77303,11899.239822708936
103674,6911.265714309409
100794,14209.082689897503
84367,20041.980790474834
101652,15795.766881838368
95111,19351.522289564462
96965,9267.755742323405
76396,12552.087297759443
80269,19358.808406723692
87328,6384.558601323284
85984,16144.719168502195
80193,26479.614915274775
98525,6346.0448089622405
77460,32011.757915878326
85424,19071.101911884936
77271,20501.236708513847
104786,28925.7145963386
103727,9328.72830818381
91819,26359.196423811794
107028,20554.78803628269
94966,20540.939561919502
78126,16181.925207769113
86200,18039.080091978463
100317,6589.713382335611
88403,17900.425731845735
102036,9167.245165255006
78858,25732.411599746258
85122,11885.08428434067
107516,17384.843740973887
103432,9612.13500781952
97354,8186.204958329829
100218,13915.0408795481
92759,14880.079928559697
107648,38807.05088567332
97107,20443.142298298022
90871,10115.423190448604
78611,39397.40166314128
107537,12172.359074837084
84840,10875.129300784134
79802,21823.921261908497
96763,4829.175041684708
93033,19162.271126777992
76969,34006.31111223107
106154,9940.743231385171
105965,9646.406092370247
83644,24001.254829489197
83889,11766.741171750056
88026,9645.402746027434
81652,28013.63099452162
77312,16162.79268092952
102749,10317.23465106223
84444,15945.240129483796
81496,16857.43159138386
107471,14186.626510137768
84265,2890.0842223631125
92346,40180.29547781965
87248,8253.535610202269
94931,13755.436647433737
93712,24553.641899528207
80162,25305.331644781716
79351,24342.94539605147
85734,2377.216313707022
106372,12340.919574178362
96106,8845.864520777968
96702,21112.29482098672
76823,10193.050299849081
102214,6125.556725057608
81128,15243.87649080435
88320,13511.098565268747
83531,7313.501366668123
104506,21147.556781753163
84074,6346.77360007982
104709,25030.267265431383
85626,10765.452992298111
98427,9253.91151305349
78699,33359.39551999694
94756,23774.88384489367
101283,7786.502732469134
82397,21987.249006985963
77954,27394.769608160605
81630,22938.92904693365
87025,14665.943223391381
81189,16500.027586422373
107048,26855.738010503806
99510,5522.831250352092
85462,20906.719854380488
99442,7342.202894133805
85541,1840.3849153527829
81635,36550.629650755596
83983,12401.914327604924
96161,9399.982108688504
90359,12177.715273332658
86597,7845.403984545782
77633,11449.079731698821
80552,30334.85992691829
87749,21022.19780357154
88246,10844.637883181771
100434,10564.139313625148
102049,12494.180003516656
84649,9677.738196320148
80783,17866.710962635556
102021,7911.614095795485
107760,14981.219657336871
98095,6573.220667400882
103474,8767.8903790636
101486,15084.375567176276
78334,36885.85678100551
97026,12486.166984471842
87049,13863.359639449605
94207,24359.119077002513
90080,7379.334312359665
82025,18771.80451448905
94478,23723.455006430326
90501,7499.302724317645
86699,9566.69837829546
91557,28788.551880564064
105343,10338.070547287345
80034,28796.99153621452
84220,13999.326036243543
79498,22424.367384325516
96294,26830.23385127853
107974,7950.186012303767
80316,11940.751475440455
99928,7773.495089942924
91851,9385.064241710887
87827,9777.008879643749
98130,14460.764543296498
96139,18170.022669261914
93176,31558.727499631448
90903,30922.009317728465
77200,21172.962642058374
95858,18990.306429328994
77764,11748.613499687866
93978,40162.44418958376
78852,12505.794548738439
82121,16222.25468529182
91653,27350.060034193728
88882,10770.029029493153
107327,6786.315125527305
86583,9961.97917419011
90101,15194.584450427861
90893,18975.82407706095
93813,26550.523269957022
79215,15412.127592173643
96480,10277.982487836138
78841,35106.59168604027
101519,18223.746577446746
77704,27430.2691791428
95308,21950.294788657844
106617,7250.705902474634
92279,20313.70128241411
77974,22301.168936372236
96897,10338.176853856397
84841,8325.771218684466
80966,12827.672156291505
81646,27596.415213035776
83773,9686.818864368191
80357,34315.7771414751
93576,12544.78004867426
76332,31340.82305939547
100522,11830.809109465552
95723,12001.9642126505
97599,11923.573855572113
83267,13799.4599803155
107086,13268.026738556802
80173,28338.397102254658
90902,46537.9298355515
85442,19806.2457194524
82924,4395.7643240401185
106669,22305.423528666295
77358,21130.939421421477
86661,18779.612660162496
101073,12873.815585757955
83897,9497.200477292672
92465,21368.83617341742
105110,19814.545569513775
79370,12817.961994350648
106568,14780.191089629967
106121,5546.827802884487
97194,11343.557733167481
89289,18509.86972932253
77301,21085.69364656223
89051,21407.434102751395
90207,14634.496791803791
95193,17588.32930623921
98653,6514.373529755856
98934,14992.710970431322
102897,10756.388464626569
90845,9647.164406765114
101868,8275.820398447418
95210,22078.065000133927
106341,12258.051467277943
101091,9707.754475297525
98060,11360.645690469744
90026,7687.805048001993
88157,10546.249795503158
97383,13623.384181406638
87451,10250.282187937557
103381,9685.049652261987
93512,15677.077763467332
77414,61054.702773159486
79553,12807.949897306476
96377,9116.583662356865
105001,6858.021718202445
106183,24628.125739396648
95745,27391.324563389124
107011,8525.394752365473
78953,20893.42984850872
85187,10403.009514677604
87941,11473.386620041332
77483,19690.553267407624
101372,9314.151856082457
83730,8950.653277136924
106166,21277.49745574085
83753,10397.774557779787
106514,29536.484449296644
101583,7743.342651581249
105137,2763.0310964922046
105295,26988.29964980159
77657,47843.62481538513
88515,7428.781942150139
93729,21656.055146946153
88280,13289.346154441651
102832,10289.721000429265
97873,12879.823359190044
101671,7949.180649441487
85210,12750.850909355464
80735,27048.90225200625
87811,17428.344940571016
97684,9426.51651872337
99915,11965.292470817507
97502,9679.244945970699
93678,38928.31294469708
78821,16090.261533260586
93898,17666.004757124643
100832,14103.382343652864
104921,14612.141856646072
83890,17576.510682556695
85696,5341.8709031761555
89485,11905.52607589328
87460,10893.747242191603
81080,51076.141953216225
87235,7551.927522614905
87587,8172.789839762453
96329,27670.31965517608
108174,8832.317846970724
106700,13336.063705777482
98539,17960.3450011643
105234,22609.436351785203
104708,11407.792006518865
79081,34457.135564997996
90270,19725.485472961635
106057,4844.75914394077
80928,33338.50373624807
94218,31583.334280255276
107429,9132.927978470883
107776,13922.165006278787
105303,8689.714976405387
107166,32893.930227082674
94379,25208.398685428772
94832,3554.2000034486127
83043,11990.028541785354
84114,11876.776795984675
84283,12800.057057015718
107679,6419.189841322596
89280,10965.76627539962
89840,10259.371739538261
89927,9756.89454179107
92218,19974.705346405997
97100,8449.459938629338
79443,10202.818588461665
96551,8728.514477434417
101305,11799.873784246709
102576,8854.441575509658
84060,17704.16886082163
92280,26293.857676019412
105210,12106.98148010924
104496,17744.709008916318
104267,13202.53878441352
91491,30985.617657395942
78595,20501.236708513847
100913,6965.723620055607
103028,11790.650027922586
77788,24633.329983035146
89629,7597.632933030642
93781,25171.794366380596
76551,48873.81812975814
84917,12722.451642895081
106009,14013.98621059475
96109,9559.335297803853
78933,17846.264776819382
80386,45960.05162828886
105590,18805.985606010414
87670,14648.869092459692
84443,21782.76730165601
95776,57107.84259451634
96400,14869.55974410428
90834,21053.401887066753
88360,14283.42463465276
106848,25857.45101183553
91981,27908.91342577418
89126,9240.172241780598
104879,20666.30275905434
90449,15117.20997615835
90667,21447.06363403628
78986,10813.298989429202
84945,14429.71140481342
104356,9994.606339434045
105159,20853.065728145197
87755,2627.273323487513
80978,27403.01960177828
87272,20512.70491551288
77291,33089.05566679056
84904,10930.167291398642
99446,17969.961880168557
78688,27740.898449300206
86155,13372.26552331235
79551,29216.321018193994
78281,9218.805688723523
94551,44776.80276780785
103232,9653.063169350187
104767,9505.213310862287
88566,7786.8438628635795
77896,29300.723647624603
96885,17256.518288338735
95778,21571.951384128293
86874,9782.754809599159
91080,24134.19254747052
107737,13624.895380731396
104851,23437.37424768885
85070,23018.803455385227
87362,10693.47728937426
92302,13438.460820010245
93294,19409.193276495153
83422,17266.820879830935
84862,11506.221322933714
84415,10924.421413234815
78737,21058.63071164526
84686,6245.184102481782
95112,27187.06545948211
86518,13270.824648307042
84839,11463.976562408148
81172,26200.500594645502
89932,19787.506030645854
87300,10361.43205140229
105568,19837.783792261587
76252,12336.28405835539
80951,34830.98202633968
83509,14027.787878390112
108493,31375.289292083384
89976,10100.129565346453
102525,10304.893782708226
88102,6187.76851890965
89605,14824.737575682992
92381,11082.423800206965
81987,38069.16332656393
91951,25834.379452163477
108167,16566.326876838233
89798,8171.408992304747
97312,12488.318717478654
106458,10174.097016946132
80611,44276.77764212429
83390,9249.629230696562
84346,17973.43770801742
88061,12097.4166629233
91266,15134.886064665889
99611,7919.799251736872
106366,18388.036396051768
91936,32164.635958656025
82520,10095.020330949703
84865,9550.167046876017
80141,22716.09987945204
91890,16375.06364531704
76251,18937.191928877342
84247,8406.853277153143
91298,33269.4107449645
88015,8782.809468148627
92776,26493.78864322458
76709,8930.236155048522
105728,16481.063986468347
103796,12918.756462520178
81171,20014.639624009254
88413,9603.176824584925
102155,6694.308967506657
81200,17478.002817282224
95674,15943.7271013707
96157,12437.768451162017
79020,20171.720547650555
103587,9103.10724044075
104190,30652.743817319137
80486,18939.91484104029
91177,14131.797967949507
76909,30803.535511619484
97278,8095.174281273528
77170,22655.369483794646
78840,12552.473398333961
107987,14921.425931556068
104444,14254.690251289578
98408,4134.543173591714
90629,15192.934587676451
85268,8662.542038915346
98419,6691.242630773048
90747,17414.845123645988
105907,14602.84903250848
88335,10822.046254481407
104161,24338.41072926279
101427,12783.580768009973
87176,18471.331809956955
94012,30037.799493748906
106937,19704.557109718877
106573,43609.50626140357
96877,10076.374693346837
102568,8458.139954676864
93510,20923.744513860667
78820,29608.34418170449
76763,22067.090243901323
106884,6810.275814173323
81041,14187.843921991413
93827,19582.556535105192
100321,9843.901854567488
81450,10303.879029806787
95107,15629.01903152795
93670,23342.15835200613
103551,12026.129195136851
106715,18689.068953362723
100863,10147.840707003856
79259,10923.32535261745
105336,29962.31705240449
88906,21558.32729971595
93039,27777.970986357534
85639,16930.68363653248
98378,7695.581880271629
93639,13344.095398805333
83518,10428.920701597344
79592,12506.488232051623
95678,18244.021883449397
87400,9822.750872045313
98813,13235.935141981105
79157,8853.920658167606
76223,15166.259727240116
95406,19313.28781494744
83724,5996.933052012157
89739,15877.134638425629
94933,24960.545202357687
82605,10682.468520579841
91566,16773.567896130364
76873,14584.17362613345
96884,16908.52526624233
85901,10467.721788814417
106449,22757.33893371381
90672,9478.535727720704
78513,23659.34906816264
86464,10627.852906324875
82921,8518.947238481072
93886,30194.672913472325
76303,12197.896677488978
98243,16658.42614333057
103497,10812.491691633562
87786,14702.95004738789
87780,12713.2664463469
99339,5174.193522092646
95351,26069.232874667163
106965,12590.040064605095
87540,11512.199295223096
99854,12046.593840395943
102357,2498.627830466323
90737,8109.634702842971
85392,14690.496289125058
96882,7446.532350953752
88268,13344.135800977276
106075,21874.182159285756
88674,16838.85729633419
77623,15197.218475601909
80394,15340.734793846277
94942,26326.175232287464
101237,15518.495267328359
86351,15048.462969939972
87055,8908.749486161614
94851,25342.213639838305
79816,16657.155520943015
97214,14475.58192396198
88900,9034.821776565801
97464,11761.379145891506
76403,14816.421398182016
79786,18954.281423838347
83858,10996.127675673064
83658,8861.458577236093
96456,12591.699787101436
106217,13707.846415968113
88111,10706.122006379888
86581,10420.997457617914
98218,16510.78750975874
93801,24960.889051248378
87206,10641.711391588075
88569,15514.317570292584
104348,14062.807196499987
76478,20025.1390730893
101509,17181.26592947936
100915,8692.73371028612
79676,18626.74895151359
102673,9993.007098110433
98151,6795.264574256543
77583,14828.621921528998
106602,35942.73836310873
90134,13339.950921425101
84228,6047.316272794632
100131,11599.448844209026
92807,26227.611326287093
95025,31702.945662498478
79779,10274.848434493137
77216,25655.988484077003
83476,12859.73519646764
88942,15896.097538512351
87565,18421.634821133783
97055,24514.466633735286
97212,21110.364923845496
97321,19888.172506712803
102240,9577.042031325931
91253,15652.446099884288
90284,15043.507771045282
83582,15724.742748526407
81255,35475.09555198762
93903,37715.92484498647
96241,18100.854444439407
99117,7298.6172722162955
79874,28650.6236167159
105193,19491.372643725706
98186,5395.791358741753
103313,10319.89169247475
107714,16083.47442559968
101081,8538.126961606295
79663,4861.929333710905
81108,10908.890825220165
86643,6214.003393172435
90931,22483.524798044175
107518,22818.187330989782
84511,19184.751689484096
80689,12090.950013640893
86547,5779.0108825721645
79670,15592.433245554555
82281,16227.765008877426
102274,6385.191774309219
107948,11664.893167766386
97149,9950.702582334336
95980,16605.315126531314
108047,29687.567401891683
94763,24622.81535663302
106148,18034.892391228776
84164,11384.37927525307
93448,27071.81136936538
103837,20161.916128706776
91861,20801.405277540445
87914,11838.15968521809
85944,8817.017475219714
83795,10818.165189629928
97374,14529.176884884111
80569,12037.358571992592
106331,40365.1134667647
93177,32655.272565055595
85257,16205.89728542122
80094,17998.695876717367
98473,11184.167833427007
98021,23387.037843988775
91714,21755.2029156854
82569,16174.970361672984
96451,9913.372948352076
86310,10506.693709205718
89702,6675.6258046150415
87577,16089.430201371099
85221,26009.850321797083
100454,7026.111483138538
96748,4768.738544268831
91472,8268.593947014333
88350,5171.820268257807
84386,15322.316334959483
107993,13753.527471994972
101496,5900.0560094183065
96805,11796.752379098154
82084,19773.640526416773
94643,29749.930073387965
83871,16222.761605198913
82327,17977.303116335384
90332,12601.89441892695
84949,27911.160960315803
83111,17013.311045198512
92067,18865.409625441484
106714,21129.15581341284
85531,12758.657377934498
97311,11011.41642624994
78102,31562.00525207324
98348,14878.75268082201
76715,21942.767174680488
77091,13459.251545248058
105854,13141.603525686898
85983,7966.816683340567
80823,12934.86722935232
102612,13089.626171558513
104209,18193.469431298505
97643,7608.516501480823
95340,22717.43225067104
81183,44232.01433443389
87928,6100.692183770834
89448,11580.991357061233
98522,10046.30114094743
94213,10257.936075944022
91583,9606.597020401481
90280,10018.838744565908
93287,20610.365981633662
84510,8444.848526278993
98179,20000.20346524157
88162,17055.61880798078
78449,45400.740085278085
94548,18189.369410710828
95056,28211.778918587457
106725,10132.13466158275
97968,6756.239263994967
104923,9040.75498586305
97276,6694.193037170409
97080,22605.325504339435
90691,34083.06484415935
88033,17105.845224513316
90160,14869.718029133812
81661,11523.301578786093
101260,11577.83539609456
79520,28139.551043696483
78213,16452.663016254
76187,29975.28843514945
85752,15539.780345459107
90729,17026.040490061107
77637,17636.28248771485
101847,12048.604776604225
86787,16129.96509607421
105758,9899.24815888326
79389,24974.496448331956
98312,6594.735878075718
100222,7825.644037448517
87873,9533.124689668086
92965,22027.247976997958
89168,18608.05985765198
82368,18879.870635275267
76505,13480.44423117572
100946,5956.499626359574
85815,7286.050428844022
87705,28043.729753453932
106931,10817.349034759078
95571,20046.928962748534
80308,19902.87367504522
91824,22592.12011202336
106743,26355.801947316708
101866,16445.930870950568
95817,32298.816158034293
108505,14614.504636085137
88722,13277.36674233356
104371,21050.819538198728
93879,11568.78974940896
96038,17177.076127351254
104690,13045.031969696956
93199,23834.369923489146
85967,13120.276476985595
88714,7729.782373030997
99467,7066.314593212261
85701,8377.554431795865
103450,10981.474245588624
96943,10273.384435943806
88526,13775.844667601028
79326,10963.343285936753
92314,34118.032681356664
106373,19121.73111418687
76953,20049.115713087085
89741,7791.7967206689955
100458,10026.045291028668
91895,55098.85121339709
92356,17079.689943271853
80632,20387.493714566703
106959,11253.038272420588
96251,12155.8450858375
97996,24438.31133985359
90021,14570.65494225378
94899,31878.935355277743
93093,15637.418987715057
100175,13893.813586441856
89968,7351.53860458161
102132,3636.119203288623
99121,11440.222654829267
92662,19362.227722643773
96612,15917.356633197354
77399,16520.257368039885
86443,13241.460766663798
93198,34523.94461741883
98001,18242.57713256923
97764,13276.70436548036
94983,94200.27072746813
82703,11577.520592647505
94794,31462.81821138323
79793,18564.353412391752
93376,12474.906343457089
76374,23421.373205184027
84045,7807.822726164153
106780,18890.208130331754
93213,17038.55497084697
97870,9757.248678212085
97748,12741.916687697249
97255,7865.837530985368
102668,11908.95142797242
105898,9463.514976420907
101786,14006.534312492462
87690,14353.697224953
86329,10470.09185428101
77696,34961.41430464624
104321,53885.35129647414
86782,15002.496319865464
97134,28158.25185369301
86684,9528.0505687858
95509,32725.313132702155
82314,18562.63190967749
84124,10967.080623837495
87597,11266.005890923769
81357,20162.967435876606
95055,17516.354835628375
100244,10886.109722902724
79271,14960.355570460611
82043,24088.57093886298
96348,21401.59790345811
76594,16139.329890813595
79552,14946.034709960164
97181,13757.28612387421
99147,10660.051025182684
90786,7251.176930770293
96203,8833.882953186632
100288,10749.204144994332
81529,20774.58662452423
84229,15835.054053305179
94332,28673.195469921273
92714,20805.636516977032
107716,14196.89725502416
107685,29074.448395965213
97836,4624.316436120497
98284,21094.05819227166
83128,17301.643912995136
105500,11283.204955184323
97781,11247.34104809663
99341,10092.907890364111
91793,30877.773953333653
76224,15704.821956820597
80840,26165.527000119986
94587,17077.494427142337
98667,10325.447985649193
78973,15392.538441819155
85175,12798.724635203964
107489,41691.40816936788
95790,11905.651057371822
108044,8423.181110725365
80652,25058.46945350355
76007,15488.256077911912
96039,9319.656577961734
102618,15011.725152993731
80863,13381.338984120712
95695,18945.95925638194
78815,28028.958257820617
98063,11431.574503670014
83732,12762.68762781686
83190,16982.185463598486
99504,9470.633284288157
82372,13163.30664273861
77977,43369.01776197879
81688,14521.394399391957
80154,22343.562862337432
108106,22039.096062906472
80724,16786.631804353605
89190,8943.235849701587
102321,15796.525148286393
97375,10687.336215607405
99379,25055.334038138637
84767,10116.905073940248
89470,11843.081722716734
85592,11573.577008565711
80381,28557.61219620816
92149,29917.749083811424
96044,17342.635813871006
79041,11427.1088175623
103108,18718.482448331528
91118,19441.025644452337
96434,7855.940929186585
86875,13700.427959162816
100326,10501.266470732706
106416,19566.587119107266
88074,9098.12035764838
91579,12655.246581885518
96819,31773.508361363798
80373,28363.50865047949
82681,9690.75643771347
88450,11490.275462427076
95040,15920.556825071906
76720,11533.97086113643
94576,4085.474393080359
82502,6530.769176404148
101100,7670.226626097507
104522,17199.049090883764
108039,10230.08224052427
77894,46926.23251817323
80888,11339.71314124152
80366,48063.14034237349
87653,8380.406168138748
98083,22611.813619615168
89042,15765.4247712106
102520,13968.543347352856
101620,12604.578875979074
108340,9521.216940605525
98465,7879.333852269494
82307,29756.785543934933
107499,20929.768164599118
101440,12068.438061340963
82392,26623.66809987286
79371,28026.52335568695
103916,14947.503013230202
81192,8640.61830451523
108185,10523.776930939097
81811,14060.048769308025
97993,9232.804778926306
80214,23780.52391093168
79896,18853.97436364025
86793,16214.508623533908
100548,15508.06026351635
98986,8703.567241029732
82411,11253.063064157173
98467,7520.1328647753135
98645,25883.82814888449
84530,6344.404163847715
86479,6777.540358322108
90655,15496.03293493948
97319,9926.6641910381
107749,23359.007549946782
77199,26119.067952655885
79255,16492.29966303084
85072,8283.164357644062
99421,11459.735186561447
95187,10224.88175663419
103262,13408.64566258517
94589,35326.59080295989
77608,58050.52480965967
89729,6608.708082186397
99171,18121.901786344577
90914,24510.07894635778
83250,15200.305831047306
83275,8153.8665503821285
91269,23979.601742434777
83003,10178.262686845948
98988,19429.372005377605
105748,14919.345212312495
77688,17260.965976017105
91090,17488.119752411254
100544,13911.845834012043
96608,9168.139787894219
98784,8933.528506923441
85655,15387.061668460308
104236,9628.752244182126
97437,13001.17929070245
100150,5881.701407166845
96911,31419.76412949612
87126,16735.52839501657
88544,9418.34726129205
97889,11107.999058543614
76768,13823.534446325322
101722,7430.355668041109
96407,12305.496995848673
80640,18783.23379362956
88000,14285.803706877672
103451,14733.197157817252
80542,42831.98463295988
82212,12107.183721215531
102407,8822.097301243051
79895,13360.258552579731
95909,19399.27214282396
79646,33375.89402264885
77051,31344.21807991645
79375,37960.61324920728
92023,31471.54370283537
87608,8633.079721732302
77731,11114.509550815581
94671,25015.260608506822
107804,16305.514372583304
106359,20645.673998799557
102758,7487.79606507964
76944,36491.251491178824
92103,14552.345152460228
81188,14486.600263678216
84157,14162.861870107354
77509,27606.859956011736
87332,6184.848567944385
101597,10187.842183706038
84021,11213.84359038636
79820,25304.83623261148
102505,11712.966364609794
82887,18743.83577826587
98676,12046.11161468828
89288,20416.707867480927
89410,12524.024586901649
76489,13448.748531647465
85587,12700.32623800802
93752,13650.494835926487
104857,16131.988037174462
91582,33104.60483707682
100760,10152.732021737376
95388,26632.03694131059
105606,19007.716765472065
93352,26262.12165368995
102452,12180.578830987482
88997,20173.926143271477
107478,15924.0246719778
82604,12804.903102515982
87188,16048.500551980615
97769,7943.2707415839695
77941,23699.78872609209
91489,13093.729911302898
84501,16081.959490585252
97428,17187.351898054996
107961,13291.65744458188
106520,6878.335441563454
82860,17232.563264541073
93232,22886.05286519095
106592,6987.661977154269
81719,8687.507801272248
81658,15575.156225354172
92676,22242.11676360625
102253,9339.465857019874
105237,11802.520486131563
78527,21915.153375528684
97452,9043.438494307584
106530,17670.217878214742
84118,12538.499589719031
84314,10840.247197897455
92313,24200.51726375872
91271,28657.952613586487
86067,7300.896017711233
100751,10167.652217504377
99647,31879.34336064675
79872,52803.26773877325
89703,20934.01818618029
82985,10475.643413667853
86719,6920.405491849062
78249,31481.32850388877
94826,24917.571384658535
80867,33103.2993930518
88405,14608.00343620195
92596,18335.642057855785
90699,8431.315728822565
97504,20174.239390204984
88236,15835.030667183222
90859,7726.806098959083
84327,15955.564088989942
86926,8596.351104183746
98478,9090.594832404919
82435,14315.453654353767
105477,14226.920896574467
91685,16797.90194072611
77406,13780.234050964864
79806,15927.34435377383
95728,14445.884735887032
79181,29633.549619274
89777,13916.267872932756
104090,11394.284509042087
106849,18912.337791687078
80612,21494.46975035348
78114,15710.766348386545
93850,30538.442603111027
91913,11317.899988348181
104359,18444.99123162437
103818,2565.558390245808
78505,7305.617124133929
78147,8357.262666177017
98618,23481.997263151155
80947,17869.816827134997
104926,8274.899274650854
87266,26259.547654375277
100085,10667.85258074091
99550,9568.789797849518
100618,13382.077624969468
88609,8362.593996012114
95379,24798.620788543685
97130,22259.980934871022
98078,30145.51267845483
81543,16721.269437833715
94442,16462.815666179165
88513,8173.269393835614
104084,17777.4509282478
77862,16190.998597249072
83231,13010.24542079472
80020,27999.708218711417
88533,40116.22646767085
89260,15555.088578138733
82264,13726.920127454507
84569,9521.905405912674
94361,43664.35632444257
76511,21200.572085548625
79088,14816.055888913277
85645,16421.42191710949
80492,24378.17899999345
82092,13685.563012787597
80792,11565.546403278133
79022,15802.67493572587
92175,16189.40950047689
87149,16006.25128026981
94676,26105.022410317393
82453,13536.098507398276
88623,16239.522398174367
93157,26204.16063340618
91767,20580.689836809524
82525,12608.159294234714
83387,7469.36699977222
104711,12605.035838795642
82040,20362.041228599403
90973,20358.027796456045
85628,17052.988621196913
96701,12005.758299295969
95441,16670.643796101966
104513,12828.83423945247
91247,24360.181618407325
88940,2770.886916792347
77571,23616.525143698407
104299,19203.80803839586
92609,22735.03125070496
85134,10398.630024951806
81305,29616.06037931092
77683,23765.615525410813
89313,6071.157077305429
85999,10544.565656832854
100266,13656.950397889861
97102,14364.632109664584
101321,5646.9501519525975
108299,10331.877165600728
85057,13059.696755789631
84995,13738.476391180107
84612,8492.354535239632
94300,18204.283929733538
93656,106168.22993814768
89647,10626.337538131016
84389,7405.2079528654795
90197,8103.090204099335
80844,8122.422625106335
105331,20692.769411645175
98831,6956.648616410501
89697,18447.430295821792
103351,10184.435629537604
99969,6752.261709261292
99325,11994.36045150395
89198,16001.242238160774
78239,15998.187375924515
82481,8707.786779026319
83655,15098.910090969335
83006,10949.95618257879
81067,41518.1343365259
82451,13563.053193136244
107390,26446.81625770605
101406,12952.688770981225
91715,26478.939562260035
99989,10337.86196071779
93206,30227.76446053225
85902,14605.992663110854
85195,16473.313302497536
78130,28253.31438997499
76552,27564.12403409528
89420,13772.839563295076
89566,13295.926721569314
94682,41962.11559210117
87373,16607.750035409314
83481,11297.152570960114
84348,11419.1627347442
88809,9217.90477119622
107886,11725.452228112545
84976,17630.880865985837
106340,17457.546286720517
87849,16995.614290116104
78363,7827.420594876144
86657,15829.804212799007
89773,19593.069870716845
94449,34094.72099317685
90861,16298.634442754044
91749,27714.30355814874
87090,12511.43865706122
80200,22662.84945189746
79369,22691.186086352755
101679,7663.829498200672
88080,11426.321585687418
103400,6651.141418418342
100960,15586.501803367571
106116,9892.706174359546
76678,35099.3565253598
86832,4087.884648081225
80278,12648.884949142224
92718,16067.880597523557
80121,25483.064473876195
84360,7610.232522224015
98000,11361.227094369331
86852,9938.199185900814
84665,7056.758542626885
104032,18311.88223306419
88348,6969.253327041214
85919,13632.746901461416
102408,6015.945848353986
91678,12682.964383745593
86965,13895.066982424985
99748,3207.096697479079
79192,15293.308817727193
100469,12524.593517957719
102772,12417.333328781742
89526,8656.578559239053
96191,6927.463843583194
99222,12799.511443772724
77086,34288.39276451841
84447,6761.230839660913
99981,9694.635029690673
106052,21501.465593999605
79612,25816.515064222425
106792,16049.786451613656
99124,7792.164179235815
79678,31244.913503148524
101632,7502.144396698347
77692,17312.782949586966
84345,7080.535656714035
95000,25643.133906447463
83015,9340.597181589856
99423,21062.39775339577
107480,19106.242397560036
93765,18713.568367486158
105419,10038.076054478612
94052,14657.66330138991
97432,14050.579604506815
79133,23910.172871872
93225,22435.70006783399
82956,10738.828600548968
101231,11205.93466669623
78727,18073.243199391633
92150,26365.399411158498
103869,8150.053663182838
98266,11109.85617071235
85017,8344.322221132996
76853,31481.228687057017
93027,15682.45861487645
88493,9119.194802417445
104829,28054.67422625997
87800,16460.201250081853
94723,19179.00707952409
77219,11586.891621955807
94891,12543.883454965755
81656,19647.803361067716
97239,18462.156839293533
83620,10824.915986296237
93312,19349.917021165766
83441,8104.698992085818
83959,8889.859660807595
83653,13559.271005858107
103364,11726.584268399585
81279,11238.464093667328
94483,21398.43722267976
78683,13697.756293665283
80423,28978.677931987855
104442,11484.054085176827
102026,8893.295954799842
105992,15896.391142679631
108007,10260.167790255251
81476,13798.633962133228
82770,7355.66267425689
97979,12121.984796025268
103866,6745.886822090298
83147,14809.691314397272
102902,8128.717428640011
105918,23424.103706621598
100265,12482.045695552531
86165,12377.329519961264
107697,26479.52898486042
94497,28862.25047062412
83540,7462.374460345788
76617,23212.717683781964
88133,13220.140413852407
92181,25929.64382669347
90065,4541.896606017772
94177,16109.967222827625
86942,11171.398435887217
82629,5264.212120178124
92087,22314.243186050713
94508,14740.028169368634
81678,13123.707699768293
88106,10924.94943133617
82869,17249.36706997703
81744,24139.965187267328
89208,4557.768332030963
93035,21859.34487564814
94656,27153.946027331665
105571,11419.099826541005
86332,11029.804066166655
76711,21585.96365996738
87423,10738.750373358585
97343,24611.362974767108
89591,19129.506573373
83291,2278.4347941908186
76146,16878.166973910476
86683,10716.95715910724
100726,10724.053132714778
102328,10388.736144986995
100991,12488.641667604265
98049,11876.464307163671
104948,18045.374336630088
103129,8473.745185384578
87892,15994.999363282697
90770,25526.739186905317
97113,14805.917562682645
102422,11707.519748899114
82462,13174.821424697308
99700,15573.86423943381
103799,6098.027045063355
96959,13056.694378895056
97715,8132.231223793675
90880,11494.850813433837
106632,12603.325102340772
102656,11881.250561950945
106686,9896.73421730724
97346,8122.026248158724
88283,7862.929379091541
102248,14934.933860188627
89091,11802.883548677099
100474,10639.918411995515
103428,7653.628147196563
82698,7306.921503537894
107510,9488.295620011206
99122,8762.570966578496
93152,13352.15514598822
78084,18149.26904403581
103130,10001.189587237834
95826,44694.98107272181
94977,24667.101920897938
90104,8772.363316014998
89105,2895.5956480094133
95397,26070.26599871486
77476,14250.565166108305
80208,10684.498430334188
96744,12311.126159166146
81310,25285.148793623044
88688,7466.389069140749
100514,7449.832020719537
79490,20977.40357976815
89236,11408.592393078992
106677,14116.870221568495
90882,14512.096513011611
105048,6288.3313192229325
92458,18625.48710943189
91682,13797.50549531665
104659,19343.13526968375
99559,9465.580090238229
82608,7390.696372349536
98793,8310.33230392577
101083,8814.746534350066
86469,11375.201291994385
106304,9640.469567407763
100515,8742.455166160376
97006,12472.25979299299
87531,3440.392462960661
88873,32290.914713787133
91700,17026.773131797152
90471,17010.195999332576
88077,19676.326068127808
95546,43143.1784589767
77965,13506.864631217013
91548,22334.175724290213
101360,18085.382376932113
89845,13346.065212737634
95934,25426.16942550253
103745,10928.003886669598
85862,17016.625211490107
98424,8685.336041074414
81736,31079.181138907745
93391,24754.31859202602
76523,22226.520833660707
83573,19463.668526478457
103118,4019.0762422282696
84399,25979.69888493592
84864,10403.608953835992
104282,8123.197875197933
95389,21850.91134774692
108097,12502.112180032162
94999,10676.69847173779
99345,14729.934287519778
92946,42026.665731885965
104048,13021.892347838651
76817,23057.16543598301
90448,19646.830301836708
107837,10020.101024659405
91182,18368.134407182286
102654,6534.472797671587
95298,17525.115565607048
93659,20361.794185850915
87866,17888.925794351944
99990,14319.588222752524
102469,8145.002366286419
107351,14766.970731677477
82490,8541.626558904567
80756,16180.475554046927
82365,25281.97121754822
92332,16153.360056911068
77456,27649.311308139782
81007,27738.03281017087
82391,19265.586383255235
84647,19181.145961092756
76296,19447.175649968616
100192,8017.101509458074
84547,13577.563569174159
88877,18108.263327605473
84254,10728.07707565406
87836,8387.094536787587
85970,8746.438802442492
94834,15609.463778363279
107159,13135.568881956591
106800,10113.17164040337
101989,7338.706516891621
95604,28320.832627195454
103637,15779.269286834442
104301,10941.773058794099
83799,11571.108601426957
107855,13222.374934197833
101506,10351.5061375173
86644,11368.552189715632
81902,63271.14272445591
90490,6516.357490802455
76314,18490.59108973016
95360,30236.271758745635
96272,8165.780278743197
103911,9464.2341173988
106553,8794.66425699095
106063,14058.399294890996
84179,12716.445740139028
106912,14266.56948929875
103819,5842.657887540971
94009,32906.43337835411
98285,20573.237118354777
81101,14462.166206132833
76806,17618.16077118149
79127,12106.45808506794
107416,12906.302808096676
93786,29792.170157664197
101542,13059.530311948545
101640,9783.374544331526
98800,17048.822158725507
91451,34677.122509791865
104033,14686.044060730068
105550,20975.90540506202
88203,17002.57775749075
77481,17714.85988163161
83704,16079.963144655394
94474,19989.292167756816
101924,16021.533577712775
93203,32972.6739666769
104628,15192.707701329427
93308,33704.07026449466
81984,21842.724720015514
93228,28354.715462213793
94247,21535.35042730096
85162,10503.900117981488
104670,23846.995495933472
80875,47160.7961657229
80850,25160.798718925733
79475,29670.59885462588
87229,11602.72447771168
79162,14694.898165481021
107652,7527.822739058985
89835,21344.070132881476
77430,27900.052196625187
97568,14179.308611544648
78947,47625.39648215813
106692,9189.017680359504
97127,4849.705646485535
80876,23657.559206596026
100152,10471.531607926108
88949,17004.866792556906
95804,37458.33163883344
106833,8217.314192581485
89283,12728.945152472885
78115,43584.10482821831
86941,16346.697679282486
104794,19601.892935002088
103892,16797.556159205506
90746,14468.51557802657
92996,19606.953227570906
88679,17119.981277075975
101007,4495.5617167308965
97824,9641.672651509496
85138,9900.440247674653
87869,12864.691645336989
84266,9752.26712667556
88682,7622.333244297881
84543,10749.497060639002
88967,16571.7132645884
78831,16994.98584931182
80227,21414.791447875574
88995,10447.421814590602
95761,18444.004074166354
82060,18098.919364841
78253,20643.862095540684
81193,26256.824089667018
97309,8147.097855746152
93654,19531.436380300882
91399,26017.924736016208
107195,38869.99832916303
82137,13471.780201795802
108006,13696.084730228704
78534,57176.41173512678
75979,27830.428420301494
78847,7398.389002059872
94746,11749.722817438276
76591,13227.965484369975
97366,11969.72569488724
88756,10419.383870091024
105074,17492.906630947222
107641,24318.649608511558
103717,16244.47986802301
92559,28878.595956543588
85453,3779.277821328017
91736,27810.42829536098
100632,11836.683728416716
93314,22455.390359534824
82593,12689.042625117694
105791,20317.084814947186
104431,21100.72787961517
77967,18909.83346506665
91373,20542.74639974429
86095,8766.992019863894
90950,22834.526985726734
105410,19976.121801650268
86516,7500.657408025823
79221,46806.26717174704
86603,15289.95118653859
84058,18695.948493636388
101017,9956.89780158998
103065,9837.658650704003
102817,12695.461624513935
106443,21421.433993337647
96455,19141.063092787994
103514,9736.12697994565
88407,15853.990812559558
104658,20658.100627949007
83823,14346.290868926528
106801,14782.456074629767
100859,9672.693325638367
97156,8143.249802879948
99816,7028.9418827712925
87726,11996.260125888108
88783,12380.645356886918
107654,16886.11718480421
102420,6017.218189008593
104147,33322.625907877475
76019,11495.355251360306
86158,11222.649520674984
82852,7387.222763914845
100871,15070.206004816138
92537,13198.20711357664
92028,12848.819297670301
78319,10432.688251704305
77111,22546.331317169646
81426,15817.424319682728
108336,7486.723792694505
106048,29826.134557663183
108482,14807.750883139906
91336,19690.773636988324
101242,13602.084479984114
108309,18567.311495231606
106397,6814.217239246691
82413,9965.58521501814
79355,34850.28093573891
92826,31202.138698810228
102020,8409.358730773907
93857,33586.69734506352
88875,9380.469486471775
81926,21699.48279912166
79236,18437.134269003407
101106,16169.725352338417
99069,7457.527376801597
90017,6811.570285832585
101706,9635.487532199035
89701,8571.277553519825
96760,33908.17237228
103901,13827.286363187255
96780,24987.634088787177
78905,14914.698604176874
101894,8758.132024028202
94657,15167.121678548068
93703,14945.802861058655
98690,8997.82619584853
90597,15144.270556191448
80138,21771.882168406886
97044,10016.779523755014
84258,16015.852294597351
98543,14794.336975383985
99833,13212.166668005408
99848,13579.834439155436
89178,8327.298571932832
105598,17486.46996339401
95971,26082.427257903604
94875,32164.635958656025
96048,9856.076466982535
82606,18303.242958273015
104545,9425.623386577052
85571,5727.9765933998115
103757,14358.096079432846
80192,17198.425301561125
100422,7148.761991143464
88065,17075.856422889014
83544,13773.899803273282
76851,36161.2415679711
90464,6401.754864295658
106501,9391.3200081998
85011,20059.464860120937
102308,9599.990579272811
82241,68964.70566560059
100655,8523.34459756812
86477,10674.265739761599
90830,2591.8056819314734
83274,19300.677772646013
83251,9072.974134569205
82122,24318.449368635313
105600,18733.22262753964
87514,9967.128139371946
82184,29998.455698400045
84829,10233.119894337982
90704,24891.37266543903
86306,11163.66678967371
105655,23470.057165095684
98964,7012.830753704366
87189,18697.464161106418
80116,12961.946444527264
78366,30036.580265897675
103668,6007.341414361117
95799,23285.51967291773
97496,13533.207054449362
107112,12353.576138356233
79698,33133.13731460619
78946,36057.41854889138
82843,8044.707148192929
108537,18532.772087516736
93675,30566.34224038293
93629,19725.509506713406
103134,11004.043121699076
76458,14955.753501433557
79219,19419.029926053692
93401,19695.19011882094
87666,10251.513504830444
97697,15479.356055601162
77945,10574.115745509751
76173,32024.92548682841
94835,22709.61752954365
86700,7363.2932524997195
105682,29295.761815657148
88546,19613.559199090614
100486,7814.030184876502
98187,12133.75351147365
81395,14747.07854735121
104408,13234.333100136992
79922,19804.41099962541
102955,11625.033713028928
85515,11055.062663695888
100490,14432.836699159341
91070,38292.143795153344
81321,24975.80654646463
90925,20612.913885023372
91291,30808.80926840212
83986,15621.388867290983
91729,16114.989699252466
95830,22342.857052106112
103720,10048.65220794834
97023,15210.16403581072
84892,7477.155281379551
86618,14847.978537672609
93094,24273.80877949312
102487,8130.337599760169
76952,33656.78753579299
90121,9194.207930398647
89687,36651.55093692776
82663,13366.147882509838
80253,19213.25997631765
96004,12223.283169609233
102267,7659.450366434926
77777,23328.731685645515
85135,14930.69164872744
103806,10184.19246236371
88031,12863.13842193471
84252,9297.604847950544
80246,25785.693066964148
83445,12162.62483464033
107528,9379.635829873276
95161,42541.879924043336
105132,34406.93912672899
107504,12583.042984115662
96720,16702.43496532554
86060,8316.48127459513
76370,14165.973561526811
102092,12223.945414188183
93523,16511.9677211386
87963,8094.323130072157
94183,22763.4508545534
77548,31003.802389226435
91116,30588.436485455524
100013,12809.917310195779
105525,22152.624231052065
104210,18047.412371388844
91137,17505.412061213923
101960,13565.126301255053
80662,30480.02247662624
84914,14002.349871252613
107857,18840.735231451697
94916,22614.912366480385
102858,10158.297822263225
88182,9596.911710889492
85339,10514.890502900545
98692,19794.95328950019
98460,8910.843944376435
101787,6920.447553529088
105924,14633.68832623856
81440,24315.675620957863
107043,14888.758316238218
98747,10100.333689226032
76065,17632.504558904187
103452,10703.892692583113
87162,12187.645607377335
85972,4906.220835788634
95159,30288.725912687885
81106,28226.895376199314
106324,20578.755725113777
86957,7985.507392917276
76900,12775.312425932523
99319,14384.207618188315
105884,22656.156715528043
82889,8805.315647809988
82253,66405.24279566799
80818,9183.132473084124
97074,18143.3140049705
103269,17167.71382937471
78298,16283.53112191838
87216,13807.40772988582
104853,6876.39951004767
96298,21451.91674741123
86803,6256.619577733543
91326,16997.99113582364
90948,17759.48283306376
102795,10703.55151892343
77163,17540.5027721788
93519,32535.23304456895
94980,11944.028061412353
106455,24904.975850971958
88860,7971.661862876587
76536,31883.9321256468
106556,22475.27579781347
103002,19090.70214434931
104193,8918.304034164918
98247,9664.369834598376
82529,9090.07927189588
90499,6727.970121136975
89400,12868.779450953321
94595,19669.050111170858
85870,18895.269138889023
88424,15550.457879779595
82715,11884.26615725192
76324,14940.41343189093
102259,4232.595905373428
99192,21939.24515485488
81437,14916.038633950071
97208,13266.504701240568
76420,15435.149849090427
107557,4558.73829738177
104202,20710.998253881004
83400,21538.42815623336
99664,20264.531448041307
87781,11982.603346992722
105706,33154.70015072938
86320,9926.1819682312
81907,35568.956493331316
84881,6906.011995695172
78575,12036.6900981457
101857,10703.55151892343
104378,16445.94145661968
80281,18953.50222739091
88208,20983.477187916164
85864,7304.490583544573
86973,11947.85989488036
101072,4243.79590898612
102664,6052.931477520375
107949,10702.136654027645
88832,7381.258683491362
87046,2917.005134233708
98930,8143.754946101568
98721,17945.564519895008
103249,10404.869715646184
88230,2745.6945856696307
103604,6376.958628144527
90645,6493.36484306343
94246,15378.854046030883
93604,19244.52884346068
99287,11925.775060756418
106684,17555.58441267761
89506,17790.948537640495
98726,12775.449670073207
77060,18560.125633884294
107323,18753.459051073653
100559,7197.3021149157275
94511,32236.089890846193
81367,22246.90366792813
107185,14411.369715787489
87243,5872.340397762938
93241,16622.117207954354
90899,24086.849022125793
92791,29642.831996668207
97429,9410.921096294416
81883,35059.80027513743
82428,9031.354627019959
85224,11847.698180978561
90818,33775.62886537608
107186,17820.14453721643
104489,10786.948689514638
77026,17479.20360329183
103119,7684.852457142578
79360,35451.78539046692
97763,6512.8138378590975
81434,21739.24697825516
102270,8965.363247084319
86171,25088.995021039016
102255,7057.655544283748
91018,25402.293746033163
93219,13577.894511950717
107667,18187.899572345228
89301,16212.365939614941
106869,9944.445164580253
101867,10279.411896295784
92922,18526.607523458002
80057,25250.715261591562
93951,20604.14348863944
89450,9740.63702837668
99681,13826.38693537375
85661,16152.400680103163
76072,31722.352419512325
81693,26475.022627558916
77375,11995.85812643679
77649,30432.144043918608
105904,20413.820068034456
81679,22866.062560864128
105555,31554.578715819032
78762,13982.81503310063
78590,13513.715550155302
92784,16723.76188564172
88497,6220.101633489758
108413,18492.347676349775
88994,15908.210974990348
103426,4899.9246666275685
104394,20758.150375412497
88703,10427.394838493783
97376,7405.29250291038
97470,14163.949169149086
88681,16894.29795693359
76599,18016.519276832816
104274,9952.800793785953
89590,5816.194533795809
79749,46031.64848208725
107386,10946.84870001619
94829,25123.914655198325
105123,12770.27232663082
97602,21435.824524691147
93900,29363.365138597615
85986,9800.52451483749
78014,29793.553523907693
90073,20208.22691597191
91815,20655.445954832052
88067,13177.730864952282
79079,34157.469749771284
97590,13176.952530113902
84491,10227.56117325993
81997,14930.041632142837
90875,23920.839761634372
88805,16771.23146370183
84708,14643.764086487734
108010,4737.765698496441
96549,10304.788073849753
79023,10327.53247089656
80493,26110.366330398872
98860,12158.695478394286
99938,9328.259401340265
91154,27891.0928794976
102202,10357.114896128322
76479,16902.546497999567
102548,15375.463722769033
107979,10197.724211356452
80905,34974.745202857746
82630,11927.527616704612
81130,16477.755507368776
105382,13100.879758740011
101905,15122.36221313414
103353,5840.510090055585
88275,16857.47848369602
88052,16744.538159556916
85537,19408.837925030213
82742,5321.202926094108
105960,20201.197339223887
95151,35468.35828303166
102555,10780.952661913707
87742,8267.12456865002
107219,21029.543236813497
106170,9848.814488040813
103341,6849.26727483671
98947,19855.205394433287
90933,17793.495239560787
107651,6138.042432357271
107937,9800.877627378779
92742,31412.50304137577
91138,16987.95890503342
100134,7840.617905029545
83718,13051.391544523574
86977,11614.606744700402
102165,10434.032535322378
91372,18389.97117900092
95812,24223.56895844783
98911,51995.95750303172
86966,6509.046804364243
107280,11610.873453692617
89020,11571.031088059277
85167,15765.34483074002
100394,8158.675607957517
93450,16839.79682022301
86838,9448.344274544255
107563,19823.254067007914
99692,19442.886338438657
103946,8494.81689866247
89586,8014.661810607285
90733,8543.954173016882
91071,19409.03387989823
89142,9282.655678906018
79359,18087.570134969126
94435,19506.57187591412
86980,8902.735293688735
92661,35696.7068132049
84734,15991.820284799674
92829,20057.96187289067
78925,30879.202853925457
88863,9119.69820137915
100507,13178.413502530013
97469,17978.736818346166
106358,12491.759506776138
94446,19048.930224845684
100068,6549.835624058523
80005,22171.378038680996
106548,8586.210757217863
85323,14205.49199881711
92629,50186.4896427873
78057,13891.870132643986
99591,12683.340590533586
85307,17133.44116117182
92660,29818.214599236668
89525,7168.421634676456
90953,27980.871064701307
103312,7836.966253733982
107912,22631.13574495462
93292,18949.05795242986
81638,38499.57822428274
105433,16384.07582956911
94804,33089.36309081878
85666,16081.772582626454
87338,10424.032278091745
98818,24626.054760880048
91960,28239.372573963577
95612,23860.33504290767
93399,14848.714847377321
86492,11283.838406524794
106169,13894.144958205772
106699,13996.633436771497
102175,33575.19454907893
83555,10617.500607187156
80941,21481.591842410417
91366,18366.14310103932
98045,18095.057511573865
86988,18176.714248238586
89139,14459.210547583563
106277,13104.045621661584
76317,11634.389829325577
101300,11575.310899054532
93086,12593.67233068872
76936,19019.480080372523
80711,20465.76920784169
106659,12141.02941622173
78296,9102.395635793488
97527,4838.368202642658
104494,33028.91021751386
77982,29085.05674146342
86456,10444.997422245113
85161,18226.02339093005
100583,10110.532002881215
93063,16900.396385984233
85331,16667.436460432444
101731,13621.41463318979
97389,33063.86194191971
79902,18841.474717185403
89643,8357.317872339872
93175,18340.065695246994
98389,6177.147210387984
91334,14248.687590653126
98514,11297.00288738924
95382,16578.958046003627
77018,12676.373644561734
76437,16273.052455883575
98250,14038.228984347652
77104,21546.307550411646
103059,8870.529444702948
83308,14195.755357406912
95106,18371.374916495268
88684,20074.853578633127
100870,14721.437652076047
103498,15003.566416037576
105342,29088.317706022917
81398,16111.933219834415
91833,31932.994015494914
95311,19001.81105768194
77369,31660.967705682728
86011,7764.006767002935
84952,10360.34168347259
94056,19603.152236227634
104796,12580.04843180931
101571,12204.161879166297
77188,16413.523232859712
94304,16821.642273992864
106008,14769.900177559744
79849,17245.62486284545
106099,25022.30287747255
105086,11056.811338504363
85658,7655.436389864952
102040,11564.984181512315
84343,10234.645029570489
104882,5837.124610688187
88582,13061.860174461128
90328,19350.104640830967
90536,10360.705547577645
90805,12230.287856540479
106058,31033.672344958013
78871,26926.50511085379
95489,27549.071393571296
76637,16784.85932407632
87818,4574.424796456142
84478,20030.479143771747
108394,18955.324022683464
91676,34335.57549392783
104964,1983.4112342600274
78506,36214.1678717201
92557,25612.021537136483
90715,15491.832637890531
101721,7385.389519400638
80715,23500.29230478908
81705,22257.372739428043
94219,35213.00549910747
85893,16616.515282707023
80550,15746.230662935594
86662,10939.823235734886
85271,20468.44881050502
107075,22537.05427696746
100992,13157.826558193348
97396,6524.049847622879
103943,7711.261145500499
78916,14927.693222831387
94516,21248.36147471022
105411,8659.975978536082
78377,23420.857670092642
103977,14088.918701365546
106716,14937.337074682066
88465,17098.075879895794
77421,13556.18721387548
88866,11855.424961829332
97787,21241.880607508923
85063,10347.312998969752
92555,15668.2023773456
83695,9371.82742411345
81797,14796.54240588293
104241,32946.293670372856
94730,17623.091393599767
105191,14568.078459956741
84112,9030.64774050627
90379,11934.44204799589
88992,9514.454635385671
77423,22749.308921907203
85126,8890.975453366465
78691,40345.60215204205
80320,33464.57265469838
96309,9327.099499769549
92577,15024.659976467336
78891,14472.247553243742
86056,15627.754275576423
82129,13440.363303562859
102436,10361.149624150665
101469,6329.856142803176
95885,29992.7797256137
92879,22491.622468516707
81484,5923.12952800307
95550,26352.38874571559
102726,10029.405987103046
95252,22981.366553261716
90695,11405.965372191642
95863,23450.436208131763
108338,21684.681694080966
105327,25090.827457527197
91616,16095.88218265754
83077,7403.155706579527
105582,16351.872817651389
84382,8850.886358476275
99666,17485.326249502545
84818,17350.174841378637
78498,47038.49902298137
78378,44079.86244338168
82799,6033.234103955638
81429,4053.135153435811
107572,17732.721114705062
91279,27381.608988903037
100475,7385.596026983684
86325,11589.314777394664
76825,29708.204257809906
107657,8653.87045691887
82346,8753.370487768678
86687,7930.459895221288
103471,10289.174673168927
78209,19491.513678651423
95328,13302.03409475973
100363,10418.669404203729
87672,8811.314479039189
98994,9285.504838478268
83549,10706.21357267424
96370,13519.250750015324
87842,14715.395699794697
86297,12091.533069837098
96716,17826.970408738445
97492,20433.55039130817
92786,9640.761871906712
78254,14800.825996887621
79291,23640.67421821029
96050,18469.819679965567
82240,22909.4593719797
107938,10888.728434731447
85258,10503.547541802658
92512,22263.15075914431
79919,27942.86277797646
101410,6242.661569850034
88700,17033.251339175335
91847,59723.395494587974
101835,7965.566088097723
99878,12516.95005127223
96318,8957.896501901336
96245,15670.239051595203
96194,20951.988478768846
97973,8521.142656501304
76985,24111.366352503912
100002,13041.12872503529
91364,22236.30635876613
106980,6870.564521234403
76285,19969.01618349519
101396,15940.276299905807
83368,8303.246444910455
92820,14804.239437146205
92264,18939.343271060246
84052,7379.697043574133
83928,10212.911363981
105324,20894.848195579725
98502,5705.195357535243
94457,13154.309077470014
79073,21847.818025259236
92738,20185.50327174134
91008,28983.55867120887
76447,31859.034363707815
81627,18462.6594893583
97016,11917.285143665948
83182,8500.873303135437
95791,34516.24093970386
87449,21590.098474311442
90013,23974.463940701156
107223,19415.282729048486
96785,18775.078896757233
81473,22356.776189144217
85403,16135.250516100812
106473,11116.516475506445
81568,19928.517616118013
76748,14583.157163301556
77020,19762.70131781799
93210,30583.0947729525
103955,8655.018505018978
86509,14947.246056335405
78291,19051.52083061025
88895,9793.687225377802
98026,9671.884200193257
108410,22357.021642335214
88039,7579.074956341893
91193,85269.95693728469
88087,3053.9977549377822
88708,16005.745818427733
98485,9385.060230424408
89847,14688.531058052271
81318,49100.80922942145
103971,11194.934204169238
85649,8164.28096408805
96137,12504.338018029564
81112,22813.91763631718
87825,18926.7180353316
103890,13019.117302457491
92845,60704.96523772074
95649,26387.937011578844
79000,9156.019313674336
91668,9565.983807066692
94544,32093.521044342204
107024,20308.517056997578
79725,12843.217128097638
107343,20957.04105200698
107612,17178.4546185572
76647,9400.928914088574
100922,6948.24051615401
88583,9266.85526089262
90425,16009.548463888706
86258,8709.157279250243
81973,16560.050132878143
85370,16239.6714458055
107854,10447.975146480494
78195,11820.60559804575
82124,35197.576190820495
79050,16505.18709266973
78880,30463.338619554113
88596,16603.688404913657
89033,10185.418644067922
78792,7887.294479866215
98664,20728.868132343778
78544,10951.672255915555
89184,11167.76549079364
83109,8147.301590766452
101759,14957.676343369674
87164,17336.058289138444
104156,9989.900871060161
107607,26698.372562921188
99705,7655.945682399865
79398,20809.3904640783
98401,8231.25459066832
91911,26029.668832876963
88175,7792.6054216211405
77275,21354.788534117273
88946,12397.437219790032
98293,8646.325279795947
95991,19570.755773729732
82196,13786.529437507623
78514,37835.790721750316
102853,13719.12242360405
93984,20310.79835531645
104689,27923.638704168196
98534,9752.268620913243
98744,13420.229089965522
100456,7347.399844381583
83468,12143.542483432213
104432,22638.643721587276
86752,18631.3349323024
89762,6665.393439325806
82788,19443.691393167584
105604,12291.389294159033
105490,11511.376398189333
79447,16262.154942185747
107405,18899.830912009496
102782,11211.170220483771
82786,9720.247956497667
100557,15093.370183420962
77711,19218.24388844709
104935,6218.741620225291
90750,13317.564734926398
94396,27134.215546790187
99628,14092.053134615418
87360,8690.949072364368
103238,10282.593633121032
84883,7508.82296509555
91450,25812.55958660293
96221,8037.750418110448
82400,24277.763778972003
91940,10521.744382807497
101320,10171.568742352532
88653,7305.304517068623
79446,8202.357247814763
92672,28097.497479510504
85552,16512.29311674437
89858,12154.368637907986
96610,11215.687380237016
90447,6825.974542320993
90357,14322.440560658884
83266,12512.875791366645
106259,34771.386966087135
84489,12087.557979829568
87875,12549.395257726841
78430,32731.156798957207
77249,15633.798551550864
84094,9578.01382220507
102218,14339.922404872339
97151,19177.141198316902
102064,9113.446235619378
97655,15839.681572639267
97387,8974.28810858526
97118,13044.598223449146
101804,11876.839285359743
81888,21579.39334323618
77455,26192.934352326356
99638,13289.351482438891
76845,12595.099054644847
85493,6758.057417974725
99781,4491.462941153812
79322,29915.323231760212
96766,19860.75671159674
80513,49509.012788880835
83907,18764.846183904116
93217,17638.66489427866
77426,11289.468641577156
105044,9483.616949542718
86573,10021.933107311725
95251,31229.753640580013
86098,4807.278759746299
93674,29458.341770445757
104392,9724.114512395163
82340,33425.490254505654
85899,20354.211454473967
85579,5419.506647677174
86725,12525.904675296659
104810,37719.696722757966
94570,15449.204362082062
89607,8868.382506700786
108478,16661.2511202152
91464,23312.31471735177
77613,21256.974769570523
83067,8711.239384398532
104585,23452.27771346137
94473,21825.384194137285
98756,9774.192993268683
81199,21532.50058843104
83741,15972.420051908823
84972,12230.226480169971
87486,14179.091570463228
92290,23422.17071491186
97049,6979.482434483221
81960,28776.232063180443
85765,16292.204600945628
81319,21845.134159581827
84335,10778.28800273173
98897,7810.88377770429
83649,11589.505835115211
89567,2970.748062877614
101958,10393.291032537647
108211,18816.505007235144
88326,13596.671949982547
106424,17828.85028077711
90848,9640.39108751067
104944,24139.807552485945
81300,32805.63810587962
76804,117851.1575187703
93569,17871.376912009157
76839,18767.183750232918
92611,30204.27123747888
76006,22409.699312469187
86953,9759.3543791019
107767,17438.555338373277
87949,12923.7775557651
95782,26735.79654929571
94414,31226.448348601116
98483,24096.52232380918
95988,13946.64563398772
98640,9290.53669032645
102899,4464.516541287899
79367,54375.72141675813
88430,15266.173253983816
79428,23796.140176659632
76247,31980.858703359445
90955,23357.588672623162
100711,6341.3191656786785
83720,18375.466154426656
93618,22851.251882669236
94754,18049.709449865706
78740,30261.898551775274
106522,23224.689449540256
90165,8186.471703918153
99615,6100.546563652953
88112,10497.162151951163
90759,23756.00035572015
91835,13120.54709744407
91563,28981.387086688843
92736,35074.37615055343
96939,20579.82098788494
100301,9008.291920289483
80143,19229.04291979645
108141,9908.527639914579
99743,6537.617334149396
98627,18637.869786686588
86233,11885.307447902216
104568,16520.2052430845
96489,8377.46278708488
79018,12845.932880526225
92173,25863.419279125497
81198,13410.348397677062
102450,11167.572919535807
105038,19982.733969401692
93284,20814.7309599609
85848,11976.488662792712
89587,11562.567654191374
91457,9377.235468539744
88804,8712.42153697174
97228,11323.08236721116
105841,24638.585825981485
107331,17231.47751715503
81008,13896.36704008279
81853,24532.370352997772
103283,11045.402786867897
79036,17052.241855479268
90376,15843.302768719548
97271,6483.617773043072
82967,12546.42159144982
83663,5674.73569157224
81640,22260.724132731844
99076,25219.830710760154
107790,18016.824232979914
96460,7031.435196059037
88286,15442.320978255408
86545,11346.538882825322
97634,13301.54686553779
94452,15335.410451451657
94409,21211.432720304165
104877,10070.868726746368
102952,11305.183483241794
91502,15791.543127984663
105695,7219.167190586917
78608,11004.757628582453
77384,37168.09970411652
82188,22644.179367355784
81054,16084.04918154793
92709,21380.90399325475
98260,9690.376298238136
78996,17480.546409564777
103868,7152.564496732386
81809,29226.181172132005
84251,10289.897093825615
103762,7064.701849936993
101479,11386.996345118923
90533,11336.989644514995
84636,8005.397580447751
103208,6313.0741731648895
90274,8759.274810353103
87517,15367.156830816932
79671,33441.494238034786
81486,31225.52494035151
89338,23594.146263643557
76912,12456.218335392969
89675,9272.568349911364
101294,8559.028727332212
98316,8816.635572381896
82457,15964.226774986024
78558,18722.008570272206
107933,11106.553397884825
87555,17607.041413354804
80873,14932.93909826004
94717,22406.48183214385
78922,18683.802674467235
87376,10943.7271350467
79203,24724.886228013856
83801,13059.127714244567
80314,20117.678378215827
96011,9467.883570408712
106585,22608.236778234656
94122,23693.998114163216
101723,14773.408407785673
95561,19260.13615353605
82751,16308.438534963907
107424,21853.477711529384
108316,25035.075255299773
79229,7756.551470391655
104835,3627.919030978723
106289,10912.253791363904
89876,10874.427415415148
96917,9938.433727622507
85982,17493.419196865736
105023,16991.30881576614
76749,31399.160691199995
76453,26964.333664060618
98954,8613.879860343284
101783,11468.315497011545
96734,6358.5430264603165
76884,16597.67259580709
84277,12710.581387560913
104756,10242.236082314015
89268,19392.27615149464
78955,21536.795168974535
99279,9071.71505468392
77361,27406.87473807925
97823,19333.723068952237
84313,10350.164410954925
80520,23167.814322839993
105472,28339.120170085727
77671,6201.435807468692
93098,23886.5313098953
86559,17030.349747248543
86582,12848.244010534303
79414,11066.786374477844
97179,15083.779259364319
94617,22409.261071071924
85780,5431.149191361666
90904,31304.239671353298
103178,8487.757864765435
105752,17702.2131533334
82636,2957.6806592713165
81069,16498.653020087186
76784,3765.1834627690223
105061,42805.52825968644
100732,7963.391143797095
106562,10350.099528114199
102833,7977.865800739245
79029,15760.98104398496
91944,22385.157103408597
99849,6737.863181765319
85213,18996.542670303475
92653,17459.14811491765
90824,8959.8642265958
102752,13387.654979073008
106732,19783.457222917084
77076,11297.053425429785
101825,17769.38738474509
78920,30721.65001053741
107404,16532.158413411707
80053,8957.824312517696
108062,10245.941100912007
88256,16158.400958782375
93809,29822.186414483203
97342,12414.483858376701
101308,5998.88988245732
94366,22143.216063924392
88228,9527.004674152975
91471,22450.50389389587
92294,13933.859107925962
92018,25294.99155226412
77448,37250.98250089345
91091,13267.177879746381
90892,10209.718138533122
93754,32623.612703642055
103644,10373.92016043735
101170,4482.074734685386
87238,15600.538991669855
103651,18998.485051785425
108015,18210.622686031376
96704,8812.861486168857
87938,11605.170741484924
82456,11135.61592078524
94735,32859.07954523649
79831,20173.172289890088
99435,16676.66848354559
77407,20521.33226775393
105163,14578.83830933238
90450,21632.22604532318
101144,8078.587452552092
85101,10509.619273627328
102152,10164.9137105903
96445,24941.375979942535
93062,47345.06035211186
100172,8695.99448828925
91519,22735.03125070496
77563,80032.75471641969
106245,14718.330232711318
78606,34200.21316065091
94171,16613.077700315567
82263,10665.54960231868
104528,7393.5946431761195
90918,27156.830868599463
85512,11263.288959433845
88317,10636.658353276469
77807,9880.56769621966
96992,11263.62990939771
93802,23818.879886549985
108022,23022.764400584256
97029,12792.520715962028
92027,41739.753390386075
88331,10549.55246584983
81387,12682.038797400295
78465,9849.935053995938
104119,11543.26141151166
86438,8518.06769059863
78315,12748.108802386587
102212,14776.019315638903
83625,15426.45019597651
99983,7555.54950975501
93838,19239.060746023933
86485,15485.630678796206
99164,15124.30071711326
100640,15409.73240284251
91693,26045.424409977415
90195,7371.61794199071
85076,9793.785470501793
83090,8322.683701871012
84161,10322.243790959881
85985,17242.909202992203
84759,9633.191687467955
105838,6943.654187763196
94748,19407.363231447303
108188,13882.929856939243
94465,17093.695933812363
81856,13558.010764137745
102715,11542.698894176667
106448,18065.61257507422
103923,4880.3675968501575
79482,28735.99279497942
86062,10589.758097352551
95217,21780.057639017
95712,45801.83059522135
98498,7545.718172602497
79175,14782.68750235764
82244,17017.038709040942
91792,29249.90574698583
81626,12554.114356850992
83185,16912.441166880944
83134,12521.641284230594
97667,11183.10615803078
90780,15787.557687453458
79383,30177.6986050473
78440,33269.75071125728
93657,19173.72476248237
98771,21067.08454927475
103569,15167.763847234288
84696,27974.813631612873
104235,24288.379269784295
89916,15180.99196434637
108238,9423.013280760913
97737,20111.26651204147
95184,40639.88868834222
77985,26181.82813166747
100680,14322.251416964125
105919,33532.71896963324
102177,11595.352803097487
99133,7155.6996540895025
85097,8690.22345663191
102464,7235.498411194086
83036,7256.460925271221
82142,22113.425063493472
92118,9050.111000709561
79734,13369.875773287544
107861,18270.4598603659
98253,10960.116220780114
103183,8049.301904593285
98112,10747.486409025067
82339,21563.527283179865
84875,17194.21058449637
99774,24828.11841971098
101808,5558.765133079371
88731,11104.934468133471
84055,6165.342768699171
87777,7256.363953078691
93362,15480.352662306652
96195,8614.272510408127
87650,9096.450664885733
105329,7272.935372176335
84167,11557.696442260176
79667,17968.54220291234
85111,16078.303229250141
79561,19524.714445174443
81753,28034.254080228493
99584,12989.022982703822
107389,5614.389293170174
77634,58258.646783709446
97353,10434.944194304386
88362,7637.237697362227
78923,29145.065279854676
78687,28950.375994655176
79611,12875.69724497495
97264,9321.037898986566
104372,7221.163871540599
88340,8706.709643591494
81409,12510.123962485683
102716,10347.91701111801
100489,8116.087931572765
86616,9051.034252871554
96450,9152.077069115481
103898,11394.801355509975
78965,13126.257529919087
77910,14557.826304055949
85534,9891.334075546652
81814,20205.033934916053
88537,14860.020703430055
97930,6527.869874873588
98346,9835.251000505192
96397,17163.459200284495
106812,36851.13722222633
88599,14469.115260979128
102760,11248.693602310412
94884,27277.953118060253
77319,33696.23387788539
77255,9607.896411539361
79483,15918.526895452735
93869,16246.037658923464
78283,31452.351107475573
79491,16859.406987711147
79679,17186.77046792768
104817,8428.053678770717
81355,47982.570982500154
102513,17147.413484286335
102311,7660.679857035216
94639,30412.49959306602
92057,25945.000796444772
108057,9247.069531886389
78415,27629.49760612635
91755,16919.20117954746
94507,15162.50741791614
77368,25952.15972592983
88838,13490.186397010617
86482,11748.057581814423
103032,10044.028790758011
101482,10952.873713987483
95744,21606.168764460715
76424,3154.652362620115
98537,18378.14382930272
100039,10128.84541055315
76025,18907.756017547374
82426,6762.715351530702
88387,10136.029083086863
100785,14627.861281639565
84030,10424.559416392529
107046,12976.605131665086
80159,10544.243091907987
81743,32792.852832401615
85348,10539.465576322795
79901,28480.592872582278
108373,19610.18945453161
79436,14085.90931716675
83626,11772.508801909547
84211,11088.610475569258
107879,8697.305582899407
107245,13316.422960060352
102868,10725.554542119457
98034,14606.232921262259
101634,10573.289055838952
78902,20434.57346906199
104908,24145.34154410444
108265,10243.266356560755
89613,15109.278099642315
100852,6637.115799451704
101045,12625.913798220658
98194,10906.590431942917
87876,9680.37940230325
88436,7468.618247643423
103563,13233.821349353697
92679,12217.957468570265
97639,13656.911491224095
101310,9149.722359413214
107398,25112.559293336362
98740,6837.413696516604
103081,9258.961218204162
93701,37176.124983667105
88341,9651.502303684863
91276,19077.04856548135
78877,14554.794216496706
100579,2809.1798407637866
76474,21458.829016138243
100963,10785.324125818737
98672,5642.603640915135
94737,18756.866154139047
106382,8169.7179947079085
90771,25323.689113763154
82118,21119.671240415886
104839,28468.346130911887
88881,6121.9048090758015
91400,32380.286618357368
89615,5728.777193197084
95916,34989.544180751516
99952,9666.334592760262
95605,18771.239316865733
108251,12184.010077825558
88507,11059.457268572869
97142,21837.390329757436
97129,12303.04591604822
106320,6590.339668093758
104569,4223.480227418997
86018,17142.90792264246
98054,8359.524018026174
85925,17992.021062577565
82859,9753.578184242966
107329,22846.39681504822
90943,29804.926056039403
83393,7499.253219637514
108091,11439.789864159968
81571,17607.171552642314
102704,9250.61073152187
89511,7815.695357182134
86361,17290.728755799926
86449,10377.165599113874
91048,30342.45157324779
88932,10069.39533339667
97096,13055.03321158761
92493,25725.295034011222
106005,31133.57305105567
92101,20652.45473631563
85618,12489.56642777138
92275,11688.599550864696
104354,7665.5642232010605
100165,7304.478812970116
102137,11637.546107762235
92251,12855.007624296204
102299,15010.640137661672
93358,25423.64618692993
91807,42293.53147712959
108402,15222.408294985746
77155,24906.167142392296
79195,26227.387067979398
96974,8901.708707137279
105848,9368.519378072602
105425,9954.560877329543
103620,12570.422789995635
79238,29648.768199613452
82292,20496.747711865675
84451,3964.9982395656834
93942,22401.11902883124
104577,9122.58448589311
105690,25125.915362088883
93421,12520.214253365451
94411,20242.4869452231
103746,5952.404197266981
104927,11885.49521315642
105798,11209.468980476966
88601,8364.177958859638
87898,8758.365348360168
87580,11947.167735068777
106294,28348.645940523682
83194,11532.18692417294
76073,18446.423683796376
98161,8224.85259925843
99152,9213.146898676323
78180,12429.038184990366
102662,7812.111384786129
98915,12475.910994892687
103302,11793.171366406335
107764,10809.115934065017
79227,21941.33689852622
96799,12621.351082236179
106081,17552.923854805937
107508,22319.95940541565
97995,13141.83794842617
97586,19988.995994177796
87104,26228.44531102947
92790,43554.59329479023
101900,12815.048422819324
107104,13434.022993863126
93384,25404.57711146809
100649,7522.138698271842
94525,24726.246618766134
103004,12256.040632712702
81477,57349.37336590728
94774,15291.771679347106
86403,16603.688404913657
95958,8409.9635775037
85977,18169.526647892075
106000,26066.48812513515
80189,38775.64965064688
105330,19771.787209224378
98119,13629.923507579904
108242,16248.002408448929
86122,9470.734489961736
90847,15830.46994853508
78649,17829.119463412077
78043,30104.753833687937
83454,16141.469757271347
98842,9832.302195531442
80378,32438.072427316492
100525,11580.452435802583
101979,9113.020826237585
93192,30595.191879885904
96062,12618.097025221807
96319,10383.341644458984
81121,51215.92662624088
96527,15467.662308047495
76762,56300.29936571321
89658,10021.29762814478
97136,10400.047476182655
91941,23302.764668492102
107113,9436.499950981293
86846,8795.327313826796
102674,12675.943367312744
85905,19224.70173466821
78034,10569.349490903978
96919,8004.403985598334
81474,26117.946846845156
92121,13051.907643524148
108308,23262.555794139735
105113,14026.441128842747
77939,36122.8964268006
76253,22726.391312355034
86272,9239.779496554662
103786,11045.402786867897
77663,24323.792935766713
90143,11862.553885026558
83487,15834.646051563006
99629,7520.107909769445
78016,51965.38546321043
97062,15958.920362554143
87499,18006.196465064088
104580,5660.484215176807
92086,20059.882470913664
81704,25241.72352461675
85458,18358.693806086438
94697,24323.87448854104
95730,21148.64708185181
95533,28454.962229087516
76852,11731.749498161098
83813,16923.77756126905
91465,27627.228351475103
98380,10815.914819792897
86923,15897.264938023587
81159,36321.67058903751
99462,9734.462811444544
86553,9105.312387561917
96547,10489.279770713963
77542,10770.806898475148
91704,27503.548874662287
103567,14648.83766150869
98508,9995.112032764191
94989,10981.766757569123
96305,14617.517395202995
103772,16623.03239017942
89923,10892.22907055593
84616,16195.949150325609
99970,8953.617145386
100286,7029.71209110922
95785,22490.086304993813
77239,8603.683620332591
103828,8278.200821831619
86204,19393.715248236036
96855,11436.345822229978
90132,9491.109984418948
83949,4691.782751743229
97042,9850.249931868042
81439,4660.938873015214
78200,30271.945365561005
96583,17443.448432981535
77935,16673.901038145894
91759,16532.33600836993
104912,17911.61728778124
95613,15697.915996289097
105447,9443.709062518912
89828,10631.399393157832
97297,26073.713060951206
107599,17282.942991011238
103109,7356.775166741039
76094,14297.49313049979
104324,16933.629083905744
82877,15904.404543942564
88953,14431.86371040123
106644,17950.240321566056
100086,6529.973925380285
103949,11143.310556405298
87447,15294.538463683735
103384,10915.280978350058
108506,17101.232593684865
82045,16737.891034760185
86346,13795.3224185223
92643,44034.33292496177
106532,12434.36952633929
100209,15641.645588249032
78371,19027.497097365525
79815,17748.133501078326
99946,7371.203280801951
85965,9011.922621962018
79558,24059.591135651495
108318,18427.121856636335
100907,6368.5301971055205
85301,8187.793539105885
86214,4209.627009969367
76307,12935.364779194124
89487,9176.71525186192
90272,18931.95344651569
92470,20042.173043978546
89056,17974.248004552697
108376,12646.881723854276
90393,17312.836637051598
90202,7351.764340879132
95164,17357.02068739007
80501,20462.016700852582
80614,27453.525538684193
86354,10025.332745056967
103851,8146.4949085161015
91517,3148.3339854572196
80179,35679.00785288651
97710,15891.461987861143
94083,28497.66056876229
83733,7807.075833300019
105032,17686.41931503011
91064,25066.263256230613
94799,25954.869062801597
105548,17195.28594799011
94248,44784.70159226614
91984,26331.07170314499
105390,10982.405230413387
84137,6678.850455158582
84643,8724.582363673015
94173,28595.516366922944
89789,14441.02109657111
99329,7596.230336710657
107125,10580.134613080114
81011,12487.240549657898
92062,59208.25012362697
76630,22797.461517110652
89022,8613.963042329526
91463,28808.12442988575
101563,17176.69938469865
104307,29166.72906981908
95572,19230.23025265124
91019,15569.994034825548
76966,19067.691156114804
76916,30718.53260096712
82319,24440.49285336162
93863,20895.555907755595
96798,30660.558745252496
87072,17347.888785631407
92771,16355.201622670833
105915,8177.294901955514
106830,12739.320825491046
88798,19994.465351809475
81750,11866.068505491072
90415,11099.613890978106
91110,26641.674445915487
82187,31891.26096831047
102386,12847.46095559334
103517,6996.937846165517
86270,25431.68530010254
83526,13195.869914616896
83728,14601.367331336176
76878,9553.67985444874
99712,13559.567864309849
92556,9535.390755925931
89879,7475.003988522357
85276,6627.487377374878
85272,13567.693986615928
82645,10475.203554980175
81445,14796.856794703504
97841,14503.475137526508
97088,16810.290579637644
87735,10021.242963903303
100748,17156.150297280325
94315,24340.737665719844
105218,24134.919762486472
79295,22639.941465580665
85482,11186.787421327166
105112,10807.543841185912
98458,11973.92953711907
98177,9144.019042816111
92392,21757.13086351566
106885,8721.60472098273
94239,26165.113023860547
98355,5827.192818309625
81111,21517.493189091023
101464,11633.479778817333
92070,24904.425164537817
98707,25036.688909531225
91095,19329.272385089327
84486,11674.937484636994
82898,16133.623438355404
108233,9970.082004919523
80001,28362.158984187372
83538,14181.582026519853
88563,7856.083219734462
98871,9479.928676910738
80645,53673.576659337756
82054,18613.870312720897
86397,10033.295143521096
97865,14399.322962305478
81700,24309.018966160715
100417,9177.2778107743
91017,18711.260495335424
95218,24338.0290735546
105519,10409.100409849798
98097,9306.349423026637
89232,10006.630692040828
104997,12924.904464488802
94952,52860.508569519225
87017,13162.622235691422
94876,32849.82553181821
87741,16388.0518469604
82776,10450.051140024445
106221,20373.650622127083
100602,12563.882469216498
105337,12481.760742996998
94476,21765.315800553708
82899,10653.610857167107
79145,35893.97650768631
90481,16759.299867141446
92396,33847.46793574335
94605,25249.096950118743
101668,8724.542825363878
79742,9927.037620150943
84465,12938.09362021189
86828,10506.608417830148
84944,13880.951897651374
93680,31975.01148934555
85778,6855.666588761269
82841,10566.92047959555
96597,31292.821378913537
106852,10110.203563261884
88003,14744.885798486666
90461,9294.270692872438
91184,12844.711958861712
88055,15735.634293521618
99180,10862.973361454002
87766,15529.140753925423
86691,13747.249235382802
107751,38504.535862258774
94882,31174.994027039134
78637,27018.555228727208
100601,10703.55151892343
106271,8050.250622318883
94355,25512.06155342909
103261,9872.665072557633
84449,4534.739741397137
79799,23289.229088038403
78481,12487.38834791602
76569,32002.445337583296
90516,19943.52723148896
91054,30124.822325834586
97435,8470.9232711131
91203,16684.303066387532
86130,3915.698218317101
93768,28169.905556348676
95494,28567.535476204623
94319,35216.608257917374
83638,14519.03076042226
82289,36663.667668977425
107990,14969.961754335967
76261,13217.574842881775
103466,13908.551077356766
91403,21606.79861234859
106025,14628.036863851286
79465,24795.98336106882
102871,15136.961036919416
108446,12232.632521040972
107305,21455.086137240167
80190,28131.87804596106
81649,9748.122074344232
104611,13192.732360462875
79821,21866.637800872995
106756,9625.831017187329
94209,30112.967178107356
81524,21021.427715636783
102947,11335.366066548862
87868,11428.805242528922
95933,19000.01922881421
86850,8417.417407232122
108381,14249.243444836005
88771,6154.937607250055
83105,11603.523306011279
93264,42291.83205795364
93240,25617.669386345875
94060,30387.905216345887
95003,10569.94399349419
105812,21091.492206529165
76675,27719.360443215726
91421,16008.33310849585
102047,10633.289983081204
76316,16992.75896925271
108385,42986.342627729064
80043,21495.591793596588
80122,11799.501523164585
76885,11441.677165764513
100765,12883.117282813097
90748,6883.182983737173
90799,14921.57129954991
98792,12372.997067960956
90085,6618.524545818272
96967,13369.049197861634
77008,25460.87028688148
100132,13488.390656630005
90720,15314.731915466175
105966,13282.756747685027
75981,15140.187496954642
83312,13655.677117343388
106478,14945.46368627106
107800,14436.723590183596
103769,11123.019527699917
91814,19038.7138296722
92683,25323.726451324266
93319,26045.740833656877
90670,17603.056749394378
105982,18260.333562760967
96565,11169.52740693765
89299,20426.79772288546
87406,9819.054658444222
93260,42958.854386088424
101201,15841.369540628166
85414,15940.940413375856
87273,9339.139702069187
77653,16782.33635816702
94848,24164.424985036796
81983,10545.6818241425
98927,9352.912790032207
105078,16102.234654761482
102825,8337.363037845713
91211,18725.02765419349
83862,9082.88967701803
76624,12444.318010864272
96502,7680.860723234674
93149,31330.742273468135
105761,17509.18601947262
81327,10884.926566599093
76688,15129.708729367474
99302,7615.3872051783455
89052,32291.18077620272
106892,20733.58623614615
97157,14573.80139476587
87715,13571.251589526897
104669,19600.02825477423
108522,19668.481119401647
104725,27833.899748446853
86473,12063.127398242845
107402,24961.591724435417
99376,21611.71733150253
105473,10021.103075455263
101761,15822.579721788203
100229,5956.757285285613
104122,5583.876664436556
103433,10502.086389662312
95259,26834.677368016233
76691,11131.9687659196
81526,20109.879779914012
90817,15213.382656139811
106577,26295.236591310568
105900,14220.425806227073
86342,16062.165108323095
100902,11736.20105080914
84715,9728.906619533682
90605,13878.653937002911
80255,10654.02536168446
84484,5506.845026379759
82894,7019.363175452439
86148,8726.242567518157
100981,5900.610649768406
104559,32993.31203621955
96603,8634.324690219179
79461,12920.266332015704
83864,6965.375099420863
99364,12723.115264507886
98182,2542.055506278813
85145,19839.123948270986
102591,10756.299283305072
91416,30836.085184027976
89032,16866.875033386965
98530,8624.129327080624
98214,10759.891253997392
87931,8724.486054667012
90835,19487.180008030453
82398,27082.115066576076
104749,8219.327200638645
90735,12862.53157324805
105444,18873.545714891075
90324,14459.563202605163
102500,14711.734016539905
106702,6792.996809662817
90727,7542.964416768634
97427,18740.11590513497
99844,9196.943314824959
94541,47575.141044265736
84483,16799.122586132136
100773,9874.368235586739
97910,7139.1109179224195
97461,14106.714454428104
104846,8191.520297688465
83951,15681.051919310516
90276,11079.598485384287
85508,14208.52795051889
90153,9260.354477239827
89830,21724.434810106468
89708,17402.002328838502
98504,22226.11312745635
80397,28821.67868332514
76172,43985.12321881199
85446,10805.7364018412
96732,11698.251786678868
90781,8053.914215227716
86208,7856.306981572268
87814,10036.789484774099
90938,30502.648473351346
91231,24639.03539370944
80979,18989.945127154348
85098,16184.421297074174
82160,51894.191546341644
82809,19858.705337452975
86468,17083.68744183098
104758,5989.2334436015135
79772,32396.179734725927
94343,20164.852432937663
91304,28992.90188396086
88751,12572.3161613035
108437,32118.553401592406
94059,29716.705581140566
101856,7683.296061485614
76319,17641.864204689125
77918,30718.658144549838
81976,31218.46080652888
108377,21917.30395912759
95984,31209.611393075524
102208,10586.745554953552
84420,18438.563588568653
103716,15026.314087872284
106428,12516.058895149297
94602,15669.586795114335
101119,6700.7624903849
77387,14860.032840802654
107227,13851.317116067792
86164,13049.717815005753
85096,13741.84457186439
108198,6359.28705815093
86401,9055.34187708148
86386,9831.481787451052
82726,13691.174782571286
91977,34562.56961150375
87805,20141.562106517074
92810,56625.567062578506
92387,32800.64532105296
76117,14453.74667576792
103862,11943.74861756181
86962,16099.848402901376
77023,53249.20146208759
102863,11726.045485796907
85375,9174.928059552774
84363,16376.229406084365
77485,16865.742189886474
99266,9670.655940173521
100253,10587.321499759993
79037,15614.725774860985
92228,32517.324779947416
84144,15325.682813506774
96577,9996.976985676181
81837,12751.986287977714
77791,19609.864688305675
80717,17606.069228575783
88865,11830.728283982096
103611,13601.334920200941
96150,25844.80514930005
98071,22683.600723565287
90964,15953.771532491242
108523,26145.395298768213
89431,12251.95569725605
107595,24345.19310419741
94778,24555.450528865655
91385,17833.796443283478
99288,20358.280883719322
82885,16877.929348344198
100437,10667.79621037057
88938,16876.21502958534
98801,14505.078915476164
107023,7434.340222577949
88675,18960.631955303055
90159,13571.73296207449
85804,10960.190912285021
80088,32144.619096774
94929,30123.221648160772
100421,10586.745554953552
90603,9308.676583579165
101899,10882.042713666217
83201,16074.147059147428
96023,9722.238304904276
102019,10703.55151892343
106863,14723.15604437269
108263,26652.971675483197
100605,8625.485050822257
100998,8236.83595156775
105544,22176.326915728143
104343,8351.269287239742
89692,6536.738036568329
106309,9906.649450081622
86065,6876.546347926237
86436,9718.28229973158
103991,7637.455585591198
92712,31680.68262120859
89709,14020.42834352315
95415,23884.29545267405
84959,19177.314998147147
89069,15588.54110341628
85580,16297.186649951496
100728,10709.657505056606
80638,36583.03221773229
105713,6861.301979996937
98494,10224.81589304767
94819,29409.99397313522
83800,6771.027393272579
91085,16871.787170897474
102276,11263.787807306478
96111,13574.730121604085
90891,25556.312209377153
80010,10768.901808719585
99501,8704.692287993239
105431,14130.265098440259
82161,9311.665312814244
97426,9172.752687265289
100242,15797.883724738413
102470,12353.353171995737
94769,56790.05345335604
83472,11599.329890910294
81138,30272.24117133198
82719,16163.945661828775
97305,12561.621414213123
77744,12204.234386187563
83536,13245.867015669794
85355,9484.609911322485
84273,11797.744678267884
100061,10427.40228784216
78109,31624.856707500483
86119,16885.717214203254
100274,9784.160047892956
90390,15299.509441051794
93338,37129.79764585281
97460,9343.387492477581
87833,12777.194782547534
107064,21090.18407292908
80942,9671.35425429864
87473,10936.771569449236
105869,13365.110007031557
91776,27371.78653691445
85853,15841.464124643238
94909,21418.09618996634
82407,15214.385536289563
97633,12060.18045578324
80176,22277.197331832143
88572,5990.123557574726
97971,49296.79295933617
88633,16956.1033814675
76234,20602.043089801155
98579,7995.553982888661
90034,15507.878778057357
80857,26631.472433132465
85633,10285.251943234905
97760,17575.713510993115
88831,10103.680664281444
101303,7975.092929848783
104373,11128.295200176708
83512,8307.640846890648
102692,11850.410160950312
87092,7453.252905403639
104305,21110.761050810303
95344,22148.927650022724
76629,25687.785854639504
83699,9688.939969151892
99290,8553.188557350722
93528,33361.02463266737
107251,7542.612194700133
103980,12541.694689851274
94469,27797.425387074712
96448,12398.412843550299
93511,21214.69991919346
101249,18282.406959723703
90543,17188.747304421304
94928,21011.375494733697
102623,15183.811649044568
79505,13603.052518667864
90175,17165.351586389483
77417,16444.110612884037
80974,25719.569396816936
78874,13404.115062409872
103376,5986.831879864608
106490,26310.15103199447
103267,6201.656642758156
92434,32658.70811604268
94016,40490.85443240753
107217,19576.368503360536
100783,5827.529885719412
104306,10095.471959901226
107691,44043.33906609482
79101,23968.817721317093
79607,14918.181403821129
96910,14012.223260011659
104648,16718.896454206275
97752,6401.556732228375
91917,18793.911180346677
78307,31375.804990426794
77462,10900.050332264176
92958,80985.51002750844
92148,46862.69505583812
93317,26570.634044793907
77824,21411.942749545866
81043,18069.86548484459
77339,12968.679319558525
95942,22729.827798839306
106865,17977.469398559788
100781,15032.713372419315
82907,7957.820927688822
98541,28016.997398320163
99032,10011.042695906412
94935,20285.25728808237
88567,14908.766537227883
103765,10169.006283931252
82436,11034.312962641143
87940,9371.143464784947
83542,19377.132439409612
80229,30866.458053203638
99988,13983.832710566654
83379,13460.403271000983
100404,12907.292329005853
76340,20438.40618654777
104105,8357.294690814257
107460,21110.3348265058
83058,9385.228166295561
87987,10581.718061861673
105926,6124.682971049579
92263,22428.625512828556
76100,15999.86872965843
98059,11442.571527734646
97622,19318.430972246522
100124,12288.281975956053
85132,15961.960280707905
90849,9439.447777985044
89461,9809.119858737204
104144,32502.0060893474
76429,36897.782764099225
95660,37950.755000467456
93649,20193.558307436422
86295,18035.54189038489
91313,47155.79902259155
77778,42543.317573962406
76003,13082.433850118146
96131,11192.0109356774
80441,18597.32183388185
107065,24662.826086643043
87237,8776.178319717837
79135,35369.71227623797
79471,13301.064383022549
88444,9456.603336569773
80954,11905.990459969908
87030,16452.01368839969
82803,13318.117187314685
92307,17013.729606081244
103846,10744.021419170625
81505,55494.88118608144
96454,10222.492064684731
92723,23453.918838816186
85406,9704.599380950473
94692,22405.675408035422
96459,11142.896001813571
97045,5376.668004980195
88125,15603.847154952971
107173,19625.353336765307
86708,12547.101949253953
104799,9450.626895465824
99726,8616.06834693859
83300,9213.612140496776
87117,9706.858655720822
100398,9470.52430196101
82731,15571.806783026334
106322,29436.10229263734
83937,11634.371594680904
76509,27739.474231579377
85158,11433.903651944585
90411,16092.161073817333
79751,19450.4897061045
103864,9206.689041930844
85183,9484.973979844313
83429,9389.028084464178
104401,7170.101528840506
102908,12090.393969714023
82107,19472.99096942481
83546,16431.571325849636
101326,7801.717620305899
83489,15559.388372117171
95464,12382.400703785397
95312,19668.924273248107
76958,12663.294940749203
87284,7850.24146427503
93565,28907.89373056515
91521,29713.35568682336
103751,11927.942127902661
102806,8180.980730322384
83404,15869.13359201825
78539,19554.08345698679
106376,7811.531706271226
84742,19559.102444857243
80991,13782.363507746591
99185,6693.669235498867
81160,27089.70365179542
101309,8690.899306560694
96620,23115.29034847198
85514,8862.80904882277
104504,11033.00310708856
90442,14302.241688438164
78824,17642.112257286073
93907,8123.467208709598
92574,43011.45494226315
87966,9400.753374404016
84013,7562.98982866564
76192,14785.174179494454
101039,10937.271086452474
93377,26442.13164357192
89911,9971.113887077503
82649,8685.055551417508
92244,34527.81703099397
79456,21235.59781160111
84577,9127.243932363677
101829,13007.682048377683
82454,10398.20800509009
90738,8435.334292211479
78614,40746.65823868305
105723,12304.557047849528
92281,6677.5557121110205
83361,4722.234518019952
87484,10990.198063587937
94268,29908.230651302227
102791,7235.765556390001
80098,45999.685038816235
91058,15862.07676394451
94029,29547.219521186194
88543,10482.0735619016
81670,21809.375244506442
101579,10225.6948294565
78436,16893.807634889134
106875,12308.364895259176
87655,13855.291105727041
91929,26141.777535520152
91251,22527.081226957314
89471,12700.21365519718
97578,7577.635794630619
82672,12870.283508632474
78444,21785.836082010188
100808,12186.273005134251
88869,10953.39092061515
85357,9834.317573193097
89167,13668.959109372176
106862,25833.968496450198
91281,50816.7768500637
87788,16603.688404913657
95287,17058.365980350747
85680,9196.174728135407
94781,20543.03438944934
84268,13433.350199352746
91867,32463.77039694171
77714,22130.432226733436
103499,10965.408216106633
83996,7567.996565905881
84187,11830.453610205364
94237,24476.686059252846
86917,15092.872861339605
99891,16217.490825038289
100901,9222.975225037646
78556,33121.54444370484
98139,21525.751806938497
83447,17853.941099130145
80732,20691.632514495624
81168,15393.2395347711
101789,4905.250998810615
96183,15310.36161783841
104888,19829.13193906348
79944,52557.383824057586
84752,9434.747482918552
99274,5064.909571960499
101601,12089.189667692699
100509,14138.236421287247
83579,19164.647567342316
78657,16227.125764697466
97894,7851.56464902822
98305,13719.26590128688
81298,13943.567047026572
98132,14456.37050299328
83681,12774.893029786352
103875,10703.55151892343
96447,21808.530043260216
105060,21091.698257777778
79150,50316.92578518059
105628,21981.153356317453
84027,11299.442187452996
98984,25522.540532832347
103343,9593.857632642994
87304,9661.414046974163
92483,30693.889340617367
78555,17948.385829627587
78697,43084.76164988078
102830,11891.928316458652
105192,18374.620566630238
88749,11299.442187452996
97670,20345.402646283583
89034,7429.896328549499
101691,11300.846220098074
79307,21593.241412797874
92856,15080.752695637322
85540,6798.670348059529
86841,11393.301566248343
78144,21271.947921124123
106175,8963.854628878174
101199,10703.55151892343
106284,13135.646740245498
107920,4495.459225257104
85677,18221.082585251697
80672,25306.633388396236
87751,13011.900905961504
81660,23507.37487770341
104608,13979.388296976224
90356,12621.460493872626
96037,20467.946780065053
85376,8011.908258387009
94596,14867.490153679055
88457,10797.965790124535
92475,14886.031714110979
81195,16631.527931940767
92529,39549.46825271587
96471,13840.361917210601
107840,9626.77354827743
84210,10996.86423135011
103192,14003.130329770544
101468,13864.475574277862
105529,28685.734380796242
97367,10696.567515416384
86100,5260.706124616306
106778,13961.57695407812
81881,24957.510436262266
89597,12528.132561974957
95589,27712.372137206046
78552,48237.41523669379
105240,19564.113961126764
83448,11481.133512247216
83290,9743.35250575133
93867,37576.523204106554
104187,21353.302908718484
90760,16132.13168855415
89599,7379.386215379189
94415,14505.37956834645
105080,6424.723636605075
100371,13167.88177575568
80360,40620.34303795658
101046,7626.6867069249965
76264,16723.80250913191
93041,22831.410411386274
104160,12255.669842773224
78058,49534.3438208588
93770,12397.607076763812
101223,6972.21374861867
101983,7392.644271840204
98730,13615.73960270291
89800,9435.645367790954
88196,12743.707379479709
97641,5982.95644633901
103870,10299.397747817304
84704,5823.868119873264
77526,20911.13856474346
77738,22391.48148430194
90078,3145.116324139658
94292,27031.28542685395
78838,16988.52793616594
81836,29721.932594508686
80276,26469.386574704396
108312,18598.91956343055
107467,21865.71178313403
79713,18516.26757221255
93468,36119.055035244586
97220,17874.69674622989
98297,9282.888216378107
91141,45282.20033380985
105107,19429.005707662305
89334,12766.536350736802
80077,28477.337514631505
85326,14590.721063708002
88677,16220.94554595629
86517,10670.633293466633
78770,29146.048165298915
82840,17408.672378569187
84256,11449.040566611015
92318,28348.054909926555
92119,18848.039451146906
94970,24655.769598098475
76714,15685.131258760912
89170,12737.250368776777
90548,14518.827956837562
92194,30376.744632408314
78522,25680.98811735927
83527,17045.800283099066
104239,8690.845763063444
98128,25717.325853902254
80712,17274.070959141907
80259,15870.060530869288
78469,32606.73845054529
101923,4681.4845244336
103655,9091.753491179346
101481,10235.01001541689
86550,15360.922595643739
90289,12041.153549629737
86255,11842.353512856642
80411,17694.88787695348
97263,10521.15968328491
91086,6931.138453183352
80675,13020.847293244387
77800,25656.759681808868
76613,31267.366193373873
87002,17197.18201645106
104952,12190.181263018785
94790,40642.659895531906
89888,8737.379057557877
106268,32924.577450571654
76926,13431.484559214927
90503,10364.281968914449
89083,19170.363051677654
92741,10893.007931563787
102911,17519.874619774306
84601,6826.980458619699
84846,9725.998746643709
87884,13536.70523539684
88305,13273.484764163142
85335,11316.352367465597
89396,16997.755337597802
101992,9030.882481340812
90693,15018.737654272232
83262,13062.5294583119
81620,18063.34089125407
88435,14485.446806954715
80013,39049.27358516522
79539,26152.975442003313
85226,15337.583093967229
93522,33141.78579466397
77175,44585.71193861006
104947,10248.447799925749
100869,10159.598816219674
91575,36615.2205313131
105880,32257.516870262254
106564,21235.89153607782
100585,6229.005931570219
107332,10265.02585749035
77295,28760.024060002364
90575,9397.586909195175
102261,7153.441248246489
108080,14219.858016797029
80364,20888.4475361656
92476,10157.081680786347
104078,17667.32228405143
79184,10838.583649814562
107575,10453.54526475395
79281,16992.835285384248
88560,16087.693884906637
84166,14397.256966608407
78054,11219.892986393887
97324,5717.11439103906
85558,14019.763361568348
95710,17853.943675389975
98600,5217.221409748164
89622,15790.399176569774
81838,17518.350562958287
90646,15202.81095037835
88110,5806.5996262607705
104085,12647.69927859517
98242,13506.90379702539
106226,11199.202247066223
87500,8195.42218535258
104807,16730.97351661566
100160,10225.739054674494
105379,6276.934276614651
96754,21566.002423107744
84863,12049.657081417623
100130,10753.591244942909
93462,33994.3938703953
91640,10068.749306177286
95922,37086.67717606637
81137,26983.71232783826
78194,11109.832368322142
87308,11628.06911411996
106775,9284.69128493758
86629,11072.878941428107
87659,17390.908434730012
76404,19708.707796259543
87258,16352.86582966402
100560,12168.821169258017
78660,12412.182857033951
76485,18033.221934438407
99545,20153.26719587806
103074,10286.266400375976
77874,19756.527978635248
97514,12287.05076317799
103308,6717.562663141354
94753,31143.163261613372
80045,20533.25419982861
107089,28546.937991121387
101236,7313.009514786212
103264,15779.269286834442
94387,15645.60651892623
91926,15226.080566275325
99972,12830.246534935608
98651,6992.711665716429
94873,26947.746213820075
80722,10039.423712624874
95907,40799.919041613306
87746,16027.248919921334
90574,11709.35584928344
85387,12809.651883189083
84204,9803.878842720642
80453,17678.364123589126
95244,34023.12387268547
79952,14513.180696319116
105770,11032.342434760643
100419,15635.854062114911
84200,9381.485939464563
88059,10040.199372082749
85615,5673.694758619002
90795,7340.12788586794
97219,9823.261640725172
81380,12663.373741039662
78928,17267.706652959347
85613,19064.941445363198
90529,13812.854484746957
89825,11874.50099160183
107431,10236.434089771457
97707,6329.762169297495
76203,20034.05658314298
107808,16633.853221642665
106497,9549.420930645816
101925,6480.306244072752
95434,20302.246303048334
103718,13897.792975325476
103544,7000.401099025136
78735,19077.119234582107
101803,7015.696611275677
106491,20206.633288920057
85594,10459.860718348655
99930,14319.67081727327
100927,7903.000933926928
76097,18813.338433304845
89406,18042.682479043706
103773,7222.577332112058
107843,10186.413960354776
83507,17495.729720565225
89693,8351.791494465602
101441,11999.179469877708
91438,10153.03513567736
82189,25715.920699186292
94224,29350.193979206215
105046,12880.11507722813
105441,11435.812900018862
97014,5138.380646601575
89955,9510.17645310547
85532,15623.802191901055
99916,13054.926416873073
103336,11298.580287648454
102567,15423.256496781692
77309,12453.718231655132
95074,24190.750547079013
105279,18002.806362222527
77443,40423.57732261704
100797,15779.269286834442
97954,5758.7143482426445
104854,9817.412375539132
77615,10320.378842941049
99982,11906.658202385754
91956,18584.954722195016
79467,25835.78963069706
80293,13598.456561067635
78335,13749.8237709066
96252,19239.145117534183
94301,25880.903924433038
97832,14313.145299746826
103557,12800.244649380968
86997,9702.861399191526
78106,11485.344302870148
107176,11711.96407598389
102079,12165.070002754377
87624,17312.37297664448
108178,17874.405710013965
82226,12461.370283414972
85709,14482.060040499158
78061,42314.07237713133
98092,8631.805297786372
77846,16557.689070844222
91751,22062.788575276732
89344,17647.008629909116
78458,24959.217787926595
90444,13897.373215301399
100411,7347.55471904973
76272,18413.559221570165
83891,11436.932422233116
87391,25096.33504583521
83460,8803.802617406378
98018,8093.733728428104
99334,12791.145173404542
97352,14712.385785718188
85704,16724.25463020319
80151,13613.575602131497
83044,11167.237424415096
98476,7767.715344427447
82495,23885.20825503038
100766,8253.326496660813
87429,10850.045602759832
80457,15350.17337205613
97923,12893.941274787583
84002,7637.377551483805
100461,13457.227400705864
101414,14287.400278946263
86834,17185.845969622227
79455,28688.699858505344
89913,7667.494233898899
88592,6912.135296807153
90339,13755.444160475614
94894,31691.59292640932
76725,23593.77988170804
95859,25732.619871922554
92694,12788.307194901867
85619,10194.048214980083
107634,12447.522554348192
101014,7237.675373400423
91174,26877.965589679075
79521,17855.576339150794
97334,9327.950075276713
80761,12841.519089913785
81867,15749.83867347802
96925,14443.47029783332
89478,8156.9632739242925
104606,18980.313313297032
77120,49803.62496987854
94436,17011.340066863817
96562,8993.634124316992
100076,13785.586610060629
100900,10413.762887850797
87706,10854.328871652076
84868,7754.225591237349
77447,9417.814016191167
99633,13971.957585143662
107182,44708.85587882847
103805,6940.550495728372
79968,20828.096567539367
106861,22081.140570241612
81356,27887.365083899123
90962,29725.68401413875
102794,9818.487964054255
102702,15127.691925109388
101649,9677.779303543231
92766,9503.67883399983
95750,9492.91606080644
102296,15796.525148286393
106629,12772.761226765628
98746,12104.58791918292
95417,28510.7825857857
91178,19444.15280108459
103915,7496.689346923101
94148,27717.761600532936
92159,22616.676959450953
89562,9692.185431381653
84575,6381.387546726994
98654,7566.820400945207
96212,20794.701630016985
102653,7605.773849265381
88269,14161.780278243277
79684,31517.26868819089
83922,13504.392546186997
91288,33113.069877564114
97422,12810.344670932314
85223,5932.313481247074
101422,14737.316205447503
80295,17418.66233830056
88778,19995.527618904634
102400,5430.048542299492
106858,17236.368184306837
91510,28061.770248276764
79257,25176.67462300038
106694,34630.55655659411
86646,20390.849277128746
100380,13431.986866030347
79631,42752.73076416061
83337,18328.28140726136
92866,14349.7577855228
93764,20714.306579728418
100701,13502.612100106391
85085,9951.007407461419
102731,6120.662083549838
107928,21435.76241838301
95668,22733.70716824762
86229,11499.82494377702
102872,10570.448791295785
95063,23948.303047104324
86474,28333.606875204612
80950,47928.98836473329
84432,7892.305769423395
78964,8154.749909006813
86914,16205.930205805313
97272,23822.5629104963
99757,11741.227176281267
92235,18736.159523801045
87764,10405.564465250161
81233,4694.897646495416
91506,36210.756326760435
77920,12796.616555600569
104487,28634.27031297682
102823,13924.17942952991
96590,11215.050228915716
101069,9311.467275651568
82549,10197.125772979774
77585,22739.401543239426
98854,51852.85498683381
82501,12841.981737633012
101386,9856.083083127063
86959,10207.091657824029
105135,21714.514926476102
100304,13580.258761340228
76999,23763.51962626184
93936,14643.714746402886
96755,6091.730283831591
102115,10266.505681122335
81953,10110.713684948143
80238,50813.54238290739
84324,9477.474623107457
105850,12602.730751816545
86327,8211.728141778427
87989,5734.794378687318
93530,42275.8054361388
99610,10925.213363519477
102129,10182.055118841168
100985,11003.151415216138
76008,50701.1168044461
77703,21716.36358978124
94691,15410.109364535272
103293,13635.146395249883
84439,13958.56786441749
77444,16897.303157237147
85455,12382.850300259111
93989,62372.06735426614
85336,10632.749253883487
100517,14503.477952559517
108179,30165.9220476112
77395,11299.36895878194
98462,11534.804294906373
84943,9639.57373806948
78028,30537.597900878452
81596,22616.338791110993
95852,39099.10846311988
88816,17430.74620090659
94448,27028.325906511327
86470,11915.377699817485
102503,9680.51564532778
105474,9328.439057149044
88119,10542.126551237623
96141,11204.61539772862
85763,8122.9862661333345
105011,6965.244677613
99747,8353.551193685464
108392,17206.159468183247
90949,14354.241082825407
105446,16868.980448748927
95792,36684.63635534353
94956,21299.607083411087
102277,5413.25739684549
77366,27215.946603597127
91112,19907.298271524505
76355,22374.95385665479
79142,22257.284917466506
103859,5391.137854379199
82352,15899.832451929366
86826,19081.26466679503
86754,9400.011380882881
104363,8897.809222576689
93154,28810.166671677805
90930,19646.10150583443
107269,19480.28022733379
104109,5447.6422827839815
100487,18232.261757802848
106527,17377.24452704546
96225,21953.65482177321
89925,8791.847090424384
76775,28289.480163309374
83082,17368.86918250262
105115,32669.172970357708
103481,8652.628960244378
105642,20621.439328705514
92703,19043.456838308302
90864,9594.991883031033
96072,7156.013913600103
98628,11223.179543642731
102378,11783.364605479956
85185,9919.627814104022
93707,38483.34218422133
98795,14156.814436961262
97577,7474.533531236741
79804,22308.086964489958
95541,13438.424682148101
78568,37288.04280848829
79608,24049.74666256131
103860,10159.913459279214
98449,14588.25204518252
91377,26620.631219619143
103436,6041.486119929826
102582,12545.990273640864
78381,9083.988307059599
90999,17299.42451328328
89764,15607.335150747293
99515,11080.12942827523
89133,6029.820847158684
81859,38078.51866430401
108005,10717.669805628853
103733,10032.43796707239
105155,18098.79238867875
100185,6713.4813306034985
102347,13361.490567893825
107943,11604.332636200921
104445,8990.930469219053
90149,19555.140175372777
106593,15978.878647415104
94733,19981.609380236834
91481,29689.871023323238
100201,8202.419030682995
94149,19790.044395993136
101639,3699.1014091052352
81577,29886.42601712072
80120,30119.94582294704
85995,10007.783424244095
85199,11153.272271305645
85909,23167.11362552399
78676,21702.510401614683
91948,34445.60362926012
88041,15153.291895573399
92848,26095.166950215003
87598,10213.738635532502
83613,12877.72636040429
85054,10667.526481478488
96903,15907.007772400399
78725,9191.092415204967
94869,32449.9365896238
89121,6734.748231317407
79858,68649.66686169199
89079,15750.050546972838
77639,38461.78066037116
84498,12385.07218390535
90431,16711.587690020897
80553,10794.668963134536
90257,7788.942074264488
91607,29032.749313256958
82794,13211.730328412323
79243,34809.80150366493
93687,21301.70008708422
91774,30721.14593892484
104622,6641.698928988736
94152,4474.566661292767
107441,19327.418394202945
96359,12588.256568210747
105873,19139.468534212865
82415,11439.581413903405
106807,8734.035176306385
82732,4320.507155817018
105350,18985.543085599522
107206,12623.279901354357
82693,10542.971514933633
101998,9924.820987138528
107032,23695.081196563577
88200,13061.29332616798
105801,12975.027241354637
86649,10632.024115944041
104334,18336.266237486332
101972,8521.628000586346
99530,7010.927860349968
96201,14215.760862243658
105972,8541.927979587575
100425,8932.687446038743
106763,26852.14712586708
90434,6728.738003257388
88690,5378.892596240127
88747,11152.254363490578
92158,15765.293921122586
104298,17281.733323244476
91527,20386.51903425356
91731,18939.716577970983
89575,6927.032774801812
107525,15385.334704536504
80805,20207.34534483084
87001,16654.32884125864
76256,30673.79811033116
106726,13831.02070648794
100912,15584.220134701643
78223,20874.85063966415
78232,45029.12806850925
79424,20473.33922565574
83551,14067.066441766601
98945,5775.709587806319
101673,6555.780949415435
108525,12898.787932588997
92543,47108.027811252854
92373,18576.42641637703
96994,3109.6431684485756
80957,25595.367140856688
104185,12349.419676471693
107318,22829.638380402183
89348,7975.656267885399
108046,22574.992783399426
107385,16714.488642358065
104247,24028.74729031474
79675,20588.800513987244
95374,21013.635841813808
108422,10751.210415100215
76584,55543.4375224767
94645,15098.476690458245
87779,10784.721403388035
76043,17187.959338716457
101605,13567.792310848186
83501,18113.122612897325
95444,24018.307749059535
92724,39247.075512135845
101099,15393.69090530616
105469,7547.510773482995
78289,31896.15508493314
90064,12574.255616700164
93527,14293.070132439629
102951,12170.881456345936
95138,18376.633940001386
90436,19395.17898829482
86900,11769.02011921188
107779,18897.436014630173
98096,6936.8263739011045
89305,15904.308320606564
81735,14552.750263570753
91537,18454.02814729542
79302,13220.888577588614
106769,15124.397238691501
105306,12373.834020522976
106670,14789.826562920533
80113,32350.921298219
87168,18716.60183125035
90710,6741.461693841764
90995,14890.000890437746
96388,13691.416209712388
88029,16381.391568498155
92389,17463.08679575993
102649,12810.328316543702
97530,8507.691869105714
88501,16499.390999413852
80998,22410.593920798674
89624,8170.61916188405
83063,7077.26291012256
90128,13299.868238117026
104897,6976.241070927464
85490,25907.917482279667
99453,20624.635867349876
107743,13159.148993367333
105662,14495.215464268904
89186,16111.381473139074
93355,25055.079703301035
100497,12564.908191236982
104389,14536.367830312227
104476,13284.004753706344
94822,14710.581689308445
102639,8811.677269752567
86493,9186.464526665326
95602,30533.37568664348
86924,8015.740094514073
81852,10316.104454366003
102319,15113.507251998166
107863,11126.932637445334
82938,13383.9033904937
89666,6944.611997510852
92812,31721.113498169078
97393,8088.410839959391
92386,31005.820700160762
77152,8461.255755893415
107259,21672.72411154906
90094,8185.662636487096
103704,14162.627945750412
107194,22648.206375586935
86326,9206.563612713418
84993,11534.772642942824
83853,4883.200871769458
98484,24969.659874647263
91880,24300.209151848598
89715,6518.0248670619
101393,8854.200315293838
87375,10412.480776637818
81722,16312.4733257722
91249,16992.73235187239
103603,15125.171226900542
96576,7851.125056998186
77094,13045.948052436981
97706,17403.061919418127
76932,11092.488228398355
86648,16589.046345750787
95671,20238.051888911843
87831,15452.080094281098
82577,10466.182861482226
87475,12462.195497377907
99557,9422.330052201844
82882,2841.900077856792
97798,10501.410231229158
99009,33297.411694735245
98120,9998.0148488875
86637,9197.70970916936
91310,16362.886319643478
101677,13843.599360273234
105146,11029.18169681805
99727,12575.604587243104
84169,7076.020646819281
91121,18925.637426417194
87151,11122.211066431872
107732,19737.648507286518
77136,31284.022058486193
77148,5380.257078664036
104946,12415.274395010836
88249,9026.537917309119
105127,17976.84360288539
89504,19729.547343410773
81927,38860.88628482742
86452,16769.921977317164
78250,15318.64631523629
85921,28041.3761277279
81378,13071.547450293889
106286,17049.75262497496
82085,15779.248734954455
100957,12398.852475693286
98903,10736.562284490265
93994,29363.824434059483
95727,44413.21088467479
102483,15893.955434790829
85566,23244.774497435978
97406,6651.691645354091
76120,3891.125384182378
101642,9601.84069773501
86245,7715.828418899175
82830,17023.571629114627
85386,11032.271640278888
102072,12634.303188527936
81015,15306.077521729412
76016,23836.027478287673
103157,18832.60160265601
85980,12570.002635860345
107548,21053.120719278562
83411,17298.644779224494
99745,8642.193434384359
103338,11106.486947711419
100366,10460.77596305626
107718,29884.608956573204
91888,20018.272222984306
106559,16911.872061768
102293,16445.930870950568
88007,16128.504657517424
100545,16080.078964993092
81498,20196.535872008273
81632,52107.32107894344
102626,8525.12661155365
91621,18925.74636949941
88591,3958.5094596230915
87743,1942.9494361158347
79289,37093.884478557324
79813,33556.503530654765
93561,42003.20219707282
99218,8233.146816999168
83575,22091.16028528857
86909,9360.708632985445
81952,7071.428622437947
82101,36470.919728126
79912,12321.398197807513
106129,12503.702335633669
103614,10772.033993793893
108271,9852.804981116942
88813,9056.398660777932
105533,31891.978649828478
97693,14245.463770465352
106423,7498.189309682718
88858,12612.618441417331
79568,20025.00230044722
78667,49510.11934341724
106744,20069.142159195566
79183,21263.36568530635
92329,19246.5402494479
93551,67877.08913216127
84807,6195.59234823015
106251,20633.086474783162
86816,9988.614279381352
85547,8668.313036862406
101577,10706.573904320234
103281,7943.347475719923
101919,13078.705732395481
97281,9451.138106476365
85353,19413.87814996116
99143,7166.990412210209
89606,16033.057049055078
108144,17248.327341201515
94628,20571.450444241007
78418,31265.57518421717
90238,20100.15395485419
97412,11150.730689542548
95368,20525.585997796097
80945,30940.59554223199
101657,13818.283464109938
92454,33778.78868579672
79075,11866.946698339461
81257,14903.12558778313
99019,9136.24430839436
91946,9457.430999150294
100356,7247.971097679986
88464,7032.863110183186
82081,16651.517094485946
97199,12627.528713457776
99762,7826.851938233277
101497,6764.225605964551
83716,13359.64341747988
99067,18482.904578731457
107895,18348.124166956746
84198,3527.3310900997344
106770,24481.03839777676
87767,15748.857111043097
102945,10345.338249863762
95956,20854.218365381137
81644,22032.95828735669
86278,6220.170457199761
79399,12216.384327389223
80474,14468.407288629776
94588,29094.661248825174
108471,14293.363332604653
93417,14846.532846346498
104702,20119.490319959437
84151,5564.798438524084
76589,12738.374208090807
104490,8602.538235618891
86365,9200.14834338665
90620,5948.602311884258
81071,49941.447839424465
92311,25604.488927570455
103019,6331.867713334071
100231,10986.432936820347
83298,18260.571577449107
97958,20336.879452318306
95436,25264.84890789948
85413,17197.452059069656
104619,15589.733291963943
84835,6677.586437536
86314,14610.565775796034
91780,34891.47963507239
88338,13363.296612283317
98012,9591.508374037263
91161,20459.845451769772
108156,5541.356738488323
80607,18761.614956219655
105607,19269.414164881295
106586,10039.197522922303
93442,10571.87462271651
101779,11314.905273051689
86324,10803.304846815941
101056,7403.099155612079
89524,9697.315579001453
96619,5833.3913789311755
102914,2361.577826042248
105085,24073.061981406336
88414,17546.705176069867
94174,15209.293067393228
77296,12473.292452574402
93567,17173.33252381732
90823,11139.620240999277
83440,8488.777546524354
91053,19164.151437631564
87349,16089.9046997761
93853,14860.088445678273
88334,4838.859053089626
97251,15177.110492641854
108429,27737.513692124307
90331,10322.949336603708
86234,9796.187626452149
102632,7329.368149678455
82553,7891.396497076545
105227,19431.300734825134
76476,10138.474858812771
99277,9195.541121791983
107214,16370.666227579912
101622,9091.73294502052
91446,17535.637931534864
102009,10618.243269595296
87852,8393.607427117306
93868,21786.575334987047
106100,21850.516184000397
84477,16120.955868624638
90371,6307.896990197085
101643,5148.759057232985
92270,31796.650474115915
91036,29614.721449378114
93120,11840.278778520065
96986,10113.855712655966
88712,12629.315547213148
107673,11115.164949744714
94689,49198.276152972765
91664,29966.19461912059
101139,7475.457044665255
100211,10933.876450092243
84843,14142.71188538333
99077,12864.095615183604
86601,10322.062028412043
82207,28483.03469480519
83457,9742.83251524222
78306,33783.36576797472
102397,11886.774573559942
103423,15618.988055090616
105818,7081.5583707687665
97146,14503.839987424997
95680,17755.28818751413
102459,6952.410984517995
107092,13446.382919402642
92734,43200.38620223693
95647,21517.94339259215
77576,13265.711792765509
101530,13014.901598344695
87264,7298.912222042309
88978,10660.152550478666
86197,8092.91544153734
107810,23503.59742643157
81681,17960.263596329227
105951,11202.80850806193
103476,12659.527778210591
100268,3416.599179814309
92647,22478.330173471357
80498,19464.95019312995
90634,24096.101357957697
86670,17016.968216791876
108110,4944.689123001284
83881,14150.17854647281
77006,13290.840779970273
83528,13835.722270006114
86178,7432.045138068131
105430,8178.074300167132
84321,18609.007605845567
90491,13031.408601496718
86339,14487.325229937715
92286,28267.990618985965
101926,19758.178773078864
106776,17385.46882331459
82619,14190.85170039077
79817,17192.682120186975
79626,14895.698566764024
87043,15121.58131376297
106571,16700.281786081243
87059,17020.527811332602
97729,11862.552896675099
100298,11070.9051542379
98256,12583.994871222807
97907,7025.095031989092
95953,20087.19131509973
91657,58977.31039171048
101343,14872.245330488204
82111,64610.90737608474
108388,13703.25782570474
88818,15734.71304581926
77029,30388.69959900908
104074,20143.446323670323
86201,7935.216137373952
81545,17828.61697842966
87713,16137.30306618927
92371,22781.982652261053
77156,10276.66885697405
76880,23557.715874149606
88282,12746.64849922217
96654,31981.64793205659
97866,26522.1364078706
90293,4565.56372455
91292,21817.775595181392
77320,16046.180252143868
90383,8021.066629582526
100241,11026.466789501397
107973,9536.376242860752
79074,33745.8772040332
92862,18624.456251946933
96379,13779.366306501712
100683,11496.246106346085
76236,29350.614816748977
99113,13622.056271882539
100305,9049.122311588068
86570,8329.717061496734
93251,13313.699362957363
95890,19106.131580150453
104632,24516.660096368803
84213,20534.414642758584
107818,22888.616900599034
101521,11542.251279748565
83053,15669.129707697608
92890,19505.388063706676
107449,12798.346253603524
84022,9001.710055259997
90915,18918.71427619239
80324,50466.47438118845
81352,20660.87718991352
94642,15670.981123439748
76123,28898.576460023327
79202,27478.240570087673
104174,25913.40632941896
91030,24485.772942531217
107033,15449.835312258216
102759,5090.215912778263
102192,11523.745318921565
101885,8348.707547684566
97716,15441.694462030722
81631,13363.327358544426
81759,28055.650122170813
98702,9003.998074933774
105784,26392.556683881397
81817,22080.97499199291
86529,12856.33684907574
97857,9679.29077948138
82820,18927.167040093595
79072,23901.569742375043
92301,25691.438947102026
80309,13986.574728980886
102835,6479.235783571853
93599,18381.004682702864
90253,7447.298623379246
92875,24188.91645923351
83698,11484.301805820704
104398,49865.761901533886
96860,25387.80981782136
105925,28394.534141203978
97861,6363.99431469912
80226,23360.031329623573
92699,21113.940131468793
85949,7946.415089435508
92215,28385.99749575695
84214,11636.168613966387
106157,13135.568881956591
87047,16229.35691305825
102413,12198.12553288017
97955,12324.746700700374
81441,30827.20642976297
101029,13128.643163609971
91634,20722.639280413
84859,7779.868080464789
93328,23280.08650730177
97318,8708.544166306081
108048,14688.559473109608
97815,7209.1377591362
101921,7100.505638906767
96260,7722.506665720493
93491,16669.105765175547
95257,15435.304508503668
83326,30908.53156807405
82475,19173.103198560424
107393,10646.389286777954
94132,21900.84654066903
103233,14872.454092338134
88140,11124.12429443278
88395,8793.839872078945
95094,70152.20997669679
95939,20766.6657038432
108234,17297.8894104001
78788,25047.722176325915
93021,20872.554604319153
98301,27360.78094859141
104221,9688.292176623396
92384,23240.396702665847
76288,24887.23945299354
99805,12452.082668125808
90900,9441.921745985488
77888,31067.829713791394
100126,8002.389101239314
82197,43272.9540463713
90987,14030.89559744978
105383,21983.85817783719
100476,9401.726347491507
104238,8387.62860874048
89211,13001.294073826977
97794,5484.76910812572
105692,29701.403463037772
98699,12345.189798941276
104212,18576.911918212023
107544,11552.398777328042
107748,11668.57624862688
103427,7564.990170281441
84063,7369.856069136454
98384,8082.556312365241
91209,12134.348409872739
101379,8042.110542159238
78090,57057.421053253165
88321,17709.407148902475
78786,18685.949351724925
90751,8218.166499223566
85706,18059.826209407125
100853,10225.690446113975
106131,18610.082690567517
89397,11585.126777214582
76263,3415.945080436176
108441,37358.34087068841
88221,13282.906045620832
92526,22002.727457972065
81169,28400.26686653953
99853,10431.079080399802
105516,9420.990966460076
85227,10829.270587829684
101567,9097.73070837277
84331,15990.639650937586
78187,28080.015279530882
94441,16267.780637318048
100067,6178.363952067772
84660,16259.019332237149
98951,25687.149992649713
93815,7421.089211402788
76848,17293.872422487897
83378,14541.52901045552
79966,7002.8352185807
98219,12212.845945234722
89076,11999.530156877741
86619,15781.164229364591
106225,16125.504720786303
76793,33051.14098684733
88351,10512.978540642824
107927,26732.760271573585
93374,24745.898592319285
84067,14968.57594911334
100355,14462.027926468778
82099,39785.423142974
96457,12045.42061268177
103061,18968.105777125435
89169,14630.424439040833
97340,6748.252483920319
82912,18189.416994329174
82266,13419.111865434286
78561,46563.25962423735
100839,6341.8381786211985
85302,2743.0710717997454
99375,12901.929735796493
99881,8826.429048016838
88083,7093.086950719596
86412,7335.274280338128
84852,9349.094675983246
89087,16060.628721469595
77702,49128.195012860415
94308,24246.65557063095
100896,8097.898932666106
88225,10110.67780595565
89796,4036.2190118371127
101985,5298.628754227997
77360,24965.485223435007
92220,32594.774213399658
83866,16860.155493490678
103140,4663.8486530182045
78348,13833.080140096985
95353,25437.713234022056
81413,14511.903180116764
77106,22471.03232338474
103700,16834.776272324263
88524,11577.972485629844
87461,13395.88288243123
78565,33897.138427837235
82507,13344.669072737328
95578,2988.423077434862
91998,17606.540478190396
98342,10499.842190103756
96413,14049.269572596964
78273,31286.658931567676
105735,12988.533935953923
83640,17243.2083200969
100599,11268.006138040868
108024,30652.60585595865
85550,21693.760677490263
82875,7933.055965139557
93272,9605.948461672411
87870,10430.781887917017
83279,11664.915519625643
105742,15980.618738976817
96152,29671.316060448233
97215,20888.21023078673
76322,58265.083096850525
104938,16715.701411929775
81197,14918.945946254113
94638,15015.581139176229
78474,32809.71503840848
78282,15291.52918242878
83765,14202.997044448137
81798,19495.50033364948
84877,14811.425591908985
107924,7661.432114012341
107870,9126.143340272896
86640,3270.043341985071
90317,12165.9940899101
90787,13626.49899229395
102045,7456.798677023921
95893,27353.60127257798
104067,10590.318060156782
83702,8708.010399173665
88581,19374.38036515533
76140,20083.491870622984
87782,15997.174428752396
96924,27231.769098163408
81993,30405.636308011464
92440,23599.27869503366
97803,7068.479980513028
90468,6781.710570853363
77617,29906.593500492843
108325,14501.746401078755
78387,23679.76194841819
93953,76546.92768876576
87120,9364.736456462246
103344,9594.617330217921
86899,11348.997460549257
79585,24381.042858042587
86908,9773.251958435687
101362,17043.332020058326
89150,16035.871021720268
92083,17768.57814855211
81913,19049.82547743723
86370,7791.906397611031
78733,19580.588100614124
92552,24461.330638945234
89154,18171.164711714933
97775,9976.96712298107
94930,59822.26990048317
79476,13062.454593175355
76220,11765.688796944229
98869,13098.74200276924
97474,15173.454074993448
99008,7050.058209402509
107702,25701.07820174617
102495,13941.913510893419
76423,20628.680387436532
76460,10646.60929097301
83918,10879.495814519432
90937,25456.424097611136
98893,8461.062009322975
95015,60336.22003595989
94231,20186.294041248082
107866,19235.807683109197
91935,16641.80884337592
94141,24811.438475846975
84712,11166.74389333585
85125,15466.0142908537
102606,15958.552099996989
82305,18008.97490374094
83086,7864.050918055816
87329,8631.201379950717
100213,9315.2268131171
93661,26413.70782978032
95973,26095.166950215003
103243,6970.14550767571
77036,12490.158988177018
82262,8553.538946247856
103648,9182.44698110746
91920,21788.166306400355
85960,11103.313413547346
92632,35684.90650884323
97381,11739.432179957637
100466,10567.216976411075
77087,15762.732989616441
89734,14922.471989030191
83766,11339.632161761487
91812,66291.4200058006
93927,46976.80070158966
93439,13878.624382490367
98318,10846.595339508229
86863,11027.263292902086
95233,17574.05353589484
78974,15312.217840134934
89793,7148.593498552039
92799,23513.13462943486
91635,22427.28458795808
78414,14052.536172310985
90596,13289.243321267128
80519,35444.70731878466
89515,8400.62962581635
86481,11717.943366017447
92047,14980.137744509357
77635,17958.260933506695
98546,7658.07709385307
93556,13115.303547264937
76764,38192.50832446381
104600,15364.854409100692
107170,25293.724269104972
104809,9237.98665510812
104957,41701.49074063372
100565,13221.79951546165
82733,10443.362039578078
90487,5760.92581390946
104778,3891.001991533383
106916,32615.152605291358
85771,9103.02583649142
99896,10444.010111068495
94796,16382.282769520634
105856,17212.448938275822
85845,13086.798910401887
102590,9532.055028120001
95913,43584.34364249764
104395,16069.019756816402
96422,13768.718791807723
101279,12289.7184203078
98041,6072.351131831052
90702,8570.216540986565
104988,13051.313375264284
99996,16281.308267040644
103713,9143.25994353709
79170,36729.88052044366
80452,11632.693928051547
105657,27542.95350055314
94986,22486.767336926194
106339,11238.949685983745
98568,8004.6650069845155
88304,7054.973390928649
87628,9875.43834425149
92003,22474.07770062686
97111,10121.031587097728
98892,13754.298407886601
97778,10479.661833815699
95960,28279.439143007392
80575,16808.400504418434
94709,21910.89459602789
103647,10021.608767701306
87784,9703.21044806383
77344,30822.108701172514
104068,13113.428900889592
94747,23394.15535194723
82797,14663.924250658405
77079,15035.174080775516
99217,11050.322547703083
84624,9513.468136983045
79999,40026.62601142862
107791,10780.402005259171
86274,7644.125982943887
92407,14109.702429677282
98109,24326.86133831508
104428,23467.245158316608
76693,18144.002806110806
96321,8459.048619247524
107222,10694.572125136841
80693,13753.121099497803
87795,10992.603248362442
83814,10335.145392601225
85548,9944.443975052178
103252,8991.63785093988
104453,18485.2827656687
80578,30394.624113714046
103826,6295.751143661232
103199,6989.598027409367
97338,6700.318193014224
107287,11441.582498511041
77059,35746.26432552112
93965,19772.15414768061
89513,7400.51045164604
83064,7930.2506110702425
103490,11917.856146604143
99116,6730.77777920199
99690,11291.225346972336
96405,9734.752866407174
96969,8607.069397600719
84317,17670.730783383788
86480,17749.633222742254
78305,53148.2943647276
96458,18102.775748137534
96847,11504.42662251836
87888,10065.863214453484
92753,41637.89375413674
84191,7008.4834491027195
84830,9939.67666375316
100910,7911.12390536162
94969,46541.048786423875
89103,7551.876423605878
93092,18612.09938333134
106511,14724.129721314403
100549,17698.968072804782
90741,15246.112833059684
78118,17098.74652193208
94087,13577.404321730844
87584,15306.598865454074
107254,12571.511030400716
105985,21164.98265473705
88323,14165.862465616166
105221,11225.73273599585
101901,13658.701924179752
90944,34563.01886758146
98634,8651.313207767496
94057,18469.023611476416
77391,10713.120920096304
77284,43286.17546315743
95838,37774.74138822035
105720,11812.045863525718
97257,26418.463257315827
96339,7020.280439466624
81848,29912.440712063883
79581,26374.98405395454
97762,9551.6564223017
101710,7446.872191511637
104892,8793.26101859408
98689,12108.845543868667
102340,9594.906743926556
103335,14551.681230954986
80348,19065.7955585926
101717,5628.948206562988
84797,15935.62439843532
80101,21256.606039187503
83224,15974.711035341903
93736,13639.265652920574
78612,14275.760115344632
80009,12843.618910018427
90246,13847.545725841777
83348,10532.703484993863
102263,16294.275275584785
84153,15562.384638589358
90556,16231.248903141483
83726,10899.724079657795
86153,5426.134091390614
99219,12407.801171898453
79008,21968.50281655062
76574,15528.035473893451
93345,9646.810078211753
89271,18615.585463452262
84424,15719.762843619515
104788,20903.630231569874
96178,12803.159731397931
90344,12662.857193176069
105532,28085.239877446264
83994,10661.596039737511
91151,23695.250586665392
77889,32150.250675743577
76382,18817.184365558714
97738,6202.725311130923
86371,16079.497431485479
79800,46134.747272679255
79323,22880.103565159883
88652,11120.43125581348
94397,19964.282500087163
80125,11213.990904275306
103621,8862.382504012934
103073,7037.124336498337
104977,20406.1431106003
101232,9900.362797067053
92921,9675.335914827325
96524,17851.543585684292
108206,7063.896402144829
98011,8930.894981750032
82282,57211.80135696775
92162,10635.064634559934
91162,22944.629533579504
98222,6447.988076826828
106388,25739.924249820167
76194,12721.01995904767
93165,15749.117137536492
77080,21329.270593442885
88188,10414.287324738389
95987,11187.402809823336
82919,20480.77730009816
106334,9323.057787604796
92868,30896.01765227115
83314,14263.167815136294
83498,18032.396661948434
99081,9300.100889333366
101875,11713.828629998792
76353,37860.93154748991
97969,24037.747635679025
86292,19319.82378929393
76622,29060.532524587103
103480,19060.653906225583
85818,12679.625845482566
83971,12559.087094000783
97382,14639.402194877353
101439,7900.640308846958
96661,13271.247313490458
77795,12124.03409023327
105731,22200.61311570455
91696,12025.569056261622
93939,21044.41558272994
97415,11958.160060011724
103354,9830.631613640182
98909,20667.78699304299
78125,20266.963917044486
106866,9173.549414784284
98910,7576.106435335968
106208,22607.390438184564
89885,7184.371108014408
76580,10965.175631110465
95892,16032.40493379914
91957,19067.797388158364
99645,11398.3846241572
79562,47794.65394617101
82838,6759.145467119008
101076,8014.901932623762
81361,25714.120130159812
108419,15127.658029575758
93085,16969.758396051522
104426,16217.839374112946
88313,12301.609244648536
104866,17711.247320486786
101788,10003.130740608416
103172,10903.713919377366
98374,23084.45832896382
107111,24057.80824275903
93480,19170.720749298667
94099,50174.98442525911
100358,11765.73861914937
82106,31740.046412593267
92783,28951.883769722295
95978,14380.701756290973
79394,14522.902898104854
81521,22599.707591096358
88260,7235.996799083035
98649,9418.046044410512
81422,18748.109699448316
86500,11035.104008631955
92997,12227.505374952898
107940,8492.85244442497
80225,50652.78335560003
94805,26268.73520024792
88709,12787.704842859599
106470,10333.634541617694
78835,16448.584572981053
90721,10390.237433044704
105429,42405.474592542996
107998,27025.466141927816
89287,10827.937034560919
77311,12498.440430170367
87200,17877.96771656082
95348,14613.489796071355
83148,9884.554950727426
100616,12727.838224564866
81487,49045.06908508963
85031,11815.669095630672
86761,9551.548782015469
108219,22179.27415713875
106290,12853.729129495718
81428,8646.180094939242
94572,30548.73043109042
99173,11765.489236700017
85760,10181.146600664655
89013,26013.776386784175
85726,13332.133874318748
98647,8843.143579948686
76300,38360.20742594664
76204,13860.270282374591
99199,21014.784105902592
81833,13782.681140303353
79245,23260.714475152556
83196,10703.541107242108
85013,9350.675543237203
99200,9835.251000505192
96238,18487.832538175833
96548,34249.51869624113
104251,19026.23013915289
91169,28178.95342156508
91530,18383.801986476887
103143,8533.750457433529
106804,11055.066742372372
108066,24045.05299969031
76048,49695.06721761755
75977,14994.282322232946
96347,11098.559126183685
90190,15612.070141508955
77081,28718.03618060514
83861,5813.930947678086
100546,7024.368577275169
78182,28871.29239278208
89589,11218.585489143752
85606,7332.939379928793
78359,19315.240105715548
97559,14356.374330375667
76721,14973.086713138762
88097,21146.771755356258
87435,5438.523656853776
80798,13954.025507779303
90537,7482.7615384007595
100528,7611.755098825625
106401,21801.00807136914
81910,15683.218599407755
92691,26852.91606668604
100615,10606.167733395578
77234,51279.969091077
78332,24928.33356693552
77572,5338.374960215731
90150,7181.2499342008305
105917,10207.381461700406
76449,28798.33082966697
93412,17693.47697106438
86269,15583.918358466432
87995,8891.7133899853
100075,6632.014299639181
80021,49624.30387204793
90343,13093.639684817965
106349,9547.24043840902
87255,10773.830389163575
85507,17282.675661565838
76232,12371.554248571518
106308,14400.234988494125
92289,17863.424630420745
104499,32185.17339149778
81788,8606.72807446597
100405,12582.17219820892
106380,12995.104314289474
81018,17592.23945193484
83259,12875.246838893356
94489,32049.45112843756
92430,24750.32554382437
82401,11691.304384090256
79510,44618.88120094491
84456,19033.802947950982
98445,13168.851639482982
88466,15957.57158371097
94340,17815.04614718538
104411,17528.67029633766
85378,10814.611018427335
93363,27375.857158752795
108217,28036.785475442393
84003,9069.953401984234
78674,13400.62359239836
83754,9417.222496289824
107659,37890.08076798749
104134,10290.154009510787
80428,12817.555710584575
107034,12497.012574387396
105024,21622.136050980924
105501,12095.239279652162
100183,13964.991261231517
96262,13355.89951485346
102419,11928.422131020692
76520,16265.129778341421
87564,7380.3973266903195
95034,16373.040379617787
102071,18672.210488138386
92236,27759.434549772224
108245,14291.846267118122
90472,5517.855600146779
91733,18617.318283988323
86418,13678.663627076765
91544,15972.237644621888
108294,5846.403802240808
103067,15097.021454008476
87683,12389.870879507169
99427,7248.588906811655
78592,15683.768302856373
79477,30043.817786311167
100575,6730.777340713862
103629,21178.855691325705
86341,17107.864261609713
87901,7443.91387786874
100467,11497.75252806736
77769,13351.000893085984
90466,9894.830081151744
105120,30762.48730459262
94434,28647.590522885122
90333,9114.575153045167
100483,6202.696871629665
91083,21466.161801403774
86536,11180.149237384181
108361,13898.765106219205
102652,14361.475869086413
84120,12912.077798993587
99541,10444.134762424148
80658,12191.751935412563
96028,21840.253524288644
82478,8408.466398621033
99296,14924.527075986416
92923,19040.638690534535
84564,14531.56126250772
83515,10850.075135939485
80070,30739.297153887128
104027,18720.308136858985
79391,18464.347225801124
108108,8641.456189502565
99156,8250.21076408468
94668,20755.492363292124
107534,11360.951355817642
88509,9836.831812382934
78713,33619.2358178043
95033,27089.409339069407
105878,12638.359745742528
84590,10907.560256373135
104297,17666.695123591242
93140,22973.097121333172
95943,43370.117029970206
87298,18821.83129843278
105774,9929.50293298829
98658,7140.285412347657
87070,18744.188925714043
99465,10741.840125781413
105845,7282.919960083352
85369,22657.581766427294
83600,6838.99840139258
93030,32373.33859059551
82159,24622.392077256984
88527,11245.005893210388
94866,12959.843082814052
81680,26329.451607223877
85293,13526.050752157862
83020,10923.347813048744
92112,9570.274132570003
97809,9181.400322602703
83970,8024.124355760103
86745,14958.677817129397
100652,10930.703754099148
78837,26194.163323904086
96354,9658.570409622731
90084,10616.153329120842
84838,16588.7531180221
90416,19187.128231868657
82908,6464.497856688458
81469,20287.148113597563
97939,15589.84084196756
84109,4799.318411446078
94042,42286.186988719644
78843,19457.431877398103
94386,29565.21076567752
79961,45734.73516240886
98556,12331.80373118171
78323,15614.949376293811
98349,12131.081265206178
104599,12165.219919164108
92804,16977.173411678068
81485,19262.763106702674
86984,12725.999724686173
84902,10785.618244313915
87230,16663.28693774741
101698,9466.588771791306
81187,29501.351439947066
91728,26765.81810221905
90136,20041.700235963388
96483,9473.51500539891
103424,15616.40821087821
85712,16354.675573646831
85509,7541.836604594619
79976,19184.451711579095
93406,24268.852890449765
84108,10373.029231638324
82598,10350.866480538172
88086,9905.219430369292
78975,60596.164814975324
78989,16451.38312059499
93597,16486.925232286165
76707,22708.050513724735
99370,21333.799729324368
90372,13544.765100278564
97227,16409.322466578742
93053,29906.755679086797
99724,9766.803264337019
101261,11435.952605086028
85273,7121.151828661952
105019,21268.005490980726
107234,13166.288556288437
80816,39364.8770364633
101175,8433.612601358598
105866,41138.03955921705
96858,8337.52409650376
96226,7368.973364699556
97454,18962.383953688543
94540,27449.631655151446
99937,13532.136890197758
96637,11077.046079377096
82607,9663.175251065633
107708,24354.341427757885
104404,21075.155615439093
80758,16933.141149265175
99346,12904.907518920718
100310,15819.833911009115
91670,27571.95054423196
91353,25266.266216837488
96061,11377.860688813864
88206,16824.011298059344
101814,8271.751689583934
82298,9838.55196750347
94958,20556.337656883636
80444,29826.91560055755
93957,32966.511791068326
100830,8096.9952295492585
82523,11388.517449403598
96073,9415.83145306951
87933,16155.284328605789
100553,10287.600218869387
86623,12507.263702793089
87445,9288.189627296588
87890,11064.968391458813
103149,15779.269286834442
102862,10607.629984134717
77553,22860.381264287622
104728,15971.040161896412
77884,31550.675311340172
85105,18504.704817178725
76064,50375.14402751858
86071,8889.856767626543
97148,23374.60989227896
76161,18166.83179686775
82950,8062.81851983527
87334,7672.798385631415
104120,10580.254181517415
104591,5408.918909085148
106665,15330.50660458168
103766,8407.386081224571
104087,9619.585812611844
95947,38153.27841580148
87165,5845.946197537313
76294,21606.538770352796
108455,20405.95854715082
85399,9166.799541815142
84698,10921.629619811238
80713,12520.66301182983
85799,7420.104523045906
100254,11097.995292384765
80264,10174.491626656289
94211,9489.52411679473
98839,22448.743117388953
99631,21033.64207919752
81506,37819.9203182801
76167,14550.463993777978
91308,49325.780610931266
78803,16529.55450039953
92010,14552.399644507352
99424,6819.464735716698
82042,15761.13355712235
89760,8657.74138716174
78489,27979.493637768406
102712,11386.934276284712
90935,29249.167319981203
102912,10778.266481086146
99041,7611.1931864726175
79903,42023.29345774688
96670,9179.073655100306
76729,33907.37029716678
91107,28252.253522762192
87286,13008.378148195481
102303,11419.149243657876
106623,22211.326215294703
86955,14186.03058431416
90173,19896.196529772446
99829,6575.516224279487
106155,13713.438877339637
95426,54924.0886215529
82218,28358.533784410472
97534,7604.682879609246
104186,16137.204214024703
94450,21013.23340909888
77720,30985.917725339223
83278,12046.266645137528
90401,16161.00167500381
95842,20507.16199583128
77025,13336.616414402715
88288,9883.413459760342
83552,18030.573014069534
91467,29798.891563410696
78417,24854.435196739763
81312,29349.895067776488
106656,13886.93241244254
93396,22428.790950393693
89063,10180.225803091505
94830,18875.250260514873
98183,5397.908874340794
101338,11673.777505795042
86784,11337.654115800979
99315,9296.84001866563
100058,6280.894048826608
89181,10804.795626733629
92271,25898.37033357541
97562,12628.318592088166
79601,12508.396166366647
95361,14489.235818142668
82021,17539.05163415362
80766,13983.840647441702
107591,19646.209029780228
97689,8471.11082242109
77322,13655.988186521767
83942,9781.65543077432
80703,39946.311587541095
84304,9340.731181587982
92976,22111.35728532104
104652,7495.601641587154
81684,30827.020169681462
90189,10977.463508998122
92960,37011.652690373296
91335,19247.506739854434
105310,15705.62170643552
97940,10257.489614870188
79726,20115.430553884893
97677,14915.180324316112
76868,27847.630094730186
82008,53985.80771836189
96078,18432.445283577767
87835,16770.81971588213
79247,17079.046570008
77781,11013.596547172552
83214,13622.049012074494
108215,26819.20843476026
93824,30290.232432612003
80787,12980.516263703723
91615,38346.352915821044
80389,34940.82771756407
103596,12953.425619841124
105821,19234.513408569415
82476,8752.812959029872
95265,17614.148164913837
98399,23344.110736622635
76238,16850.005216768208
99100,6102.92157655494
104714,9335.90623243806
90919,12656.473946080827
83623,28122.860092997606
104865,10727.616816343954
82002,16428.990091862066
78910,22692.08033978885
95502,45047.48767185652
103857,8795.87133871714
97624,13552.13189876296
85720,11080.37019634868
96531,10657.23270556232
83085,14114.866181640757
107580,18239.766459721646
100283,11558.135306086906
82635,11260.889876062065
83319,6174.845077414829
82752,22142.08474786731
89036,15444.901185088354
83309,12028.097298081264
91103,24194.742567032703
78064,46169.98875146523
93250,39012.47049546353
104512,14954.01147795487
79857,8320.032258778143
105526,17843.342513921325
95901,31746.59373335061
88558,9183.119320929745
106352,20577.753259400313
77802,16946.255055200705
87315,8532.418531176812
78742,28074.155194185598
102737,9545.601510373384
102515,8665.42830744257
89811,7354.827385381243
83376,17630.88300262279
81478,26791.80475100035
90640,15798.818137113067
77782,10797.150200222102
95954,16757.918236066358
102593,11088.34950402351
103795,10027.145626199548
90806,13347.522331785249
89657,15697.956493364427
86003,13968.665872273947
95380,19758.226400714142
105152,14979.773372266256
89783,9211.725593464287
94941,11607.13666904324
97059,12606.45384011976
94104,35806.42875448923
108398,11678.059008895205
84930,8671.822103958195
107156,20117.411310388277
95687,18452.315956268667
97033,9201.816582415418
103036,8699.759955970581
85849,11005.369665265425
103638,9293.009566393592
76938,29586.77875267978
86884,6845.222674769618
88711,11061.895261705422
105179,24310.977812671616
103858,12575.03956886366
105362,32699.781710698615
77038,17383.486889480144
98935,17341.961766150627
83763,10005.264871467802
106254,20820.210341989685
96326,20106.1989957547
91225,33083.887196894226
90336,20293.23579301078
99070,8122.161760794626
88213,15629.39746598656
80925,51045.134763278744
99202,12486.457443994444
98190,6426.833058107255
93632,13323.041804526776
103377,9314.397445635632
106788,20195.337261668814
104266,20390.337165740842
97957,9002.949565285564
79055,26296.987084284494
99963,11754.974524629177
104883,20779.32883717755
77565,17675.85058842007
104641,8995.636425298995
92456,21244.749028972765
90989,31700.49099643692
96336,9184.716026301505
75990,11796.61170073605
81685,26973.618548172653
93610,26208.30713617373
92156,25250.439973803288
98823,14800.34141560108
92141,39279.115841214545
87756,8732.446602178252
87211,12005.75094779516
93983,31600.29657124463
87098,5560.6444687138855
88453,17484.213293893845
78408,15270.700994278812
82661,9254.365955556998
105658,8839.858390640213
82377,11583.669607527909
86738,10946.417371131032
90498,7617.565590053965
96128,16615.711944949373
81136,22156.971319215354
96840,10237.773982055358
104970,20980.729917448218
102228,10154.970133412915
77466,16134.396657699384
77981,10413.397453179081
94406,59917.89109093509
107110,12139.160427591962
106442,21101.280576015204
90593,12925.89057365543
85731,8160.890112673467
91243,23906.893747380276
88327,16685.25680358149
101596,12339.88607796738
91216,26344.325949574446
82093,54013.30864780734
106882,18891.296455320182
89713,12447.309202764043
93144,4513.168539251874
88299,18039.28744849832
78242,21094.326730972443
93200,20719.6053449342
97874,13135.06322004427
93836,45497.925937952125
77774,32853.510436518634
94322,23411.493799085525
98230,11923.81141670873
96006,10167.647795478257
85959,16158.17288144387
88398,16373.673298483667
99305,6096.598116541075
86936,14861.32918729382
107147,14214.468787286874
89432,18126.161319097308
104475,18632.550434320718
93164,15220.839649217694
77276,16918.392227947672
107454,18171.113296962318
89979,22066.129168872998
105360,6235.5854353933855
88586,10626.570415853279
84105,14435.206447587843
104625,13489.909677295827
78707,22528.24338266854
98962,5579.94773191968
105679,7942.7757723890545
107418,12719.981926142953
93072,56126.26763006321
78519,17378.590691303874
98281,20133.777952616303
99872,7308.372697495209
99188,4473.287372851003
102719,14602.27116453107
107129,10527.21730917532
86785,15686.862288368065
80533,18834.63483810459
78168,19050.294298610406
96300,34129.25371691665
85605,11423.023069301082
77676,15345.737211707057
86360,9698.688694904817
95177,36262.63638771454
77263,7404.3561859661595
83488,18326.11106616321
106949,20025.06547942679
86400,11705.033155238136
103763,11274.72906620902
98495,11291.834844378645
94363,6440.446245093632
101940,9022.405656886456
81366,18079.146268652697
99546,13634.998994375876
80651,15079.646369244803
101196,11940.567235061968
102050,11982.516163207838
99804,8469.577177400115
87153,8286.262709930967
81225,13991.089502302477
76181,21698.099708714788
98469,18670.56218758104
93979,12633.598139284766
87480,17162.785710533433
76369,15014.040627886767
88375,13742.62810775179
79983,14238.014058048579
87393,14640.571604739922
88732,9635.790206324686
85383,7423.24509691233
101126,6033.67749094748
95928,18341.52999690747
103011,3406.8119809954046
80083,39374.98774401455
96118,10419.844804201726
85674,14932.24513207507
82917,17314.855833827838
91143,14125.528707578622
101645,11183.846907294508
92817,15578.162090724334
97402,9383.326174440272
83885,22028.645051292482
101758,12551.363047406308
98594,10128.145491091735
102018,2140.3242059097793
77568,16884.906614500112
92202,21653.633613453814
83954,13882.289179240068
92567,10563.45272017007
99006,28617.085074587587
90732,14476.399311372492
81955,15695.986785867095
82585,11451.063163788167
106285,11219.002629778028
93620,19764.64405004114
90725,15337.110773229586
92088,12968.376723518251
107174,5666.364155013138
90304,14173.547742144778
104127,18274.556055371264
98880,8839.931246688147
83303,6074.46508149355
94770,29896.386611310427
89074,18947.372575722424
107549,20516.048305813903
99624,21020.98843801665
105181,8371.34886242018
88189,8017.56808464084
76455,21527.742086017246
101020,9600.326311787076
76745,14348.76990549941
89568,16729.389912095194
83478,9611.483275551489
85747,15875.894857341807
106272,30239.68636132906
82872,16749.656226597304
107532,10552.98522868664
90049,9219.177125851726
81364,12484.63551398864
98040,8781.862141397643
102958,15326.63439572004
79260,29284.278059721044
92243,39898.62456809141
88478,17516.16429274888
86621,20182.677820921985
104072,22178.458169812573
90813,14341.897721322906
107620,18966.953773413345
85958,8484.508109862469
91758,26112.27493730128
92388,37014.78016339693
95940,17155.451500420335
95423,27335.129121426133
78205,14148.168186211025
92781,25730.96644738705
76964,17695.515005256082
91309,23519.95401697696
87312,14574.169540741264
99960,8781.212416657512
105615,18199.064010053826
81777,14085.27596398807
90088,7635.915051185144
101916,8040.53011113325
102032,12284.985988575552
78757,37276.99406874188
85089,10902.71986826215
107536,12251.306308459589
79554,10712.997159726336
100053,12925.484342860062
102087,17103.309162648915
79180,42562.72254302594
78292,11418.41154147199
87547,20390.849277128746
96714,10129.857145362177
101388,11692.31561399676
98889,8363.81285794759
90037,10122.295624268632
95831,23250.96010387643
101678,10034.972534580711
77780,26431.232170011506
104014,17781.134191163612
105304,6582.2078336153645
77837,17794.505830300906
88541,6812.158802715086
89143,17417.123761456456
90294,18041.45714377089
94097,19936.014320652106
99108,13446.614666558335
107044,13941.06539845753
108467,22361.96759194344
88739,20724.680253436236
102441,13746.447714069329
86183,9710.665123171826
106346,12295.115244134473
84130,16762.06505849608
107757,9234.023533935479
84412,10812.645451794435
96522,31202.13112318314
79372,20033.604980242322
106945,17799.568717121703
88312,7413.005217543995
97814,14869.018559649747
94724,50928.047297154066
79892,18258.46533571392
94500,15823.894642495068
102161,17043.332020058326
85073,10877.080011393084
103316,11115.484776525589
81537,15196.312486859688
79187,31289.939599798512
93646,26676.029406200127
84942,11518.908004589512
105305,34653.60673288656
102440,8436.1418088471
99694,17426.658218629353
97189,11692.238455609753
89680,14521.333263314853
104471,11394.284509042087
98066,5269.032606638926
104541,10553.514182001582
90039,6900.777842899349
99640,14221.64225833111
85034,13355.813066858407
105699,8721.54123602386
103097,9402.177180974986
79154,25436.403218335323
79730,24752.789225939265
93954,19950.939275345983
106821,15658.902108563905
108129,11339.156307523768
81433,25640.89833819195
106810,9839.645189298108
89340,8211.32142700044
92137,28929.560567447825
89457,6902.354583490248
91797,23801.490545243778
92334,20558.772652067735
99141,15869.886664577736
104901,13928.254058250268
98189,8345.801810969606
95071,20394.656918700333
85149,16087.87236939336
83164,13645.233106929749
79589,5348.573880730943
96533,22979.985732203597
79514,22531.40829120024
97024,19073.659691186756
84010,7927.770848380731
77716,37483.876851900495
99999,7297.694966573411
91937,30858.61698354655
83222,17143.38780025215
83874,12429.39881300472
85379,8200.875790455058
80923,27977.40428122293
87263,17901.684291087393
77648,14353.259514383473
90784,20380.874401666697
76092,28397.258213728466
85877,10314.556632303744
108297,9946.071491982251
81020,32783.66258212096
80092,25603.078218054503
94008,19435.13709721572
101425,6971.605809378556
81218,24663.90129225087
102599,15532.606015585656
79959,21677.40071297364
88223,18296.992374008263
97792,18531.332590346912
98438,7050.45960403439
107986,36467.75917870435
83947,6327.30423774251
105867,19898.018295014695
107403,19699.710964947284
88885,13977.352787608197
98450,11115.96853792219
83554,8952.7407025306
92398,26741.822144644775
97238,5063.254968512063
79115,48804.64358576575
92394,14854.376119509288
86813,13419.894395154017
106364,9322.674304544831
93974,24792.746461579947
96921,7711.71084309886
76493,13552.080528389388
76358,13899.07183351457
89895,9632.454640715614
91354,22101.45603436759
105589,20378.040670602928
96412,27221.528912064103
98970,10348.964368279067
103020,10155.208217040517
87261,18498.52745557421
76112,30764.55592133688
96166,13480.290424871795
90696,14442.373814376077
94089,26562.230260844037
78422,17368.90721119917
106298,13025.92285620879
105489,17806.55774318388
108304,27886.735239818867
102353,6706.990961019934
76411,18872.865990837876
84847,12380.24009618422
91646,13094.436379604562
76141,16043.858552711772
90730,6305.215553736953
100429,11722.63734149832
85989,9443.3658132862
105539,11521.48893835574
79951,38414.703175272996
96676,6854.8433510474515
100762,6945.773802985484
92509,29928.34219480271
79582,26982.49495810493
108529,20212.434556499084
86542,12196.699001490835
80669,20142.043431816008
99953,12831.426546658666
93023,15999.13319957846
102223,15218.462248945458
102167,7172.783206955739
84525,8831.9187696585
76654,31854.109414912306
96998,13642.488212767274
94337,18710.10045440229
105106,9697.213679017676
77494,27423.280513386562
91245,23309.6122689163
98303,21930.512599065783
96838,25195.500198636135
82064,16754.6739165311
101129,8214.540512412654
78108,13229.842306858725
95497,19095.800992895234
81175,13683.936840275583
89631,34364.87842173741
93976,19338.911729126965
86199,19137.65230962552
106842,4368.748630959799
78263,11344.179399101055
89187,16756.641717815935
104396,22190.218361291416
87198,20874.670682795182
78994,13364.493316835536
82655,9070.579684543198
76432,18648.790485274425
95404,21459.91621843412
83767,12144.705408721322
87719,10183.150884229724
105980,8862.262486953292
99851,18409.262736898072
80432,8651.249949201387
80344,29048.435952291522
83694,21418.74564233742
96247,21145.13376804001
86395,20248.38966615932
103276,8202.345766273716
80262,12828.91429343952
88698,4010.1597589889147
101575,9752.326555902062
101293,3695.2392700466876
76732,17532.472654754365
108287,22215.51692645633
100140,10316.66881899825
85239,11140.63649255986
85252,14117.744698314782
77174,9827.754070452595
86250,18158.27944936039
101740,11918.896982349104
108134,7444.998380752384
82406,32842.996613029616
88667,11698.809078536162
96978,9138.278962723447
78635,14717.834032940433
96572,9457.333989505007
87841,11116.170526191016
77951,20332.060155484658
77253,10593.433317866013
99102,10351.920032633087
105959,6952.715817071803
91687,26828.118174722553
83483,6417.445083991611
80361,47473.620543976016
94647,12823.730555965147
100857,7810.534906896014
82465,11187.718194782601
100672,8595.019778867558
88369,15597.853065938565
89345,11787.345267016082
89610,7202.21992100963
108452,51825.84305514078
77913,55359.684698487
94990,32942.92269778581
78501,12977.132188592397
78393,12890.672168851985
101975,7781.602690686038
93585,42031.315167860506
80079,22688.77307805993
92292,32109.154822288776
88595,11962.666306124052
107865,21836.658289108036
106687,14983.58173424575
101741,14354.175973580279
93999,20418.0477412082
107722,14666.628575541103
80167,27216.608777918125
81844,12474.470907157112
77048,18279.318561673015
107873,22637.823072516218
84939,9864.62492294172
106486,18823.072267146406
84683,11343.886646031873
83721,24909.605924686763
95371,16513.141567282706
77370,26373.20363531058
81285,29744.022567968866
92306,15457.430076454193
107739,23211.264630670084
89483,8500.103317599447
78832,21205.217040839943
95190,25865.469273789
100747,7236.412678462005
106957,13412.864009046054
101143,8092.443489864268
92745,31379.898006343738
96890,4714.8993249572695
76809,10764.561939029927
101202,9898.108915844778
98845,17737.718927751168
106599,8314.07199509777
102195,7463.403942467183
92630,23407.210437186324
94558,20541.156678009185
93959,24206.90947412309
77993,32224.32466503083
105814,21789.90685958383
90144,13592.095581840515
102474,10584.438800950353
93582,43142.24406396898
95183,19787.224474116647
102451,6806.433387549835
90109,3827.646085978787
78889,15088.93051353406
94338,22752.298234958762
88104,16900.60708809627
99955,13262.479781629801
91274,19832.06173943173
82254,32466.39954294085
94279,19734.13082049547
84677,12881.805758238048
86814,24120.031215762134
107316,18934.66163795223
108497,22081.140570241612
97403,13695.557579291366
104859,11232.17114970673
76106,28690.01729855943
77307,30044.290283659524
105083,14640.764284256718
101644,9215.92834090498
75980,27290.506298026197
80678,28462.392745503457
96987,8177.622420232605
84261,13641.575139190982
103391,9771.274000221372
84290,9242.093531979825
103179,9073.482754408047
92887,19974.74388832289
88486,11448.160759009721
95325,19924.081406150905
108122,4441.04910044117
85364,13842.839218800122
80688,35925.07739664477
84356,20437.830363801506
82717,17030.4050416197
95166,24283.974737765453
81154,11871.207210958399
105294,24982.340616101636
101409,19321.45032003005
90808,15272.168012150136
91000,31253.86132670134
107931,31429.726194294206
80058,19555.335596469078
90511,16905.536137580464
92525,30196.739342918936
90057,10869.002606789434
80266,13430.834337138747
84467,13058.460710947362
90576,18696.465085755357
82575,15979.4928641158
91601,23154.373257693984
80196,20411.715177358496
83418,13513.48211882287
97121,17135.327625761518
102024,12871.064418507112
85225,13800.240606854673
107001,28512.03718913738
82592,15742.213903287211
96681,12370.102518406453
87462,10282.344833457273
96787,15080.933313063766
98868,5938.731225440139
86472,18717.681803159056
91250,18686.476511128327
84328,11508.137856668069
101840,7741.031908129425
78225,19784.482774889333
81026,10263.33432747589
82325,10903.759973949447
106596,13320.436073262468
99810,17175.914785933932
88054,18402.948334791112
80041,30576.454492852758
102577,11007.35635304973
95870,20902.48703454234
76937,19213.98199094549
108359,16937.968849025423
102482,12305.925914184207
105228,21525.768378190838
94110,44647.53816290866
91022,43861.975390164625
84243,8016.472807382315
88868,21178.29481696604
86994,15194.605157950973
103924,10189.478850750293
102415,13558.87979134252
89954,13098.024127052122
98212,6887.322718756305
101117,10044.80341284809
103865,10210.356538766917
81944,15456.56287130035
87371,15611.015488718205
103778,6699.043834177442
84310,18884.681945428863
78146,24514.658873577595
83910,15228.224687088432
96498,33142.291838560224
103937,3147.1555987514166
97439,15507.50985652561
85156,9507.921514944479
93197,16612.044040756886
98573,8273.643196635321
96816,13278.931394744654
94610,18487.22471825725
102536,5877.618004690621
81021,13731.432624984238
105037,20920.188492443063
82891,16502.312547714697
83601,14720.427102730293
93413,15716.856747100697
84517,10125.626702828882
98296,9429.221142879882
83442,12861.673315683189
83641,10238.82163856508
106454,28297.349512719655
88540,6273.43091275246
101350,18333.350842172746
86741,19935.093472931105
79411,43229.75163053272
81400,18374.913663133426
92460,14616.345364990748
76076,27773.81148194819
85593,12328.263214308552
99476,9291.54568054702
99991,15130.345597014386
80184,19253.937949548777
91365,40223.108579210406
87967,9507.421465498268
97960,7458.05046023839
106216,8649.268017478553
94470,35156.90608993949
105054,24699.58865539734
76801,20046.848817701863
84376,13005.503471520386
95818,28173.740822106745
101354,8997.131534948045
81184,14453.635944417854
95386,29111.112250431077
94813,18797.30120303441
100188,11384.831025129715
97816,16190.675044325904
101948,6822.180443401233
108229,21058.657314081065
77604,23356.340394001098
103052,15464.847586547108
83998,8389.121160088389
103163,9629.031234994116
78407,21240.714502494877
106267,13148.706127256784
84808,17785.978015581477
102176,5472.813159733808
103807,10639.208108645633
102936,9697.693362612865
77803,19896.399046884337
91153,18810.893227060773
96806,26489.706068463696
107797,18880.296313797724
92654,9265.154670335212
82110,40547.917600664856
92570,20978.111763827583
84350,12616.714062004266
82022,36737.75528412135
101036,12591.399274565041
93012,17956.796039362645
104053,9603.802266230592
79339,19212.53031300188
79767,7722.220683396214
97252,14056.083388541161
95098,27105.89194744283
99791,21599.779464240124
95121,20075.82718266711
100598,8270.834432000916
88806,17146.919135275766
93433,18298.294018067998
85064,18261.597176221203
103820,6893.022729972592
86190,19323.097045599596
96438,17390.835322927614
106282,9534.597558579188
93667,18827.648742629142
93191,15906.346097868463
103899,9874.53088285724
93568,37851.76043425382
104546,24421.41551939387
80852,27036.885316818596
91782,14834.784929978941
100867,13890.820885446741
96727,8258.106582207616
88787,16211.642771283301
80175,13037.037177709519
106215,23538.813178807846
82884,9787.034391449137
99701,8792.843178523077
96972,9379.945381715754
102844,14452.0700111943
85912,7349.137449283302
105580,14786.01029720172
92949,15937.180118816525
95794,26812.214697124993
81410,16481.43194921541
103413,9067.327720916994
94880,24156.68348386446
87634,7354.177900607624
94036,24801.61561543891
82130,14994.830162106944
97256,12745.625611758696
103817,10956.638577249843
104456,9382.01064275689
78003,14071.311800950614
104097,13331.867377191695
98797,7012.162920164896
107315,17676.755805471712
106755,29856.06428440066
81147,18960.166743890142
105271,5679.846854516281
89017,7621.571473750069
90194,20064.087924846128
106608,7072.961926134467
106146,29135.505296455947
105471,11568.503795351595
104538,8573.451203598743
78198,32855.46228432629
104720,14679.04221654191
94900,25598.44239918369
94045,34262.96667803253
100816,12800.59918537456
85400,8331.033502387627
96876,26169.454069406445
93515,25010.802950659778
94077,26433.961893181673
87247,23093.3208812783
105067,25772.648176484297
95538,47723.24474952561
79301,14766.562339352173
89679,15862.694980434911
90677,22924.27632835926
100348,17207.824820510654
82373,24521.29809269487
104030,14427.731779625863
91200,27274.83034357181
108132,9965.39687273739
96587,11439.251099529913
92498,19124.55264528014
103409,11216.739192202462
91232,22568.116960241747
80016,20357.1457370083
98705,9635.610189046645
94058,46815.9821726943
107248,17523.391752972053
85165,6136.006163052134
87202,14494.452788327524
84291,11095.42410642643
96682,25531.55197158961
76451,34572.986048359795
91004,23071.984454682708
87541,13035.29378139685
84735,8317.063772604752
86029,13241.173464285504
87675,10958.79054983927
79434,30996.428631901737
104691,23025.7923120311
95401,13696.161995831224
103975,10061.963216739596
106441,12331.823969805122
105335,22617.690177156448
86453,6113.159177234595
84490,21985.85234359721
96908,12918.939077064524
87472,10062.608713234249
99908,5567.766719671177
84898,10066.964165756392
87539,11469.961724864528
100666,13928.100103488667
82231,17477.649506802598
92648,22117.7228784219
84694,9238.889354857443
81594,8740.347947309734
82685,9057.499561785942
76620,35385.93379501689
76943,19521.442958547817
80231,23464.171531610038
94782,12676.531204921976
83815,15846.438355186645
101713,11170.35649495966
86358,11377.438865214233
98701,19842.113096796144
106421,10907.108008121631
97920,8977.726833449155
108072,17675.081376519338
91315,21584.5804036057
98550,11574.336025422628
99263,6231.405193715851
95373,15463.569222405227
80445,10838.71640349427
76982,17127.049335279244
85544,10550.875574678781
101977,11905.3375692692
80279,26748.41994019655
102808,7237.690006773234
107325,14763.623363156676
79988,22638.864358068506
83473,5995.981313369916
80074,23993.073269669374
87094,11991.470648756964
80523,17167.350521968856
84129,15011.40217610023
100159,9718.576043580955
94256,27002.783938379995
79199,25319.39143718025
106674,18227.145753616438
76299,14557.130026765713
82217,38209.53772814912
87294,17180.708350360765
87361,7781.514080601013
105782,11183.50247364305
99109,12356.914959920838
97733,22050.370267822043
80963,26598.862042876728
105129,15520.36281591739
103322,11278.077712377055
90068,14577.885254872435
93845,18219.208385259957
104956,24223.506213387966
103473,7060.518813299983
78167,21499.073345548415
80718,35756.24533806472
85621,16888.520942261584
88490,9768.056357778873
105456,12014.855972692121
98490,9494.154815869248
86488,9982.769972499338
107303,20818.00055542438
106463,10230.858447307526
100403,9268.557576319467
86991,19941.01786196044
95381,42306.70928108283
85219,9515.185565376718
104635,21164.98265473705
99004,12138.804651391954
80747,26318.077582927504
97854,28941.556274357
102646,7723.534051142563
93364,37885.32193230835
101209,7015.484771603715
89140,16557.613473727666
96244,9888.662465863626
93727,14006.75174165532
82138,27172.721348086703
97759,17981.59997751087
86015,15700.71444540739
81090,26560.883924915324
106085,7891.001965377721
101600,13943.333865556671
94831,21870.84154990367
96566,11913.19859366816
82361,27612.485111155027
80479,23695.911104494186
82068,11269.25495348401
104750,10342.53014919441
93539,17632.71424281961
98127,9722.958269554729
96971,14384.733987753529
94105,22037.506715879023
95326,19270.98562534572
107438,14778.413842310996
100536,8932.35234561749
92659,16585.670628524094
94809,33012.30769641887
84186,6095.043685781811
85631,8302.170950497757
86381,16473.801024750155
78721,23067.38976279398
91773,20053.818483559222
90453,14821.163647563417
107225,16801.081751763355
89949,11835.207368363477
104531,12293.810618231262
76979,16104.440770305027
104743,8165.055184833277
87731,9314.41962322936
79915,8288.598561499895
105072,29801.965560518147
99332,9304.267645907024
88800,8156.834481930441
89522,7187.503769870025
105361,9416.092449914217
96528,13713.110406560787
101546,5770.570983721299
78680,22116.82236308037
87029,13965.398513359669
80591,55553.296700359795
79887,24691.492592797174
76107,32661.063366006885
78272,15977.36658110093
88116,12820.047888428575
99644,12567.51888906509
87595,19655.262715188903
79324,18096.19010647286
76408,44057.9780851689
79173,14222.595082000887
95084,11979.504517873831
95455,24184.45057418709
83809,13173.235398110086
107320,16366.93910502782
78828,25510.02673928958
76284,15902.231596491214
105622,10924.057411017402
99344,8196.134559833668
79395,17306.415046460857
86906,11848.176682815385
107576,10541.023312560375
99418,10775.659867957025
89050,13895.145030781054
83758,9232.843621146534
76289,28410.53672814365
95798,28481.016373387236
76119,22486.350850480536
87583,19416.511877300592
93110,18586.115889758694
92911,20103.755241908628
99758,7554.821893470635
91697,30367.374156272213
85260,17888.52037210155
108475,19807.396131364432
84184,10288.067799488643
95737,21673.40472492166
105286,13794.319106405417
105354,11621.127155778224
101587,13101.613103775657
99526,11893.456135186561
82328,14324.199124438073
91052,16193.746179773303
81332,47690.57130474324
84562,17212.732108646724
86175,19120.54274074397
94828,26067.64827646773
76792,34963.99206385835
80436,18124.621110471937
88143,10171.099816090706
102644,15873.09494343143
79459,25290.641771175302
82225,14877.654391417766
83772,12854.615357140241
82109,21391.899188288924
102803,10984.210196731656
91947,47683.399208846175
88498,6709.486054206721
104204,16787.999655089392
103303,17188.98525520469
95989,21463.814938933392
90917,29820.462976872714
104994,16681.64863408107
91408,21451.155584459084
79084,24243.839602305237
94840,10536.376931541485
103127,14347.474764037279
93504,16822.375286582374
88642,11583.33732123261
95535,31174.417614003898
82775,12163.734931260356
96490,8523.970806126963
77545,49077.48761892521
104939,7264.430901927949
97679,12132.022502052892
95462,15153.563114515317
82601,6884.91765089381
91541,25612.021537136483
82997,18649.129749725354
86757,5668.773995959657
86498,15997.174428752396
78468,16515.629397159577
98262,22223.463839751374
108488,28234.987256693123
84813,10558.912077730703
84965,8613.896653222077
78478,31614.71993041946
98819,16851.270211269566
101543,13935.641593652957
82061,26275.543261749535
101359,11643.07100950721
107203,11134.06675433011
98811,29349.781930921294
102982,10156.969336159396
89603,20328.01407153502
95083,55524.06639651171
102426,11958.098797170793
88264,11724.401897968406
87119,12625.374917815443
86554,15946.836048184028
103454,15464.847586547108
99382,20617.7292145888
84255,9029.576273836225
101580,9058.193993040983
82690,26505.653416955643
103650,12478.14950381648
92587,81810.5108809941
92831,13678.698501148716
104410,19275.4640199052
89264,12834.43211935586
82865,16977.362065358353
76984,21850.459578842292
94265,25553.67130035443
76786,9323.884671015252
86379,10987.190779871951
89735,12084.015464106735
97066,13461.734047480724
77007,20840.414832216306
89137,14443.104970541985
78243,15792.040464541395
76669,28277.778020754733
89281,19276.10030558309
105621,22876.336334743
84020,10828.184927941711
90142,19975.35965898398
79677,21486.77625417043
101025,13272.693738663433
101821,10746.744084063223
77424,15459.436517338609
80188,20609.119793228558
94655,27670.012036671113
85282,7508.838919996589
78763,10973.964045710532
85774,15990.605964700691
79278,8999.528536281148
84460,12252.038026481969
81489,27781.392892344706
90788,20058.91357941944
90191,11125.434791612997
106772,32237.214647919187
108112,20636.97418440709
84380,13326.422860318722
93636,61370.10547568383
103749,9538.279326342446
93435,13343.652250610405
81394,11527.454332227204
82146,35335.48781115536
98362,3243.4671428472952
88250,10033.469379064925
107041,17430.962344430078
103478,12561.941673756312
89273,9259.086494919831
93583,33846.76789500074
92107,25586.077504965502
79557,7616.1932141582
77861,11139.22158528133
84591,18997.428448400304
102756,5825.204993993572
91798,22438.06146556379
100309,15464.847586547108
94987,20612.404881740673
89991,14338.882501760516
81523,24822.29724628128
82815,14294.639953587817
84366,8783.658694711905
105609,7061.9786221410695
89695,7067.228355743647
86242,15997.54681891961
82477,5779.994342056533
83774,7298.957062965852
103676,8973.56383724171
85371,18295.02089857502
77386,46747.80170663773
93572,9273.210756420756
77535,23911.834795586245
97174,12774.262597455734
78330,35369.71227623797
94032,13363.977434477682
97537,14792.74706896533
93975,13561.592900814307
80657,28519.171319045112
85971,13731.832652491115
77536,14251.376180314757
81757,15170.297604782085
81232,28152.62962035999
88606,9610.36994057871
107709,9788.895684256182
79596,22488.914281897785
85671,17275.14673534949
93617,26095.166950215003
104211,16308.696186986455
98843,11975.513789731112
76153,49884.02505475825
105258,7675.049985893263
94812,26387.030489971778
82892,18974.164585477607
87816,12739.261505791714
90058,6913.101484906622
95471,9832.915874297218
90419,12156.652038842483
88777,13835.660903187365
101559,8431.30491697221
86808,16224.004167378507
93637,20002.43021491289
81562,14452.14136371611
76442,34648.30127372988
79967,28324.840309096613
88683,18974.621734093504
78139,8772.542870310652
86530,11707.16276461947
77000,29541.2838336692
101915,10844.697651597493
90706,11507.394175637697
77396,14397.29748416086
83475,16536.443701477874
104217,15368.934312636331
101461,9268.293435566104
82676,7566.257251451781
104438,13150.781260797597
94757,23642.687242408567
84916,14626.027205582159
85934,17422.420634997223
93051,17382.897844481482
85136,8143.161378911604
86448,10303.288099492971
102828,10166.64238043035
101564,9056.335132672879
85740,21861.586556922124
107725,18459.118676729096
77165,21132.964734617322
107859,11454.688978260578
83065,7872.681538457088
83470,27820.524020241774
82147,22023.678877033053
103691,7432.400848660987
84024,13227.500943672714
99630,9595.228994410403
105243,17927.83816335635
103804,11458.465061976887
80130,9869.0586036195
97317,10620.283581277678
78532,35449.899515842415
98989,7358.007902275046
87716,8480.744928060605
103640,5594.46810611509
100541,16912.201966809334
101428,6181.247244292064
100899,4759.593812336786
91739,26226.207000947576
94502,41889.58575030447
93919,26554.820399895358
79707,51407.50928509151
91516,34682.2968479415
93156,25281.775369814754
93340,28721.258608109547
86892,9709.263663160731
80420,17870.04704999152
91660,54604.61138995194
104006,12191.851797559144
79833,42476.39045387666
101663,7456.87562901726
102471,15036.031724519991
105380,8637.243050038065
107076,21676.582411295058
97009,22892.90332350874
78577,32575.15313365684
100281,8583.108293859552
81075,48554.95328456405
105712,29815.40181326679
90807,15170.5244528615
84240,14941.507066061851
96951,18371.179472112977
77270,15679.575394300588
81760,13135.965968977926
92040,41540.58222442401
89339,17419.47008760727
95256,25410.57008571783
84788,19549.59849789127
83686,12054.231738844735
98633,8282.492079625748
76608,19108.138372082612
98918,17742.78895767683
100264,10423.781761292717
93998,18455.928953081853
90051,7593.350252378443
100506,13785.903398803677
95747,13250.340517860832
91393,12248.419682595166
101051,12958.954336406741
107844,15883.420830087056
105479,17783.4086009913
102468,11803.682075988125
106785,16609.566244608974
91577,16776.102725932342
80832,9887.308379900338
88616,2477.955716948294
78897,22106.70952066146
83228,15301.10860915828
90389,7761.229226900039
90154,13539.822572094625
107664,21409.15816246242
84602,6787.436230386735
103155,7398.246476467864
94290,22789.002639711387
84292,9475.028736828572
82455,27811.398894299906
84453,8038.720099834117
89161,16850.422129777315
104207,15078.692864360299
85660,9407.076314757966
80032,31841.25583733171
75996,20693.733058843874
83712,14278.316202071952
89784,9955.884844034936
101364,4021.5336626848903
79099,17843.947553037367
101423,10354.825290109353
89977,10940.732679002269
87688,9032.123624464806
87401,15742.942286660622
90723,13332.25900085053
85875,11144.86850325543
106387,26372.493238090636
76002,11104.298660666069
99436,10917.108162279195
107239,13349.616615536012
80251,24975.80654646463
85127,29104.96707028741
90351,9996.33315716864
95526,24441.791718599492
79335,30133.116516762548
104754,10663.238495009276
91081,27190.183931233856
82005,14558.12609492682
89414,24514.344972852054
102366,9254.698915417322
107017,9205.430782598936
88810,9348.615623506637
86694,6300.643016647645
79641,8779.749832106456
104863,16531.01018527724
100526,16409.37889543045
80318,21863.65633564567
100931,13647.9325897473
102375,12002.253504875573
78617,22098.85869967032
103552,10909.682840934747
108268,13735.014543837431
77842,15654.45717459808
88774,8006.190407603252
82323,13172.532955931294
94125,27267.786086589844
98661,9192.285491539413
100997,15240.602848048142
76933,5387.343773106006
76957,36505.62379863632
84347,9803.917944356486
102000,7155.189236006308
84626,13598.036796091288
82214,48701.13828326641
105909,30081.86329393788
107442,9131.048558752847
102342,8392.323383320901
104461,19932.23239368715
80095,48545.84336544151
83558,15310.063036638594
104376,19874.9898485749
105494,12660.328773479147
81702,38194.49934844444
108056,12803.74844625468
84131,17842.608915785444
94242,24020.8703144197
102987,7061.948010944348
99643,16993.020100016063
78954,29384.2020639142
85511,18198.8737144886
85380,10255.85892307875
77232,30021.395595888305
86585,10941.785186426412
99729,12555.696093773628
94946,26431.4830622614
97768,19380.05030876549
83855,19814.78865394553
92397,13115.366116916717
90311,11007.3961666022
99324,7720.778660585311
81167,15296.353226457242
80030,32818.387205264284
103679,8745.635676359401
80164,11867.982369361278
103198,6541.766426847212
87658,10581.630119430432
102090,9044.179119865012
92710,12759.997565141864
88551,10351.34466728837
91001,23445.309912688943
100653,10622.541626169334
106050,15034.79289724233
92084,14094.97596198785
77402,20629.18972977351
101296,9431.129231226574
107242,16228.328665637993
95646,19586.792810191142
99126,7585.955525228334
90982,20428.39136139279
94896,27176.511517820458
93011,15283.914414469471
84607,17756.67266563648
83352,6613.245328249973
86097,17274.497316014484
99312,7414.462021175657
77584,29810.162530916896
97372,13628.617243827075
107179,17939.83271859786
105835,14764.067999402525
92924,24477.038773534852
90798,7582.118499708585
77487,20501.236708513847
87523,9565.307768740262
104328,29327.060401242354
91404,16742.16387376076
105702,20790.338053616735
86051,10914.806816833163
98136,11890.66452146668
91149,18354.08762356083
84015,11311.554529851071
78227,21278.79108823707
91810,42124.66343602764
92345,19646.81823580482
102647,17455.22001108161
106549,10632.006436575311
97007,20835.577865893185
86887,16554.78248846632
103983,14947.707608869736
89554,13212.402663546467
88066,12230.470053443603
98778,19725.32188026726
91459,30794.934736555624
79659,29041.00142937945
83978,6604.21697473271
88036,16833.463185174238
80483,18758.28599042048
101770,2426.4173044005197
98220,22434.72936362373
84427,10850.075135939485
94491,17037.874266836177
83782,11805.741075419246
101945,13082.161006805667
96613,11987.16564595782
80126,46015.562029629975
83381,16331.201063730807
100263,9993.034110089531
94953,20728.391884984594
84413,14280.689748576207
94816,42134.49642628088
78578,21672.71799944545
89766,12830.196953803916
78560,31861.37934947024
106444,15478.085936051804
100883,2637.826870354128
102769,8786.194754788541
106426,34666.79126026732
92404,38312.731108325854
84800,8136.524267359242
90714,11127.51290965417
96274,18181.033841212247
88259,9168.905706726911
90683,13390.03644861498
78878,11809.236943270174
78675,11337.601176178528
102189,19252.12588141018
97959,18403.772111006874
78324,23651.671941735676
100397,10701.509340950104
89808,12047.157054753328
102920,9233.315240086917
77724,10972.080766007468
97183,17555.379258843783
102360,7730.040211347952
81748,19665.224056282204
100225,7787.999213767511
101411,12045.595052188753
93887,24799.924473830717
94437,14699.229700894632
102317,7880.967696983278
100939,10320.77395544941
102016,6978.303920167898
88651,9779.92436494565
99340,7896.447395129692
107078,25735.26262510088
100937,10711.071546175008
86922,11444.997843352567
77864,27745.298964103175
105180,14294.686577566532
85599,8084.2139633496845
94556,44898.02124812948
88368,22501.696059168327
81005,57742.39075743161
79083,31298.813721315164
95200,26361.079537124013
94374,23078.878596174593
94160,22520.696414921935
104549,12600.195195091272
85933,16658.469748262847
104848,20183.959086577717
104424,27177.960229179964
78183,18238.618613518138
99280,22249.173816163
97928,7664.902470262067
93122,13556.028769482766
107991,5293.330229363095
92468,29003.667463901835
97451,9121.053505271057
94463,16899.565533446003
77629,17982.76787652249
86008,12518.544352778583
106210,30073.524339654676
106181,15379.055042872245
87485,11183.462841026929
107645,10329.308834906204
100084,13429.434772563493
88201,10395.984095334145
86236,16912.317680576147
97090,14685.283309320594
83909,15014.279633917477
77686,30318.62888351741
85505,19951.755744274808
92046,26373.020038458228
76681,13209.133022450133
102648,8278.389945583222
104998,44564.218152995316
86349,10761.190970425314
77229,16131.583968878866
93379,19207.75245333439
84973,4067.668774595093
80681,36761.31667836609
97876,11159.528132737025
89330,10493.402456415844
106836,19389.692363721173
96449,11752.904697534565
88765,17694.4997197025
85710,7164.027460465364
104002,28357.81020661669
99224,7264.245153040416
96767,23148.724347231408
91035,32215.93253174144
91531,10932.35936955273
95857,23216.240135713386
81338,21354.133777168674
97921,12929.880206941663
94040,29157.533230154888
88240,9707.735392866187
104643,12611.265628304836
84702,8477.592552231898
79809,14707.633410950219
82171,16460.565884397878
102481,11045.402786867897
99514,9463.8702474808
76656,49403.51905132174
86176,13719.183178427871
85784,11226.69426329382
91529,24623.322566590836
96184,9052.990796504628
94982,26095.166950215003
89887,19425.008354730977
91306,13734.41806618996
94801,16987.374360832684
84873,13511.880822997733
105262,19047.126937396963
78755,18714.276989382255
105378,16094.114238721842
107314,26793.02605121198
88401,17228.173251574863
104523,10450.474242257722
95968,16312.574291916038
106940,17613.302743781467
85854,13182.391575881067
100090,17043.332020058326
94299,26791.84018093257
95815,45778.60740031073
83336,12639.555363130034
93357,9469.48248775383
83671,11195.990685381425
95352,16621.151945583104
81447,13830.894553186215
82530,9759.934128609211
84072,6546.892527046166
79590,36746.40184211956
81072,17640.523222426556
100894,12447.001893048879
94501,26031.474851751223
98410,17240.64705211095
77356,33794.55696063441
89008,6556.663366372858
79270,68975.4787437797
102768,9943.357961030395
104671,15366.440490684576
91482,28444.94734881837
93496,25342.40400097662
89699,7479.077918688903
93711,20799.274713495022
92768,24799.597013166676
102118,9788.689748867631
99410,6694.572759426938
101552,7625.398267071168
105876,8632.892632220444
106386,25840.12667852362
94563,20170.542182641206
95860,15666.833162091607
83636,10514.866032249767
98837,6216.346166414147
78724,8868.129206028601
92579,26363.05125483445
82223,29066.455796268387
84289,8769.476978565292
77579,33616.4845929304
83896,6967.9097431813225
87389,7333.721654320448
88139,8700.932743911022
106790,31647.060489816184
82260,34260.852491885686
101627,9748.289781995387
81876,23642.981267511335
91029,18991.75444495861
84583,3495.3169249345933
108158,10929.56362993202
108203,14635.835705092082
98582,7880.970734301942
107003,42074.2451641442
107777,28824.328500508
90308,8133.221781138245
76799,14671.63054221409
101387,13847.03934965838
79964,18180.344479452746
91606,26529.033562922108
103952,13777.02487467053
88622,8522.959688850537
94559,51117.298877805195
76143,17605.763027131023
94903,21266.7107037295
104486,18135.361318530566
87551,7574.9603417507415
78063,48328.88125400948
102556,6093.26810171681
100052,10703.55151892343
107074,39572.0532737192
92069,25157.977957795185
107850,29810.49657803605
104540,13641.732953013427
96846,22546.627093607876
92391,24779.32349284936
84659,18379.584318818135
84117,16587.931040223182
79120,12181.537810778347
91389,13558.633897622054
84349,8273.710311843954
90954,44979.6646482491
92695,14105.127507228488
107811,22019.402455869684
81971,20044.48531903693
83450,8187.51767820057
75976,28657.82435565868
102965,10242.433659967304
90287,22990.577240222457
77605,46083.77557121586
91214,27187.65239372823
108303,15511.298385220973
94860,44219.377669448135
79366,22161.585117541887
106091,12320.500468741871
76439,35578.06188457295
87417,32659.60631053963
93478,15329.285372618673
107216,19170.903519614276
103764,15027.495888195857
86879,11532.977531372017
103625,15025.310252061488
76402,10949.058067245734
80311,19349.013790587178
80391,39684.09716643609
100880,13137.340777842262
83171,6463.504836112968
88078,7622.363334137912
84318,16437.50868098876
93526,22785.263236343122
94190,17975.01557892577
97052,12105.690280883628
86101,9040.873446554942
87543,17806.32323575394
85029,10866.786496905146
83740,16032.333288161453
100089,6012.56511383621
98227,16658.347867956607
98248,6907.458668516505
107138,37834.37465097054
86854,9934.407446425563
102785,7739.995390913442
87839,13019.373480894797
93906,20354.96869833946
84661,18450.482985070506
87432,11769.305151715302
85654,18328.76371572598
90678,14640.541162720154
95299,19749.540203412584
95236,28920.40566400778
107608,29732.481737772243
87004,19733.825264121933
100566,10672.983120549135
80665,11529.891185056591
88010,7367.008581610558
102663,12252.947582064557
85485,10881.553291150838
101269,10255.347224771238
104674,24781.529687958024
89263,16471.689874059586
95420,19964.78094456663
102691,6974.052312375321
86663,7622.363334137912
106138,16042.94052713833
91571,23376.80076830476
93819,14180.549041568049
78571,16450.981651423783
94985,12172.388020612065
93301,17643.085342419614
106718,11198.411037968934
86771,16701.9634471915
87704,7685.950806925092
79666,17911.043107237707
107584,14730.828188908106
84895,10482.299952008812
108408,9910.161899567693
98171,16800.20242096301
83310,10475.065459695123
86673,15776.45665978372
82853,14741.127792157664
105650,12913.186528296541
98670,14722.38495176324
85066,5226.547550817367
83794,6079.4499647521425
80583,12241.902472840442
88130,14214.125851755087
98999,8710.605419294054
101330,7780.832484961983
94984,18971.658757059955
97990,8421.256652662903
86985,18438.528840782332
105865,21075.60315690813
108519,24641.91353324689
85264,16120.265542901552
99920,14361.745183399773
79757,24867.737377022007
102991,11967.578937153006
82734,14740.480336950726
93798,26677.22876709591
78739,17224.95601224123
94102,26655.567526138377
107720,12850.089026221169
104818,24263.7919223695
105035,5205.314734257061
78882,13428.294646483533
106768,8343.830882500866
104488,17977.00351700251
83401,19862.22631429406
96513,12163.105220825166
103742,7344.763110820819
85746,17688.526981873198
89503,7109.978801710657
86162,10432.679040229978
90081,11012.632774405482
87809,17188.62410072575
105903,13606.536383721112
91476,23336.4601683644
77323,22791.607853748177
79344,42931.650385575536
86967,12773.710925737918
87631,13454.268496190674
91478,21821.162456670638
87477,18292.899661929332
97456,25398.080926641283
91210,29084.18127917809
88841,21435.7147431918
86262,13934.221915296268
98038,24602.81301720776
108461,17779.457218989497
95645,21110.92944628079
91233,18869.805047043403
81480,27632.215286362163
82671,17762.031289476654
105275,10758.339830233914
77852,16340.085258044775
90565,22188.20524212797
89172,10652.875782610401
102384,9541.455675182644
88944,8317.834760882974
80531,19388.362903582733
101795,8109.061752461528
90744,6478.014230620357
78179,32551.043658995903
94388,33422.89022828016
92546,18310.385491604513
84282,14462.575862799587
87078,17465.42851092006
93190,35655.40435175218
92014,13631.839378500008
104501,27356.525726447242
79523,20738.37842093257
81096,20043.44922277316
78193,30833.83669120159
94720,38650.64360536465
97242,10687.702554145273
103784,12619.855261548457
100186,9259.480171754067
91494,13286.263811540104
98765,6009.698650790674
97370,21003.43422825719
76295,27362.809323835696
105840,20267.133871188376
100641,7493.16144648826
97160,31345.23539474199
96440,23764.119443595715
84853,5802.795322638416
105223,10687.783210477974
105879,10160.172585973174
80347,31731.942420972064
84534,10282.696246664591
85045,10836.760866662138
99348,25082.24190057406
105487,19200.891085444175
101906,6427.833770157576
84905,10930.642472223306
105810,11965.163768986136
76346,11532.656680270502
104163,9755.099805296199
91997,21752.533982853794
94182,19110.881999780122
98583,14394.024271299264
78048,21082.10379874053
91650,16360.287653347708
99045,24988.97761588791
90167,12538.547493301041
81936,8052.027035670153
97322,8695.8233328344
79506,17158.99407286832
101689,10123.455758301192
99677,5387.200720876547
104364,7598.53172250338
104493,21235.81648391675
85811,11177.924064265993
76088,20326.84075217381
107014,9723.493365392218
85517,12402.51387603502
100065,11584.234520719094
100700,8490.434274843781
100178,9429.271703411183
86072,17628.900781481847
89071,7726.544258314061
76027,12484.479096330962
84394,12528.86514596546
97989,17607.150804536162
77527,11158.483911651529
89342,10273.454790891841
94118,21309.264128244824
94468,31472.920103443405
76061,19702.294702030802
85744,8848.912070979526
105185,8779.025161801186
79043,15083.35854670812
103948,10901.640846654753
98325,6826.632445830521
77056,17845.214133172685
85262,10376.00924983966
94885,28664.922787251315
92436,69761.0380906489
105339,9655.734847751799
85288,6293.404910597434
92944,19631.091359611728
83145,14055.68885999092
87905,10324.349090318225
89188,11801.489471068748
90245,15448.212806398875
80370,18703.9909992482
92165,39267.700440689536
91638,16627.349360924953
103657,12069.466505603557
81016,20805.341604453086
103792,16714.059954284843
94815,14445.855325099488
78957,9391.535515852476
83141,15383.94331110071
107365,12033.472429152918
95563,27576.880781987245
76918,30921.921951422213
87215,13797.74095217975
108328,11109.057377475508
108027,21606.93672712679
79325,39307.86316332934
89545,13358.051908105692
103967,8236.166568346105
77530,35432.38629341192
95330,34244.534688473475
78671,4036.264778183603
102103,9785.263257113207
80024,12931.53460866164
89481,9458.092126120264
89138,11123.028939729755
98762,6913.3334826903065
86166,18021.363861517344
91396,15477.522260842265
94749,40852.709628823446
95788,16668.220883568363
99730,12246.979925401432
102801,13827.668300882675
87208,10435.58414264033
83098,10503.217178361101
96015,26236.7773173284
107970,24448.455721224436
77471,32830.24752879805
85822,5814.011080512785
100518,9916.636660332259
97282,20183.540860112575
107193,7933.201286796628
104825,9589.826013688662
82687,29198.301527745985
83026,12307.266933766934
77470,13052.90116011549
79254,13183.154268629749
108020,5588.182983762135
99103,6502.156338344224
78665,29124.63819998306
86932,12920.950618230167
79269,19297.35307197132
92024,54865.58444110434
95652,28718.14043719452
96170,9811.541926270978
83586,14932.40854793314
100804,10595.499174027596
100758,13207.545334301949
107628,18771.179589528852
108337,11065.686174311119
83175,16489.237658428367
90838,6667.458123604177
102741,15486.052121598017
81263,14404.465703946018
97071,7540.076610347343
95004,19484.710132599397
107019,17340.846739051067
95503,16320.671192384058
86249,12948.518190017923
106921,30239.68636132906
89972,21113.469303420574
77660,29559.978982153043
77328,28320.846708983085
98264,11412.045813820796
86800,16076.871450341076
76661,18821.90758668602
81734,32147.05580665773
84741,12030.500651377895
89926,33684.82213295365
79502,12149.341114189225
96963,12165.46955717305
97855,29517.83675277993
86877,19082.065818394913
96814,23075.543181156427
94648,35773.76637004295
103104,7340.539323793249
77999,23087.402180635363
77500,24334.715189296297
108189,11599.729012609801
107124,17321.066119851035
105320,16623.14918804118
84589,10436.972771018856
100502,4979.850422746205
84272,19373.838262709225
90146,6172.895888147506
89016,11509.779461076616
92360,19705.39500479522
97341,14544.65979663041
99635,9991.700181484048
93758,19751.18439979938
104345,20705.853778644523
104346,12021.703434767634
103219,17970.514386795163
94240,15323.294817377795
100510,16435.933205204088
97788,9782.73574771353
87877,17909.35671332898
83993,8068.000955445065
95268,29160.76448697454
90857,12221.012988657063
89897,17575.438361245764
103642,8661.510727724062
79712,29315.18151021951
84733,6279.526158731026
103510,9699.165818717434
82151,14105.984331170968
89275,5926.1728120453945
97022,22311.22010963504
89964,6745.589818483862
103169,10703.55151892343
98586,11710.804354908461
78199,9593.69677117948
78507,21319.981224751475
88856,13731.88310243922
79309,19248.037294808524
85685,11121.23099651223
76527,11934.651967669053
81636,15129.152184727389
86638,13362.00053057359
106517,17969.08482698154
102023,13561.375836410802
91620,50804.510920420675
101886,6725.774574681392
84887,13662.499295458247
84751,8438.374952285649
92613,25309.398004401763
91825,24442.182062450363
101895,12208.78755383309
90560,17448.837916715085
105545,8719.65223590834
78700,19936.113458287662
82886,19731.410390880697
105649,11020.44037080024
77577,14442.691360196215
98003,20865.312735181258
80537,29995.61970086046
87387,14975.30832297559
97626,6190.693867808156
92948,25751.891212346483
104000,10686.26929536853
78385,21118.705131335693
103301,9612.267651150774
100102,7352.195307444728
91401,14643.034034778699
105726,9456.085189144162
108002,12509.693279026933
96055,7774.805463468611
86533,21818.630424911342
84966,14015.40618831604
82750,8645.74287577444
84780,16412.85057409122
99760,9423.253029818909
96353,27482.814865681372
90252,19006.700794315897
92114,21364.230409441756
85641,11364.0270365306
78846,30667.54380896401
97479,25713.30146902012
100657,6074.4057415535735
92553,19843.10076838428
87684,7723.692225697217
76579,20225.93048199767
104441,7281.281649671178
102915,11500.665895382437
98255,10280.370911216012
84716,10788.232337810183
85426,10715.835378036763
76829,15321.711729046168
77899,37324.75666706579
93875,17228.773582411046
94170,35689.80250406038
96206,19927.465223995354
82777,14982.364582700819
99399,8874.88822046363
76017,23941.51113574434
78785,15048.116821738015
104195,7294.599245546769
100767,10211.635760998297
93500,14953.350960421605
103248,6653.415865278434
101828,7749.793753112691
93209,23024.22149942649
96665,5865.000006529297
94208,22088.021180591662
81789,46338.911369563844
92578,18840.99170193824
84750,13244.59885788132
107543,15617.057942868203
83294,15940.940413375856
82408,9108.97956635925
104836,26073.953680934217
87366,8828.737184391692
100488,7604.006400647883
87296,16396.530656282666
99820,6652.46452419899
103856,7609.270570046251
80536,25129.28551247698
95407,22365.527528934745
78024,20866.847710561084
88166,17705.0370542531
79046,13128.598113738099
100829,7856.124071504132
99250,9029.894412011969
107164,7451.824382164327
83857,8413.16596703009
90031,25089.97302461271
97531,30505.109100284426
78237,16711.69782750426
77205,20332.405533179597
84796,17133.418449166053
79769,18859.403946174472
79899,12029.13699217294
81570,28530.42771591661
96209,8187.661728524564
108012,12017.141619768996
83784,10596.79446164715
95293,28249.458499455486
107894,8480.446017301223
90118,7746.775394446444
81548,15670.529216169627
91246,14525.74234470379
106066,31253.294327805874
76349,55897.51722784355
84792,10542.669450531648
94792,18656.329918151674
98772,9858.402792491217
81023,31172.199287432413
92760,13312.964639137677
81049,28882.093898344356
103697,7743.8298599062255
82248,27686.542506721355
85475,28169.36899777102
80927,28030.707626547857
93520,21339.113290274712
103034,8650.14187440454
88006,15683.834662984475
80697,17053.15138506636
89565,18458.18021127028
106983,16411.765601785897
76042,21648.30908774699
95214,21921.981278026964
77712,17043.92742729985
102226,7717.598630078976
106128,30925.867941872777
94347,42778.903237448
84176,11028.717466840893
92633,33657.86349803514
89147,11719.655865325958
76200,16197.847367031509
91972,26585.685926151025
95624,15550.57938122475
88237,13009.313669803485
90626,18724.90336687356
79402,28965.667897180785
92751,17545.464419130476
93494,26946.911971165307
77785,31887.470622739576
108502,10088.099822729211
76356,10972.315753910156
90256,8482.279455757429
76286,17858.46406923623
98835,24101.731631581984
78799,27908.925133318866
99864,13128.484263377803
89317,20114.73362628133
81235,35923.107303325116
82980,9317.721969201473
79032,12525.951558006574
94549,17717.3247866455
86872,10295.138780525498
101730,14785.082404999726
82684,11474.396813810266
99516,11068.671603672645
80017,7389.295586184768
99863,12811.10259473329
92792,30050.164407198765
100593,10626.98134874117
86135,6431.313931226197
78870,10399.808606264713
107586,23535.663448097246
83757,12585.153309845116
92765,22468.397409146277
84890,9059.902518263576
108290,14522.092641019677
82893,26131.67734845023
89660,8353.718378595144
105543,11893.077282329372
106368,12090.420846988323
81799,35891.45763172055
102757,5861.781256626505
87520,7986.508839918115
85172,7940.999655821349
76593,16914.802774953223
99431,9070.493838107279
104403,18294.71977960778
102932,10227.334399163025
81998,13060.401777916435
81391,8558.844250170458
108151,12944.895891311993
100164,15779.269286834442
77950,37719.89651288572
100416,11298.155863663016
108237,12927.119136782874
93464,19614.06429961873
83899,12059.573169406904
107184,16528.97544717794
78001,29897.897304309434
98816,6920.180297266732
98737,22217.018771208055
105432,20767.319458968537
99160,5202.107086531193
99195,2526.369326682028
90337,8334.402714017213
85546,16603.688404913657
107128,19334.434282790102
93327,31881.548201920923
81501,30363.921454054653
78485,17104.68441146478
98491,21576.273104527358
91265,24741.102570074818
97185,14623.924303505546
95708,18557.332949237774
92269,22433.890382223683
90122,13607.583702139282
84219,10309.802697037452
95920,18106.231897581452
82679,13517.682842387205
105174,15023.032032087029
90879,11961.889239810333
77507,41235.211319896465
88757,12611.15111851973
101256,8749.90504917009
83426,18447.978979986274
76075,29640.688285034532
76871,18730.316895934382
77695,37202.95664971543
103555,10604.184264454077
94893,20594.78405571883
95836,17376.968282106634
92061,12802.999423516072
79710,10958.030326854398
93899,14044.406524619833
83299,10171.122470436794
95620,31240.340430439603
104279,19807.315689604402
83705,17189.88580590776
95472,31032.69683170288
106260,16322.722036228644
76886,15043.982298739633
97248,12701.578165811849
80660,14984.643174807296
101333,12184.969090639099
89360,7098.002599097607
85450,7347.277913105037
88836,15971.76787109197
77416,27705.98786362306
79577,22112.964310342075
98503,7779.544264975568
76778,13482.71935411707
93681,15020.425603398082
98418,6668.623618864187
98615,9712.337330070908
91857,31156.5642742097
85059,10891.63598565137
84064,14325.111445476707
83511,10342.177680210276
87961,11209.170894967561
89756,8371.170423639976
106904,12213.379441120871
78218,26224.03293149253
91503,20953.78462954905
77126,9872.840456980699
97801,8744.840046555893
87474,10910.135305983928
77057,23295.02462845117
79478,24426.76415817387
90041,14693.80009137904
83374,9937.702207562941
102094,10930.663068855525
103780,20145.588061791033
105079,7716.827539488087
80462,26737.423823933994
101705,12044.641935409265
105756,25024.747551955887
88993,11442.926865467323
89593,8010.562331303732
86338,17152.538752170807
77853,24810.549946430077
92077,28749.803683772327
102494,8175.396843640373
92534,38203.87826760897
78971,28634.957164398413
84687,18392.25044349293
88376,10300.130691575678
105707,14128.674291513753
80939,25069.839687372034
82258,21561.68226227491
104917,8795.688409211465
95086,19786.291089311715
79275,14801.798662345833
104721,9541.746927893208
107939,20249.644238836347
106703,8970.728672486983
107820,10088.958366233086
79947,20680.93539793755
89961,12126.515700229147
106451,10391.332363024063
98821,12147.371850089323
77748,27933.194523273498
104802,24592.665633382137
81481,47437.551563582856
93544,17256.617542885942
89611,13515.595571310736
79850,32290.621340920265
81466,23311.020376964036
90668,7400.191823739573
89743,16334.838041096315
106672,24307.545092342312
76030,17207.63793722996
97231,6021.317691716686
93484,30388.76772344827
81393,13631.019684922574
94369,16240.798018420419
93507,30286.40399814904
100752,7660.963671115497
95565,24926.676138229286
98749,13972.174544934596
99634,11441.79119380038
86127,8464.446364963265
101842,15401.606278128576
108481,10457.710833635414
82863,11686.138931457834
90043,9730.909897275165
76857,33639.72129314305
83241,11387.699366278253
103197,8493.17172953319
95458,13869.88570642085
76515,4493.317026402118
84987,13445.754899671374
80199,18805.95482194514
77835,23355.123435904727
80809,12568.639773093468
77245,25254.58618361852
104828,15818.849419614215
107338,9211.249116973395
78811,35963.25795425544
76708,35324.6489103815
88559,12469.094156924619
99380,5253.296932327092
89411,7293.007156088895
94532,25336.83025701832
88046,6074.807201928986
99155,11101.9122410615
80986,14639.091061255014
96122,26149.53837328578
78618,19132.43440349276
98205,5822.648707248061
98995,25126.735718437107
102432,9564.239341555716
78709,12742.50888218082
93586,23035.61831948238
98147,8630.266850903647
95468,37237.35912617095
95425,16088.4672767276
89106,10801.863816570441
85764,9216.149241487548
87674,10793.578862688979
106365,36978.232584109435
106263,7213.435620068902
97423,14749.93855388683
86855,16510.33762394174
101637,9111.490343874131
100129,7759.318575914832
89346,11301.987910182921
80037,7973.299431525494
87439,8292.823626794627
76329,54177.348073162546
101234,16461.85139508336
93715,24721.660409793694
96728,19977.192902371753
88023,15920.557165679955
100289,14641.95439026541
93685,11226.653120153056
97301,13337.398942168227
100588,10574.622566762739
78240,16523.938697036374
91194,33857.773299565255
78088,20347.265038027068
103811,10394.812935877088
79852,20206.460875869518
77718,17384.221354401205
99968,6651.411270952369
82937,14045.543494628446
106774,18250.83441894602
85107,9741.21071320708
77329,25064.290969154845
106498,15691.765108877617
80946,21831.030704661836
89630,21223.725935096976
105995,26414.69419491548
79926,49403.2484224462
93982,14044.93824375893
95152,39603.44790033592
102460,15306.004653179538
86797,18075.86657721772
98696,14409.974106918675
87491,20860.795199437085
93185,22905.837288028462
90910,17331.193573642355
102510,6221.563852129884
99707,12008.48051838655
106468,10465.548972181954
97505,14756.32157372571
85240,17173.325991306654
89795,24567.670966162612
78677,16780.822706950614
94311,21137.54665464173
79406,33927.17776398431
85528,21568.069299556457
95656,16396.074598409585
102783,12176.973815721709
76191,27505.175546948158
96193,13200.566023514351
108352,18775.351173675976
94226,24729.86180917619
94472,19485.670026887845
78628,8462.920730747941
96861,17135.71544934209
89698,14937.97503026905
89021,14318.93020115795
98919,12054.507385634803
107511,28957.428843260648
104317,13295.665510462273
105587,16593.923393363937
89244,13709.205938991154
108221,43485.40642664471
104558,20486.231995527873
99691,11799.522756095748
81153,21713.167230910396
83019,12909.73589020195
84699,7745.1998165900895
92354,44432.25810850198
77258,34680.875016289756
81991,13431.07197772797
99191,14538.969730106051
80072,19392.894745915277
97195,26491.844260500005
83104,15577.177318066231
104712,10967.183129033241
100443,10185.316112013574
93443,27285.385071877678
85543,13508.989091610312
82977,17068.28902723406
92597,29711.189052982205
89182,17063.043562620096
89737,9338.3512306753
103093,13275.151922528144
103417,6921.213767737146
78550,13903.239139451556
93081,32447.87293619034
80992,12967.324594803998
83725,11108.80139038421
90755,13504.609788432153
89727,25368.619946985767
82723,13668.586072222073
85046,7145.622022689578
105507,21441.887368021748
102497,12173.055911558578
86897,9082.88967701803
81522,14872.795965994208
106201,23025.11692683015
87615,10731.897333676648
84646,10403.521326823322
104296,26490.34127762758
84433,6137.716004454597
101470,12059.915327236817
76641,21383.614291198228
88265,8683.986167036035
101728,12409.185066784834
83541,9436.996828529635
93807,33637.81103866037
83873,10476.961820248014
76785,41411.47414397007
83629,10081.022034518937
87576,18333.01930589432
93395,16658.386827150975
95537,18734.54496033728
89598,6899.046296179218
78074,30927.968169643696
102980,9637.236303861398
104929,15217.913927420841
97395,13380.071226149697
106751,20960.45037230676
101628,15528.553354720883
103613,12870.01584133172
103641,11895.9333484319
95834,19824.24576155802
101797,2537.1771559831077
80042,24294.121023932938
81608,19933.82582550487
86535,14683.434908235477
98235,22235.511627746753
94784,17077.32282258413
79342,13232.05407195366
97906,18578.005239769063
84622,13678.685177920283
85948,19515.367262850265
88274,11827.83354053754
92480,20465.948730354532
86378,17210.565836560603
107558,11293.779518474626
88531,13697.409636546192
103681,12506.862866017842
103559,7224.457813258916
102821,12582.357054600092
77372,30897.530379725136
108078,10349.52009644192
96014,9257.818162988951
91072,18896.3015196845
78981,16445.233333034343
85860,5935.518998303814
91538,20261.584390268035
100904,14693.635985815114
83903,11685.121746890902
89075,11402.410699683574
87210,4257.469760315865
95405,17075.88360678981
101957,14764.532192093926
91384,24395.18237165735
91816,21992.96785170262
93271,18913.19346587331
106951,19526.121439416696
77457,16124.040882994897
99216,10195.223667485448
106683,7201.428346940898
79593,14214.422461370148
92575,15507.504157511741
106332,21090.199820882535
99751,13837.85941264705
97844,17731.25305398579
90776,10481.045139374548
107788,32696.792581249974
97552,9328.513549651834
85396,8184.15360581418
90072,7156.593357628243
104380,9757.60293619233
108171,14482.829297492277
82534,16038.661302275335
77917,23429.935081852687
76212,17637.94726183414
77975,16754.683125547606
96718,26945.95503234957
101250,9406.902814213154
102875,17733.065759071404
97385,9983.585827766175
93943,20603.781352368533
76389,18280.581712193787
104653,19199.356199792892
85000,10596.675864250456
100844,6027.248293553325
94384,44314.64975301692
91625,19465.001016222606
92124,25093.669550632174
100983,11670.137799495666
97669,23327.181546836076
76674,20180.640110635504
104012,18893.976609605517
100742,12580.67729428385
97937,8666.622625829452
99509,24871.12303054133
99834,8607.830518232835
104037,14792.47356750213
96369,14912.709771846396
86125,9552.046742790117
102999,5367.918394113485
85473,11211.183431590383
90508,7346.90129487866
105281,30973.678344433312
90368,9700.691095452943
84029,10135.789532400337
88603,10829.484768630069
102423,7417.230162096903
105253,21436.51750853819
76230,18081.957306388984
100316,11913.981168389082
102553,10026.13654951041
76308,44457.434116023316
101348,10883.131624160296
105689,26916.54208907591
78347,25859.64438036233
88127,18851.15937477098
97320,12495.367359529573
98421,14968.093974102583
87422,11873.075232987654
90886,6067.457885134894
82580,7490.64963640418
106420,7925.808526300043
80218,14018.456024733137
77197,9571.99206104029
81116,14100.413029353653
103847,10160.102333205132
76611,26928.293865388143
80677,13482.478637432352
91546,16024.36215794936
83706,11736.895113775614
83288,9430.563988218413
83664,9923.755539174374
81103,31851.105850859847
104136,18496.968063459706
79754,28222.941071270914
80794,29883.87945256049
90027,6255.529424198394
99186,11168.997781219507
79957,11553.22861112918
83420,10362.268332811052
106971,9535.272715872643
88929,13740.014120472828
79354,18414.436769175994
104624,20244.735710514004
103631,2389.6697665421816
106329,11920.954738843293
94466,25040.031793944985
79495,12266.243777317984
92262,16150.185373426955
103626,12245.031996177308
102620,9624.518190722849
103026,11609.018618016773
95440,25306.304348401405
90675,7781.105989802566
92169,21067.313941247055
85598,8291.76103919069
93980,14400.926503156968
89884,7841.705844533197
100361,9690.150155521744
95314,20256.09655674801
102984,13136.439090804644
97290,30498.499737756953
88702,7981.754499283557
79250,23844.3878322314
101218,12383.001564101283
85994,16104.22748863476
91181,18923.405000872495
105974,11330.992639264206
92222,29215.01823480149
91691,29040.62243745342
103472,7496.2418006308635
90116,10047.605880510486
94185,15247.13341624284
95705,26189.45433265191
92442,6729.036048109695
83759,11882.135878622643
106311,25575.87983278382
108531,16376.931065782894
88487,7694.265865913424
88956,10836.80888962051
80477,23276.049102061872
95422,13026.966023561783
77410,11090.728204787632
91873,24442.523623229088
95274,21934.149754832593
90023,7675.864528284354
77204,16376.678852588011
76504,16470.124092096194
105902,5003.695822096068
81820,14362.992441578528
89405,9434.146000183708
92206,15395.050813587875
79328,19461.271605834725
94971,18849.912630794326
91185,46785.146013184945
103332,12243.440357866928
105983,18668.594864874714
81775,20457.971223096778
81946,23269.77667128304
97846,24810.114363335615
103884,10693.345154403849
105182,7871.188964671251
76148,25961.23881190337
99255,19718.41800096963
87785,10879.495814519432
78903,12448.806294353732
94578,23466.80411767192
107853,12999.537101659007
76717,27679.536820521465
99052,9200.697515122705
82390,36225.35454558084
83676,8439.06465326761
87748,19604.8787115134
95443,27448.76528822078
94430,15563.795619177761
83886,16996.40857490401
78492,13169.768931549255
97540,12803.890964958722
103167,16091.438614370774
82621,11133.116192884883
88729,20870.995022532596
97779,9199.629631119271
87179,8118.011214978995
83693,10595.601236212133
83068,13363.36963320991
87978,11729.477832416833
77547,12394.337764941838
104135,9425.582152271405
91838,20674.3839900482
81044,16572.79052523316
82100,31193.951095257908
79196,12917.061922811406
103420,8995.251475402203
84430,12219.611786309039
95116,27336.919233019682
88758,9820.485632951708
102600,15564.452826990773
97943,21031.730229984
82923,17761.888198300057
84173,15247.632352103023
91455,25126.91111263246
104107,12782.350816784243
84031,7522.528560030855
103307,4874.847319218612
103516,12446.738272912897
94534,13409.943148015947
89498,19264.95987217736
78100,9957.069677321684
86728,9757.588401431134
89787,21666.966756864636
99604,6451.3737837439685
87920,13242.801903284791
95679,29118.246104116795
106342,11269.71199208551
105013,9069.916302852125
94526,25685.53916640666
79217,14624.347046988367
105206,24187.897538327157
80930,14100.627024798037
101748,9646.17953067761
108486,12062.677136031489
93949,31262.118443152933
99658,24261.11922089115
97561,18779.580186875137
101617,8324.806443888485
81330,47591.25495998401
101771,6919.179454361338
97270,6270.365223294504
101595,13876.080980129973
98215,10822.853716596816
84007,13362.069312659462
92680,22573.13122542807
78992,15966.42733571882
107596,22354.738232958738
77206,14008.734270419853
82743,11870.612311120332
83701,16396.344772016117
99165,12178.772586727233
94432,22336.473358977295
86548,13445.250870811316
76397,21173.477734056964
100070,6042.996304757165
103513,8474.7484787743
80091,19631.22050864615
76782,21016.17202124809
100886,11191.033449109316
103951,7661.959488286744
87351,16184.432142548852
85974,17679.30931870549
79314,23454.36076146259
102475,13509.745570175775
101614,6961.7633107634165
99033,9380.106474681623
97666,12898.800734346205
99253,9888.57281488014
91658,22466.094780414434
82007,18874.97962743666
76687,46873.63342549177
83921,12737.598071557617
92186,24551.01142686173
85865,14347.19689809605
78521,8661.147304472239
77902,15121.243782531703
101697,12545.760377562605
98102,10550.182486521298
88037,10192.18699862285
87226,6675.024333598677
107492,9058.474121140944
100723,8701.706560714205
78581,13691.296593562878
104777,9017.64698615074
95606,15264.344127068123
101145,8345.367806889995
98544,10992.079648670066
96417,23752.485380402257
102714,10703.55151892343
85830,11541.427369902705
80541,26854.725740759724
88142,13193.43523557811
95553,29421.260167912606
107711,11482.082565125205
82572,10176.370368798798
77820,58268.94108250471
94456,19208.646202568067
90433,5718.006746427065
78161,29599.573300546657
98322,32709.698006697454
101884,10119.763683797584
98723,9098.101481437481
100828,9939.784555792687
100612,13104.46714945987
78754,15854.297037691576
95053,47404.67112008328
87293,8334.871966157709
83679,16108.764067998653
102810,7196.5090184995715
103021,16283.77120847991
90497,15917.713726231046
106798,14000.66079269504
96234,13008.790494293713
97962,6774.196202814169
81585,10493.81671915508
101255,7399.963068424339
95824,17815.96356595712
97053,14600.902334997756
106657,21129.419063805482
107453,18214.398668332557
77979,12406.874110257735
93717,18282.650913006568
100424,9778.369738665078
105579,26252.35912023736
85608,16972.23856637522
107878,25053.617871687835
83229,15862.04857483034
95478,25233.089627376994
104405,22856.364373994205
86681,7525.578923743827
81901,17886.40780964915
77806,12723.371505827132
102650,10098.975258413366
80845,23271.54467429024
77445,16009.210279374372
79206,32916.48693024213
105219,17929.697971199876
82665,2643.0865336736047
79532,26790.247109395
98125,6297.38583086952
77147,18382.921785248323
84836,9557.871908810703
105376,17648.815611357113
77343,28817.855039707945
108114,15955.034341928007
94994,11518.987839327398
88610,5918.6541956468645
99609,7164.342520782705
107243,21335.671791673878
98829,13824.916687893283
85362,15968.125754100132
87409,10761.745189017574
95322,24819.169386211335
86185,11390.455491713581
81792,33701.479989393534
84113,10874.137554513312
86139,15725.160998214653
84719,15467.098267071526
85120,14591.226072497511
101693,4869.425017605932
77413,19375.68929107252
77179,17017.493204925926
91580,55445.88822576273
84116,11978.908550854976
93025,46069.10985260436
105224,8484.716586749179
102854,11092.786020135505
76237,23067.993651701767
105595,21272.683473956706
80155,35335.184024632705
92056,27429.313342060967
103229,13892.86261829868
98783,11556.846814311342
106357,9265.607785325761
92305,30130.474747030927
96312,11504.897429240897
86890,7800.380128547326
93354,12869.57879343666
86898,16718.587464467633
76058,17961.4613014324
90555,8851.627402834101
107136,11366.151817745204
107052,29911.05613606947
76384,50882.26217993872
101670,13926.134588932558
102438,10791.557326119451
81063,18812.030212931262
88254,11189.267338715263
87041,9620.328589659308
84909,7930.5238655841795
79053,19227.40894547101
88187,9136.127820618627
85814,11303.802360903215
106396,19161.559498209976
90460,15988.07749627722
79261,17481.42873333115
105167,12134.951560615053
84047,17430.02064295295
96771,12826.560266270999
91074,46379.29351484348
92357,25678.448103874125
99588,8625.999340322858
78138,31550.098977144742
94328,17174.045953836263
92019,12998.799581550411
77557,24931.03412067215
83024,16567.528737249962
94888,13523.934490480804
94193,30495.02518887633
97909,19086.977438326183
79111,42564.34737648403
97936,13960.214258899168
95276,37827.57658041402
107815,17036.168831386007
92806,22289.751052508378
91317,19194.768026130416
89507,20448.96380031509
97462,18548.72659739091
93693,18097.941687459206
81331,26737.682352036307
77260,51212.1534627058
105287,16033.66578145671
86064,6004.460702043614
94906,26027.645297646945
94965,19040.44655521712
105863,8448.842097429782
96962,12790.665981527212
82573,16189.60021425625
83271,9318.758913452595
94624,8599.059811718498
105014,22566.14722842163
99965,10703.55151892343
98009,12130.445132855
108442,10545.193768300049
78211,34064.12428519415
87609,3982.2854464193915
95639,16240.442077078633
83389,12495.971463990541
84086,16427.034896409783
105956,11394.284509042087
108384,5641.809463610475
99053,9187.405309017633
85503,9840.127455171509
100879,5591.716786263164
102238,16711.844092313826
107311,19690.724565080793
90740,8210.318539746177
96463,28062.154299448677
96521,27576.153488576587
100020,7980.003245585288
86048,16515.96808847199
90310,17096.749671986865
95810,13252.428273621048
106809,6927.172321336919
90420,14987.860223837859
77189,23821.36084276078
103940,12482.111694915695
99054,22489.957572360163
86669,15734.904761609541
108226,8064.995644596694
107731,16414.0682357453
102410,6743.382233901211
107012,10338.611309350743
85117,6105.978251217174
89298,8569.447005782455
80880,16415.894058424783
86954,12192.43000179972
100029,13723.198588936108
98943,11032.690825832608
81089,33918.79125323101
89148,11174.488701592056
98024,9286.480791896107
84621,16248.428923598784
98748,20722.95556673144
106824,19460.179414757717
106049,21676.582411295058
108266,15470.58735356635
98763,4608.339018134129
100238,9038.62128501043
107279,10537.351564310256
78188,50924.08294445188
90443,14522.265541997282
95384,4219.786141467422
98928,21946.102693394492
83992,8351.69828150638
94914,18015.236221337982
92340,13160.202691035673
77677,12612.087501055421
90840,17196.462894656477
106434,34907.907262910136
83736,17223.793690748887
90022,12920.957195067194
87633,2644.51980713233
101312,15562.234530884396
92614,26063.264141440628
79410,11714.130722052842
83220,9537.584819604575
96064,10360.274877988408
96470,9549.733296675984
77247,9213.762379512598
102732,17650.172707853
92569,22167.63701080718
103467,13261.552696345036
102976,8485.635019029916
87220,18912.17170219318
82183,15660.861308923731
88173,11989.301756704033
94227,22363.584524233243
83048,16807.084194092597
85320,16172.901304832902
90217,15691.178266005349
97112,14531.575656358575
78246,10696.625645332188
82000,22861.92625945766
79672,11635.117699287153
93499,20085.71620288768
103355,8092.797664435564
93334,30220.72209201637
77302,12609.068928845958
87100,14842.014929979152
92568,43565.814094690104
102148,7623.362513065893
81098,22685.263860206953
77544,33075.6173648672
92644,30945.807431412904
95996,26617.008679614493
79138,14278.527619579254
97082,27099.39931605964
85843,7935.969556811649
103831,11126.570089645473
78047,29751.62311915121
99184,12333.256067645276
83023,6756.101710195147
100629,6788.662666112863
106087,13389.936687913147
87161,12721.04548573949
97572,10196.830083089742
86106,18134.58675109017
90163,20811.29815497871
95623,44634.13163284021
104349,14249.144719012382
84422,9058.979173400747
107061,10807.19864164556
78175,35937.55023637609
87468,12173.49341936433
87136,12767.670819362062
84238,9353.709521613868
85432,11284.324195960706
85363,19059.073449360934
105017,10495.150180562148
80633,29418.508412293948
82273,29340.384591948772
76668,22758.926175169927
100970,13107.648134112436
104985,10348.877048676803
76457,18974.225055678668
102241,9096.599619229279
90884,8361.972898340253
79706,21371.558441480127
92608,20278.479153998167
86284,10738.908888799133
103990,10408.675225172634
106152,17183.92720548668
97553,17748.06995659705
106477,8568.303760563356
78423,24531.81200732809
82766,17437.59707328957
77477,50742.07343068565
97680,12396.858246006343
96346,13917.04120432996
104141,17819.737378879498
80807,25091.878346940895
100442,11392.480965963618
107029,17621.533247026488
90213,6619.2796422509655
88434,19137.601813994093
96441,9896.288102576164
80102,16028.300696915578
105520,29877.32834457157
78279,34005.92957252005
95023,7970.521093265219
76739,20919.937806935865
76776,32214.085733654927
89754,23804.47709194826
92585,15694.751480640847
83197,9022.094557553632
99947,13381.62405071088
108399,13108.44355319823
99140,8422.111181652319
91454,11058.763351679858
104130,5882.078302048832
108320,13767.28774650214
93440,30321.13029262972
105567,15268.486925112487
89460,7909.965592625906
79662,28206.234847890762
88491,14189.238135503443
77034,16334.324256391068
90404,18931.95344651569
76014,13032.97821313467
104971,9793.129935354158
92516,14056.025889757622
86856,8528.629419094306
90648,18686.972796464914
97201,11845.558663747166
79186,21214.93686075299
98204,9329.533215156718
82568,27552.207088382573
97595,8918.16866989495
101703,10282.574396588107
84202,9338.068007379181
97310,7471.083364485558
105498,14212.382882011347
78896,35527.857066391436
106029,16182.668850989156
90047,13934.559712404685
83277,18767.887391876346
103503,12430.7121415726
104327,18988.27613760235
78026,31507.534131561548
80909,22032.60866142634
85733,8681.95754545487
103986,12748.298572346808
103236,15779.269286834442
94181,25770.69113096123
78518,21358.072471249925
88239,8203.289091527979
94503,46832.9737746954
76074,13728.12307326106
94424,19939.409974360082
97663,18512.942360433433
82357,21565.1431962222
92631,26760.4149063062
95482,49095.70797588723
90697,17241.47651279044
78798,20203.424922003956
103348,13731.420227381786
83659,10784.517397460768
91108,14194.906039912346
77916,13142.82821758915
106086,18577.12248603843
81928,21607.18973113241
108406,10573.4127699412
89731,15426.195961033563
106178,14463.280517285702
107719,22946.384214284266
90633,17925.41471711204
100003,4104.52328556001
98978,13069.905422350685
88009,15686.297907578484
96631,14151.148432969887
93628,20093.572778426325
87288,9398.430005246997
82057,27359.101234099373
82925,15657.554164136758
100038,10918.850970868969
78420,15797.82096076035
96271,8818.988272925146
97966,16045.765949268896
96110,8945.95490855446
80393,14159.350828970651
78706,16497.87083234568
107484,18893.479262035467
103084,10381.890301360918
99792,7003.013172551856
93476,34939.95723290215
88975,9677.562282579765
83981,14197.576446763685
79492,15577.72863834594
76802,33425.464506347955
83781,5886.692069656115
95719,28955.888544986516
106177,25443.615207550174
80626,29668.88846786157
76158,13036.770054606972
91434,18772.4231533297
80463,23484.573728094143
86263,10803.352768599188
107666,21949.67036312986
94262,21972.735955758086
103501,14708.760552817641
89996,16020.384475723286
87306,8398.7368113031
82265,15006.414532673649
106825,17556.64075129424
98851,18130.0832837323
80547,28504.92556175644
100440,10621.845622885094
103194,13440.852509033399
90394,34038.07718696003
86111,6429.287774221593
88528,18931.201279024204
86857,9747.509598386532
78099,8336.229689024247
92331,17835.74467067153
96016,19125.59693576023
91750,29757.01194432703
92459,22438.234267871696
107321,23772.956711611474
87091,9455.278461717151
97925,3753.3352375750596
81737,15103.90977435432
99093,9215.707066205658
99531,11483.515085842211
84423,10961.041217864822
76406,24154.545205550276
107350,18780.810136287626
76326,48412.45961589202
84338,24049.232893974546
76577,25756.3117172756
95385,14113.728809299957
90391,18929.984609239407
107624,23821.78408793096
99241,5886.304145475854
80248,21236.248717886454
85295,15624.365208226642
96343,9834.90349470277
80926,12536.811962134838
94027,21775.80355470951
79544,20294.60765226387
84425,9797.127913012
105264,11602.539988626075
82643,7201.466090869343
93474,13860.785128044046
107072,8901.51242741201
83519,3009.8030577656054
85962,17093.019457635168
96932,30122.611142808157
100759,10568.407584258914
107022,7586.888950306022
77012,36998.81111427448
100651,8359.506475990263
89430,20553.804160781285
88981,15896.371806062049
95740,24317.029094498932
101954,15037.484506696963
103408,6207.203783605868
81304,10867.99941909074
108421,23079.346477731033
93532,21259.070594054127
101576,13878.274565532802
79931,19200.252323986384
108176,10409.303549487187
84455,17904.91424174836
106797,30173.85198381351
76513,19393.075865383045
89674,16533.22901860924
77722,22155.137511605175
84754,18444.674531351677
106492,10625.684524311428
99242,8686.068714720377
107569,12397.03812537153
94320,18240.65750687805
82637,9620.741300597725
96550,16259.845508830447
105480,18825.77353242111
100624,7828.714737010638
89114,12139.794900605353
100866,8300.702090580646
81896,16412.34843232967
102689,16271.313127958338
97911,11428.50402282422
97099,6367.95985739601
92071,20660.05719993066
95849,44636.229152960135
102903,10718.059860515323
103725,15078.105665849647
101176,11670.222865730633
103887,10458.818187798468
80921,28191.718601383545
92266,20307.1230193604
106467,6973.481931992667
92139,25463.192487601136
106826,29944.44171851761
88193,13468.421125332052
106211,14551.674538812636
88612,16147.922701831329
89179,16563.129272668724
80004,27560.355806293006
98225,8625.108699702818
99856,20904.154306453493
87150,24336.982607451046
94786,30194.808399075457
98471,19842.113096796144
103319,13692.744782783235
89393,7507.775667011705
85789,16277.737261772296
97761,20113.95525478355
101800,11082.234913526001
91588,30778.001109357752
76096,9983.010700330267
77378,21173.323538917874
105010,17416.4414471414
93587,29731.217964876523
90171,8225.784622683848
90438,7541.107119503839
91148,18205.453462851387
91323,24706.626303823203
98577,9317.108552497983
77741,15309.095436077165
87789,15355.170963465236
94742,31508.731563149126
78295,8611.157666794314
104797,6289.737168672154
77425,11020.339745620127
96208,18326.840291919132
100731,10041.20270460931
93163,33999.69539717646
85915,8227.877677862849
89993,11137.322059368265
99626,25040.793772472192
78228,21726.704331242727
78779,10814.509538707103
78654,19686.810995737847
82947,19506.76468311853
99479,5941.509970647732
90585,15745.499185786433
79933,23656.013762317085
79287,25326.967569777076
92899,26965.411552198133
93755,27670.774497347567
92117,28473.02110840151
102417,11282.979612096464
106587,27854.87061824968
108201,46987.59553516158
88442,6421.425719145829
82673,10245.040605070679
104223,11045.290680353259
86036,4773.900205746342
93425,24784.272599994107
96693,10898.677960271434
82050,37861.1145560632
99460,6989.549112481581
81829,35069.42095780006
83925,13009.878169384547
94041,32531.154463721294
82035,16202.11549736084
107368,9689.897684726713
105591,18360.760131490115
107782,8499.756487446179
96340,13700.918551889596
97566,7907.660643131876
91719,16139.33740620433
79210,17163.085215150673
89898,9510.350166734093
106642,13128.00216064958
93485,19042.16149901431
98774,12096.84748492023
90967,20632.25494808452
89550,17959.216924418113
99247,9819.166668313828
99897,6767.381229159919
91394,22132.803894087516
88135,5620.026434163897
84111,17301.4398945256
91479,27175.06487773614
82622,7835.165936660014
104106,29699.058355640136
77050,31868.27187131275
105631,10461.907979936132
86427,6649.699567782767
93552,44752.36812284623
81830,38959.08952660824
82034,20376.426316597648
105857,19609.56540256395
91623,19330.34617489542
87886,17203.938227027742
78123,3738.1461082081787
101951,8241.70685483555
97543,9960.346793092483
79462,48964.94080990802
90234,7391.624808329902
81860,21991.68300773981
87045,5327.144900629745
107162,13604.758135228334
90414,15199.321916723187
78353,28960.06105883765
90940,17504.90264288571
104123,26870.7316079199
88330,9354.40790825506
84769,8192.584146407797
108396,21622.25097767828
89556,8679.63701569931
91348,13436.918797071161
107687,17648.861623734163
90777,13731.41780859355
104801,22822.916767314116
82951,11522.513390683494
106440,18852.535366620417
83562,8696.922986616823
95283,19647.589876756054
84042,8754.638376314399
97883,10839.347665339359
101997,7926.956431149033
82566,10327.079068533696
87497,11918.55637504542
79697,13082.49004002235
85723,18882.33452311327
103511,14742.040972674158
101075,16604.43456004831
108424,11074.408035319528
102011,13777.104227473967
90054,12855.518922166371
105933,16375.905294221277
83807,15039.439497875388
77338,30747.233289875112
96060,7693.068797751379
103133,10397.054721342898
76548,17845.617748407964
79177,24167.230533037946
88937,15882.72582280142
105216,9248.798579090213
80415,11892.53341362712
89404,4160.39318003388
99503,12322.349003998364
102640,16445.930870950568
108003,31745.72205680336
78038,12343.329469543803
96267,23703.08396210361
106361,28061.136929460194
90046,5583.694838399362
81034,22393.183644083012
77832,21760.374210529048
76482,11000.856401909943
103687,7807.597237365036
104148,16233.462100545734
96008,8899.736640797892
77464,29754.054597307746
83612,16536.859806707147
88727,17088.214854004615
92881,21079.210612521547
78787,35016.985911100426
92593,16987.784551218185
93216,12718.230533891654
108447,8497.483477220047
91746,29325.209545134254
78670,17344.598843100157
93142,27247.56972176538
103515,11653.835717397296
101254,11254.648788796438
103532,10790.940157530227
95650,22108.7459981077
100251,14867.437909196942
82597,9354.00655656312
83045,7891.574590347056
95764,22160.703532717056
83685,9946.963419752594
108088,17357.666494143443
99800,8661.65521230339
104273,10442.416696396473
86860,6462.038043451558
103756,7487.0548484109595
90038,8168.9393967081505
81692,11484.408610959152
76875,12244.0366102704
82474,9494.078687193698
84165,10275.248376602807
92416,19148.634100889587
76486,14655.80648330375
83332,17188.594846205906
86362,6309.939278881942
99000,13528.576952823212
79474,9811.339505164466
81625,18578.317187867742
84416,10961.817946392495
107026,44963.296783276855
78888,27593.062616990162
91402,12193.743701016114
104996,15005.122685559592
108161,22640.477941265857
95547,19037.322162554334
81861,13571.112074307895
77574,35692.91689707161
88480,10009.568292530146
78311,31930.948741160082
79130,27032.34853974449
86087,20943.47318726128
96083,9649.305949135718
102730,5734.6853014972785
93459,28765.49443160434
103121,6724.249868853565
106519,12107.175366948793
90685,8569.998859327425
95357,14258.044175906476
104263,2196.2196533286274
92978,26511.68520071692
85290,10845.36490529418
90632,9281.922776363146
105283,14799.691239378013
77070,17986.490282475323
97304,19554.977708738425
97350,24042.55554751142
88499,8347.601926865234
88773,16857.40587172359
97413,11179.96333457765
97795,14182.59107578274
102571,5448.923409560762
100395,9570.942611587685
83692,18815.834170222795
88058,10037.333233325182
88108,20005.270810194015
89818,6051.673029413602
84732,11954.132436721411
79794,14537.08652187929
103320,6194.511378461398
91794,15602.274333741343
83061,14614.73050650055
88593,13580.019055671904
100252,8720.173519541393
87177,5909.914989867161
108018,8335.331698345295
102667,14225.165039222711
77541,11935.307674633927
78985,34961.78674150064
96495,11621.149995376072
91698,19160.500770955474
80282,19669.831435002543
92825,27632.936048311734
92684,25701.647483005432
93840,43271.69076142568
85266,5946.036464117008
96656,10442.977717535668
87600,11597.281268408346
106994,8559.015621682864
101405,13111.887673644549
86756,3814.987674140497
91439,11894.657772039222
85088,9071.150179749458
93892,16637.363587747404
108240,20525.95303776358
91934,25648.38828886129
79263,20437.077502170876
99012,13680.045002712217
99507,19142.337281573386
104775,14492.68368577494
76783,18710.476798245378
98630,6082.072552986848
105799,11511.255381407922
79687,18866.68364732939
102242,10294.168291076801
104987,13220.682452874587
76197,15725.729226258758
79819,36375.56538617988
105059,16243.76448931093
103748,8975.186987556704
104789,20601.063994636817
107740,20318.71213839487
94310,20080.765210942132
95974,24475.729959981938
78991,24631.622968290976
85346,12778.655954271902
104905,20934.05979306043
84858,7860.086670265735
95021,22755.055782938653
79234,47166.353864753364
93929,27822.703249306764
93964,21759.974167169305
102327,17382.187120350784
93930,39833.19310131351
94220,38376.22916194927
97355,16283.353028977095
101356,11110.63365814238
80132,47843.29977066975
96537,9165.262602197927
95767,9528.247397100973
102780,13142.177899715602
98549,4845.0802312841715
91031,32374.929041793646
91922,19279.396456387098
92327,20098.711865520312
101273,12520.1770209294
83564,9065.252018316722
93121,15506.990992609077
91848,21904.60774288221
99112,11826.411274446706
79484,19782.262757777276
83792,13039.615849673213
88337,20441.417880568464
98896,5910.18419006196
82576,19578.079436248307
85186,10713.400456181455
103570,7678.827907718691
94806,27356.94087820656
107394,8370.774122297833
106891,8528.033600981582
77508,33736.67176591094
78851,45976.261874033604
81113,24804.812471610752
85437,11880.353884509757
82280,10856.58545885295
85886,16574.53638716713
79625,28673.340430215132
95239,39383.93648094697
82313,55533.42186718525
90789,19792.748757391302
92484,19641.96419006509
88349,6362.73423574062
87936,2446.529971934708
96057,10161.101054682662
102286,9712.095403210986
97187,8889.453275456155
85499,8882.192088861617
104015,14523.085206859665
99732,11685.558384032376
87915,12597.44673665986
81687,11590.440632130005
86009,20469.85165076584
97444,8809.92330025679
102004,15812.227419987214
104458,6477.488866463463
98519,7059.581999041874
82785,16048.7806546757
103479,19712.069659688546
100675,12297.518406640484
102764,8583.765893578953
84770,14096.627279017246
106124,6947.6007003120585
103447,7745.717858181525
101681,14292.555645155295
97714,16384.455082082317
101446,14974.157141039444
108526,16109.411541729083
92403,17364.569370307083
76218,55597.34177194992
81456,10500.79992025674
81297,30019.70180946541
90637,15668.347900793526
90327,7850.517295876899
95775,13899.245876470352
89328,8136.0096255109065
76281,10325.473139211937
105285,23662.416029649215
97967,15518.759089290379
103677,7436.862168096867
89371,15509.9127826025
93864,9742.92912923793
103191,6860.605394578204
84138,15388.35463742047
88931,26990.092533399147
83174,10891.504237035526
96700,16338.995104886531
90557,7175.3130017461735
106224,18347.78961708416
76032,14635.311208762132
93904,11090.877050947422
83233,9807.84688853056
97166,13913.919367535042
107008,11585.7140404117
98411,8116.903496310364
76898,12933.996510886565
77335,23496.81386612031
103661,13432.628013808144
89251,19657.70792697259
107278,10683.55735073346
76306,22073.022262292605
95821,30645.74000192291
93738,27310.44050859931
102085,14534.623964314773
87697,15281.66213961427
95925,19306.543746282525
86432,16075.496703248004
77843,8901.241976921396
91784,19625.380746883315
101658,17005.238133369738
77139,29033.64474362527
82509,9427.85187361292
92105,26636.767120047072
89714,12222.72369605384
104701,17234.463729123137
96529,13648.420088169496
86466,13363.007536071633
91745,14748.485410839603
89336,11012.288240690774
77392,5780.712568846907
107821,24607.416385808276
96431,8162.17408579828
96177,9509.241370981355
103091,6718.324558781873
91003,20327.71708168741
95781,18202.90359668991
96216,13476.724471920934
78178,46252.82341045287
108259,20242.18059897542
81909,9439.243884613663
87054,9386.316628298
95949,18532.342040873828
84912,15777.865233039101
106750,9825.123248390772
105535,8056.8104340078435
104790,10117.973541531628
82394,41153.81384161446
85536,10458.54374309205
88663,9705.251611478867
95114,20841.07063632527
87720,10764.990787192186
105355,7058.753242657922
82633,9100.029109405721
77178,17537.191027078763
82650,9886.54038033708
88354,18594.61294425597
91594,15367.177958817287
106838,31577.502312240314
92201,28528.23499056549
86903,17248.096848378977
91790,34027.390255848484
89435,21288.381466196726
106192,10417.601503557935
100291,7593.145187216757
80263,19693.612571684273
105259,6444.585235291854
90581,13492.2534772317
82168,16005.387342254973
78900,21079.445176980895
92927,19702.691168001085
86035,13521.417832730865
82812,5644.470225619956
90960,15101.913804836347
80564,32435.950383694497
88136,13047.34247114008
81598,12048.59901508597
84515,19306.06630618725
76559,21356.72988164455
85602,13349.996129656713
87221,19074.266100847075
103271,5119.339709853017
94627,31488.911886684775
79016,12334.188679995214
89875,17222.96685695065
89037,16435.091518950783
100203,5979.840030772777
86521,11539.609545313386
100287,6756.681166382817
100028,15367.251072295885
99993,12519.875713214926
89572,17095.823031934255
89439,20241.30463415451
105686,9083.98959303722
92939,16239.670397653543
94055,30375.54149855745
80380,23938.325222915828
99967,6399.997232260142
95543,15768.434044687456
97455,11972.27760782654
77160,13280.176381193976
105212,18580.97962827961
100236,10187.916678104546
107291,9417.554256850615
104571,10288.918584258256
107474,14112.5458656469
93115,36906.258682080464
92068,23387.10978351721
101225,12530.654006781473
87087,12037.625413344802
98133,13299.624999773507
108494,23593.740041466863
93501,27378.962907951733
99785,9241.234331227963
99377,10470.865707352234
104791,21760.79918261827
95521,25050.815425273107
98752,23130.5702579112
100191,6764.2688755723675
86298,10985.9521389154
85617,9353.640152175918
101651,14994.036073540225
93014,16532.244523316916
89934,8067.179762798407
85334,15316.420445326914
97879,14828.889145781031
79690,22720.753687184155
108126,21059.189285638146
77117,43365.83922659644
99027,16435.89912373602
102822,11836.283901535031
80603,13911.226547121894
98014,6639.894208928856
77131,48547.39208669354
93449,21146.394690620567
96996,17332.27357286292
86682,6132.312836797561
88766,2670.7403373780107
89860,5488.886971422103
103646,7230.3314379752355
97690,18723.621305687684
101168,8706.909448247181
106415,7278.5186338718395
83711,19990.56070990659
87996,12507.636002430669
79855,16933.2683561831
105266,12959.831968845547
92717,39361.84582851628
88833,13863.711769024369
100290,5928.318994929995
79845,12651.50305464348
102781,17135.442567465896
80780,27473.650770444263
95643,18470.4333995947
90478,5805.0349047793015
78919,42640.06918056508
87599,12300.368550298452
83576,11942.076670296261
97582,21294.009975031924
98560,3688.671304189582
94839,13930.688615589625
79584,29791.44520192324
95009,35685.63453274616
86194,9401.642145209575
81291,14741.573233648107
108264,7943.811583822274
91618,26082.394487379013
103987,3305.8450127197348
98687,7819.15117532678
89683,8901.499759101334
80178,14472.263405055248
85041,9009.005434515357
85795,8446.855238705004
92667,26121.215282404723
88648,9068.367546673711
81003,24069.757995540862
89530,9478.535727720704
89343,19067.043791932516
84383,11223.409464552478
95447,22199.105981892677
103195,12481.895019745161
87916,8719.568267411569
79701,6298.893644254122
78939,35324.47313494407
90700,7399.873347192694
92770,24410.387803394875
108076,30803.620485477957
76716,21036.309356292153
94223,16648.854311011946
97551,21754.511947414725
92126,31088.571084703548
92616,28726.64464763007
101680,10968.059278248513
91237,34864.62577715634
105108,11143.162358447244
96867,8380.741723112586
89088,12488.163130629846
92402,23078.090019772808
94049,20540.52235503621
86720,9493.638020453098
100554,18892.966300484484
102551,13221.611313511821
88297,10074.337986789687
85365,9402.612696810356
82994,8940.811716111202
79914,12492.514295768056
108258,15291.017060869844
76068,15596.533085332607
82252,10489.799592810703
85769,17667.442374376064
90927,39002.60813022772
106917,13950.661196318342
97051,7130.640070918622
89757,6988.588549905039
90517,8891.54896926656
100679,7358.431696999407
102698,12717.52938843411
76935,15227.185056292245
94802,29529.388958089858
106017,29043.776551859723
105400,10165.48570435589
107120,13083.774406482773
102046,10094.78223915547
90067,12124.490907739866
82781,13772.249803232828
95277,47916.31226053767
95689,22500.2284618036
105027,22454.67289459457
85236,17285.907931501028
97380,15403.399106576335
100285,20142.416056929505
98812,12623.520627788575
96265,23876.260277083245
101336,9923.076682537432
107335,18199.253670014543
96385,13265.338099446735
78322,35578.12271673146
91805,40901.14752259008
106808,14304.280010743847
91272,25704.635333860006
97409,10103.056372914587
84801,13762.129003500535
84783,17580.96211227629
78594,24369.12633892553
84618,11800.288930279103
95162,16881.48708875003
87803,14676.96206981596
92565,12119.32326522697
107155,20972.359061932508
93075,26018.52352126295
102973,9911.520505939841
89247,7357.164039696857
79555,26801.82133205542
90326,19787.506030645854
107169,17610.538313134457
79268,20586.97528251953
99954,10038.406902794382
80374,32199.919555931578
101695,5222.633956648827
91260,61312.1573743101
78376,20376.726998488084
105554,10939.346879913754
106897,17303.90054049575
88890,19597.255138247783
85043,9084.822020627766
90014,17255.24056126305
99924,10424.688585342332
102210,12590.123940598798
102041,11126.576615177873
78082,54312.210630360125
106653,8483.388014573486
85042,6830.744364206397
90502,14048.58713023577
87396,17887.877162529367
92489,17796.62394962131
76383,13159.666533289097
82522,10377.788048658633
89906,16912.558160301294
103260,8136.6806483807895
78162,10867.943866809152
102594,8585.904307328467
103841,7399.538428908035
78789,17818.284714952857
106717,10068.975039591633
88775,7435.472829608445
88109,13054.565897894377
87997,16945.3023782253
88027,17271.911241958085
93890,13312.644762838137
94101,23227.015257195995
102675,6419.494058413851
101475,10503.655573833754
80558,10112.597411080405
87171,7541.785412231067
88266,11530.291624469417
101850,15462.185930943264
99649,16799.22450063824
105512,11820.550676136983
102290,13293.925043500487
80390,22433.68736926096
90266,6717.605946999402
84938,9647.906809203925
93151,47948.27815012263
95267,30911.9170282836
92188,24675.397362445066
80014,24044.98246011956
103390,12738.90549377201
77627,25517.90565846111
104741,7054.334280562983
107297,9647.021207305634
93101,25099.428980771096
94142,17930.47082068131
93814,26035.992834369536
92300,30350.93631313235
89616,9439.218605649286
102876,11115.31615099077
106731,20901.188247495003
97653,13547.305137118588
86484,11346.056697483102
97041,11162.242279189788
88263,17845.65309346431
79035,17608.54520255408
85171,20799.72252390899
99949,10585.704690102755
97528,8408.045363607189
89333,7187.708656954433
108420,26905.128026161343
103545,12681.401837407557
87578,11068.448083028745
89794,9423.279647214722
78220,22185.36314573641
86074,9516.690515009168
82330,19496.52162948269
77108,13011.712917245004
90682,19164.03397700857
105643,36671.95482471473
104819,32625.6946186834
98722,4525.077134483702
82464,11327.734183282982
80687,27161.252180435702
101340,5778.206968570792
86763,16593.846164494666
103549,7110.772270667641
85520,11258.474455229098
95658,35973.059219570765
98745,19899.750046602516
102751,8142.742708493228
86044,18652.714940949525
87791,7078.256720562199
85907,10211.915943292754
82976,17276.0599460892
87738,17750.382377468533
96035,9995.286966828164
88577,14616.698570426826
87932,9760.207000799943
100197,16758.691959531774
87983,19475.040033105746
83455,15846.010261983542
100627,8652.628960244378
108491,7173.800541317216
103896,3510.5917427686136
100166,19131.929081714257
84224,18246.640884783956
82279,15534.433427439768
102695,9545.965442299732
91730,12690.359835799489
91520,16397.938552298147
93441,20261.83569805552
104061,14139.659952326567
85328,16478.72922214578
78431,11046.705174443514
89987,10758.398963975207
89785,8393.660289395939
87524,10026.715657754854
105313,20179.53413746905
97204,27612.31338021983
81190,21473.076831399645
106185,24993.55460275032
90483,11603.70015646034
85436,11848.186241419246
89422,14956.177594731591
94943,23099.313770222423
84834,9486.430566798183
104864,12088.814867607907
104593,17745.40566710584
97614,8655.410244588678
105794,10233.736249634007
87647,15897.055488684935
79445,26171.85606823063
86179,10196.86193495276
80653,30493.80061111098
86987,8990.983379544798
94399,14584.895709544335
85016,7602.844013245859
97822,10078.042531982308
78119,17569.729851893153
100744,7287.87126126982
105979,10450.031854579987
99994,7911.452829484009
100774,13584.669183715256
92935,20743.18445077179
98288,11961.160059522394
76583,9859.912997085397
83919,10601.265010146124
81696,51160.06392902342
82491,16418.082438129593
105912,7821.2699007039255
81324,21282.092017389226
76616,28251.378344556662
77437,27875.214174693465
87372,10873.422494172626
92668,27615.39863018988
89936,7066.007488418813
103228,10556.218418761695
97587,10502.5712710447
101465,13634.211698594952
83831,9549.775031951205
106127,16234.265098762298
81306,35152.6293651026
90977,20026.015267592273
104439,18087.520086141958
93212,16203.513632781487
102209,8013.568865067872
100072,9295.05006104076
82518,12980.125604001614
103988,4345.338820949377
89788,6884.2755356738035
81061,16341.44162916607
102430,6188.273746308909
97938,6663.509206986175
82243,26134.89117374542
98210,16118.360278783826
108342,21049.177825725357
83764,10967.682036724334
106233,15124.849563217806
99659,7646.93858214455
99142,10728.438715519385
98655,10945.148862612725
108449,17086.754936830435
104515,9954.401643908986
97931,11026.979450102468
100995,9240.354187931576
96070,24406.910532012487
76333,13535.040096122671
106307,11121.937579493047
92092,18338.97356341263
78883,8445.383560741768
94921,29496.728502861206
78172,28343.190335999538
96430,25012.081234535573
82844,8080.441893890424
82378,4607.8227589491335
105297,17400.398715514544
95050,25442.43459023066
93124,17445.735661893606
80112,20693.04037247369
86478,10835.05917023821
83917,9379.098004465823
100721,12786.185949393092
94123,30153.623339935486
100693,11783.423195929488
106688,12752.802056205035
102131,11234.646865079061
99935,8404.989461080457
102108,8466.5633590248
82729,2584.821253199897
77495,16416.298407533825
98827,11585.547274533841
97526,17576.397308486423
104954,9509.077870710868
78155,20571.065618352433
79469,12112.476574997294
98055,12105.240379502175
102443,9664.503977596463
91468,26556.763768381166
96944,11777.823520777974
90974,19457.34564240236
97294,8388.924116461469
98347,7070.426411246639
96505,16952.48166799386
100542,15583.60427833879
79348,18901.93300906203
95285,23277.26461968626
103440,9868.18037058965
91432,23774.842652770014
84815,13204.915158826336
88959,17839.335624110558
96017,25062.960564196852
105760,10266.44802366483
102874,10171.696018317136
103528,4970.396886282757
87558,11075.610038369974
95691,24118.353856400918
106122,26648.859029186824
92479,8416.525315707839
106673,5276.8365597105985
108143,30710.815938842035
88298,9856.349590540833
102149,14707.168889641025
87765,15094.738126769465
90258,10393.174865672563
96940,9233.836556075237
108032,6834.226389968362
77733,20561.705439505615
90186,7091.63123688407
94702,18957.243986348512
95120,27947.40478089421
91144,14503.381556638673
103053,8445.030152976615
99408,13321.933786381582
79533,24437.056391327995
99369,10352.54331249163
105062,17089.149433283623
102029,12726.506441684047
96368,20774.470337065428
101066,10966.025079453393
100088,6179.935245956342
84869,14349.734351619183
100736,15779.269286834442
85981,13794.343846170808
98872,12472.005396438797
84037,9124.402683976477
89217,10800.477426955284
89775,21458.64426404953
88379,20946.748002843513
80011,25981.783112100064
80836,20029.03654704204
105215,12090.511902609078
93719,36712.82693725831
107968,16372.45895266592
98967,9127.672135846116
85591,16807.716148325915
80478,11894.976378505413
92882,17198.31841444302
89721,9259.4957304677
101878,7684.640938606869
102301,9690.757336536408
101408,7036.477366650431
81446,14087.919585429132
100045,11900.862948261572
82986,14533.746476521233
78772,21984.575555225172
78208,17911.875754647474
81689,9068.672118132528
96791,14312.29946555811
79141,13229.917556384245
84271,16447.43277637865
94879,15973.593349953951
107759,19723.218576387993
83675,9560.123327159952
88258,13852.833428729193
96976,13258.672198589393
92824,18366.014156138655
98414,7469.828298746267
85028,10535.354520684492
97506,8664.280198243192
92767,24326.83281641097
100210,13798.413145596302
84470,10863.998739636625
90627,7323.946805150877
98768,5308.005275932911
105263,9905.732044652841
81662,36898.30680152127
93787,16293.57206834979
82688,9543.20845431739
88923,8459.5866863096
97463,9319.656577961734
93008,13677.68938947323
86807,9876.754247269118
79997,21848.380401072878
106742,17205.704277798493
94777,11801.643113253182
86594,17819.80646405791
82991,17260.68571509357
102203,7867.573970513706
103539,14428.107799234418
96264,17411.910216756838
77721,12570.488185912316
107801,14190.718479800185
99511,9449.313517015653
92801,21104.305902280325
82658,6267.471662942161
91732,15653.221566564243
76557,19332.97357908829
91314,37553.89601371198
82198,14900.071031699235
100607,15200.660920258702
80984,12839.267334073107
77901,11789.717277500498
95736,17439.557598414078
86809,19847.42367844803
78288,17863.401701690582
101339,10372.093638948669
87249,7954.597054068047
82143,36403.991623864844
83850,15492.649833938707
106952,12428.626286823439
106504,27061.480391693047
87341,15324.548990050711
94165,67637.03919765516
79986,22498.532524237744
97235,12325.289976539707
84860,9852.942226795974
94913,21379.396988755332
82439,7598.276531085229
83066,11195.683861111458
76993,27946.011439738293
88803,15608.817489510882
77506,26483.370690024403
76456,19153.65748442423
84599,7280.764425499014
76680,25475.13013095821
78685,35044.451157838346
80310,19469.950978398374
107412,26489.91107692265
89792,6395.956430804003
87421,14138.298784575161
88821,12157.431427667883
101930,7547.205915952899
105822,10786.611290568899
97642,18202.42207499025
107339,10269.984446597484
76550,20006.250947273827
88272,4553.436357112357
85777,6363.148926989961
104995,14822.403112775297
82640,7198.911575064372
80887,14435.044283700048
105022,18918.050660303736
79920,18648.973606427993
96724,11598.360756813701
87654,11721.768095599038
80242,31940.780632319136
103464,10690.418683650236
99537,10258.377403737115
92524,28958.69560639295
83634,13619.679484165148
77597,14427.635040014015
87830,17680.66007236061
87700,18202.617731426046
86513,9659.156943961412
92891,12735.279043677656
79513,14470.433668372523
101087,14187.823726097986
85729,9132.734740255513
107672,25518.78568807331
77549,31732.121131494692
94307,21251.80846784867
84500,13405.772750672051
98867,7806.32317957876
103039,13176.657044897396
91192,29080.371940404337
82205,12409.28174545004
100369,11241.662129664053
107529,15893.602930190602
106073,14548.653198464834
87934,8362.10284684833
99978,14686.26285651983
97512,20151.127700878103
78085,22948.903541192492
83329,9662.250208459978
106679,20466.21764547776
102680,9249.57551619295
100260,18216.83385765081
98100,19376.435642143828
79452,56452.19974438809
94814,27130.009157148077
83431,9784.197770520503
102298,4551.902831833785
86411,9444.183061731224
105783,12369.544614380742
79588,19667.055905685826
77976,10659.624240034575
103387,16124.41878513786
93070,42040.93618883869
108393,23070.522204488396
105094,16248.002408448929
101152,8598.399379891589
87464,10660.135658193125
92410,25192.333953872596
102395,7718.910556336347
98531,13274.61095920499
89945,10106.360027716159
102454,15012.307169660935
104729,13394.654396654945
89493,10429.262844150186
92058,26045.740833656877
93884,14229.878186179363
87594,7655.3394254059795
100891,11945.654505911674
81535,23046.316867922444
80847,28755.12012651884
90120,8938.22970333551
76004,23961.783436839767
76670,18736.29963093356
82018,8089.057401183038
90007,16145.20803114669
76604,11768.569826217827
88324,7388.19734586116
84260,14677.45103221432
104662,17910.124498187717
80740,23371.43095816548
94973,17455.59119190907
89099,26333.730251566638
89528,16599.240508073468
87947,19695.62086721773
76967,24567.362624838326
94126,25289.675931696198
92187,42446.04258087375
104140,8585.47137413235
80573,15431.496273798395
99372,13418.707124155035
79790,33257.18786594965
94392,21589.178513239243
103573,11773.880788415943
96538,11830.366009120473
96774,22332.889599353777
83631,13531.832051758374
89532,9635.356630841688
83991,18224.176436824197
95769,26550.066477414046
83263,16424.92982593708
87065,9449.526518694995
107642,13536.145983562976
85968,9131.000707691932
77321,16415.75277216065
79237,25265.978403338624
98975,25151.309068535866
95590,26356.911208488007
104906,16273.436336599232
103289,11913.758712433502
82134,18563.506180136344
108432,14396.809304706954
79361,14554.904685057445
79283,14591.725005940096
108270,10198.191471561287
100333,6098.027045063355
89059,7562.12483075583
96852,7821.091133094865
89651,17617.513995253514
82856,5296.359233724146
103072,15377.876512747516
108315,15329.055911449683
95664,16874.432245526514
87882,16717.810575655098
81682,24593.125072286
102981,5502.953289267727
104776,8788.521816583983
97621,21036.72650566312
100451,12250.80034153109
94393,42616.23759590174
87416,12256.780014056922
105999,8014.633721472286
91075,2713.729218536266
104390,15399.58834471292
78471,67739.50497242597
91077,14120.180979702169
81733,15676.373970825169
81475,22386.10128966702
89546,15612.895591781857
81968,19047.55998400581
82201,19825.7272783354
100703,15939.139878160177
108173,9251.416399826527
99283,2766.5074562883797
88618,7910.501723626243
77172,18816.169625577048
105813,13435.165399785756
85410,8790.404639306465
77665,13117.426245148183
106427,12663.310983592752
100684,7530.1268804786105
77682,95609.84580386613
106196,2904.250129877457
88627,25093.867622373145
108029,14454.413630047722
80142,21548.964730774733
101534,14970.84858261009
106737,21502.49320874742
84776,7885.333506866599
100686,7674.4527910250845
100393,15250.281862552816
95593,19988.453914310412
106482,28762.84586019856
82594,17156.115665123547
95052,19638.563700935578
77581,32176.25281362627
105894,15075.07232912394
98981,20699.32549161365
103791,9830.384093857305
89035,16481.43262126863
78988,50335.47211103691
102284,6787.879333157397
78961,19872.4363580064
100824,11464.483531332886
80563,19198.059523833246
106006,27070.66359585411
98874,5947.854724369417
92004,26248.571681562265
76541,6173.2590493878715
76087,10136.796400676636
96383,8452.382423916699
89403,10669.725899145098
85502,10339.919905301593
78453,16121.677972766383
105672,9094.848044779337
94086,30235.23136792965
103223,13452.594729813554
106894,5058.319884892704
104079,16701.543546240897
76659,52669.03537552632
78970,11514.299252699104
94467,7292.24534766188
106317,11202.80850806193
90990,18882.132341493052
85168,16211.707820972746
85329,17087.114427140343
90573,18676.74285128108
87552,6483.650336739714
106650,8623.144387378414
97658,12456.732557300136
103443,10037.883932694474
108293,10189.946989373395
106230,15270.636393046387
90762,4528.492773910046
90385,11368.940959585092
92892,31043.706390437525
87166,10930.542218679635
88217,18018.902698399965
107357,12090.601872164707
104588,14701.86367865516
106711,24227.467166641458
82117,27397.66439870036
76811,20841.457619167002
96629,13613.91216188332
82497,13945.200109580426
105204,10137.020132997273
92020,23460.835619947993
103534,11140.661585788255
87801,13799.162857091436
76388,21731.65329189681
101512,6496.4833242517425
88523,13620.62685405242
82847,20214.12878412072
96295,23844.902886754426
104555,12902.096318858867
82459,7830.547595060141
88896,11302.057279882303
98912,20094.334864089997
87904,11930.678790449312
97899,8536.37338845745
84404,10102.330213740415
83628,27750.077590480014
98240,7040.3686087571905
77405,48653.95053157997
95241,20467.56310362244
86588,15039.23259744624
100568,6894.807538382692
103330,10437.98139171488
88168,35507.0853252282
99695,7580.865977317564
105415,27674.16211931317
108291,9350.604973572223
82483,18515.238551471743
76215,13315.665890566619
95883,10150.903016498409
93944,17536.66520293443
80545,12169.554027186165
87133,13343.862694901287
107929,14461.978289910394
103594,10485.257082161845
98090,3025.9399712740087
85950,7803.6664096059985
97817,23137.98219445057
80349,11499.330100583424
92065,30784.851156016895
81419,21152.26808433711
103547,15976.809250833494
82647,16804.903192251048
103287,6550.710331077644
92620,23073.654871943865
97818,13353.989254184402
94762,16360.562844366485
86986,14950.254770132746
80244,15509.888489889507
81808,34309.73941197809
101955,13710.125793974035
100277,10333.23848829285
97433,10460.227123733892
101701,11582.897344136272
88891,17199.885893593124
97998,8891.339722978755
84676,5911.694313210157
85102,11665.622532992238
95997,24683.596906318766
108269,18844.460684328173
101745,11632.021145190589
94167,25008.527676944632
100965,3292.782317723228
96695,6226.315261609732
84077,8975.277329244427
95666,30965.362587254283
93525,23328.98528600407
86442,9537.584819604575
98856,14470.986704283705
102762,11300.101497136638
91868,23850.70077624343
85895,10235.323937473113
83837,9896.538284873475
97933,24199.531687671093
77159,44694.89653222912
86267,14098.936460397572
102669,4230.275494078168
99058,25793.831369556217
83648,18108.263327605473
90586,16053.094319762014
96303,12814.272806334828
91599,26588.44247209731
104830,13719.71951233862
103867,10703.55151892343
103352,8133.662565204448
85911,11180.076464011629
86215,9457.622907511353
100026,9323.088239008079
87347,9216.246608176723
95363,16325.707804533213
105922,26767.110747687435
100582,10780.952661913707
90707,12923.870693630375
89442,11264.1161605557
107455,12116.211729436027
79441,35092.17330593377
99119,12979.686399001966
84855,11870.20906280968
95694,24312.673802376445
98802,20723.872122486217
93759,25874.04087419256
100855,3252.7517020773457
93601,30102.963583808978
103425,8017.04127890764
79810,33475.64647967676
106082,11671.650034729022
96555,12321.872230237741
76273,14488.833689213283
81265,14572.146773976492
76722,22826.00030778997
87080,9488.492955009762
85477,13823.74103502422
100688,9846.059534653146
101612,7397.763035180736
107135,8062.7842269883
82754,6536.085227888907
77167,15804.421695113335
95627,35056.299501351394
77685,20962.336312544336
81835,21778.34832166618
108459,14101.460555239104
99976,19529.27351341443
77873,16187.708792095093
91574,18761.04780186631
98487,13453.242615835677
101067,4922.8408691218865
86888,16198.827618063639
79051,14763.88047535925
105704,13376.605044698137
93009,24489.53637580248
79182,29195.28508177175
77226,18601.881009511544
83439,10942.195760466537
106093,17729.948735762224
85243,15798.695333341142
77181,15990.12700971661
85451,16081.414979030224
76412,40279.54060319992
87990,19990.209339264085
82077,33106.27715453776
86289,16875.193459273232
81566,23265.86511277415
82864,11439.808586349383
99130,9392.595979720645
96176,13609.82321139231
102269,7975.7783791078955
91841,23914.18902114678
76041,22284.25674110062
104840,18524.624308912837
106253,18123.615132793835
98245,24024.95332291736
77039,22763.02005348259
100730,7337.369998954878
87739,4712.04429647884
107559,12601.008630669
103282,13617.971532108986
76646,24547.35186486181
80252,12543.00605957712
103895,9537.333576551717
92491,27214.071130619664
89765,14911.214935414047
106652,18001.99138654245
88005,8111.02540371511
99470,9267.70078624226
77069,19233.05930796715
77955,29076.526922482783
90809,8074.224749126792
91610,20045.22834308317
102774,12859.34433013182
78231,8521.904168328518
101171,7504.8852039630165
94420,9568.71488546582
91378,29693.052304815494
82771,10664.000897211507
99918,3129.2577247458357
103574,14799.979909342104
86799,13443.864607165375
94318,18514.06630280793
76950,29060.21786779472
101720,8902.485113162473
106698,21961.307119823883
103488,10006.059768813011
99153,17935.85436108465
104945,21181.273755631504
82708,17030.70539980814
80674,19186.35109178944
84122,11149.145372657476
100375,2400.4959632769846
89456,14631.851656920497
82974,13820.577219906201
104716,22524.13666927765
88124,16026.403318494491
101244,9224.59666463302
82069,16121.072768654913
98606,15157.268569653788
94412,30981.639307201935
106030,24376.75730456094
89877,7789.153724953265
83349,15110.026329977205
84253,13475.629515659308
79774,21830.709515279264
87259,10511.065571709161
81587,9796.418184870412
94407,19499.513047496144
105889,11484.938713037249
90829,13633.261411999109
90286,7796.372228899185
90162,13640.187607022472
86022,12198.62243206686
108101,22706.546422529067
76814,14227.608747964232
106162,22306.284749499147
106605,17764.783624700663
99590,12663.960958862423
102676,11791.102699383704
107658,11841.287880473621
82396,14567.879738901982
108051,25028.352707774327
92955,26898.366044505936
83520,9240.545077680552
80338,15855.398434544612
89312,5956.402010997568
80751,28516.39794182971
90622,7089.469615961307
79431,22030.138119940726
82870,12604.88824976663
106446,20562.01803389969
96223,8035.05704425924
100491,6944.1303206800985
90125,36145.49723110762
107869,17684.15507731634
78278,27707.941850263418
104244,11696.761891364396
93810,25567.868614716223
90911,25626.3946414376
81869,30019.40601823017
100472,16435.57842015143
101927,13330.426757376494
99713,17413.20156492417
108184,11824.394304504658
99764,7082.853374653671
101286,16414.28915950498
106534,7880.372766158275
77461,11736.382543031552
108272,11666.996143679471
106010,22402.821050751547
89193,13666.385736758606
87761,10461.636062766433
88154,13296.784564069272
97789,11883.521019560158
98271,7275.949106015492
84160,15542.68463641628
80752,9698.505897569232
106107,21805.595753590533
87260,11149.439669910456
76549,4468.206408006318
106619,9499.215139774873
93849,25832.720242768795
96045,17159.88809961582
98306,9269.526288257806
91896,43658.915291145124
94048,18525.554297308743
104918,9659.14726078682
97720,8496.525632010593
97482,6434.448790414457
94156,22083.51766483622
96469,8927.881503596353
96918,18627.563447998527
97241,8117.603016608255
78150,11811.418848488858
77808,36454.033980308865
103265,9877.16601305602
99485,7921.380667641874
77860,14766.17999346982
83834,17632.05272005749
82565,5557.041604283945
104344,30690.09384851002
88984,9100.03596938782
92161,19268.758483764166
102199,18717.52960242192
103723,9809.732354120126
94677,20825.466781910636
104806,11163.673481564962
87148,16777.629862260117
78411,17382.570013814122
97856,11122.659035182085
80535,20697.10790339371
90156,10515.537340878853
82176,21722.84358912524
76790,9403.018473948874
91762,33148.69754583682
78650,28766.88973754225
82763,16169.112325748341
82678,10652.113658326118
100137,25989.749391315534
78365,30954.933353284552
88768,10364.041644659603
80346,22628.613403345455
106682,18151.947094005056
97171,22102.10217816284
81701,15482.88826662613
84073,11651.904747530381
79549,7076.346786944372
100269,8396.549257269864
78466,31876.669188425265
80489,8906.099482353407
100009,10510.86331889278
78769,12359.419266301444
96821,21988.066231196448
107253,8884.56673558047
76045,11977.741394192162
85567,16148.69366940882
104651,9601.73546574932
94428,11688.599550864696
90549,15312.051952491436
100940,12175.8045429571
105608,18786.190963245834
105280,9734.47083049425
92200,17650.92251981503
91082,9241.009586781713
77298,25606.073500762803
99432,9746.907918220997
80426,7379.881053842189
100817,8451.885444915317
98552,14602.961383545538
102428,8448.79775275216
100978,9263.89434688979
96371,14516.693284621935
84334,6738.828222780906
90196,6791.084701649863
102540,11216.269839331526
96914,6371.581248399544
100895,10128.747345023396
105296,24635.06400908755
101888,5993.058531364229
104077,6814.947375556661
94267,31878.873254237456
96803,21965.918235160927
88905,8257.670642702811
106132,8669.541739257738
104388,10269.263680973427
92704,19956.17450011723
86345,20491.6711191301
98326,54153.99166021824
98572,26889.367458502948
98754,25704.94754013866
77794,11328.435716358019
101082,9200.743981570991
98455,12160.28016134598
95796,16406.593666699813
98861,19829.013913171373
87570,3690.125185662295
91904,20247.954766262657
84147,15055.76110403497
79470,33323.64754901949
100012,8660.814149151314
78698,20067.921707957532
84929,11307.22010211878
97808,14768.857214606496
85299,8282.401357060076
91297,58620.75024829654
100772,6461.154018397413
88500,7892.153737862143
86077,18268.651963196644
91891,17423.25525113973
81059,18956.147003901868
91023,26519.12115038134
94693,31293.679482530868
83779,13480.41004229326
102323,7428.787916347438
86078,9502.888560496236
85595,17956.206737358254
78582,30295.758036706204
82311,34589.923734457785
107228,27235.676500483678
90613,15415.66914901096
102643,10140.699493160584
87044,15718.664294367587
94680,22631.503438805776
86222,14815.517322444553
92844,23251.38764817138
107625,2952.7193404869045
98155,6900.835409222803
95145,14318.10564870197
79545,18577.928093742237
86312,9704.861212992877
106466,11179.37717471281
102721,6889.857718314485
82720,8555.664556584803
89908,13310.087090154544
86593,4352.902214584493
86930,7792.5430696505055
80460,16711.052340581682
85235,19023.899994730753
103331,12921.517149142835
96526,20794.701630016985
93359,16189.340356661716
104761,11309.481662009583
76684,29856.956520456493
76697,19973.21446452797
92488,17895.276485076247
107148,20501.98846907816
100685,8549.169217683586
79407,23902.990220674703
90983,18778.130278948112
80435,12295.681550273626
106658,25153.25838382079
76894,34887.076902144945
77367,14689.052463128093
80301,38701.47277280787
81032,20218.3716488976
107900,36308.81253766534
83046,13865.814458929346
102331,12472.983907795688
94376,11335.03205430495
83559,11851.459874700073
103509,12310.831246736785
76553,17106.111377593235
85897,11575.550194384648
91644,16522.15444074124
101598,17799.02740203652
89707,10771.505796315827
106964,16321.9820535241
86117,8248.26948981707
100179,12836.968578308828
98605,28062.502140668876
99719,8311.497855714711
96764,18280.753304494276
97262,8563.88340927335
79645,22264.632907124676
85785,13577.587451330199
103444,7347.572345845526
105639,14476.899452349222
106379,21783.44237333562
94283,12996.694593129241
80195,16213.178955580845
84709,17849.462103583188
106270,17364.092595620594
106321,28569.909763604184
102975,10029.563121108611
77231,44983.69565569345
82488,7100.9431112551865
100406,13583.727925754023
79606,8870.918322466536
81036,14817.9864323069
95806,29033.58655344378
97217,17799.39736110543
93696,21936.98985010383
84438,9195.474558815322
108083,14485.66706162635
94109,29944.30926990115
81873,26658.819895569282
83535,10680.960544784712
108253,9096.746919041634
103572,6788.249804729833
97782,20115.819211085636
85759,17187.191299148457
101313,8370.319488222845
98905,14036.777804704361
96344,21311.452883384623
79144,16341.141407975967
93593,6419.476058506714
99886,10397.07238892309
96085,7089.6658196112685
91717,25615.461918495115
100170,13877.912180892281
101760,17043.332020058326
104762,29777.31752577767
94364,16345.102692403963
81819,18546.401152292172
88720,13148.645207914984
76810,18707.25788842714
91505,28145.48186781685
91740,30401.263905989646
107115,30124.239944592122
79860,21306.829444867213
103392,9149.775988167617
107926,7301.465385866965
98206,12122.400676949877
91551,42426.092082153904
100331,12992.9671631775
76115,20997.416245753957
82255,16143.753627415734
104007,19430.261492611862
77667,7523.6443551827215
97247,13293.926617628149
104182,44431.44275534953
84802,11409.827631937676
82517,4513.0185798347875
79978,40647.75894592819
104400,30745.356665107527
98809,15838.754006253334
96889,18184.37404016086
106291,25055.682705303465
99347,9461.042003102952
101462,7118.490785323394
92841,28449.715943529598
78210,67066.22216969947
90440,16556.96757772948
84119,15448.467745251317
96872,13684.775950359135
99411,7354.509875012355
88399,14929.642698240834
93645,18105.131515093108
106472,12973.146276275138
93223,16464.01395256056
100761,9556.926614968816
84396,9047.642152874305
81694,23168.15421126597
91499,52856.620079715736
86428,2531.720360751379
95718,17934.031674604048
102532,10510.34707572557
101976,7963.175070292313
101696,9107.330308624712
98887,7116.463576873484
88660,16077.887685700141
88640,13890.271138044858
84379,13240.70969602608
84581,16125.563417263713
102278,8752.428836709345
87590,11175.589930823237
105244,22469.031420026124
85140,19402.555122349375
100212,7504.5876805578455
82463,9428.567086068371
89649,12029.837377903452
105119,19641.15789063747
101138,10573.321105370953
97613,13349.696298140225
106323,12796.746536469216
102910,7925.393914140416
106664,16950.34466939205
78285,19775.619759915287
90102,10854.018063729238
96386,8640.757747194551
90800,7765.262535108251
98566,20043.211898666646
101815,13519.300232878692
101798,13613.674241873276
97728,13637.395801334796
99174,12718.757486522865
94250,18623.82563103596
88827,10137.384744693563
105493,8549.669150739775
77991,28671.856860869884
106003,12688.78864623304
102938,13881.676632162314
80815,18687.20865419401
102775,13582.44244100154
106108,9299.241449205649
86213,13248.041338800589
97119,17947.617677554877
90341,16715.308616293314
81713,24691.886240082426
99887,6886.3523338565465
80067,46959.7061661586
104710,24940.932989520665
99374,13663.098738393332
102685,9642.207908043112
88454,9350.30254941342
88121,16805.001844763436
104607,13275.391230752015
108321,16080.551260157756
100788,15815.991519170477
79504,20014.43769152629
108273,18221.57835724932
94291,28090.39264941991
92974,19258.01887419244
98506,7361.968894019032
92238,24481.378307360115
101214,7389.203228671983
92872,23620.995399875967
92412,15183.13702749382
99487,28703.80190611068
95246,30283.66593369034
83843,9294.262882939878
77705,17184.281839037525
82903,16760.364246793815
99335,12702.182630533613
83112,13011.086582452514
82946,10629.00032870336
105777,14650.416510451081
87013,10289.077928934345
96752,7145.78951299946
106136,20094.433749235388
79867,34068.67598266898
84377,11205.26759542385
100807,15584.220134701643
77327,34834.167866145865
90531,14910.695581364533
80907,9926.030727512869
84019,17784.947926823043
90542,15465.029473996176
77431,10179.835658586095
100648,13927.530488332875
86836,9769.049127064392
85657,9889.027111083733
104881,20332.104805634746
87108,3514.535063018097
103909,14911.08049659562
101363,11262.969376487295
83894,9832.454411585846
87239,14786.48440760671
99880,7081.342731486691
101105,9061.626653008854
103682,10586.745554953552
84580,18707.422851537714
103278,7863.240411197343
81972,9651.77931791844
96088,6243.12628056554
89815,7837.608068019337
83189,13446.318958754751
93790,33558.12879418234
86893,6915.934974758805
85632,8223.160203203995
84891,7165.117139877308
81765,25284.181710063847
104808,10299.856945851072
78274,20198.02790637097
104323,14100.552363034392
104215,24867.869564101045
83258,15851.309911261666
85415,8779.817226590148
76352,16569.4965017838
105843,24998.245859866023
79923,9291.185000543814
86788,19087.339529950474
106140,11050.538422350573
107298,14786.737459768816
80097,63977.68348984653
84584,10516.259869700822
97123,9964.47873715755
82024,61076.52782410003
80482,25628.52354410106
85092,14193.84421531374
107615,11075.893008620998
83158,18954.428215728385
98377,10193.065607068245
101038,9244.435812158408
86398,10827.216549546629
93257,20070.740377309427
76372,21541.104138521583
91976,26724.19862613482
89914,36137.77751100621
102249,9885.979295343106
92223,22516.694144617028
96162,8047.460165121238
78476,38783.36882586251
84032,19986.70523933933
87790,10299.039038793793
99047,6930.531623001291
85743,15638.48610382458
100359,7696.0763951053395
105381,21336.574971024347
87011,10258.004121941109
106016,22550.788654596246
104246,17579.62994436699
98535,4370.811793613282
101636,7074.805828834426
86057,18299.309821805036
103082,7297.300615468636
98076,6432.694913335124
83514,8752.415875402421
103770,7929.635389941713
81344,16782.06043968269
95622,30885.84811813363
103797,2363.0129865967147
93056,24112.95140068924
78395,18752.065782968668
89628,8637.784763517504
103060,4483.448967654368
76440,22165.878924658125
91172,35275.40840170544
92399,29314.28026587174
93498,28065.331176301894
88211,6288.8205265260285
101974,5826.088435268205
92110,15354.08507233621
108282,10414.88595603597
91046,16533.438101765543
87325,18241.03279851619
91442,17485.73910229116
105058,8967.204308255112
83755,9822.480711429987
84596,10728.030798383808
86642,9628.407576492766
104884,32015.017120538658
99464,12114.471238417038
76380,16681.773928951363
84398,7936.149359079099
86695,13483.60026676971
84967,16839.449043770866
91413,42727.213457184174
104536,19702.371378847427
103653,11991.703311291156
82660,7381.258683491362
96278,17691.071956333188
104281,8935.349301030335
96493,12403.141816804135
84816,16812.32795516869
96248,8077.404697111604
84910,12958.212065213693
76150,35444.727553936005
84168,7881.579345679977
91284,20636.52351992214
95359,15758.448767358863
99809,18477.245196584616
97478,12083.849296400575
90354,6982.28092203902
76268,23061.51969466863
99017,5687.6620650087
92966,12567.87063312986
98031,13040.276381170104
102949,9984.620941360936
96793,10941.26229379202
88706,7363.62911880466
100609,9442.88905289583
89116,7667.631706355162
85861,6700.016413948612
81217,24325.785733963807
93134,25498.76883302583
93383,22588.249645882588
108417,7216.8736170335505
84549,12417.83529929103
97741,17874.51908624357
82038,28831.08581602909
104696,11550.240486156974
102985,11242.80196106808
76015,35359.09283302503
89233,5274.625827747272
107693,9008.797961707038
79543,17527.48070861535
88941,10976.498812067315
107133,18336.939320738606
84262,8517.81666864329
80022,12973.147257178493
92947,2800.8999254628047
106355,21522.86692611712
84561,6680.489544566755
98987,20296.15170452393
106383,21317.620376591512
81784,10109.743935832408
100364,12871.556511955408
107310,40215.128309404055
95690,33521.52464777963
76393,28687.266027074427
99698,11153.042470444349
92142,29366.853185779284
83931,19551.668811910553
89216,7498.310065844908
78447,12853.297719890828
88380,14721.563264002969
106609,10481.698347484844
87906,16860.066468452227
107946,10553.781681688242
98084,13733.290525607943
86920,13959.810043155361
96738,12837.902299767706
90639,13273.771105873728
85170,22788.131876069703
78613,21271.947921124123
105247,14380.791781121583
90641,9936.664419359407
103803,10062.810385349067
101871,7187.268272157479
84737,8457.881913985188
88357,16361.157731656729
76060,21759.329104479184
96081,7041.109353866545
95771,17875.335959684624
90465,11820.752802071122
105795,6833.755492061554
99716,10115.20470034226
86627,8527.55838887853
76452,32006.157333299332
106972,17929.759961775548
85032,13219.693961918198
92339,21983.085850549025
92906,32089.97161509446
107476,26469.999106373434
98693,8048.895993832545
100745,14148.392000493912
93962,29034.095051695906
87071,26861.459235415175
78456,11132.876258792916
98616,8360.562063877995
89502,14753.470891801637
84812,17144.807408303837
99278,10823.410913472339
106760,30871.546406134523
93843,18192.061522407865
89686,9905.75365647533
89459,14337.226273173343
86882,19051.870901912753
89055,14260.276706376386
103280,7995.644772580068
82388,11618.507571002108
84322,19978.092656299512
99763,9479.026944598616
89240,7776.855848160795
89369,8199.153192748288
97845,9405.480922212106
98505,22965.649721577745
83594,9615.328233419941
76879,20592.477719942497
107542,8816.135596529855
80047,20680.846334094145
103396,10332.928628791366
91511,22286.784300920244
103680,8424.078191256423
90952,31703.770063354663
80329,28878.01164369048
95213,14259.294540319353
93454,18387.026028302324
98790,13859.110280789322
90991,52517.124079784095
103576,15940.276299905807
95054,15448.654929840257
91254,39833.19310131351
78354,30474.491345476323
82354,8163.841119619444
88849,10788.175404334661
89577,3952.101634619207
92417,19439.032970979366
87390,17558.187320586465
90610,15287.194007561007
76083,26803.98272131113
81716,13228.382954840232
91781,32597.252650992403
90138,19926.322087310327
82651,8314.82571619654
97872,7577.143218149654
84809,16254.762467255381
107232,13436.223746618984
82070,13464.884160744676
98299,17796.39363859184
108152,7160.74547575458
81894,14176.247641644119
92170,27659.340786743167
76815,10909.546280612778
85318,16379.00168040497
101609,13884.489288382554
85681,7954.997117744468
90628,4214.2603293125485
81278,9002.817085298591
85022,10226.211494135863
106237,10421.813570713617
99060,13065.757841298455
97068,18916.1575954335
81590,27697.81642410895
87125,7163.822798516644
86034,5948.467746110181
92154,16661.379635324432
94085,18430.361690831858
84555,17998.598448098383
96138,19380.645268990505
87289,15854.513354419083
96099,18277.2656826143
92408,16922.61186414673
79885,24862.75073708698
77403,22315.87573971625
78502,37262.66427246648
101012,17056.87418286847
87470,10882.668382887898
85394,16619.83694563967
90467,16086.017340610571
101768,18968.105777125435
82421,13109.236604401502
85707,17222.672496994666
90630,16645.13416842009
83619,10085.717554618737
102793,9637.623666982814
78299,17974.09751530281
108074,9373.535268929958
80894,47610.85440161877
107622,9984.660256765954
89930,13867.58060598317
105194,18419.098035587773
87228,8168.0745702809645
87821,20354.211454473967
79921,15367.416737258256
85109,16593.092656097844
104039,5678.746444329681
103523,14410.565037863353
84724,9565.645357622776
101351,10173.852335340076
76444,32731.156798957207
108202,2600.684586394854
92774,39567.54655483444
97279,13443.271821553626
94079,15861.650251500227
101938,6387.1625684366745
105071,22498.4053625879
91761,45882.52599514329
79296,30158.611101612394
100769,10683.904541576403
88597,11197.629579916575
85935,9705.451573401053
100302,14541.414648680964
89081,19133.250914908793
86282,7310.7075628215325
107202,8719.806549317555
101999,8329.417076304115
77135,21926.050068289667
99417,10387.41392524947
90406,19076.47721066755
94752,15705.302587333874
83342,9683.160894252325
98973,17831.973248582563
79768,30703.88224782685
77192,10709.986067079317
80500,12367.784504490177
76835,32686.394289903674
86983,11724.944561810467
97069,26225.063728645302
97193,9824.683904824311
105073,16253.815252967255
108405,6825.175944397982
90739,13982.778069495394
100079,19745.941169450627
97513,19310.42009093569
108004,31111.224153331277
100330,11145.712094128468
88508,17945.282598325837
81325,27949.71361212162
105920,17564.635274943234
81530,9148.875760462992
86776,10520.13161872134
80384,12736.606965189985
105020,18253.336074532566
104228,13233.574379470192
103926,5978.772552278301
92044,29621.13328376326
107049,7929.780552161941
107408,19987.651924997164
97280,15260.986122652801
84121,24326.514068822627
107517,15839.83964601656
81847,12359.532329884898
93671,17778.628834615636
81276,20671.141856322043
105034,20434.71703928141
82559,16075.14058164647
97468,26023.37210927902
101227,7711.980032194502
84614,12866.51183382918
76259,20218.00387333472
81329,53296.60185069006
91999,26036.329026217198
83557,13650.449309111425
82819,8492.993185552923
83735,10162.590302643595
103607,7323.883085728373
93256,25052.96442781278
89255,12585.190766324818
102147,8451.317655745243
86853,13433.851030151809
76266,14472.773099675516
85025,18406.011771931222
79566,22701.036229449426
95663,22359.82036075191
96600,9623.344169163673
99798,6149.704455554164
96922,14323.793287842722
76888,45498.38184555422
78701,29780.93744132951
108246,9900.553991876204
102309,10646.39284324058
89158,13697.331633716718
95309,19697.64913055781
90997,19198.357901468575
88930,14859.843873188305
86235,17096.71398114191
86159,9139.1148524732
101049,14201.212925342525
81773,32905.94383304598
81389,26168.956604949268
88802,10458.52297479256
85702,10399.56408686261
98780,25413.612736343446
84786,16813.44171460834
85683,13654.718577855163
77857,26345.318778385223
88429,16592.136068957552
102069,10621.977906124212
104862,11516.982119560591
108204,20921.10961900593
105476,10062.237505189118
91778,21642.830379936047
100851,11295.94591547084
82960,16218.189105315363
84799,18230.65240891835
86912,11166.208543988785
101533,4677.697645206161
90657,8697.04244971132
88912,11855.56365808623
86715,15565.329570223113
87508,17336.598460688103
87984,9577.43442314022
94852,9640.761871906712
94905,21457.045918102598
76632,21922.224043563852
84100,7402.518999816388
95802,11126.224989198881
93740,42839.685369387385
98565,10671.955494741545
104153,10522.495862340847
82480,6713.678240342575
100660,10272.095216487012
76089,28215.669625371705
104329,7167.412529589413
76434,18976.47555368243
84061,16232.760058637046
92097,17150.116748130567
96236,9722.266036103736
78908,10573.337825332508
104602,11547.735148889265
102750,15586.84258832225
103394,14283.979848372037
88113,8703.770775921323
95654,27792.884556240326
86372,10583.521176241118
103110,12304.797695990286
88378,16761.045051188365
97704,7124.339486938914
90821,15953.607529683155
84901,25410.998572937642
93956,17388.382795978665
96320,29868.528716928766
81148,22678.256604050126
96461,24373.776492817473
84615,10641.259270537208
108104,23995.3203021929
78039,16365.820522274504
91425,26463.282858619827
77044,11349.323064199136
83049,18111.729793993938
99803,20495.26938265555
77693,20426.3700721938
95508,45047.48767185652
101593,11492.878900334663
101499,6742.180270533965
88319,19773.47875419671
107344,34401.319268872096
88590,7522.653368613155
102740,7868.464412045248
85931,12222.143666084467
77210,19126.064845574176
104732,15646.326161444827
101802,8813.686385783354
106071,10677.339073481604
107867,8631.207232722636
103449,4598.017502680358
79433,28662.19378004578
94897,43420.60215649587
79851,19589.20889368711
103779,6616.413337604803
84206,7030.015295236373
101707,8052.985189044006
90924,15396.1375126164
92910,31045.952426272434
95774,40064.638095256916
78551,47776.09878416073
97038,14085.613845568327
107852,13162.969261626686
87639,7895.048382953998
89958,18083.70521979472
77096,16053.25047563758
80491,20151.596987442845
97835,8989.614565851676
88697,8003.1600796702805
78196,48380.9850011622
100662,9760.275650770309
93739,7549.070066798334
101433,11810.48190162613
79620,11048.743299168436
98914,6785.461905155531
86750,9926.801010989306
99223,8864.282472355893
100046,5648.772154391152
77452,30237.530325312087
104703,12933.266302570246
98198,10128.541352326654
104049,18306.759970007915
102264,11136.22931008769
104967,16891.06557971369
82009,19901.13544499242
79345,12971.83355318972
76063,34800.608937366684
92506,17986.478614444935
105509,7141.572128247855
87958,12115.963843683408
104150,18400.40294361459
76395,22462.543144982734
92933,22286.701630848205
105564,10383.619214929537
101877,16146.578646198504
97863,8690.400006586415
98886,23296.693546351704
108166,23883.053215141546
84870,18152.734045488378
105095,14428.28671385689
91461,19738.673234412756
89581,6791.656000394858
79917,6089.341257328875
86396,10738.711292979959
77190,25563.317665493447
81287,10847.5014399269
103138,11207.659330508155
87123,10652.950846155078
103793,10724.383594377152
93077,20234.13943141656
107545,30827.001578651016
99055,8829.049274877441
101183,8424.945963408907
100713,7989.431110205039
94948,25849.05912717658
104333,3848.7773029341606
99987,8102.379568367498
85251,10981.095667291665
78966,11270.016318837388
106038,20744.502352219188
80139,25189.94923359453
86167,12295.027911088118
99261,12995.24978484961
92352,13039.95508945351
106505,17216.444771135702
100845,10935.939215027794
99620,12538.236566140004
99159,23319.788098520243
106476,26296.05142904718
98980,20796.425550610285
93289,17819.748366497493
108209,12777.39235491264
83126,9111.280355738287
100563,6625.247378344779
105255,9061.542148137522
94179,20464.162037069655
90552,8387.990478111036
91267,10681.585456724873
96812,12866.583385025913
88257,18843.793673649452
88718,12054.42354499545
83854,15778.237943675158
94902,17258.022422291044
92523,12574.2265616668
89821,15364.940984518233
95400,42099.6048013585
84369,11527.371176970488
104199,10677.111449278224
82116,28355.07295911364
100708,11837.977950723849
82790,12726.702785690533
81821,16660.84716925487
88277,14740.233497463376
81500,34037.830019684974
86835,16203.860913629564
79378,32678.79327575502
91295,29346.78938533938
91973,26872.38864201902
104856,16137.658213568735
77543,20477.28556482127
108162,8461.415679167792
91217,36929.10872986131
87896,18443.634771266654
98107,8528.082013844667
100169,10703.55151892343
90709,9265.6819965958
80086,33766.82498437929
81299,33202.16364094138
96112,18525.852728431437
103775,7261.870223915356
95669,28395.32089201065
78443,15572.550595450784
83136,15759.248297542234
103945,7036.325532112835
93010,26652.308900168584
91906,26284.32729149591
85113,10901.670476051293
79454,16440.6174087281
95079,32711.537872581182
77330,51832.27377930853
83798,12151.183367058267
90237,7244.5078786434005
90782,8345.445416192755
93557,24074.0802280268
80716,19581.677059511097
103222,7902.020716737231
88529,7454.7805219081465
79327,21297.841411073696
103525,7685.0383861601385
77294,14003.071711629174
86934,5631.564185372496
83687,9768.441298788648
101179,9964.868443121535
86285,16599.728834485617
108225,33141.322924369546
79458,20561.047018902726
79962,25900.309548218804
77878,29652.17112963947
79980,32066.59278604566
78111,21573.658206528136
96878,21599.863585798135
91368,26095.166950215003
85298,6866.261822732213
85082,17086.17929301705
91369,21826.28174035856
96485,24112.284074968007
77644,13459.333363642727
87187,16690.694195334403
108438,16676.041362118416
83884,14686.479064640329
79694,12994.202212309658
83581,18071.77880339188
89661,17140.739642817753
91756,15384.069458036944
94344,12913.528075852295
104700,26354.24179513956
82382,34312.67298025289
107594,41566.26781413574
78751,23024.11650369253
80127,11621.946430573023
99586,11508.904954789487
79871,17189.192299171773
107372,17314.357494663367
108028,22609.01090902346
85904,13791.893356810815
102788,14117.169535348115
99942,12870.211726204878
107103,13082.93506114772
84087,7430.876622494361
97292,11454.689314950096
104542,13331.195015868152
94429,23064.522406701613
86335,16148.947237701841
82367,13150.05561859768
86457,15543.892885431174
107346,13261.75078702569
77766,59527.00650215621
94768,43805.80047033163
84426,18078.321103335536
104173,15702.827602605488
80165,35298.708522815454
80521,24867.48601002784
95028,29751.08928044396
77278,34947.9213433861
104940,20116.296880642032
76864,24741.148432861646
87845,8851.771727392106
86391,14370.374752153239
85488,3645.059389080955
87274,18767.533856922437
102371,8025.877117281131
77811,14788.903686162286
80166,25513.64549022375
85693,8640.752068946535
86192,17704.196914190194
104128,20736.951463956768
76805,12643.293877618233
76360,13316.869508988417
100706,5582.049968265159
101318,13505.158199306596
99579,19967.803497439738
77331,25343.9084501775
107340,12369.906650283716
90662,18897.923888645633
83565,6780.626135799558
89664,18577.58136992464
78421,22461.890889566002
85006,10057.194597014994
93876,33901.00884863397
97786,17101.077106395205
96174,26384.10815039259
87729,8298.22089719125
83280,11347.273536549428
102207,14946.431233139607
100949,8606.452680788343
105703,13326.001985185867
100936,4667.85758548899
80419,30264.911290901364
85990,8620.055034539218
107505,22077.278572390587
81337,14357.866842910695
93683,31907.41281281558
94646,28342.320977878513
93987,19308.96455263184
80512,16250.070281672319
76113,21034.62981639996
106835,6652.318916020898
100428,13898.264928252263
105624,25044.513895418902
89652,12226.865240512261
95108,25822.247261126337
99206,11953.91565654971
76036,18186.533613544492
86230,9019.838369643681
84454,18444.156207149637
79349,15042.03424576456
85609,10270.86405255123
77345,13597.962416460372
78726,49269.3523817261
94445,30629.09697044457
107695,8431.762063152622
106991,17438.586867382586
79308,12932.272504428967
86486,9366.516338688929
80429,40840.41072013334
87107,18067.957170500165
80582,15034.808581637157
90386,10684.87678357291
98363,10455.755157849182
76705,21352.46244770827
104824,7142.469212151911
104154,2254.9049575073013
91270,17315.753612744185
83116,11057.839092501776
105710,5989.2334436015135
95042,18688.846876029296
88001,14172.151827032572
85212,10657.45877787183
91875,21538.588679415716
108248,9912.920243747756
106378,15345.96245148646
89950,18123.93596266777
108165,8066.195069265192
83958,13005.320104154654
101582,6005.599124176132
106377,13732.92525452727
104057,9992.770570938223
92245,31286.606390432265
91187,30922.313196762574
88022,17243.96443589896
92561,18746.934844919222
96757,10436.861606697303
104597,33079.96521065409
101485,8895.69248400024
88381,7404.389567240837
103776,8171.274864644565
91215,29829.11963890031
103022,13644.640515104575
101933,12535.122021816458
93174,29027.59298220904
105945,7982.609748364372
78879,19359.224101821528
82065,11659.27937291913
99235,25874.178743594468
81250,26342.199267872533
98942,23355.232350266742
82966,12174.940310050175
81141,20798.160214255367
101325,15440.774224654018
82470,8943.607517447548
79063,34795.29646155965
95324,40639.88868834222
86407,6236.385133683573
94026,80145.24587527322
106390,11415.466547637729
105069,22195.634856594486
88045,16931.5350948938
85356,13715.379345243147
80298,27158.395266975178
78479,12014.347023699404
98197,19915.66243922452
76490,28601.424132355158
77678,31306.516041792747
87021,16335.802702739922
107215,18954.59675004524
81404,29024.96493052621
84641,13229.255950660845
96328,23226.214078154837
83845,14962.83301711457
102745,7740.145894641575
105081,9510.661144284368
92135,16097.377156251601
105888,21911.582205768293
103985,9692.039327204293
92091,14668.55669888298
88090,17490.12111614979
106712,10320.312220746759
83446,16701.40448415862
84263,10397.116549809463
87277,9445.044704530836
90625,7094.522591543374
79466,20045.249637755045
77287,7739.942544951953
91628,17521.38751385897
89171,20320.175886451183
78750,22297.08635469981
77085,28642.80093964515
80877,24078.64622093826
76526,26329.076693618124
81085,25752.91853439896
107918,11166.429918067202
89072,7559.814642895327
103832,11291.865725665197
90495,7344.025892319177
100430,8004.104824839405
94346,10972.551972114576
94350,19397.43005523154
85431,8864.59658718254
105851,19918.01778730997
106969,13482.995318598305
95370,14714.218952971734
94611,20909.032509793928
79129,6413.442745613608
76596,22801.55083726398
93211,22151.296761020505
102753,11213.041703861221
98370,17634.04960414617
90773,12056.188566658464
98298,11483.49478519274
98150,7579.643359266259
101220,11932.66000186746
80802,31409.48342535446
91398,19925.183107572004
86010,18695.948493636388
81267,41249.980165413566
79745,18591.91718914101
105864,22813.888273515113
99245,17974.696165272107
77308,16337.684451253494
85341,13228.82301902327
78845,12387.900287655833
78542,13206.947965321762
95408,20288.333194890187
99562,7571.241153494881
82748,16093.983910055566
79419,43507.150844970405
107846,12225.383603086602
90929,20451.52563514844
77964,20067.329177197353
95902,22985.771639622955
105576,9944.445164580253
94067,26756.361403956853
82322,14723.72094096853
94533,12764.725642325559
102326,10208.0767603372
97048,8922.905107211804
84908,10990.985092849369
81143,17085.21298513276
90090,8827.607200409211
93029,19577.209210401146
85943,15796.867941719134
95392,17366.479985960534
107057,13821.302040638668
89067,9102.123551736628
85202,19227.528734967167
81457,35831.06307695477
77074,11151.789386413748
94378,20186.857782713618
78921,16773.279348326738
80414,33081.50599526472
78653,14304.33203557528
87185,17449.178699281154
103928,9482.746377121879
77930,15812.020386261089
93057,27919.64638933151
81986,26459.74867789411
87505,4855.289505806858
104258,4927.301733479218
100795,9823.367241344924
82702,18092.72527711768
98156,12332.521721426709
81155,27935.2586663758
82204,9748.648685219476
79859,17225.535389963763
79501,37892.92175213622
78998,15505.770208078635
93846,8423.727707077107
83490,15819.909068317378
81890,31430.941218747044
78672,18746.802308325972
79310,22103.490923584734
81889,34296.36625095934
84975,12131.071456180258
104001,19269.826787043145
90374,25322.773514301705
76586,50536.12534385203
80099,30457.085825513077
78984,25914.59107161163
76198,15152.098407640848
106595,18554.10341704246
78327,16896.13903805416
88954,9505.702762162748
94710,40177.03147682989
82380,7565.612902105924
95780,29965.198403539784
80440,51002.20300852751
103715,11273.488324703028
94371,27610.67024950279
105793,23341.156711228097
104941,9226.40208509271
77499,12039.368212939658
79776,17071.010254234367
102456,4993.178275652836
87034,7364.057121197218
98570,12752.46422933166
86294,11579.455792623989
86579,12656.41783104506
78767,27785.4597662115
101407,10548.732712732282
90427,9273.08579906187
86604,12781.189301339718
104481,6657.1587537793475
102055,9384.771964581802
76565,33210.31142237823
101769,7292.7837830730405
86849,7882.988804533196
89128,10898.8139317353
77119,10911.854945881876
94623,23825.59945304932
94988,25732.38589774845
107071,13820.334855431622
106724,11454.385543453312
79938,20935.00655525364
98217,13446.895432461806
96660,17120.787108712375
82817,11671.428306782267
89810,8483.652712868748
108212,10994.086727650001
82851,19409.197414801274
106739,17984.327362063374
98224,20691.421870920167
79457,29519.192487130993
87381,9312.03063662296
89127,5543.632781464823
79388,28754.567685667345
100705,5999.376175269629
106385,12191.68334263419
76142,26988.84223844775
79007,16300.764492430053
95972,45187.35455017836
100737,7833.550899828922
81958,28579.958479406137
100805,9574.106902906658
81226,11187.157067060514
94857,19449.614766102135
103193,10256.781755116863
80622,28034.837120686494
92116,18446.67551732967
108228,10445.968709525048
84744,9891.476291434361
90654,16465.127858943433
90551,19388.235566619805
78428,27975.162805704294
80781,31000.41768649639
87118,35310.97151252339
90187,10331.509959138531
76110,10617.218118260933
81102,20135.52574491992
89957,9839.59011876423
103585,9074.856883293647
95786,23648.859122166916
90883,7507.127979121871
94705,48519.141931880054
98890,17884.738090447085
91766,35529.23194684861
95207,10006.419579637814
77002,12815.754026695186
98428,18656.0989100984
85456,13049.604946610576
102472,14971.01719168343
83021,9872.082607814089
94063,15976.186480947514
94665,31400.225052047594
81432,23117.250582537537
79825,30077.130693956016
95008,26563.3218535818
104634,24386.80525936551
89960,8263.267769994676
99162,12103.683729055812
99269,8651.899123627982
102221,9121.91493658922
88075,15727.591616575883
86981,9021.150425833264
97144,10516.781517646199
95073,26283.60829298768
107794,11063.069620420223
82837,8633.24449727547
76265,27201.39401225676
102416,13508.252024495816
106292,25871.155345588017
94162,25012.65884295246
85715,7481.4071542653155
108484,27136.859038605908
103120,7666.515098563897
98178,7595.926487487009
92208,10458.146782445481
82800,12352.48346611331
86660,10926.689013480938
94811,18846.778931061923
95020,13414.673366104988
103339,7195.312181098535
76719,17217.994305180437
106391,10179.604673245605
95855,38665.35004095304
107989,13953.294729277251
82154,23807.47914671169
77767,17087.89582768944
102776,12515.513685291004
79642,29035.716061593383
77306,13029.157124144576
98007,14755.718501273164
105538,14299.923552942304
84076,15022.340539953631
77749,27231.43311146803
95734,21098.346545242606
80602,17681.071974365277
100988,13436.643861894827
83690,11486.99275424875
84882,14236.9801236087
101699,8606.963958550645
86025,15475.777545238168
104331,22030.13468708575
93789,17300.964097041495
100427,11601.860460013528
89980,8909.11845398427
92989,20257.872315955752
96820,9911.319460851595
76354,18756.497318359274
93143,57309.612666221845
95045,20548.640417550374
78135,13503.613228010265
85841,10843.475240476546
105453,16578.755094150856
86843,12800.87211663671
76450,54835.43055179463
94878,43110.614170902685
85792,13959.84951245578
92518,19628.332290976236
91382,21847.999941214595
91966,44294.71463491294
95486,19213.821221889797
108090,19997.764700022522
83588,5053.468695969213
101240,10493.975032748185
79797,26086.0182341239
101978,13825.055719692202
77559,10248.07824230758
84171,8521.008729534478
84012,12461.418500852757
78716,18966.264675904382
100485,9153.046452898867
98908,8692.236411650007
93238,32592.70675983085
95809,24546.40428277992
107070,24451.774994334795
102546,7882.530589418097
104507,27787.4351070424
92943,26480.47404788687
90241,7558.299227182291
79542,24965.6406587836
82510,8646.602640745014
93255,26844.723435177508
96559,12313.988613557663
108483,18843.52383976275
82288,23012.184459128275
104480,9830.816153186299
92328,29740.813437415287
95793,31558.063023264305
105673,13670.124598888218
95841,15722.74691599167
98338,8121.783868640416
103579,5650.711139879202
76861,21740.807492298554
84414,5486.607001904286
102508,6481.084914996985
83622,8362.434974946395
98822,10884.304930816072
86291,9908.299117262804
84831,9335.342873045016
82626,10230.102136533957
105508,15962.675159052531
77130,28589.797164344873
94652,27016.18530767656
83243,8638.907763554082
80908,55956.732658568566
106139,19284.557749375854
91617,20567.502457836526
83524,11804.59767474881
94486,26145.974799532447
106044,12081.941260618327
87195,10378.690157775267
77450,22711.247968378506
99239,12229.147551518812
104813,21167.903876892196
108254,7302.360953648802
105150,13658.42410369973
88390,7891.394852768693
97902,20503.462803955448
101186,8201.023431097436
79116,24094.17562782037
77214,23093.745020921895
79298,7344.690234523667
91370,24785.5259220379
84827,11848.529739360023
107282,9716.328613483824
97678,7687.527794517915
93570,15063.090468173265
77654,12841.658416913007
77227,22480.863244202348
106789,16223.69254139662
78869,20847.2813619164
76531,14356.518458557837
83469,9519.26018274932
92278,26492.6627856531
105949,11812.436465779876
89026,19658.437602384467
102066,11183.264684676395
96352,13353.512078003781
77819,31734.455029623015
79655,30155.30859150712
84059,12461.733396733733
96541,12121.790910151807
89319,7024.026947741885
107795,9381.92748876886
96961,21716.408349350295
78158,21777.32104697519
77428,22016.181989199627
101125,10849.71124958701
95105,16822.758835853543
80306,9674.989677946362
88903,10751.97332002445
80574,17632.892169563023
76321,27323.408397750743
88786,26706.114000894853
95682,17664.94071645749
103135,14373.785516151931
84241,14658.980651065429
77809,12299.436324032955
92926,34057.16265718288
105895,29589.646358695307
86247,2680.904295492662
103470,11319.017000592477
98865,24961.80382510869
107363,30479.762914969422
76516,20475.96147872116
96506,12287.588178175369
106306,13125.090652590367
89093,13878.978623506016
108123,10392.136721382465
83510,6381.618070754023
86792,19390.423426293535
99984,15032.295503953304
76508,22219.88751719931
86580,10407.139142575032
88428,11275.303806120834
103922,16466.431819446192
96703,28091.750072348634
107626,17494.965682741
90100,7063.464300565109
101987,8394.24807967086
88615,12978.658599360335
100138,11689.88464579942
83743,7547.950414591734
82321,14737.84071198859
88594,7462.789577489973
93842,65941.04022608008
89350,9550.47992546339
87643,15461.633096888023
105892,11198.554315918027
105711,17034.85145915446
95657,26806.700780544255
96330,18417.309165918505
96906,12778.327915975162
82247,19979.043997552257
97125,6361.580830638252
101306,12993.244783784203
96708,15180.094045155825
77250,17573.93034777398
95451,23040.932980259957
99405,12386.399891183893
94758,19536.408330739505
101101,8986.534026540361
77643,31638.94727680928
90209,12785.259112208587
90312,13004.267132708987
93955,19970.88977153081
76334,23385.51614572416
85190,13824.525228961409
97992,6995.522586259556
92748,54272.39212778326
79843,22419.824724829898
88769,10137.351246046996
97453,14670.682069422814
82550,9001.763420581396
90775,12399.722456863858
88190,9663.634833561353
100712,17220.62994021082
77237,35206.65201039031
78997,22666.852656953186
105656,20343.61136711309
93368,23043.422232239813
93469,13704.706027627637
98426,8443.325885210033
96832,10606.498430004807
85322,13530.88330561903
97139,12661.03656792055
78678,18491.156830175423
97821,14245.942376324716
95410,14431.963626312043
107358,15953.34182954677
96750,5706.752681249021
102529,5607.114444940417
76433,14854.812992868767
101626,9919.63594084994
77790,20197.324304597852
82932,12299.031141799338
89517,7069.915878712767
82905,13135.071055668948
88552,8417.03172558636
103006,13522.311573805477
88811,16526.426401739496
101734,9813.498738841781
99230,20226.258866823944
106537,19582.51933798071
107114,17657.331474050825
98513,15646.96166312373
92795,28305.237019904085
98563,13941.863010676023
78599,7138.975907349083
78911,21811.239481563214
84652,13196.809101348472
91014,27116.424459955568
90901,16488.090505542346
82041,38739.988302347585
79218,30736.43879253627
107371,44879.09188681535
94767,20792.21244141634
91910,61897.79512713319
103462,6796.2538544453255
77125,18453.080012443672
95567,43989.24389222249
95039,18939.99311957228
85065,10709.33442713745
78252,20712.514481111783
89580,17073.98753794832
96742,7050.3280511095045
79876,40381.65151828684
94674,22649.494916227002
107822,13882.607623405002
92586,14111.717986191927
78107,22168.999898421738
91241,24832.30647970012
79077,8483.087742460108
86212,11870.71878763448
107527,16540.632943253113
88056,8159.595957316268
108480,13919.1991589674
77620,9860.400629836524
97188,20534.53699868459
94979,20828.27946259507
105541,17534.51804812671
105852,19943.502558505137
99182,16992.13327744193
91355,44928.091708472595
88516,11397.532373511747
76101,24518.393763381537
87097,6975.836101488478
96299,9220.92509573961
100944,11839.74398607858
83995,5237.602363289506
100407,5059.582100441948
88255,9616.077092670355
93935,21821.04306538628
95442,25430.742464341718
93571,27354.669374389938
78642,58477.045939249154
94545,28381.9161974395
97746,7784.98602603051
96419,26221.881178222662
102851,12495.11417543471
102356,9052.302751735342
94962,27992.956029238034
89175,11722.09835720709
104139,9888.7229335083
103395,10590.991769593486
97017,6499.801200711427
101358,8777.997428264529
107417,10014.205994323916
97977,11612.997794658999
86765,17469.357203751282
95743,24033.48054939916
97804,18070.181452795536
87010,6047.778356166599
86791,9379.930290100174
97486,13631.029891834914
81124,18099.170552444342
105391,19723.434540883398
90275,8259.489600754052
104855,5607.709555231741
82804,14874.543842436426
94810,17108.967496094945
79517,45529.96022717518
101826,11661.928098889177
89848,18390.175211161386
90432,11688.287540698884
83070,10990.3521721375
78270,10986.932484867255
99275,14450.949737660536
92424,27793.39303658744
103334,12149.336212980894
79160,21565.365454252817
98830,31438.06046245318
87956,11685.39828452876
84523,18358.104380396566
78157,14327.435748073463
79460,21250.333405706828
81918,14382.44453452307
98433,20722.000941542155
104582,9878.069147891902
80046,47450.39580846115
82135,20315.89139631785
89685,15364.374486431328
100990,12224.830760674993
85624,15747.52603005473
88293,9181.759101235262
82215,11074.11485038135
91261,31375.935131443068
78018,11107.85347507227
78266,17178.778755749587
101074,7636.901461481975
97075,19601.18715980609
81806,15474.33727574673
80743,21019.130311073226
95234,20362.932143265334
100410,17776.000088531076
106840,22653.848357154588
89637,6013.259860099363
85382,7102.258563504959
83832,16167.121920488615
108331,7719.627316099235
82026,14295.325001253668
108448,9889.008684902354
90028,15373.827837270197
107663,26311.31154734071
107477,15223.885079687081
93709,10947.607656368637
91327,47009.764723015156
98548,4223.597673708116
79064,12920.675458814405
100670,7273.176302141627
96494,11188.002723473259
89974,4301.827548218337
96107,11271.642637932639
78151,20618.58407018199
79304,19424.04460073405
92842,42367.219933431734
87813,10177.103860610321
88762,18372.11591183539
90399,16032.137686764325
78756,27692.92594228604
94019,58562.289370569815
82073,17925.1203133298
91846,28094.2332645654
97414,30405.07854263421
92758,18511.370807072115
101342,12086.388094876926
105987,21407.58691776178
81349,12428.964409305225
103712,13612.982222411048
83627,14180.52775196724
95247,13775.784374593093
92833,14977.792908670663
104587,16311.970498626626
93265,19457.446676461313
90518,14560.195457561187
104256,21789.09136362216
80882,23462.677651753045
108148,11779.471529746714
81385,13455.662547678381
87860,9764.977800490129
107638,11559.120697404178
103947,15958.385545076671
91049,43937.31055643827
97916,6428.027488546142
95433,25643.444583670018
95871,33797.0111839967
85779,9044.308778039624
103360,4672.364137224521
80203,29615.556699763183
88511,10664.50419582738
101672,11637.394859892078
82992,3254.2736854443124
103889,10354.367101291005
103630,6965.312106183619
103366,14431.01673807031
97200,8164.742939423778
104563,10040.719732203634
85824,8242.941161890916
91924,4733.775906432486
96499,13586.099701399135
99026,15655.170830780922
81965,31690.188927891657
91604,26823.901052690882
77552,27147.68410217674
93750,26928.994529979653
78941,33024.2190232717
102717,10089.942926380407
100534,11412.188069234671
99036,25274.646908816863
101961,6392.521616727752
76940,16090.863333554864
106310,16871.15729938331
81520,30230.29803269233
91800,4977.097979554609
95707,17628.254377065987
96395,9222.225463135612
90505,20261.688924641032
95284,17316.012956965427
98094,21210.55973873969
97884,10215.956461737684
98933,10943.246139302022
77664,38837.971432360195
93941,23006.13459082997
87812,18278.36457410646
81266,21222.64519159415
103825,10098.751717525683
99494,6986.288069677348
91256,12485.518142447085
91703,18745.668504365185
99971,5594.570513176501
76631,23067.993651701767
103612,3175.1081006327263
98611,4611.79102306012
94591,28439.943949029413
80518,26347.546747857145
94000,31501.153308202614
85010,16856.62517571553
87369,8398.522111168459
86714,9437.969300493352
79985,12941.69276023337
88051,3995.247993310282
97065,6801.514083130878
91307,18996.96642081898
98365,9169.443695144631
76522,50920.73837508083
96638,18397.522622425404
79703,12775.598168225328
83107,10700.649042216995
79104,18800.22488224511
93563,30354.779444830376
82599,7209.674889230713
83486,13383.9033904937
92895,16973.060851539605
108343,32348.708946682873
101774,9122.110625426118
82612,17505.726498791348
86861,7166.214421565826
101902,16757.907415291433
82973,10625.778986278148
89872,5818.886950944453
105616,12717.872292880387
84876,13996.274039985747
105133,10731.891273837522
98877,21907.067558285442
98515,22019.889401032673
98327,11424.597667175518
106633,13259.12655311405
82505,17891.265441107626
105007,11326.04810387611
97269,9912.11046911463
78140,14431.264024643036
82318,17826.711174115244
92993,22891.481286399598
97743,12447.572053396165
87763,9528.186910335631
104942,11317.141301748503
92045,17246.12042373578
97767,26960.873588262173
108348,20696.113989320424
89665,22338.350475211722
96862,8214.032560394038
78597,14949.87791398389
107574,24525.256023063936
94460,19197.16772697297
86944,7383.9027656464705
104505,29850.549370595323
94837,31183.516288536528
84576,8402.835547873372
82427,6621.355835861641
80054,27844.35799564088
103504,15762.663067856847
101400,14897.221305652456
95904,24195.61886657631
99877,8698.996246386916
87554,8076.971762213055
81180,17017.145391171125
101239,14321.91711862099
94258,37919.98431714303
82942,13832.512448463567
101204,6645.153779086065
98516,14654.2431322673
86925,9334.685734799481
104724,7793.133606983229
84627,11619.614954575178
90133,12524.10796941445
100320,16966.16006876487
88358,15801.13677409715
94280,12191.282361145042
95334,19610.55211567949
95899,27608.439648524993
87270,17715.321599026924
80723,22639.340700295837
80469,11371.700309317679
80280,22208.506474353646
79493,10634.76163786395
92221,16713.730063335548
88547,10049.306581294211
97994,8955.67395600845
100047,11222.817560214806
96172,7021.3054663792145
88933,13542.100000936674
107059,12723.109525971982
104280,21528.708929686574
94714,21970.547315194013
88671,25078.517425207185
102414,11629.686693821577
78051,31635.953369073653
89512,9544.62018320218
98524,8989.794288615118
88047,9094.535587280023
84441,9239.90147588381
78156,23906.306567399213
78648,14017.887446913093
78364,11403.188436235807
86764,14016.88785734325
78495,24372.707152347673
94609,15959.341172392633
83449,11034.358424113492
102392,11404.560351780176
102455,13756.805879688207
83713,14839.709863897266
97475,12351.31361775773
93371,17047.058039945863
94199,33485.935304764316
85023,10713.759518115789
95338,12519.993050620064
90965,40369.473608659064
77195,58437.63737827328
81875,10946.35660397172
104416,18042.31919811399
87203,14314.568012710273
91239,26169.36449305777
78127,13275.265638865514
98386,16015.150550453627
96497,10526.448156269718
83232,13865.930014319487
107692,30068.099839621194
100734,7826.263238706193
78271,31295.44034318355
100136,11096.264531706642
86004,18914.91860971496
77776,26063.39170184418
84950,7170.992163692972
84323,10793.255323401128
87033,17725.135142980318
94088,21917.00125515927
100594,14791.019072958898
103071,8713.180143673986
89791,9564.77568602684
97852,10460.630605011911
105601,11045.91620853589
82003,15951.503063090084
84872,16768.91984706106
82701,14548.840752274315
92469,32192.823934673677
92873,20057.03340059398
82114,30483.464007640225
101316,7977.630975539455
85697,11577.796317019287
100885,7727.429030513621
95305,21317.23703841107
93741,11041.417499043846
76178,21775.953012441776
84999,18907.220646439724
104143,22640.6897030432
105483,12020.137044637266
86136,10160.186487520816
99292,18105.96682245409
95024,22798.778882915034
107831,8871.897014108145
95035,32218.03697466978
86842,18141.644670127964
79511,50261.53796890663
99852,8093.859105702161
92478,20425.687893671246
93704,14568.297864227216
101664,12697.565521253033
76931,41001.4874354749
81674,20241.305715657654
102597,9091.946185068702
100630,6196.853705876615
76978,29541.10654665342
102490,9748.039067532914
100842,8118.254037361543
102990,5198.398135873892
105412,10444.779147658513
78744,23953.16697463782
76082,13676.659824073071
82773,12455.588219085694
107285,16075.304236794
85211,13724.737664351684
101093,6617.640020265907
96626,18566.40714247746
103089,5920.193363905822
98149,2670.075821026873
89290,7697.307158487387
104295,9470.866266702986
106958,32886.2521635848
102661,11306.308023268477
84082,9811.452114343367
88521,23359.117785413215
78312,29131.328720913378
85481,7969.911544789106
88961,10862.345930293675
96432,31103.619025774195
77539,10981.801110249575
88374,16099.75164658571
102919,5526.11994181811
94335,14876.628919370765
85305,8259.978797212903
96360,12285.077123395053
85471,8693.011733272422
104566,8312.258103669523
102100,10039.401875497313
80170,18517.789178770425
103347,14720.563050252207
87487,36268.44436819623
84090,15955.452625579255
100034,16659.412114650528
86825,17248.292135822983
80018,50072.579741796835
102611,14563.859436404435
102665,9695.557162505562
92920,22731.82166352962
89381,6322.913815281963
105151,20125.158288115734
84039,17317.490785234346
102217,7635.016956080669
102388,10677.305948244075
98820,20162.349125892284
100665,10639.938644300932
90384,36177.098046468585
92859,10955.340407095418
106356,9555.161291524908
104723,14257.555090789425
93244,42756.248020312814
77449,20673.90946972579
107911,12326.677685753559
81721,27987.67659194566
85237,8259.83073808734
87601,19104.487344491914
98578,13405.58499213182
80704,34424.773176816285
89078,7775.440894897402
92042,8680.467246064045
100450,12800.88329638752
95304,8257.075131890151
76023,16603.12651179699
90609,12620.406289103828
95170,18713.25479044929
96870,10138.778796303808
107247,27810.634646463197
100484,10134.79415147079
77659,32614.631028924705
79832,31643.261446627403
91419,4984.182858729615
80371,21526.840050068316
83386,15782.133159412813
103919,11074.031459981641
95201,13228.643223064242
84155,17335.404520139225
90743,10065.687683374654
104381,19409.09873607091
89097,6977.099300029022
102033,5865.682637914882
91725,24483.824625229503
92999,16779.91600457554
95835,19360.963671098933
102206,9801.632259428457
101763,7181.616705282792
81377,15465.335270569909
105683,13740.126888607914
91033,32412.935336344293
103314,9749.219563187353
105070,9138.811498396268
86950,8865.31137525404
79171,22529.741462832397
81227,18721.86854747919
80197,14514.645675707827
92037,26051.88644360841
84688,12758.363342641838
101952,8151.157501187358
88604,17320.729156308676
104058,21513.76359643196
106274,6526.184496067496
84985,11537.48197910746
99085,7037.366343318388
80801,18507.3165678354
80233,26161.00704909054
81000,44739.228040317634
89057,16129.862404211104
98382,9913.164342849972
106493,32886.27322455014
95057,20183.500667594773
84556,9050.80968254889
103037,15909.843583929258
92174,22246.33899411117
90920,15178.392094852388
93409,31692.8210920648
87113,18859.823803552434
104981,44261.61746765688
104556,14806.466165477783
92782,20610.527375446156
90546,7187.027199405341
105506,14767.498972309337
84787,11104.252319829364
100399,9626.624343498535
105911,8625.387396714052
101920,10376.129942648946
89224,14148.624204530855
106787,31546.144942227096
83083,3623.585011089407
102399,7086.144176859471
77196,3825.7214353510644
104889,6817.094207456475
79598,10247.268702639447
100540,7601.839792112283
107792,55904.34467449129
85758,13128.061569937787
79333,16134.268863114914
99351,13550.304614681105
86706,7747.100997026784
89547,16436.713148015857
88092,18272.456416603844
90348,9584.281745437152
96125,16365.321466957248
86921,16544.540469141673
76903,33936.72061061988
95539,10678.990519150851
89841,13117.830016387134
102771,12454.881097346055
87174,12670.092264305502
81975,52105.35678804087
95289,16347.274505987465
77318,26879.209927286884
76955,13480.247857508504
80996,47947.20603179868
87707,5707.548515131545
84519,6005.2072604323685
96833,17973.134270122726
97584,6939.839472682359
104697,11211.995623083722
85510,7627.679706717403
79758,34376.13766052087
99502,6077.235350099348
80725,19094.833900728718
104108,10142.588227135184
107802,21949.717880516124
84871,13492.516362724877
85817,9248.641322788735
95473,8058.623630590672
85629,16928.477342664457
99641,7014.001660275781
82356,12679.908744091244
96335,22111.642925304517
103623,10333.729815164868
84233,8874.739638071378
93708,14426.819647880537
97947,10246.054078187799
84368,18020.13114679633
92108,11064.618175424894
86099,15576.51664391869
95173,24157.937416323388
78389,25590.62107337833
106219,13105.56124901622
88823,15993.5655265223
95608,29900.26230027071
95876,30762.124872816417
86433,13655.27046424517
95515,20623.68606519669
97503,15900.081866626097
89163,15186.117776000621
106479,20368.409048384667
83722,17902.758725440806
80644,24388.140237367017
86002,19719.939723686377
86783,9783.14183897619
91928,31630.58723131133
102142,13909.306377453146
106024,25049.548058088894
76022,16499.117141962626
95221,13409.086976104669
105051,20899.700128773762
99939,9780.903048900862
103202,7083.2651135431415
104770,28180.978887219662
88396,7858.228193719346
93666,27151.35534383723
100763,9001.210180108917
96842,12936.374021375566
78807,30036.580265897675
85559,10463.115547550815
84384,19007.06859278307
95619,26877.40895268943
104008,23307.543973206026
98379,6605.211219221102
90476,9725.611335696352
88845,9822.79130038069
80296,10038.56472865067
88294,13291.85153190315
86733,10771.583973982035
101515,8554.614103925305
107440,9654.916495417436
81834,29919.53720721728
94764,26136.47021193494
94968,20734.185524482506
88218,14900.088314018927
87863,10392.26809944201
104019,11593.764314787097
103369,8564.501571183195
106979,5644.822268947526
89717,7224.63915636859
94504,4010.0368442660874
85722,10739.339261566683
85311,10741.902866069495
103162,8528.736377940193
79834,32285.845649539122
102283,8249.517864664906
102686,11042.941072552014
85834,11122.001691645637
83633,10379.907790366691
101178,6016.019462170971
102859,19010.918405442357
97691,17985.776062468205
99575,10937.129275842177
81921,12323.043951354259
88114,12918.026373799074
100101,8800.279832692175
101736,13911.214233004841
92763,16447.260057682033
93514,27439.503831696155
86322,14702.603643154538
84924,16416.655609149395
85898,8308.823245375459
93419,28071.82795270205
88784,10891.554539898327
95012,42749.55957896621
81858,19879.029081462708
101610,11934.446018557343
99190,10224.75491513863
87530,8576.115378620383
86979,14285.91896637663
77670,3125.2340354592184
81123,12324.134670783778
81724,10488.512722032467
77870,11130.759009674071
84193,15892.315273954679
105928,16167.075428464763
97607,18872.530722831234
96063,26214.4666644796
77962,14058.002190440762
81560,32905.94383304598
100204,9579.524289921621
89185,15551.16998706528
91744,15188.382991175355
91470,26856.61984854676
78412,11165.65116025517
96222,15395.772284967714
95148,26118.31408752053
106039,12781.866435584754
79352,11594.99781919045
96602,6366.380851127154
102798,9662.935226777754
107301,26081.58243051162
96147,16049.871302667168
87382,16349.410523287132
79907,22721.878312658762
102924,8012.3623794638725
78012,25777.078137435103
78333,17351.299452586467
105989,20891.632151303897
90607,16033.16224234449
86110,11551.994196728514
81540,21589.334423630182
77937,20102.990971983567
84630,17717.574614574976
80988,47296.953922445435
92519,25167.511174618918
95795,11105.044663883045
86837,5594.674092528936
82642,17308.145681728758
86017,11794.950395379885
84772,15845.95243960762
103962,11155.393738571234
106264,9783.246375259801
84934,20752.878301658267
91598,30421.46938139755
104102,9860.694011224716
81261,4834.8997897928675
78425,21155.41698189492
96508,9641.757110991055
98668,19429.99725006392
93948,35202.660792339055
82909,15293.310765290445
91514,24820.17132574037
100969,6913.875059391081
102102,6690.773921161598
103465,9545.099988300386
95072,18641.028858646463
87535,30954.805538452678
107564,6266.927032191279
103297,6434.938614831877
106528,9181.771696568414
83748,10055.044230714471
98195,6910.862404570578
102113,15641.645588249032
94277,12562.26152930762
93160,21391.950675036805
92063,25134.109464320285
81037,11381.697542142905
92602,52111.60175525831
93096,18624.67443113879
97243,11297.278581454959
78019,15414.667598629849
107604,8826.949779855207
101438,16979.0771010087
86439,8953.120570314031
82300,20249.229509068664
105142,11785.66551372321
84429,6179.850489403226
98958,7432.692696774546
92197,22885.036461776293
82096,27470.79656665001
81536,27119.85591915352
101623,14983.423322881566
85596,9937.805292220883
90600,9007.618555976553
80089,50799.91870214228
87224,10281.230240766203
87685,18812.78744078183
90958,28109.221077165537
81004,20602.32025001683
91667,20121.22428429508
77877,23017.302700532677
90956,19375.13766100849
87744,13370.06351415552
96817,11685.633927078332
97163,11244.587149049517
102517,12562.394060455204
83356,6207.219320616495
89415,8918.89375220945
100153,8957.770909890973
96024,17871.261002299223
92043,31768.273806075325
100495,7494.677413741836
79653,21480.14538777359
88149,16870.534641247374
98022,20764.302201081588
84983,19725.347254629854
98394,19082.289447043975
78062,15634.265492813623
83656,17105.83666373262
93963,56150.387654309554
81988,31444.25926729102
95992,26762.867866247172
82620,11215.273510024826
82149,15659.765482651108
106199,9655.286536483012
107884,24053.312013994677
106607,19830.201887349187
84212,2680.947941714105
88234,16211.13492821272
96712,14304.368990997309
101058,15357.697398165381
81149,31001.385744158808
92670,21615.918664558376
101383,10097.394539692164
82563,13385.317421944517
100600,15748.112177206733
90826,13895.64210411348
102364,8337.494872399011
80759,30310.61691732026
79628,15376.674375008446
86113,18404.174993861452
96607,9538.345342000168
96462,19469.499670754987
88668,15151.690717762796
85575,18160.10097453392
97718,9564.685314124163
107322,30427.725765279192
79948,53291.32437660111
84361,19258.22967181547
77092,21735.358679775596
82359,21213.274496973267
87495,16881.11329343452
102966,13500.947439896956
104309,15841.603417534061
106312,24772.15328059676
85152,11534.09895274156
80835,10642.491360351223
99488,8704.805030276795
101023,9708.843945898254
82295,21248.92556286275
94330,23849.390427601305
96446,20962.523444982802
99608,12279.905410242354
108305,15250.830116223133
106512,18829.990136791
104003,9211.375510701664
103550,12176.935865995196
86253,6512.109358220984
88355,8338.78975446167
101629,11027.822873944755
101460,5335.432614092952
87820,11523.19361907887
83140,11397.205495743334
89804,11705.058052160768
101738,13104.260189580515
101121,16707.24590678405
81810,47157.34943816568
102106,6049.120489710338
80437,9106.75846848101
101463,11070.9051542379
97919,7175.8303563276395
107407,22507.052123322872
76258,25156.19756365592
100626,19286.884306153264
92755,23484.33904781052
102655,8677.265140401878
89223,16437.2962812931
95180,41209.87306810853
96372,7015.593067801339
84089,11487.785124439482
82203,32467.05393283784
98785,6962.424440585247
95930,19299.74533020489
92151,17010.112706091695
105149,14768.157338784671
104517,7643.533789930562
85727,10298.047676204871
104769,12065.748626416775
106796,18734.665052213848
79021,16320.499548914557
86121,9449.805443844412
103139,8407.469808543809
87918,8784.456137744108
80634,46585.79106142451
103033,6897.015995303974
80019,17116.04185171771
108035,20116.231160421463
77891,7759.73901226365
95749,25317.537537484546
86617,7379.570253913315
77709,12186.23685383114
77952,13608.232121684932
97083,13220.278570032835
78040,15936.223730527474
96041,23809.916625113005
101843,8430.525301284486
103016,10461.781287997814
86049,11534.772642942824
98228,7239.460900056457
90554,7190.884731161604
103311,5033.418342826381
80418,19713.839021052863
81866,47640.40478694722
101259,10212.375531716945
92909,25801.886716528363
79034,35457.322432407236
77129,11843.736352741624
99018,11453.12386991893
107391,11995.414240195587
108170,18047.36906293283
80664,27768.087282595687
94438,34745.525679953986
100436,10446.774124467189
107031,12982.451247552144
103954,9624.887144430593
78892,12834.856025691162
88505,15367.859978715045
103329,11681.39405240594
88345,13392.215656503602
105950,10155.185867043205
98331,8144.334058437981
77666,15429.653839291648
95383,16760.107930848673
108535,12053.792987550452
78705,11122.636142433914
79597,11326.906602255796
97585,26279.69224722363
93832,24177.7584674887
97348,10102.01406364406
87291,16679.34687948303
96291,14948.33566623411
84851,11996.430453156692
105338,23209.435205247933
84514,8636.376172135555
105830,22562.69273778452
78819,11346.779207445285
79728,54532.1167214687
105993,21628.432220028324
104822,24372.203616547158
101141,11023.902519024079
82728,7174.937562263596
83273,3770.795148736446
107233,14305.195637381235
81943,36488.76138725487
105637,22913.850654054597
81203,13847.110097422272
95127,33967.461896068926
79994,36583.60183649741
96025,24312.494789694385
97390,30271.60961874963
107522,18139.530452554467
99674,3570.3449653641733
83001,19978.092656299512
94573,19657.19427815927
91983,31032.69683170288
89935,15781.223007105986
83115,8128.231694825323
108439,18292.925765620672
82297,15553.709142914287
96542,13401.853442730888
78269,55445.97941428213
104124,11153.07228109506
90435,11661.261147818075
97520,23477.739655621273
85468,5877.430493376325
83566,10124.798233764539
106890,32148.66119155057
98124,6781.519093836817
85866,11099.290867614627
104379,25374.280216306408
99616,8883.085854553256
77346,26153.375976983843
83668,7444.192268529036
94488,26092.52117625538
87494,9003.276986511219
84099,12198.24249891618
78345,12394.538069454376
95626,17455.68469953485
91044,23148.704565862958
91343,18576.789674073872
99823,8784.203192431798
97197,13896.785646996346
76399,23751.232803766026
95484,27095.345555321386
89728,21491.733180083043
93866,13046.106459619037
94053,28969.81847098026
103190,12100.994249969259
76312,17695.515005256082
79453,25165.03555461653
99956,13279.387439382741
96811,33412.85205896712
100537,13797.96467880695
98142,4112.666174652259
106900,17304.077399239406
89474,6906.2693602688505
76696,10970.714463396012
87479,12945.103315381357
84806,10313.425568988407
85385,28288.19087238475
93372,43659.50295861283
92860,24784.15587470126
105267,29132.203146015287
86951,8593.249693406728
79622,9107.085942007323
95103,20086.82458858318
87138,10520.898586388454
91912,16728.146650801147
78932,17386.58882906154
106494,11788.121874955697
91645,24308.1065162444
76102,18813.62813635084
79636,24363.922312833503
99416,12279.099884133713
95715,30443.751670482245
81323,23510.278623704664
96273,9657.388226609766
95585,22083.475844261127
91885,22740.40363577809
80762,28380.198010856722
79167,9512.796556030584
87173,10632.024115944041
92719,24206.480540684905
87482,7410.47952530684
95215,22501.36979205138
104054,31463.294342424815
103066,9178.241056819377
102449,10074.705574028912
93985,24955.91120445404
99869,16307.425009914405
88347,13700.996066701195
77208,13328.714791198227
79376,15551.640601628615
98451,8865.207654569156
88983,16775.93928121142
106464,11789.134656623555
89146,16971.21565869751
105833,10060.228834716925
79242,23068.31459597185
107738,11339.156307523768
77626,12303.584604988639
77415,15973.79386463985
82458,9778.10339548392
80995,24318.449368635313
98434,11502.068175200231
106938,19404.761417698723
102349,10750.561981749503
85791,14761.045406084786
103622,10778.870549415371
108149,9331.21376966318
86450,20252.46055148744
107252,12824.98910631244
76034,9060.257545886347
82259,33764.38609827838
76581,33876.41527147735
95499,28385.13216688721
76648,44362.11364320163
75992,22322.179648652578
81407,18857.705353857364
105954,16839.082014237927
97001,8841.674326958166
96179,10211.372604809361
77616,16212.509572425777
108142,20299.389501071244
89107,8088.264116481443
108236,22295.84042825532
92520,18418.029375205846
93186,13481.40299537542
96171,13233.717645573299
78460,11845.601403355615
85417,13716.731287926636
100064,10821.583864400425
92393,16984.969370978903
83360,15388.637928122827
103935,11105.640255462466
106977,12980.364933871855
107965,14187.67427320421
91921,21142.455735243362
105002,11351.330961584245
93968,22413.559124734973
83088,6272.912072335945
92707,26647.11139177855
89001,16756.831357430856
95856,23538.870672964804
88962,20793.956749117806
99828,12585.250406609066
87980,10765.409553381049
103861,14371.719929451561
90588,10753.246382985
91508,28676.63052397916
86131,8026.278090814925
97249,8920.495952317642
88232,13567.523953613761
78451,29358.09976724115
79773,18189.717539928257
82873,7528.374145268458
104116,21513.76359643196
83673,19840.62067657258
77622,33087.9783699354
94936,20066.26073815447
93795,18332.682191810418
96084,7234.54472207229
105406,13089.4334413745
102280,11592.71512829386
83867,17146.722081871252
83621,17290.949756590955
98536,7451.316088218636
101889,8795.397353954397
84479,12352.563363363832
77956,16497.27415590241
99484,4383.059951588929
82140,10709.274813406058
79005,34968.24623571001
77513,23266.02418516657
92211,22273.309599272776
85245,10903.946800547834
92239,20392.987180850498
97205,4240.773949078497
84822,9090.903953005882
104413,10914.235955973762
98704,22136.77439673143
76724,17380.432155101782
101457,10644.531388438287
85487,18342.09707991959
107392,8648.871475817603
90712,13390.794860349055
105823,7753.911774049238
100345,12107.363856305352
104219,13331.82495524201
90297,7547.414870905472
77122,32860.78855399023
104805,24072.401660633575
94490,31968.856216081214
99948,8128.819158300546
103562,16360.2397247588
93378,13596.945764123771
92288,13947.836397817708
78059,8672.625108568167
96096,14141.053128424812
95732,11454.572970110183
87817,6148.853074714298
101084,9669.862040348322
90506,7897.120914947794
95676,14568.984971760623
90249,14399.12032441072
95932,34081.67391510128
103254,11536.044100842217
99286,7378.963996544404
84918,13862.310394583465
97397,10564.263270455527
88837,11874.359274002714
99212,24462.863531165152
86421,13514.023868732682
78337,30495.921070526438
76020,28950.375994655176
88038,11485.386057933689
91409,15369.515091584299
95205,8659.185799377305
108031,7062.122974957342
105386,9402.770366697721
100613,15279.08282343759
95685,22217.17866339416
78731,12975.830663674164
87310,17778.737936343117
101113,11544.339242874266
89077,10106.016903869562
96672,23125.136048207933
86775,4236.413631455397
79262,28230.507866646843
104469,13394.52180639528
98351,10285.591068337191
80728,20080.703359715946
97386,17068.828998166846
97417,17759.669633957372
93911,20916.52559526338
99842,6858.145320590558
97191,16245.333486508258
103152,6747.401204794634
100093,14544.385411129178
104319,14635.835705092082
78419,22076.223145830136
106929,9195.727665642473
107427,10921.885399502564
93578,18533.774241728028
103404,8204.439342795198
77844,23509.402224879308
98068,14398.120664965207
95709,42228.1457741225
87946,16144.132375141497
76391,43249.07868589162
87096,12002.259092500733
77186,24270.5461713285
90698,13200.600557733627
93367,23585.059572509457
83133,10787.15483963148
97840,12381.229048934974
87605,14222.83254788729
78472,21823.699753731406
100925,5118.453709761257
99596,20192.9098915237
86081,8023.602312058479
105725,10614.836139141478
94362,18280.408329389036
88579,10431.76000568322
86705,12303.67280403719
80813,16446.71137863819
78885,9113.021958218662
95548,12910.980901033241
82342,20260.56680093261
77011,15781.076598854963
83904,10321.990277924822
105485,9973.459579421517
107922,14084.83162425446
90200,7040.1148481289665
104534,11369.983893010223
88664,12557.26282994077
100499,7194.980211060646
101035,15755.853101904695
90482,14902.481581839293
108068,8131.702542344582
81709,37637.20189969171
97618,8511.858400600686
101931,9731.808624818541
100284,7456.5108379999765
101027,15358.357584481431
96674,9355.731999814681
84856,15992.575308642801
105326,29335.45432751393
102491,11461.738478989431
97616,19426.077850480888
100667,15815.005395876167
108197,10917.121416700897
94844,29498.234256662574
104934,15676.697441755057
94116,26444.66028483667
76214,22509.16929002936
90916,19849.09051313642
106013,12269.559547031507
103429,15892.971441997943
93335,16826.824143224876
99260,16497.12301537118
97043,14144.493695401789
77925,67359.36204238639
86716,16268.271499310968
82230,11235.295756698106
77567,51852.598287668
108496,32526.67517209215
104871,21058.657314081065
77957,10580.546656852135
96401,12888.937495003542
88284,11221.022177752317
86845,7255.922044361296
101349,4477.527379364472
77015,13784.119292796007
94471,20319.153028703447
108380,20790.81886266833
92533,30214.565709019622
77756,12545.948318924822
76035,21424.74560121116
75973,8539.587097444868
94675,9379.785093941922
79435,21639.91691614792
106542,22596.37587162101
96546,12055.623979875456
95946,19087.147168523356
93188,23387.884648946794
78117,16966.48597836302
102180,6888.9809204044495
81825,17818.0555047427
90050,9215.783435569321
79638,17775.920301094673
87579,12638.483809871037
108103,18096.166681148912
76578,18903.56254392712
79112,14846.883915151195
95959,22347.93997874524
78244,18102.240520684478
77851,30033.380029462336
87052,17696.16830937042
88538,18410.106408100724
79011,24158.249300036085
96381,21205.791726540836
105358,14607.687957662649
92876,17858.144835054474
87699,6067.828855619173
90203,16390.27794221658
77001,18106.445477888683
97974,7463.711288097151
89985,8552.666285285775
97810,9971.456546359068
107459,9376.75418602111
104861,17197.74012682382
82516,9691.308222407848
83497,10540.31091621381
80194,55538.99693658003
85730,9488.261550119025
77914,28407.285845022856
88779,16555.209542340923
88366,8732.317918742074
104300,14510.119003112542
84300,11683.028024688743
79422,10023.294970973486
94910,27907.162187039707
108386,25367.700061794352
92708,3909.708069140818
90802,20057.638759797952
104397,21063.286831978527
98039,13731.365420460581
107887,25004.87044325003
105290,10392.61163002291
102575,19654.61100465158
105040,8846.98492273766
98430,8658.911655070853
80499,24544.52849700313
101694,12662.754384604252
76386,30673.757686453646
98181,12125.037177941926
85340,16878.025842559276
90766,17854.551988564137
93472,17734.46934070579
79927,34745.8304655129
80854,21287.22609692672
100180,10205.583717371934
84437,3924.340515754798
83358,6528.820495452576
93108,22980.05658723422
104330,12142.422938207095
103518,8074.7731863662775
89006,15946.288972533404
101611,6716.064435047221
92226,20615.32085758516
84798,9256.437532714719
92840,9946.405168506612
106054,12777.074023359974
78261,32996.088079457775
76071,16875.567602090334
92246,21502.973228689934
92296,15399.051565508194
89469,11025.909861160919
98079,13865.942493560084
81294,10083.279517126144
96301,4994.548765451817
83888,10910.52495386088
87403,8437.106146725397
92192,30296.78247042709
107592,17914.21771728813
77496,15899.151653892195
97447,29273.262423036136
103131,11955.664336045476
104590,24613.05491142002
97597,9994.417993128956
82167,24759.220237107074
91027,26468.391687355703
78607,35162.76896833865
99587,11463.148232296962
93937,9397.508245850922
100307,11555.100787482712
107613,14436.016156149286
99773,13551.786250196816
90044,10100.613302213318
85578,18547.734090185724
77103,13321.337044986492
91386,24860.009072670848
98955,16251.768148846098
95927,21485.96026086369
103188,5731.926975218305
77389,76264.39663912993
81822,10635.413929927283
90768,31548.803373931663
77594,13254.181684829357
107085,16916.80310994157
87692,10815.825974697686
77813,8175.726063586188
81414,14412.447651230728
102900,8897.351868881022
83150,17003.331068316857
92414,30145.170684730954
105321,9802.240104038663
92658,24321.345013688904
87160,8767.981572200559
107827,15524.900546178513
105790,17472.125664147105
87463,17298.059544288477
91532,41360.18588220527
77459,24777.870923913422
81593,12204.788955911139
103719,11295.840990023753
102291,8234.524927238892
77211,24247.064555427492
92956,19171.486545530533
86578,15287.722983633385
85882,12850.326923468941
82082,19067.891616155488
91811,30243.912883169956
82036,30069.008855981974
76773,17305.57945630027
99406,9598.358972230717
102289,9543.474439245949
94402,19665.574300302145
98621,8221.295154272333
96476,13152.388875279968
93410,13351.878500714134
84989,16188.003979281424
85123,16442.11444363554
88492,17922.308850991187
95128,26007.57181026032
93047,15617.868876749057
84587,13925.137563610011
94856,24603.601726832698
92247,22022.21084676547
101052,13925.185324068265
82940,4559.147040640704
97756,11675.259786524126
98444,22119.285959115783
77869,10254.053799567695
96694,14499.464144135085
107101,12033.472429152918
88276,10592.655026528759
84648,12864.361274969719
88011,12017.528602819275
97951,17345.899703246494
77288,26378.91290224166
104937,7258.166348123881
81621,10955.656557855636
82049,36654.49948554173
98553,9583.630585351526
105056,29831.645821849077
80914,27965.948799836635
82440,17208.135398557504
94927,24265.4966486364
84303,11518.88872354304
85533,11463.844448997686
97576,10851.35274188799
82216,22019.48672449696
84279,18171.537061387022
80976,16158.983984208739
106097,21146.746359803772
83074,12779.561089908726
87581,12598.468106757244
97210,18442.321643703905
90785,11573.925093030244
99434,14489.357381205891
89600,18964.12201070405
103809,12622.546843424228
92260,6937.289266203799
89667,10674.990228536235
99310,6181.381354758734
90375,21758.835065147035
89468,11917.77155085839
94940,22872.87386541531
97747,5803.387401167845
97570,8230.549943023296
105994,24412.720924280624
93145,14274.3533060238
94100,16905.295967326998
103226,13864.122752905205
100167,14790.793782658904
98138,10574.356226016378
101043,8511.365583716799
82078,16208.412871453682
104748,10704.79798220189
103881,15602.169476566021
86774,20180.367876401626
89857,8573.34519362718
97150,12556.530849621535
107683,17453.222769393622
83708,18243.377711434943
78775,13143.98020697349
104200,24826.163667149136
107581,12503.183183102608
99756,7528.50972419438
90210,15166.86885620385
78027,33156.54113558363
97012,13300.214112057058
104010,9327.882695630104
100639,11196.16837461657
93792,13277.293601348809
85574,17440.176483871554
105066,11186.598835056227
97307,11637.211944252667
77243,47711.8227210097
100661,10789.047812977977
80825,19720.29740237141
85856,12457.220203953802
85793,10424.902209112925
107091,19268.432495199966
85836,24460.427198676447
83887,10586.925094878596
84721,16566.996014603992
77636,6006.425404726002
76905,44100.59333012161
104895,15051.876520141232
86377,15513.417996459157
83076,17879.269510924754
90124,4025.106167266133
105661,13737.89669816954
91631,6253.536016502756
79760,50704.389016076544
100714,7585.540748823205
99231,18161.178304540063
82805,16943.266527912754
80714,30792.403788168926
93820,24940.583111798176
85373,9188.906443081814
95562,28972.13624638999
91723,29029.8168782124
91501,25276.530657128787
91222,15496.228334831078
97984,26681.430475434845
95047,47705.58440055594
101181,5341.353118038769
88389,9272.268995608849
86999,27988.737889135846
85255,19297.525051727673
79093,14955.571448807676
82409,16415.591546131094
103128,11784.75286902452
107027,13246.104566501419
108081,14418.99590001342
85698,21112.33505084531
84249,21616.679499011923
101719,6876.399880917872
88643,7160.202971396381
80972,18687.739546611403
106047,16782.47434373913
86779,2433.222028515934
78587,33032.590873060886
90179,12941.427357087963
90972,10506.82432606288
78609,23072.182625819114
98324,6146.439819126079
76446,51582.79159780654
86829,13385.023125528842
87796,11198.029034442643
83650,15483.255517287798
81411,11440.986141920563
81963,30837.69932148816
96782,20591.16558712246
89718,8759.944464805782
95518,20965.02428731652
107293,8933.79858185027
99739,9266.031469776624
103956,12335.471031446687
85946,17308.340141976296
88532,17945.216938996327
85713,8176.822605604286
78184,20245.079021895683
100234,5694.536093883926
107715,10269.65640388136
106150,16771.690793293266
77266,12836.24278689602
91067,19458.52095582924
80869,23581.56896323896
81462,11730.381406138367
83382,7382.345637120388
92915,18553.26145659241
81139,15634.303836678646
96523,12764.473744628807
107090,30906.80615940798
108117,20115.473139153422
91742,3858.5612171811167
98340,12004.46966611729
88371,16280.738651115065
101031,5733.782253528376
108430,33424.82599757175
77740,27382.255989223584
87861,11057.599400138755
84746,10104.580972015649
81252,27618.997401364337
81933,13978.548564654615
92153,22163.521520700975
95485,17584.195671003068
97686,14047.066828275389
107452,14482.829297492277
95477,24275.47059834391
95752,33564.623515036095
99499,5988.686284098714
81223,15796.160228331457
83589,28051.079337784755
81497,28635.01138811678
95884,20993.516240818946
87806,10481.870595952598
92330,19343.66781553596
84558,13285.693111012151
82990,9263.323876239243
90851,6456.578628246626
96997,33027.04670874623
90278,14900.093223796739
82417,10707.348352839246
100247,7647.148108796701
82239,28133.646394788586
76975,21764.31021396236
102948,9589.856982448468
96929,12052.632406087145
107088,14634.724489655735
94670,13173.06187018636
89862,4496.419601640509
94506,13103.611958357504
97696,9330.404041265849
82696,21774.87088923174
103767,12889.179761437488
105307,11969.417612874015
106510,29063.082629098524
88316,16091.371069743756
94321,18689.063574041455
96595,17757.106411147583
83223,8266.153487080153
85551,12282.171530547723
96007,11907.751757427874
90296,8412.87394260495
97407,10525.121327054296
93071,15673.211631354847
97275,7619.1319610257
86827,4973.44249161051
99759,6893.121631637107
106689,21337.764915971664
103062,7330.313610889635
99657,12390.995466995872
93428,29122.21534811011
88504,17548.323343946257
87359,11038.192753571577
81906,17714.83309688506
107446,9691.498163618393
78926,35072.25150285265
97871,6711.00897229606
94202,15196.333725418386
101216,12854.272091285158
89614,14371.992114288378
82929,4281.373201298975
78710,10235.792947586033
104966,18240.60467936625
88410,13843.690860883022
94382,20816.87829328229
106319,47534.26913554472
91212,18801.042653468976
103584,9995.838684562861
107593,9064.501925274117
100069,15369.522699611198
97293,11313.41387778235
97085,5815.553410095905
78830,15763.205997187904
80409,14221.209187119064
81079,32141.173627378656
90437,8214.031631420095
104169,29645.190638080003
83432,14218.360918341035
86630,14991.698766244515
100678,6150.383493705181
92564,24111.48690171142
86007,9433.100166221031
84102,8129.388495704976
85324,18160.8115678341
92796,12231.224985932522
78277,29029.803403894337
91813,13987.703587067646
107896,23377.010221609456
80598,23008.06511412795
93630,22473.590813999774
98016,13130.893463025543
79518,51777.82082082057
104016,9686.559164077393
90069,19645.995525601702
108485,8434.852325024802
105556,29722.524824453198
107276,21494.36301992399
86409,16646.729925553584
98131,12220.119013486996
95165,16619.32024456062
92954,18977.54999303282
108363,7263.117161775077
107775,16610.946678954166
98806,7161.787299374195
82105,17641.198347327165
95777,13866.006794068026
78794,20620.28513618319
77994,35193.25344749103
90061,6749.745736830652
98353,14563.199948022067
86777,12392.152282844192
107107,10466.059690496866
99207,12006.261459943933
92441,23642.739810374955
81253,21345.076559885543
82071,23883.833978918006
86304,9170.890963944188
78529,6220.806770372558
100606,8607.038329709174
108524,23683.28885224843
87772,18519.27895723936
83062,16241.189442129595
106197,17993.051479912207
105773,26407.688336633437
79317,20287.244115466296
103930,6901.620724427097
77486,35810.65363128152
76154,28772.584543654673
89324,5366.146844760699
98354,13168.441730443821
108349,7920.03134762724
108146,8859.37329500512
77826,22001.054242284605
91078,20550.85706389836
78136,25462.456306864304
107463,26116.236422845675
100749,15808.448686940434
77223,56302.8146477831
92513,20395.105295738475
99409,8135.69536340576
94380,26328.044129316
84791,9531.61638619042
86042,17175.47994263833
79939,34732.0496876095
83953,19012.045257147245
103754,11554.33918475938
86091,13513.950691454924
83114,10165.702319175349
80956,13419.423086215247
96276,8483.55799521049
89799,17035.272201443375
87919,7918.055199947174
84054,19266.88958314616
102856,8475.698213303378
105645,9439.278545941199
81207,22529.742817793922
79629,22999.61898486839
97211,19331.147992798065
86631,5595.771359409853
93438,31366.006829212325
96983,18476.936657295224
93914,25332.65599892247
98470,10796.991969252316
76650,11922.175349942583
96428,31147.100359732012
84958,16136.988191885204
81064,12525.24495325143
82469,12336.991161474063
102139,11554.829150908088
97800,9628.796162519375
98474,6534.645967898705
107944,12163.092481911206
97401,7941.981394261677
108476,10317.676142600832
103189,8399.3454007289
82987,10448.387055398198
80903,28400.70347885475
90854,9785.609480164203
95644,35571.99517020314
98728,8439.382505025962
94370,17794.187953455785
84537,13302.545684349463
89358,11866.543978192507
76221,11342.59618163812
84935,16849.314921671346
107676,12719.26301471063
103154,10061.554890484675
82600,17149.61921855222
104290,18818.570518521992
79972,20762.37942894779
89202,21330.83627054989
97253,8796.120351701857
97358,8201.876476449113
106932,10840.652870366588
101140,6759.546165261847
100650,8334.820337748242
99817,20895.580952351538
80953,20348.456039478275
93851,16261.706021300502
89574,4250.24638598408
91092,13947.836397817708
78214,24147.879901374854
80283,18016.229261531524
93158,17726.90406964302
78562,50023.7272270031
108498,14462.69908937457
100223,6497.297990323948
76976,9890.918142837916
81119,24082.233122779988
97369,26009.424895398763
95721,23630.314253070603
82271,18197.59594318947
102837,10308.332904896506
94761,21966.07654090733
89200,10608.320267530993
102690,9228.029018504834
101274,11492.828991929042
107682,23802.5491633074
108276,13061.796527896
99011,12420.259536038535
94484,14253.85685868029
106033,19881.285114632243
89123,11827.094268671663
88740,8616.342698905997
90951,27482.44803167515
103812,5790.325724937893
100056,10254.232655071035
100691,13474.308665542738
88394,15632.513094497024
97620,8046.912358011459
107955,7816.612374381327
98144,19641.881595179322
106325,22188.018748542843
92867,42600.90511868202
85204,7533.282359429367
87062,19084.09354647964
81539,20188.171680084113
92009,33359.07962140971
108224,13336.60731838975
101686,11886.107994911301
98557,8709.991261785175
101594,11920.717400583655
100647,2528.406323752803
102401,9517.592669761969
86093,11175.2770093083
85837,13520.394763645294
86260,15326.87931771907
79830,35360.00359655385
100041,15715.001512821165
92230,21614.99952591573
94661,21175.667115775996
79450,20078.133389507813
101374,7149.395649588116
76983,35024.5529290385
99673,20381.284892537467
81336,17591.519455670703
100376,10803.427028109703
92756,24869.634072187095
87725,13625.660620038027
84541,19580.736529920818
82284,36913.74135668326
89479,6769.496897638417
93259,108364.16582271791
105648,6283.039475628964
99099,9679.42226717521
104543,21480.111060711
108474,24989.640738650058
76907,20507.40713504358
93652,27360.498997416747
100967,7297.5548705308665
94331,15754.32088148387
106381,9040.821960135136
83170,10437.22885825327
102953,9280.274547689622
103590,10392.740924058591
77316,17998.528790400935
84682,19736.20909052073
84524,12863.142498509062
76747,17466.30805240826
99049,9378.75804625927
105881,14120.318057002487
90833,6523.293533793699
108079,13311.222971349645
107295,13380.192850290003
77121,14987.05255087079
78927,39371.08918717113
103048,8501.783780352962
86216,14372.450334720425
88448,15484.33688196301
86219,15622.591179845045
87181,8680.13365182353
98755,8740.354746155488
76443,12214.458996701425
101149,7554.009863565464
104315,21983.925988621188
108345,9772.909108047497
100156,8291.592398830922
107263,14974.375648385012
83935,6411.108455305691
90584,8117.397681275052
105733,12426.576280169496
88332,11128.415474501962
81979,22264.442232911122
91864,48904.0139891963
106847,14220.966939133956
95136,16374.577412181594
96991,9392.220769177982
105905,10607.61160320794
102080,7223.570840322798
98072,7730.991116759124
103711,10060.263097741321
92213,17044.83601814745
106898,9958.610376336213
85333,17033.780011401133
84559,10616.382880102447
95428,29970.377389425772
101003,15052.482689333267
87773,4676.6636643563
100739,12398.010921788344
99885,12463.588670637593
106647,10753.007436793458
98019,9569.165840342019
92212,25610.402656985792
100786,12379.949490287361
85518,15284.889187615616
89849,10103.003324570056
76149,16140.858125993243
97490,7034.185749585155
87476,8895.024737899366
83248,19483.299903630654
99352,9442.544193225734
90736,8692.230139889478
77596,19669.484688366996
77209,3337.5929622926315
82308,12745.546792880476
78207,14622.684709903879
104041,11533.533335935159
81125,15941.812528466535
81691,35227.026636503004
94459,9373.314087647346
79977,14590.231246052255
96530,19129.413725643553
78367,23956.491380299674
108100,34818.564041233854
104510,9066.520463910309
81891,11789.339911929212
97087,13709.603696952923
88161,9337.655048762063
101097,9709.9474367343
81742,21847.880573709906
78409,7398.389002059872
107496,16657.53312061231
99326,7250.260727748288
78535,9657.98129171435
106164,21711.16335242063
79719,27011.30202718819
90418,8437.098204314818
85844,12461.384190248962
86639,9769.465310223472
83745,5699.8843647769945
77300,59670.07055913422
87702,10711.185032673784
82586,10061.413602537566
83769,10308.104193178988
81708,31206.187645399183
90224,11477.361890125127
100063,7477.792649355942
79249,12927.45043909572
78719,31855.457748978522
97287,8571.211874652108
84267,19582.623501023176
84056,8422.827967972515
101164,11211.743225883225
85826,18222.344529266273
93793,27513.63279706411
90945,24958.739306545987
98991,9867.526603188431
79647,13575.567513179305
96794,13035.541334238002
83984,15048.589769024478
96688,8495.519175045998
79838,18364.246649897592
105671,9624.012365723773
87438,14661.860815110029
85859,16247.490340505828
91639,16593.416134330386
81134,41817.653776731066
99992,13120.747156715008
91262,26559.364199820724
81417,30418.516902111787
90783,19744.238591574634
88898,17268.9960775935
76241,12589.681449853791
76491,18044.091804260363
83132,16393.251583281646
97757,15477.744740214426
91753,29664.39510855712
82333,24862.309599685996
88295,9585.858558447662
98314,10345.383361442775
86172,8542.988998451443
78331,21800.458711863765
81996,26541.060094723165
83315,2580.9155179272207
92376,16212.529645976401
103058,12540.122563544759
102215,12712.023824402284
104225,28399.98817473194
76910,17735.316479436384
88657,12163.062958995437
104943,19904.746165445213
86434,13625.594015635499
79432,13389.204975495511
103103,13911.845834012043
91456,32189.546707272333
89465,14048.401379224182
107774,10602.672574504772
80938,31769.03353491544
94883,17086.38070696548
94135,28824.174400617172
78747,17589.053350627313
76240,20446.547463991817
95820,38981.54106209543
79092,23067.07112250804
84393,10557.18301467936
94391,34082.770269585206
77183,21339.37416212189
105612,7908.951891620278
89046,9480.866830231207
90878,23756.00035572015
77058,15176.516296816344
84468,9690.019212767458
76713,24617.491791571876
85568,11537.559468767407
82191,19719.249249219756
84825,17456.861943784857
79009,54835.73392746809
93908,25282.53679378429
91135,25791.17236840805
94603,21808.546620314217
105887,22863.770440057284
103196,10753.581780025741
87544,13562.896006914341
99605,14018.99785907891
101660,10703.55151892343
100671,9089.193095327482
97839,27615.49959720843
77742,38473.18002598745
106144,9200.79989665284
79681,28702.51700331595
98764,9156.633911783978
98200,10108.780642287013
82652,8240.037312517083
83599,8624.028906094774
97776,13807.539527215327
83403,13382.682307264162
77472,32289.253315393966
79535,27916.70660358505
82632,15436.108912094265
98612,12156.994124378014
76103,23500.038284273025
94824,25382.87488410315
87424,20214.431317481125
79193,18753.978551471402
80853,14557.500049676395
87885,10055.267639489257
80891,26604.031379710003
77149,24506.430444324717
91012,14036.721973428459
99259,7183.852045151508
81555,25686.38690116836
93917,29490.16418695929
88089,16717.940746363387
100704,14375.310652521772
77798,34583.29980967782
87342,11216.476848310225
96013,9356.767616485165
93380,19683.652965128655
84040,13346.511082775722
88600,18134.040884403308
76133,17018.743593061332
94842,17572.027620821427
98184,6164.399943952711
88767,16715.622840645727
98741,21923.1084383353
81739,10934.487225313169
91321,28544.198229825834
108030,24529.56279997824
77680,20180.313675645146
78189,26295.580440816513
82302,25544.91825108335
78968,19409.05577043371
101390,9412.506216431155
95491,16210.280836142168
101687,5723.284218279541
76371,17429.535957294935
100151,12615.947778763251
92147,22444.972814953428
103385,13528.440864846874
86960,17292.377238636487
89563,21170.092403945862
98013,6563.152731601447
103747,5976.164917937037
107681,17984.975873054143
82686,7667.579211001513
79913,11176.312690111163
96545,22031.242278798392
98278,11328.6507017414
88916,13470.063632692993
104733,10906.722381258278
103529,9764.601735049207
100642,15779.269286834442
97860,9540.769713774047
88870,14860.331527104496
97563,19140.987661297633
97081,12837.499652260154
89544,7561.643077951498
96332,12166.559236825704
97064,6010.628423601146
81916,32059.90061161508
82148,53149.883482424244
102447,3933.516257058222
103111,9089.222453897793
85058,9646.119643881077
76422,21258.088661572758
94546,17954.48760980436
96769,11342.469617709272
95364,13288.368766032576
101118,14428.230509574423
107644,17382.99943639543
104650,8763.72592239704
97300,8834.526180978008
104069,10602.69764975593
84700,14163.303799958154
97122,11850.670180079633
89878,19611.218222416563
82579,19041.954393559085
107967,8967.6435095105
82494,5014.45621509901
104872,14633.44339557259
76339,21683.33000420723
90676,6900.73299160561
83780,16171.910231392027
94444,25036.198576079532
83532,3895.5404739299343
103380,6796.176561129803
90941,40113.91701070899
99845,17571.486176115177
98053,12130.43028958501
77863,51902.54684522895
81107,24442.41641489278
81176,26820.30934045593
93196,54536.400549319005
102895,5103.400855916285
107093,20790.348582128758
106566,41409.08839890614
88893,9525.680554314446
81939,56334.42367590137
98833,7737.86524590101
102812,5853.304823629533
95766,21712.477605419415
83556,19042.078930766504
96725,9873.998064700007
104649,6736.517121400806
98466,14951.392569550133
77661,23019.96753105365
99882,19400.62346431994
82646,10563.725721068113
94874,18362.510764527837
92800,12372.726052282975
80265,28238.569131045955
80587,36720.79774397692
92298,25872.829211304033
99023,24299.04588562129
88098,10431.852783672997
100928,14154.430773710294
106437,12845.32461898773
83122,10637.617385691512
86614,10375.660004327865
105454,20335.149756108738
89282,21038.942990832733
103136,9200.892852094568
104899,28434.373628597376
92041,32341.201488802708
80795,13300.358354450065
103043,9688.888424475286
90842,20946.288954878615
103070,10429.46630407028
91523,28772.43815768999
76427,23200.60145806643
86188,18308.39768062945
105618,34910.38838321373
82931,8438.679287966108
76137,11833.338392559144
88017,14135.640938864768
82713,11925.488209996816
76155,12549.76895887756
101057,9228.318434687226
94699,39252.89328345649
106794,18861.870642975347
97000,20992.834872052146
90986,23530.10538452928
92785,6381.549292492901
79156,14003.076135057774
107616,21286.496242044104
84264,7151.245617178319
93932,18424.23469320394
102956,10414.155348571465
79715,22879.226540423344
82329,20778.67222985589
86636,11918.1651989852
94479,27872.95004448881
84998,9508.37039249646
83835,8954.757825678944
106823,9107.191338073788
80760,19855.249226307133
83060,17040.99157146
85872,8872.683589183665
76227,15520.89136883202
103460,7250.935307765485
96989,13572.412714367349
107858,13219.027835974535
80447,10505.029841883372
108267,7259.189586101616
86584,13490.518549580238
96426,16009.578648314451
86696,20154.71334939794
88252,10640.395483795844
91515,53615.81393335023
98357,9506.926106598798
92439,25856.22748388138
92341,30817.972453840077
84739,9867.797524509404
76906,26757.307400333335
100027,8546.21990285749
102225,13874.95925104078
88476,14087.277156923448
81778,25216.512686197093
103266,17112.687979841747
87660,14971.722860160804
89634,7364.643416873919
93577,32071.71157244796
92450,18463.100811224387
99404,12785.291889398655
107936,13125.33322962057
86174,3912.393190056256
98273,9253.37905979018
99007,23631.818943038605
81615,16479.52681783384
91236,17730.151898537228
96984,17221.804562203146
92538,32777.526153421175
87039,4208.4839940389165
84235,14492.604999781326
77010,19082.563842730033
106727,5215.362971454131
102933,7500.87176956165
80821,8341.456680327745
81969,17608.115788222018
93088,27532.745880242983
107004,14628.91955719811
79330,28821.091565262424
80388,23355.199452643803
97494,16576.244401406126
107144,21312.789513585052
93860,19297.49500522492
94845,16050.129135964482
79152,21429.893860122138
95032,21679.17189387312
108333,10600.517141171162
76925,23569.48872838164
93278,57274.0569931484
98608,7278.7363711365015
87236,8231.606523904915
79320,24720.505070061616
83893,13128.295762659816
80973,16912.29127739295
97659,7155.915802044335
102063,9181.19656189518
96324,9943.797344156847
101184,9491.814559189137
97392,26077.26194767518
94094,17215.81565484657
95219,15931.321303834895
85048,18369.22285427139
94887,24424.458748214736
88002,17645.735489875373
99157,11454.55767973711
102746,10130.072253518858
89164,11938.643684348943
101079,16489.57852794375
94124,10117.84583511114
100161,12775.687599806253
84658,16971.04066579262
105603,15312.035251175195
90963,18261.75284612474
85012,16308.748329220805
108298,14316.689399139403
104080,4672.50032082687
91850,36903.03089770152
102713,4792.373897336394
83295,10657.812142057457
107847,12877.824349916049
105847,13158.830124545826
87143,16173.393454014928
106090,15706.485794884447
88925,9233.163792421903
106297,18375.269851857774
96596,13395.907831328397
99233,6591.147084466073
103321,15920.441460920876
82479,13924.095707733986
102734,17091.49806509556
107461,28206.263543408237
103237,13769.375998817519
85581,19281.311856646164
99196,7229.377185157199
79178,14724.644830866995
84339,14990.888679460631
92764,18617.48382243331
85498,16322.326762679846
100622,9052.139045225582
106518,29765.701730377856
82821,9636.838336147457
97628,18763.453874406743
90763,8402.140403846737
91567,26014.05068357176
107462,7623.555457126532
95833,23304.262915834654
102479,15779.269286834442
97555,12501.710622088272
80881,9758.628578877755
84016,16067.347236963487
94051,12387.59488044899
76277,24525.71031791818
88676,7562.331447380813
102566,9888.333213467293
88564,15199.285068844145
95048,26336.75733573342
82166,12444.957988766657
86227,25709.968682613144
83738,9109.559695574211
103684,11923.55436133923
79893,19126.615423607785
100634,8929.491164378724
96392,16503.202159009277
96311,18757.32405384567
85015,13825.726045420952
83050,18136.762019278212
81925,27596.231589086856
106187,10783.947911542096
83863,12443.87265637213
82048,31826.264632215076
100962,13298.17013300848
91587,19094.16248351216
104915,18776.298370252563
98779,15067.768034099285
96698,7359.79978791919
84701,10181.848506493774
92986,26048.41130948097
77112,24058.723134593132
90774,9736.682189598061
88520,9283.071123487007
88281,16073.980749608801
91388,31917.536747176055
76441,31596.41457305609
98643,13908.98218773991
97850,14378.472361071279
98344,3686.3974863089734
99441,14318.150258063824
80230,28354.197385856256
106370,10559.28523872937
88901,10382.578305919726
76590,13746.714619208764
94998,13749.4151719431
77283,32885.68356432295
104065,27970.445806072294
107919,11139.080522852511
103743,4968.967126533834
100503,6778.3363533059655
81273,10535.72382710561
81878,8961.075035817912
79224,28054.938761414407
90254,4449.1119910307625
82712,9248.727029573794
98113,8266.13121680065
104562,14260.443456293653
103014,9174.305889608946
107299,25618.355149785722
99799,5602.362999019865
87952,6192.343172675363
101836,9245.52438294801
104896,24608.785940459038
107665,13444.957078175115
96182,25899.645373450123
84731,21190.34303544961
85565,11888.943477436595
83237,9647.524689128566
80785,26121.16685834315
81935,35187.91638219298
90932,39543.32973854884
99204,14124.088327745018
78802,31183.98870500497
105421,16687.582627783097
81831,12720.686012032158
100016,7713.06757541686
76262,34577.70078508009
85286,11489.05665154558
78629,14529.741387036587
79451,15000.743732529983
91132,56038.61116481454
88726,11891.034116089026
89928,16296.362476980074
84672,15539.866073419114
102127,9855.190248061472
78630,16173.371979633615
105874,11125.846397383944
81491,14212.134027286063
108085,13875.266547004376
99711,8031.704639004969
95713,26179.10948983381
79499,12634.403961417058
88373,6446.581474489071
106412,19165.6570105387
86000,10239.128163015403
77849,16801.057121977286
102224,14058.084526111154
90591,7998.096724170571
78511,13703.338756450034
83611,16787.177160803563
95316,11022.813703031768
85207,7164.154796948423
86755,14064.58721549587
91361,22263.202049324616
88107,6309.084265948296
99468,5906.524393335191
101776,12260.218675395648
97132,5499.62538037017
106405,11683.670648316496
83804,13157.983774645152
104093,21162.2413776599
81897,24192.06048953017
97522,12845.608860187709
78569,26747.47246595613
96486,31374.80546334644
99636,6989.993182098891
80770,38698.906718077276
91534,24620.50121067123
80461,28396.49711108932
102345,6831.429432218931
95431,29712.91729421704
76350,9760.36710973136
76330,14430.398331883483
101604,10691.754684153491
99303,13656.16847738717
106266,15685.02671038902
84697,18361.365587798467
86296,9064.683913864465
90658,15017.76474211428
102954,9286.969348808216
106174,22968.820674269053
81510,23385.346419415862
89222,14788.829665922087
104391,16452.107840178942
76573,13449.965283659376
78060,12865.068487739954
85030,19181.131070031297
105478,22996.19626502891
83477,11971.840716838693
101134,13423.238345986452
103096,9285.757686539348
99391,10596.488540892096
94614,15307.455847168081
100110,8093.698132010396
81782,27098.057969706893
90292,8111.006237967153
86357,8469.847881830547
76157,10099.430838993636
80325,23959.12598703758
88991,15936.088901402407
83117,19942.48219268866
90513,16061.100538907678
82037,12364.64816817511
90066,9611.124448331027
92814,40291.60050600474
93991,39301.28607814868
100121,13663.797731224464
104495,10699.428647941537
105953,12132.337815788656
108089,9623.68307848546
84778,21076.521585055518
100753,13858.891734110986
107832,28661.783293652643
92190,12597.020934629585
82029,16356.78802386721
97914,10599.24956767734
105776,18285.72452908246
95402,14711.361739660793
99097,11355.56714500672
105043,8908.849222003522
106998,8161.635040439246
99567,11321.726302393901
85421,7240.054196371734
99161,13203.968458723222
89951,7135.113139453937
81358,29133.298860218285
100373,9596.012957770574
80291,37427.2845782137
88545,9777.564755392434
92994,20700.795688853486
90248,25307.35558157651
78625,22125.10934805762
81990,35403.150324747134
103075,11726.711550632439
98639,7202.729824311179
103368,15797.21328045609
95427,15241.548096646424
84503,5203.471532503222
82446,7353.137058871063
97175,11280.590816554306
101777,11257.194759071253
76086,13278.214456546588
106347,13498.440593492633
76445,50882.26217993872
97649,11520.629575286219
99273,23976.448148546686
98864,12238.72907616652
98037,20820.19730984035
107264,22219.325545321928
100104,11032.874373445475
81842,15816.567671310191
81839,12796.79085054006
100608,12781.930155192793
106588,8532.986984586718
107466,30796.74722309425
86092,14051.04139790583
92204,26084.643894389617
107905,42639.65385659014
76821,19554.69671735552
81022,11530.757573604156
105727,35067.73579052639
80544,47865.17681249699
93388,16329.253905217385
93775,19575.18113197396
93733,23050.354972416997
108177,15243.115866263868
79746,28912.98081683573
89285,14805.643984410452
100243,8379.809593560665
107171,19728.440592213796
93444,13706.820638885638
107421,13008.0297514576
94071,24004.286341312803
92195,43839.76810380834
76108,17431.07678343479
100603,8538.67452794417
95800,12447.05424915592
90708,13374.591239834483
102701,10699.228071005138
97732,12913.144105139485
102574,9259.502870102082
92237,31317.02331944105
94192,40219.70830134777
88219,7751.162062403154
88910,13530.106538102023
100811,13590.118636474095
103288,7412.843651920064
100370,9678.761129294995
102544,15018.117879780732
107473,8939.740598283011
106926,10282.95458369758
92514,20634.661564537582
78557,12527.877923688351
99091,17545.63967909144
96487,10448.97460413713
86252,13582.943446424577
84763,6546.329524975688
82531,16567.315336467636
79012,16243.606435752432
97078,17190.216912345648
96824,5983.2438484534505
79970,21364.021863383692
98057,17330.192533331145
105947,23681.652790673143
82539,16883.23988700986
105816,21034.986602325975
93800,19996.275905580642
87079,7755.979874380326
87453,11618.395082403214
92855,16239.823257929009
95805,19597.057502148462
76398,24864.46556381493
90724,13625.59785414124
102196,8463.516730346677
97661,12273.33429722691
105475,13318.48748416117
81241,10931.897293714637
91106,21766.69102111538
89543,26600.85829631874
94403,19896.801720699616
80666,19622.528675184734
99769,12151.746862206648
102351,8718.477618086781
102941,12945.105707332248
82783,18452.776522940745
78504,27028.698876018578
94715,20350.240935708927
92180,24246.763146124973
103904,11127.6995371225
102921,8508.858940281068
99685,13093.010101343298
93048,19570.37116828816
82988,21767.818581226864
93279,34785.912334425644
80084,32319.945683332615
101966,10679.937822258196
94667,31591.55415655864
76298,11695.966135263392
87379,16109.415584751643
94212,14208.582197067859
81333,17467.303953730854
85998,14244.080912449213
90198,10571.202119305612
87823,10742.445268093705
103530,13116.064553276847
106243,8959.287993637885
81208,13670.686993894938
105153,9258.432703894452
104103,23329.261783843634
89555,25328.258863693864
106042,20548.20793351205
78170,36027.465610674386
107675,14535.363921243938
106705,13526.156195414933
89953,6938.438494115132
101934,12227.832058622023
104727,25705.961401562545
87327,14296.233269723143
103247,13182.825716480247
84673,12297.120433217422
107520,40250.22883699002
76626,21257.72137379301
98638,9247.19635367544
102060,7404.944228256143
83635,20532.061291550595
94566,41790.793850715774
79207,37313.59521183134
98700,17592.32397155749
86563,17834.087805624862
86891,18944.11668763774
85278,6981.181067660722
91817,29675.767461477924
99473,11550.563627184772
102489,5386.730658138287
89191,14346.854224041213
101746,14171.259011531818
84538,11947.464332902884
78072,24940.382115834604
99832,12196.201534881013
103475,12124.53756601572
101016,15779.269286834442
100280,7964.940376532034
96067,8609.729909311396
104086,22387.429737737555
77248,18335.585551091473
104269,21261.563989244245
89495,7219.380202602757
81340,33166.99730662142
80277,20997.319908370413
76683,32748.824186146732
94847,12787.057851315678
99029,15776.844257968649
85874,15045.293085263735
78105,21670.527061624965
94978,20847.04316954088
101666,9449.993846952106
100757,8410.444722347736
86704,8259.411457000508
91205,26467.01049353621
95762,11540.420151637718
93641,20402.720641317843
87073,22109.776147169603
102433,10672.256875808356
104382,20987.86656978216
108060,9496.0474794874
107387,24990.39039421574
85027,11895.344127195985
86014,18747.107688483593
102602,16313.860577078443
107255,17724.203764123602
84269,12259.726646217907
85885,6315.391202584693
92843,14312.284150305039
107862,13069.447129907734
98781,24334.708156444027
106119,13868.614748229817
101872,11181.453647297736
87865,18589.302591865704
84803,9101.255833188214
88438,10041.87775782403
80105,21132.95596465716
80595,20627.468964510786
76539,9583.192263271612
107236,9572.107390479765
84946,12746.168423154824
93772,25341.471356104885
87793,15551.741577837745
104843,8947.769649128448
92234,19679.67490911413
89467,13837.941212687396
100145,15932.378355289795
93382,54232.7484847909
101891,15051.226754842437
81354,21327.029266862788
99309,13016.922067798749
81431,16804.52501872527
102073,9993.276135767019
88468,17240.885093612353
101873,13868.141677771522
88120,13385.23806660166
105714,5528.855892922023
106015,9269.617131812061
86707,16865.548846353857
93107,19994.36916125381
89230,13520.052393829566
100875,8471.647187437386
82920,7990.365269508797
98114,12993.960602047657
87262,10119.418274008396
104436,10064.635769985902
85404,6986.711957023685
96189,13360.331909982206
93408,50091.302701766006
92789,58501.98178764982
77768,32222.708203383965
99414,20343.764646607688
82807,14980.523404303807
88996,12622.247157407039
90305,7381.770086771942
77030,16009.411905752419
86129,7386.611906001256
83660,13111.442454188395
78602,23971.2480031445
83672,7787.8391529138125
105105,34796.16106261248
78704,34903.26826352938
80789,48329.11439228204
96633,14917.312391293337
86132,12453.98919103658
81619,49223.10610274837
104645,21793.037548439625
103853,5959.135608432618
96259,11998.755240208267
104677,17680.623882067885
76418,21258.698593878667
103593,10505.360814601912
84886,10555.602614754118
80773,9960.722105275858
94688,21132.0746450805
103823,6996.696439046842
98757,18704.419810986976
78516,8750.187344567543
80596,9041.799528239793
102855,11990.336857579729
95957,19544.087163217766
86440,10495.350741650773
95030,27281.0436020998
101874,14399.811813734073
84585,9518.865050155673
76257,11622.539967449131
76971,20477.911730998163
94070,26120.207144588803
106041,31998.759833406708
87346,14221.252482469914
80993,27040.3685411637
105309,19889.047241442517
92622,20288.18950173666
94582,36697.173143069886
83334,12580.636950514105
98922,6844.696251666209
77691,15843.882371119003
95469,12461.744488422168
90587,7091.232428124055
107411,10398.285777507257
97489,9728.55225915199
105719,18137.08286507654
89534,10041.010791496792
80741,21179.480675847855
105737,14628.060043170595
99043,18138.8108440803
80254,13915.09292222447
83172,16230.749032816331
101830,9328.145356849596
80506,8215.254459228296
105763,13884.414793514783
92507,21679.69013252811
101742,8017.064146793318
106547,33805.98387726527
98619,16108.449884245256
83503,12151.692587968635
80565,10872.514687937459
83013,14251.285854577083
85721,11347.040207087735
87556,9516.502006646757
84442,7150.257352777813
79634,6048.309017580516
97497,5999.687549622041
84325,12035.539807391233
81399,9236.858434660466
96361,12133.460172503077
101973,2364.9727031875136
78352,12093.910770435084
96564,13040.418198057545
94669,27376.454948899496
76655,44073.64582221343
76084,16344.81300646651
93215,19303.94187966371
105802,9193.238205353206
89981,6036.01791279208
84315,17924.008171546528
83297,17039.378136043102
93291,32685.91361085044
92128,27611.574489396466
101550,9829.36980994066
79384,14861.29289563987
103643,9745.452736308922
88482,6820.0644544477955
79950,28763.40573165016
79519,27311.990096719906
80376,18441.66844080561
83366,12405.601628697972
92250,27988.54318464833
87368,13707.37935753226
77347,15710.725311716782
107935,7709.042239077187
95765,26095.166950215003
91877,30832.660116342395
97574,7647.430433351496
95192,12938.431851827254
80288,25182.05538543031
96795,11164.711411504633
80851,31679.957391657834
93753,26635.43890969631
99782,5065.768059654101
83153,20014.7731791082
78634,11051.958911249983
99463,14954.46117803225
81675,16658.22358509913
83093,10964.118006852517
82993,9763.779032454255
86972,16073.200474293853
100455,10320.970155184908
92692,25757.14437594274
79761,36515.848990345345
90624,12342.94739637957
93517,23422.621906309443
99893,9073.458016162349
85441,9773.381788158877
91552,20985.17516056356
81031,16053.650104501743
82232,4189.579517808561
80062,27022.285795434273
104764,16982.883246478512
83572,8198.99303400221
100100,18968.105777125435
96649,15020.251708811169
99860,2124.480462183043
81915,25336.238632228782
96284,9232.881292564693
89243,7618.758182120136
95051,16863.43596659812
101507,12209.853398748894
108257,17357.454037067764
90558,21890.541733803526
96913,15450.288381614806
76621,15481.684285401117
99801,11544.607431202416
95155,14566.013365189354
96739,15357.134830480982
90592,12863.815140690864
83307,11153.449712814421
101154,8028.499135864508
88229,9877.35962261148
106301,12894.496981809265
82193,22788.042860424237
101153,10283.542609700471
107721,15181.782083606342
104792,9543.73255276463
92322,26361.5727630168
99316,12803.861340521045
86404,11263.475758377774
79624,28433.19416011797
87122,14078.788286126388
96046,15050.958009928683
83384,9878.759631021554
79657,14690.521697575392
86605,10276.003126069272
91883,16370.814601222592
100473,10805.999274431939
96611,13795.868889205029
89102,4164.3056202873395
103838,11660.517494584336
78454,19065.922224589907
89761,11844.980436100223
106275,11227.2337157117
77831,42772.91754077675
82876,13675.587726229187
96899,9024.436163167973
99945,12235.24449226905
83505,16616.446643443385
96841,6272.042732313646
94189,25238.607474184213
85020,10865.894586713488
101456,14531.377830290536
94155,31522.947275838324
77575,17834.57192692689
97904,19712.298030365168
102523,5608.768480972146
107541,16951.196281247965
87223,8878.128086217795
94975,9725.732027078357
104630,12151.54680655783
102538,7174.589858712219
90345,7105.390237868275
90170,7169.298358805286
79448,22590.118562112166
100139,11550.566899476808
97457,20023.218535498367
76291,44329.15808383467
83987,13694.276005099746
106283,44759.232143148474
101864,7500.905820316417
95757,18671.522111644786
107668,14153.645205648694
96696,10573.048514063075
83094,16490.705513894703
89521,9045.228457953323
98998,7462.798311231275
97028,9330.69410733909
95291,26807.370329408113
94443,23319.138705345562
102182,10465.861292282447
81794,19388.36684643443
105003,29402.042016710453
83041,13033.896860164423
107213,8183.766164682728
104467,11349.611516351963
93950,28599.478333428917
103790,8056.457970599019
89125,9521.070713874697
80748,28015.652151136415
84795,19151.60824913142
91105,23509.047198875327
86086,18999.452532923173
88522,10878.112440704173
84472,11286.292541040757
99289,16857.41411370895
88050,15980.571754247789
98087,7733.729082516719
95839,29495.835805175517
76057,25111.00886167147
89619,8686.727639936109
86471,11729.240241818337
97685,7285.552875009997
79824,28439.283953689464
91710,26849.786403006936
104474,32498.07571296102
104157,43547.90696657293
95117,35146.6537743194
96337,7865.166056364563
107562,14184.158438203493
107286,17331.72562564213
101251,8584.665912053208
97688,6240.349166131373
86405,7611.036754299424
97631,14371.175882767313
92981,39692.040404019564
79580,23755.60586648206
91562,14407.63199955974
87048,16135.05547518026
96103,29574.15516876618
101854,10807.225405561563
82126,17978.881625309594
105443,31757.527024124476
77293,32552.732436394534
108262,14128.602386226268
107157,10862.307773915658
99717,13003.85687946599
93208,24481.378307360115
81353,19338.926064116004
81790,15917.569233405715
82153,13046.668228000655
97223,14281.573364421658
82088,38940.403447591
102996,9356.808882282645
100023,8076.1846164503295
84333,17169.350974394903
102506,6550.84317181679
95753,27172.74085262264
77116,9169.401002341341
84459,8299.488812721806
91453,12066.040889528036
76524,51204.71929316724
83249,13175.733625416993
102313,6209.0221993000305
90456,9867.524455973224
94635,25919.831580415106
101187,7287.689468523157
100776,14336.211158473232
84563,8741.664252420083
107706,15953.998709629828
78776,32119.74320279308
77019,29474.521154178732
76122,24266.201623818295
79042,16651.56470221176
101851,9842.76009455928
84657,10399.811837791505
76067,20241.162295915998
83598,6008.37030198211
96003,9144.300820562996
77817,22107.033135098685
76887,35917.672164593714
85766,7741.073738652808
105836,21404.093523946736
92443,45807.57764506836
98875,27038.891670969017
94808,20138.07443066966
99490,7395.478745336169
77469,12713.797786669029
105148,5300.596310265502
91649,17614.993761741953
107040,29033.301556246948
96074,27226.71047026433
100656,7884.617672479566
90366,14755.749048943115
93981,13614.052492123077
80858,17341.853074316336
90070,10125.050219442997
86606,10432.719972373605
104521,8910.90821709376
83071,14112.711257559675
101956,8335.490639901742
83846,7266.590633862565
100982,14175.244804026013
102610,7816.797974586146
97828,13324.61881780121
99450,6610.9852290749395
87521,7436.214352268497
96065,26216.994810756005
88306,10017.333191774957
96325,12381.229048934974
95801,27537.21845653093
104248,21117.974636314513
98652,13828.436362179615
103877,13847.591857569989
107470,20618.463857540282
96801,13592.199611554703
99595,28335.78425222254
86094,18213.75548056073
80874,30500.32554452909
94606,20033.097047395033
96127,19057.985889101983
100687,9257.205662283151
81118,29294.71993238861
84405,12683.459757183398
83257,14473.580911014802
81541,17918.551954625204
77940,11174.674908861421
101270,9845.62353652115
85349,15994.367164801299
92315,12521.080640702052
108360,10551.277907786984
77607,31150.17042023102
95640,14702.680248368953
98143,10940.734870031605
102200,8977.1147854242
83375,13895.965923329522
102178,6630.552196873287
97500,26193.710518146065
85782,8601.505781708189
96049,6104.491320367014
102744,15268.696575940845
102560,17555.632281571518
79010,16754.650912558653
85644,9250.736039705715
76595,15344.155934346694
82219,18837.16283096294
76899,20715.850269774714
85663,19865.256636568938
92737,15228.309392254421
106758,2738.2527045636048
94625,23119.7945669264
96472,26188.142878102866
104250,14119.545688917753
86303,20527.737374514032
107881,44834.88990189711
101517,9981.898154021961
89988,16012.276361545655
92689,28211.778918587457
99002,10934.373636099046
90734,13737.463772845262
91013,45261.08674539197
102056,13925.359270057723
106641,16988.94273842473
100391,8566.741167415921
77305,12945.610035610496
85197,26553.50236086794
81122,18284.440818053477
91088,26623.948368886933
107377,15241.59144559124
86495,10821.596181189487
78661,13721.796508936104
77687,12266.997438763014
98480,10325.652179303224
101537,8227.697754219565
78032,11958.45777940868
92374,16307.10190370983
82010,16300.874694679596
84496,12130.752076570952
98337,9087.010512448072
99520,8181.831120136743
98452,19591.737170105833
79828,26692.9833516286
77151,24438.157996302703
84095,16514.67700924133
83491,9598.617273438475
102170,8003.897420350246
88063,13839.469625401272
90214,15968.333193220682
91980,24817.14657431839
96573,19848.85593719378
105573,33150.981415350645
86880,12819.098383504033
100420,8365.486444528815
86053,9875.483823024824
84481,18193.410709738975
86088,7097.892881337697
83553,12029.388312322
101328,11807.787277874417
105352,10547.335626896996
100532,12945.18104632822
98052,6720.83253599421
83818,8348.917333158171
99576,6666.489370298542
91026,15440.103222087826
92445,27409.212052958406
106934,6719.697134978337
78791,19655.91218603178
93664,27334.149609252934
76923,24492.807931005478
81335,19395.315852333217
105969,26977.785075496617
92701,23396.866231094096
98070,8543.367563552532
100423,11927.521066327865
92335,30826.718727001484
92370,33370.74014209613
100177,7442.902200730462
100125,6298.337366134529
82358,23837.1544616704
85557,4325.364719772268
102609,7063.820385722167
77612,11581.67929644081
81173,53075.989572096456
93689,14124.9722493399
89219,6031.116635522494
94659,11323.757317741853
82424,9573.924747977351
92367,24450.400655941452
95828,12054.184202914805
87894,7521.828732381727
88621,9630.686357127432
104992,22249.44542322776
98567,7356.355638607734
106250,8800.41655298383
102235,7651.721403124247
94841,25924.707596739125
105496,12070.723858408597
90019,7874.377244459648
95575,30082.480824014252
98437,9571.56902083587
90907,16108.778148738915
83289,9531.795524803581
77938,15888.920796673357
98791,12124.365438502067
104254,20830.807583954185
104311,25858.115575915854
96753,14732.507730389741
77998,25252.137024626558
101102,8726.276507561419
102836,6305.76105578165
85330,15467.299036859784
108511,15632.51129741286
89527,14684.244714481352
87734,17647.820193422314
87110,3924.340515754798
80936,14168.159175431814
80100,17176.87932224434
86546,9607.192737813457
104949,21996.39777654299
83654,18819.489853648007
96736,8197.966738623503
91898,24648.602716150166
90221,15671.072826662905
96356,14170.15695164138
78901,18975.07100628897
91469,18523.52863277923
106591,30461.522459186686
77763,25637.133289759393
89604,7465.638036572761
90001,9012.996010106757
89947,11875.614068910307
108218,13078.47145800562
82927,10375.282125301994
107140,14818.526183127657
95013,26320.046564048156
104979,8567.750389787812
90521,13788.1344953228
108465,22883.846933194196
106606,9482.34514925426
82999,14345.496791997413
93784,17812.060951939944
82680,12724.070335944973
100796,15199.313316548663
96230,19041.166874518567
89110,6747.3350664002155
88152,10952.040466502436
101403,7695.081623196155
77566,22538.465427320305
86366,16085.62748522197
80356,30141.323947660287
83500,21398.33759948326
76673,17079.12723772999
100256,16594.301579202005
101335,15718.90953354705
83416,8491.129304226175
104983,11855.047056722822
107300,21168.130628103914
87350,5310.007977227895
107106,20455.914332079534
90550,9834.369199229142
80002,24606.8904996477
90827,9550.732194088483
97480,30922.55162308086
88160,9570.735823017898
88467,5531.021256334734
98500,8571.120473763072
86587,17089.545353593814
76737,15904.788253160244
79089,14611.248085568022
93153,21326.750459169067
80315,16291.219132472645
76731,37239.54596741061
94243,20211.99528910109
82571,10927.120285637304
86896,1807.2523754109716
88404,8624.884044308417
108530,24986.89730706384
100573,7795.056841436619
102888,12289.649091276653
76011,31403.37849857686
79586,42997.351053128106
85620,4150.153098685316
93470,21329.509109497652
98335,9538.128988995595
87826,12484.516985118145
94743,21161.586818012358
81247,14548.562825882333
91376,23241.907622297087
83451,20181.433495530175
83176,11154.040939553972
78867,25503.76937431786
96786,8708.100079569609
81019,25924.515545770133
97316,8855.547905516727
80560,19710.56799272627
88535,9440.929462229506
94281,29462.824344703786
94309,19165.59170241695
93404,32323.864870210928
85218,16457.5420628649
82697,15443.070966169496
94919,24811.438475846975
80829,17671.88930422163
84671,16081.994082590927
108043,14953.327731916896
105111,24217.678381724883
76997,13206.964776652361
83545,13687.191784608282
82274,22228.89300773235
100513,13326.546681764621
93471,38455.12095050358
91627,53149.20848250605
78780,48935.90462562812
90005,20405.473231455388
104234,7994.986727568557
100798,8447.153287316385
101322,10797.240138133786
81807,22343.562862337432
84469,10642.271889333786
94701,22241.098812926386
96119,12797.82927208843
104478,7208.240946357161
100116,11577.214359112915
85151,15075.471164955386
106970,9609.70732904883
106570,46493.522982722425
101472,8521.334350451416
98101,18180.23424434136
76225,10475.928985869366
82833,6819.383762263257
81055,6584.364526791027
100048,13766.75741804971
90519,33960.03945293281
76484,18595.496495356078
101898,12509.820984863483
81741,33048.727091976536
90441,7809.522683265123
108314,13370.052926650475
97881,3738.9795714366273
79306,26074.25692897715
107116,14535.682176007305
98899,13164.277708794729
99975,6810.768847557225
84378,7026.50037476399
101661,10176.194775386975
100239,11985.280531290666
80035,24234.20043973845
85033,10062.340536871025
76723,11971.858172634727
107773,8620.296243061379
105937,11580.112456348224
78321,15879.855013091425
82047,57631.73443385342
95113,16732.339422118
84907,10265.373178725607
107479,18098.321181102372
99770,14533.696136663513
86815,16584.93616127498
101558,12896.2534196803
102258,15140.09872200296
95963,18336.97982991172
91995,10499.607190902587
82913,20701.86453884015
101968,9756.89241052805
105332,17912.534753286986
108213,15434.207832674078
83825,10445.868146757664
77438,20743.803210167862
95768,43433.11235047991
83195,21168.321939332825
104287,11163.095768414896
103213,12688.506641440868
92744,16152.690242326567
81351,31985.7046024692
91555,17081.650898554348
84546,12528.900016942753
81270,12231.829855502025
98294,11393.531980711732
94278,18120.23718600005
103537,14591.256098057791
104284,17214.11219552476
76635,16639.160027844067
76676,27311.171533689285
98118,8597.420421145474
79440,48150.766552313195
78969,28237.82582696262
76500,14695.158321610723
106027,17244.691379404434
84604,9642.650250509738
97498,10779.119585549877
92641,48948.25298009833
98216,9621.198209460772
102453,9144.573465307061
96270,12205.996459619
78777,22449.152886059237
93169,11653.980514414632
87621,16707.80489327652
76876,23908.50793522218
83561,18152.983369592042
84296,13720.274558971834
92355,29895.934512024425
90302,20008.580988285546
91387,13430.218045696121
89854,11409.903665722883
106305,19083.788162807727
98703,8684.979789218381
97929,20473.73138851671
105575,14155.433548145962
79052,17702.239210754804
82362,23823.66867376304
85625,17363.703851656042
90792,14106.852642926873
98488,9537.33045768002
106795,12176.731175843272
91666,24263.590996276274
101528,5961.623154583907
94739,11747.529863157131
80961,11798.424837590763
91988,9139.78064958637
80335,26402.02638879869
77505,17445.974409867842
93280,16039.949284377948
91630,13337.565317463914
85422,10320.347235414096
104986,14119.289383976644
92176,68122.9289770515
89861,7713.520825913202
84435,16274.25066683088
100381,15508.06026351635
85651,11229.77598355466
96525,17019.914963206746
91383,20928.960084193048
99177,7481.167569892796
85842,26455.871025702716
79658,24906.285608441332
84332,22017.1982569533
101621,7246.045230908999
94509,19897.984778579776
87175,17189.69640318148
89394,12586.928848245845
91163,28020.93521583925
107771,16825.59757596544
99551,5766.413106952943
87537,16301.747273675754
76726,16003.84834143803
106637,43709.530672404544
85583,13011.48806599413
84617,8206.675222284664
86419,7761.303110962952
80036,34041.30845987817
83956,16225.812266054507
106663,9987.98666221682
98368,6737.863181765319
80217,11321.072348854228
98528,8017.901231000276
92746,31418.42131329812
78042,18601.471463952046
87314,18487.93419370884
78148,17566.813574584874
101574,12763.154756348922
84789,14031.224114505545
81056,8918.945353482792
91483,15828.669372854285
97869,13561.166305358636
89084,17082.7291937607
90398,15497.17703752913
91038,25754.582957171362
80326,54908.763975281174
88665,7633.741768533847
99793,12821.716757939586
107218,12161.487543591962
97438,10942.984716061093
82375,8642.173356640926
103211,5525.713142854419
83430,16458.49109472274
83717,7962.347292327988
95607,22325.89500517169
99653,8245.860403559587
77072,16294.99363872142
95300,14430.1842236886
86090,18330.980853155575
90553,23939.87860454652
90690,14204.098283640824
93608,17143.746216270745
96059,10398.205127382136
105488,15204.474476597674
102403,11813.25053524832
105357,11187.018967294036
81201,19990.59876524359
100092,15569.29052523032
105800,10520.14619697854
103658,6318.0015878848235
82416,6879.360430077175
93007,22909.6831800585
103850,13176.80915167155
97328,11873.030403552431
99167,7606.949999605861
92788,31799.662115831357
90228,14811.52539501344
105015,23837.681285161394
77838,11515.165040173399
88672,3559.9386851799663
86881,9368.103560627911
90515,7782.619272550577
92777,36243.05229904104
103455,9522.733931911
97286,28560.6713158607
104633,19383.668986159406
83548,10235.403618654234
80980,21026.73667619233
87954,17341.091119251003
89975,7233.3709697940185
83762,16142.2232803716
90615,8618.764114991698
76755,9099.607464357076
103371,10412.409088461596
102703,10670.092053172928
83856,4986.899985837102
105099,8716.251475825806
79080,18483.912957503864
83898,6963.156144941877
88241,9702.432878936706
89549,14938.384122697586
79740,9306.139143598946
81937,27780.093711496214
99084,11058.333834250641
106967,20601.382856873046
80358,45901.15668164247
97694,13052.655080479715
87454,9842.458389213853
101943,16016.512849086086
105586,8163.061523594709
105651,18608.1556978277
84667,7384.471774815528
99050,9533.076433256621
81245,26073.265206589167
78547,21683.33000420723
82473,20985.718715342937
85978,7474.861286474111
88385,9596.314091876375
95452,13602.780561974563
98159,6732.432380296541
107952,9502.709987341266
107265,7908.612902147844
99744,8594.58293018712
107450,17579.87675509113
108280,10548.021888087105
85684,7432.222266514989
90660,7202.032916118058
107627,13800.993454010182
93896,23423.842852782815
105931,20329.243583087427
107160,10921.958337885226
94644,18731.955885252355
100057,12566.10510927736
85053,10905.46160097871
77037,33147.66111658848
81281,11961.045210562048
101247,9905.606718000494
92031,30995.46900728789
83306,11347.143208026975
82079,18976.165093066204
85936,11428.65242246935
90480,7303.11361900589
92696,21380.3039053644
105467,18852.686870562393
89682,7510.057297750859
76305,30778.54153406178
79665,30023.98760037147
82839,10549.638389171992
93076,18576.46012129331
104369,20533.417689066337
107999,9079.05806134896
83787,13924.287053921384
92554,29834.06527062413
99110,20204.56869901535
82707,6360.388223989769
80261,14016.041739156437
102365,10824.795013816145
82760,15975.515627143137
81142,36839.20641224177
88411,15645.63044237248
97734,12080.48810839276
81604,47994.91591083898
84705,18781.77618672115
104661,13093.587219688734
87897,12415.505515559898
84651,8214.60146855459
82294,26176.439361784818
100689,6595.944325922179
105236,10510.809580054562
77656,13424.050792653792
94054,26386.97131664943
96367,30831.831063360998
99913,18727.755421833586
77083,21419.01317216653
104849,20659.858646230958
98172,8206.34245338077
98043,14232.678064455222
90979,20373.6390539945
93136,28369.512754994837
88750,8162.078207283163
88471,7518.587656936062
93720,21830.265163712884
76649,12067.576742325413
99291,6481.862290225622
89267,5709.288327455014
108244,9297.494747071732
95194,26856.4532273868
103998,29334.717482702585
103782,7940.718630827702
101502,12726.279875204478
85961,10389.012123927896
99073,14157.8984873514
106535,17609.819245943516
96594,8182.261301939078
76156,38640.879386852226
85484,9010.997771930908
79139,10130.733031155583
96730,12427.253738887368
101796,14528.202659025217
78809,32022.70218397474
101193,6576.143664010061
96275,12234.176791275007
98321,8824.553195825698
77928,10517.689725075119
78328,30378.038605352347
103527,10260.326916515867
89266,10198.072331639607
99074,7966.441165514578
97952,12765.511247430557
88220,15096.001049234636
90223,23460.638926652242
76506,27522.5035551064
104498,22117.62511674999
84634,17094.682713871753
106803,24204.15048342624
80608,14019.728677951694
78715,13170.318083304666
89962,19769.400278903267
88958,11998.16232640086
98941,14388.868571637946
80707,17324.581604353203
105934,8996.98442137458
106190,17729.68220133579
107803,25712.646255165393
87945,16733.684315120754
96859,7373.112811597152
84495,10995.821835347313
79965,33963.27888067723
89496,8391.618469077652
101195,10424.724978585687
97209,6359.8587999382025
101751,15893.132617564153
101541,9135.535541609635
96051,13601.823654783371
85075,6346.034106902279
77118,30502.121104374302
80487,12115.967114681336
106184,10566.825931978628
96374,2611.8617694644468
91702,17527.8151613105
77517,21517.956496978495
98188,13000.457157794779
91641,21427.508837273996
94607,26003.333667651277
86769,9246.459006380104
80484,52417.72751638047
86964,9893.186547170233
103086,9423.311365911368
84257,12762.526187768886
91852,15510.79106486071
87431,17161.094856112348
80439,26278.66571300594
90405,13154.274458320897
97647,7929.600606952688
108071,14900.046702452777
101911,20219.5024827119
82293,7492.3248489990865
93627,9403.902332308886
92080,31007.685470948203
88291,9355.134523634031
97591,15842.258703986045
94632,14795.027396322223
79572,21945.296963956058
100727,13666.969402510276
77760,16079.884639431384
80267,26817.162451930628
106167,27449.75685414727
93339,22623.20527223604
98727,10451.016007185297
106765,16129.707524214244
106746,23386.41042778236
80012,26303.53452387677
86651,9699.995412871176
106616,11015.919160959722
88617,7411.134465452877
78380,12658.039112698565
102380,11102.884162323064
102093,17554.947993508362
79049,46159.50514374667
104933,15428.03998982775
81578,23975.217917462815
82296,29243.4472114085
102256,9640.623778198566
83868,17993.463047506546
101459,9878.24331737004
85014,5678.867920356398
90820,11063.176325521848
83173,8142.586971678831
91252,42682.605637262386
102307,8422.397600902652
95153,17737.791510539042
99149,8041.819232493474
76130,14830.1612258533
80049,26129.70305627136
84353,11557.142340587274
79550,10735.296044773893
106113,29610.08516970871
82182,17960.263596329227
99898,12082.836320445213
94685,29442.324831793874
108125,18049.99385411342
76144,15959.784427386172
82087,18300.658042063154
96666,8528.606685030203
105109,27013.323823871327
94341,36818.79982678017
80039,25633.543399106777
91350,22177.728545826925
99415,9715.127681427852
85832,15396.679043281481
94022,12025.9705733536
104332,22396.22438417963
89367,9032.332862689333
101420,10160.112883890912
99401,25420.069496547192
79179,18751.333041899703
81603,16475.61064718218
94068,21033.83297417873
98185,10354.078279840342
99646,4349.174380141506
83218,16205.746276707963
84593,12009.932334804855
93040,17202.704968103713
104544,13728.274947964232
98735,11747.88664588564
86524,7029.264855485493
102541,13585.739872465932
88339,12092.006427704895
92750,25412.96519793775
101882,9295.718693554714
78793,17819.162468424485
100625,11842.670562208757
91791,19292.490270713617
98604,8734.24279254914
107903,12174.300074082978
108450,8580.115858551813
101903,9401.087096388414
96190,21527.973315193725
77299,17553.30930066597
96588,24776.220177746476
80932,61864.04007102622
81221,34076.23068634652
107383,10433.382969142102
92815,26361.718490954794
98724,14655.423674028407
101984,11532.65386262535
85939,12585.570924829375
91597,27173.430947626137
82514,9421.39960623562
88788,9727.983718726286
101131,11287.369514988528
82614,21616.679499011923
101646,11016.49708411709
87641,15159.940950903212
103855,13272.332684266086
96901,25149.285983426413
101942,17825.33891517974
92415,30438.826280822126
96467,9846.676223245044
104656,33220.94861855945
84104,16401.041297807275
96685,27994.323408837285
93816,24671.23330348996
104925,7989.575590977629
82086,16279.010127825317
93855,20144.746749637136
85411,15888.775332221154
88743,16083.844485204881
107201,7925.409993922888
91771,12146.964310450687
81001,26544.577498079936
90074,8430.478042333865
82791,6378.41329307876
102636,2685.965631246309
102722,13585.775962350039
94571,30597.672977486905
103852,7911.564706948903
81514,16120.504711693678
99997,6809.48795784168
85808,12019.526076862292
95355,10711.816557674174
101928,7006.64226608594
98862,7154.430100966589
87759,7525.174814743192
101810,8293.15133954031
104902,35422.31414060948
101361,13585.846214266816
81707,18642.99042471501
84482,19107.495941434296
87358,7910.2204546690655
103589,10766.522462623792
103675,14958.154436234125
76652,18131.416768492367
104101,12648.244725754881
94807,18339.78064592914
77325,10767.125999422902
79875,22331.857549564484
83034,13144.329323644328
94997,25011.560687087866
85209,9353.731279427251
88344,12007.152676852615
98849,8069.142634665008
80527,35945.62636343173
87245,17218.59396327234
83783,15256.050942192713
96515,9393.273614407866
95110,24245.778004835553
92177,32151.99127379382
94690,26042.019626536472
80340,13929.747572475182
80211,20447.04758144716
87440,10984.28999422786
97742,8904.740894858833
86586,17306.950401084763
98006,8891.365442268838
87613,10366.869194405816
76521,27653.621414655565
105734,16087.420003325115
87925,7111.51273610083
94634,16602.64724326304
102227,6179.603901217471
85292,8129.386862422376
76921,8466.273940396664
95158,21049.366674084802
95582,21875.178772527972
105636,24406.861654261473
92793,19481.017751355797
80981,36282.30664956151
76421,14225.030860048566
87182,7976.110904922819
93677,24659.856759947896
92969,22210.277162948
95005,15314.622321224719
85337,8891.482999081736
90477,16026.179586056322
83508,5873.604070468943
96886,11200.523916337866
104112,15428.966340788042
93923,26652.60490685908
83338,6356.1413099052015
77100,24725.764170810417
103801,10703.55151892343
77772,25621.650648449286
94352,22859.52585441768
78360,21196.46204489931
89986,9102.14398463868
97654,6017.013344717492
90295,18690.306813857875
89180,14382.166544929487
82039,24314.358015652462
79485,14992.719786049665
87606,6862.898256244851
99574,5882.984615997659
92198,39097.23126604664
83529,19995.527618904634
83789,16491.817842421115
106137,20255.97521833473
81731,20287.85191288092
82668,9548.855227143807
95865,34451.67483395117
103389,8975.817304480777
98482,9353.343597953799
83775,12567.193215052313
98846,24773.2707296346
79233,12982.091100576015
93254,31408.60754609377
84246,10549.558578817074
101996,14493.401575027496
96237,13375.212431459124
104216,14482.829297492277
105667,29653.05707491518
78813,13030.090981474386
99270,8643.572714705382
78588,19324.78517064312
105552,12098.898865476183
97164,21794.384311576236
84342,15102.462221092297
103688,19726.263555788395
77484,9843.715748589313
94326,10341.71907231174
81254,32164.407805087918
90674,13441.847805354233
104261,10333.5599628964
106636,16960.523600039152
83188,20105.44355017464
93725,18844.18977755363
91349,28229.687341118086
106973,10212.632004498882
89671,7313.658805910178
92830,23546.734989907058
105964,17856.01980506041
89696,24808.08269893742
99813,9036.835948080696
108159,43102.84474735901
84988,15846.010261983542
84921,11165.490334977594
93609,29141.182397434037
105751,11726.668253731903
92102,30366.33110092651
83130,17347.605851277945
91136,24913.439602478542
78276,7145.001650164492
108370,24278.817322495423
100384,10436.673358564814
84940,9743.33240862164
91942,46419.502920587816
94454,31167.332866314246
100909,8192.752493856386
87701,19481.904271279625
104798,19194.66800975046
95263,22944.629533579504
87121,10208.189920623017
93095,19752.295357231666
85642,13061.117243527897
92656,15074.67774965982
95617,40919.36782643558
78219,12235.598009018779
104179,13583.594954574035
106438,21782.429955862623
87196,7390.007720280465
90335,16679.912811689202
82059,17401.854361149628
92365,19753.54633597242
98309,8867.068637865837
77684,12143.225270173538
89823,11135.138908889088
76689,20358.483362435265
98279,19938.526899309305
99892,8158.733199817423
77342,32989.96383628627
81074,59811.39055088155
101487,12363.967308532277
79070,11386.127611347563
95231,28480.678015042035
102572,4001.9815806196802
99529,11380.77462426048
105996,10250.549974477894
100780,7371.95575167324
106814,11187.398133552853
85545,15971.706384288598
79630,18544.534830248624
91145,33024.67427532548
84823,8152.928033911913
84954,10821.632975244012
96658,12446.911371732162
91360,25665.024971072624
90452,13856.572171499485
101820,5804.4986446976
81605,22083.7051363833
95895,24071.33117865159
99378,7055.1111486014215
89327,15647.096222386013
97326,8094.093154397064
100777,9021.620948483382
87405,13300.771903134102
97627,21932.487815009896
107458,14754.17551351303
79060,17310.79826140988
96136,12271.243678461135
98257,8645.05468000929
102335,9590.395689756222
77850,10338.930427035093
102160,9891.985566232237
102379,6158.445481008758
104579,9200.200885293081
105614,17922.17678013276
100113,10580.97821056102
91032,20484.024104960754
84428,5917.604920126933
95075,13579.81726905248
103736,11102.981624213418
86290,14684.045738687093
81511,34537.34839789469
90680,17109.490833812404
108256,17032.229571433883
104529,19563.590152378423
105190,8447.18769625567
83963,14307.693503266426
82386,57306.80921358813
96710,6094.629069277091
83474,6600.369909995585
85539,9248.487270243617
106439,18117.86126466896
102158,9661.07206469141
88822,13182.504375431783
100881,9258.011413569382
76677,48022.61094585965
90178,7523.305583905287
93735,14062.324658250342
84662,11432.772716938518
106182,13368.17856149102
83398,12707.550034271515
87992,13775.604604343038
87968,8192.070870892177
103912,16505.904236693288
93375,20811.967006005274
101226,6866.854873005732
77949,32865.85276716671
85607,7193.840674033732
79522,22755.966010005897
77739,9404.638139034474
83123,6324.505845753841
98241,13360.979944064704
85653,15396.765611207607
103346,10867.298995236239
93933,26147.45828873696
103652,9108.851803020074
101032,17043.332020058326
95245,44634.60172286652
87397,10481.432703237891
104051,7920.58721666697
88815,13371.425365189889
78834,46188.64226378339
86348,11443.686102892674
102205,11131.917404546333
85638,7110.262556304372
84036,12977.217755340987
103627,10720.642566526443
86641,10331.415935163892
76954,17874.083850540777
96042,16345.103311423632
79230,20824.936669387418
81240,23664.57869589928
98464,13361.404518614643
93761,17032.19194486025
86239,16108.852098851934
106231,21677.358800526905
94092,33061.11427801347
93651,31070.526204214093
102239,16164.217036460008
108216,20524.238372533953
87035,13134.216795156419
77754,24020.1127438567
102892,9404.688545047085
104205,8674.717509060683
89539,6785.07163196759
94276,18879.231786258068
78405,11384.072225528744
82829,10521.47476407857
96653,12596.633484372433
107768,10465.818379012379
82557,10377.145219986767
79190,15668.832831434427
83639,19761.59805849127
106302,24164.64771813163
83161,8379.94390389599
101839,16417.005138893725
76769,33218.74223385083
92536,29621.855823775237
105981,11439.77898759763
89644,15432.84292742789
95175,26043.038195095287
95837,25976.011019986378
81282,31274.709226796356
92231,43363.8073918123
85287,16433.035053486754
82582,11616.17322074585
82666,15037.055638070517
75999,15120.07772012876
81738,16869.45680541101
87020,10543.22046703651
93066,29944.726824148423
88496,6443.634823904427
93297,47863.017936372955
82044,17780.96853720163
81673,28861.83834257208
102694,7490.099553204377
89509,10013.325293443237
95965,31335.548047549422
106101,20590.064006792192
83569,8223.804019046887
104718,22512.763062185808
99492,21027.101316660814
81091,52762.436612483245
91028,22470.238161437177
87981,10299.024344212432
91801,17041.867550002942
102243,5933.175023440198
82445,10017.843392907615
104094,5980.123020384853
94745,39374.12722370609
90106,13625.636356645848
89015,8771.180095080112
93183,16949.0409322496
84610,4778.78474744384
77055,21001.744857479636
79194,15987.023864326999
91155,26946.911971165307
86569,13389.040669681634
82485,6665.216414165164
88760,9936.856485618795
105923,7206.3182387927845
78686,37512.583279619284
88814,7363.643121677331
82320,18002.41388125226
102937,10753.365152980068
87116,9111.75411472696
90494,9464.22658269204
106037,10645.824937775944
81698,37155.00342898518
108120,22014.33826835232
107501,14722.222989500418
76407,22867.63216293735
98601,10587.370161766357
107872,14166.288064483568
78176,19500.24242709825
93534,46192.79494585048
91839,11269.689405755142
106436,15775.768481612542
82935,17200.228209554414
84674,18425.439767199736
83479,14549.214419578322
105047,23571.502685084157
103698,6999.51053384811
99614,12594.4624973784
84726,9287.699923927377
84695,7251.013703776537
91147,24833.260807059636
87076,17908.644926529436
106200,5547.637266576346
94496,22457.04520326366
105826,12325.519833023916
94976,16782.52574366862
86380,10899.93745953776
79211,11816.871464626127
83213,11028.625905068116
84355,10436.962024635306
108034,32347.69906347319
106948,9693.313992303916
94995,31403.148352852113
101963,7687.481961392683
106550,14482.829297492277
85682,11505.220606179097
98174,13467.427337374389
105423,10051.117737385945
77341,13552.377591307752
83563,13268.211876099238
80177,24568.841144130016
88183,13051.972806590147
77520,19378.81037525498
96601,12311.042689340105
91964,26410.211141627424
86685,13396.76155617102
83039,16014.611517434943
97785,8516.955889795388
95814,15528.073595568054
83452,14956.008187988316
84518,13897.182835298565
102194,11162.465668952333
85247,11376.936578353107
85418,6130.515347129409
77908,10453.993090489395
92033,20600.526140582562
80872,10054.688338572008
86635,10363.901161873306
79420,30162.583816420858
98251,16712.152263108786
77158,25171.289692752063
89969,11010.921787833815
85928,9028.225526352346
91375,56282.27594864954
80568,22993.782810350614
91041,20748.5669061487
89322,2787.7691046774503
88057,10046.807845905394
89486,6777.397178730658
105977,15120.810171318542
88167,11923.42145274662
81115,47139.45306079666
91486,13242.165210204235
100782,15257.18318238572
89320,13675.368364111568
79784,16499.307880032924
89096,16031.920410476434
78264,9273.848131789055
97581,21959.617575805896
79576,34583.993305750686
89259,10210.263389027214
106745,8153.623363600799
92013,25315.621064473355
86678,15023.796832280119
102324,14448.570242054158
77632,36054.63709621505
106887,10555.694592163376
78950,21711.498002360466
88191,10096.829876001395
88247,9526.163937251295
94345,12296.260823463284
95349,18499.655396447935
93901,42696.54902750878
100074,10211.735320501519
85164,8584.240144821651
106172,22716.49132647696
108479,16165.950524042586
101908,13695.327268532
87385,21218.0885661992
81494,10806.49155415301
81977,6038.313100905494
108330,12370.74778009274
80073,15163.759714588625
98716,11095.11720203875
104170,9270.826806351399
103992,13770.123488911733
105540,18092.143481129606
75987,14832.304546051955
99496,9473.71809156532
78765,35711.28915078776
98564,7388.374643658895
81895,19143.249967666612
100955,12174.978479014397
77153,47691.975531484764
103888,8832.64854691285
105921,15503.679071585671
99660,13579.134393035574
78579,30341.14547125777
87023,16268.357799977286
95879,15448.814502800711
100433,10647.876319584127
83011,14022.678459611
103255,9737.217087673824
75978,22191.744187516895
102295,9749.642618756405
92099,14064.61832704306
80985,29393.15361090021
99556,8428.790613571613
97124,8704.661240351103
81386,24953.34809716473
92818,27942.051257011834
76413,6439.780006378764
99585,16681.105295818732
98093,13283.307281752508
87527,7642.636305557599
77911,30725.853037210753
85090,16973.661403876245
80843,14772.08814567066
107096,8919.595338499548
88042,15548.86624938678
83948,32465.005660732037
93242,24835.16410131031
83677,9596.802514432738
92864,12872.28540596137
100323,10703.55151892343
81042,17945.938250933392
89663,12018.825715720792
85381,10554.787416962414
96699,13464.207141582958
92422,31056.903721503702
96880,16301.098649776784
88530,9758.855199790896
81438,28103.190078740718
83484,6007.381118481679
83637,17220.481361669383
89092,12781.213840287177
93732,25634.19796030657
92925,20393.466998550946
105183,12745.100939706905
98369,8955.560277327168
100868,7868.2287157029195
82430,11891.3294649227
97604,10250.751483349473
85474,18344.07283022595
90978,12174.6567657882
97258,17545.578558146513
106720,9270.300019879262
89418,10458.92724985646
83154,8431.194851719394
98671,16325.712060324338
105356,18739.06132139374
88880,15942.709964333946
84275,11749.763422566653
93184,10442.411538200973
99811,18208.388288266495
96995,13430.13539008635
89700,6884.773805426287
99390,29135.325970223385
100504,9903.469468343232
80427,9296.279487052178
105125,22753.75027952816
105652,14699.037057936612
82706,7447.0470693471725
97831,15391.034077595596
79865,41992.18353537122
78586,13818.46094390544
85926,9088.59861341887
83961,17564.257542306503
96313,16547.060715607775
77556,30763.851103422214
108155,22642.173904177926
77590,27851.65602161618
90192,15070.184434003195
88094,10330.257661586002
86737,17908.09945196821
107509,19162.18965339711
96960,25168.934344353012
85495,28309.086443576947
80902,19690.647557911627
87998,9057.499561785942
93672,20641.518835467712
101245,16769.594118290726
85802,21805.532791887294
76378,23551.2402605844
92576,25593.235129497385
80096,15905.059237929307
103064,4760.618136870415
101782,14666.03280319829
84729,14990.48706326597
78010,17601.771076347282
76995,12717.149303737311
83407,12845.71840727908
86858,9269.999825171257
92623,23665.724991776893
107680,20823.733916942445
77324,15705.384593924851
92312,16270.300650231566
95266,17081.046875032152
86907,12870.396963590507
98403,8963.74552205833
77236,25487.995888217196
98098,11425.690269339138
100392,7926.218759758423
80696,12208.61955415847
100083,13386.951133765717
107500,31452.819483701944
98415,12351.923407058375
89111,18636.035297845152
97813,13347.887578616006
86818,10511.064712833127
76368,17717.621048709814
92461,18683.154362710302
79280,23916.087472049378
94481,14386.262288385205
85233,10966.250611704492
87051,9793.750238890127
97596,23116.205947789094
84911,1789.4457439389591
84923,16490.86887101073
100105,11466.48541666958
100360,9958.886139898914
87548,18268.583903961222
106839,11891.657543351934
97625,10729.899350545822
87757,13124.709571115889
91686,19413.55324419041
98789,13940.182133836459
101190,7079.454665793645
88070,7365.901840103557
93252,18800.316624625444
99741,16161.587579791842
104820,9279.244785094079
88169,11912.643614265948
77198,10293.047274080634
93558,33135.48397056603
82381,18349.750009565738
99874,11913.164704471099
80727,20938.198052303393
93762,25007.753554535913
82928,7424.583654249415
82083,31083.136813814574
102681,9817.850563196733
84592,6850.453523616547
90373,26499.564965800775
100741,12465.066960642695
80833,10831.347100880577
91415,24306.26928833926
98086,11380.756590170264
88138,12880.939816065005
86387,15342.962865334846
95134,60176.068129558254
86392,18326.63335814118
91440,22812.260463396786
79877,12981.720766042085
85439,11968.221214385458
88629,10651.23958629915
90541,16430.843375333494
94365,20030.181302508412
105625,42835.46266866223
100340,14965.757556999371
78761,18371.346433869185
89066,10344.144505566186
92418,25725.295034011222
90530,11208.030323454084
91595,28719.786920588645
101516,6817.850026815936
93518,13515.053592380831
93676,14662.28189838893
77432,28087.759561993742
94585,15473.27187485054
96358,6562.835454832076
78159,27298.910253609723
93872,12856.695129098018
86968,11045.458380995862
76425,23275.037197455666
91431,25596.830960821528
79862,23442.222486586157
86839,13990.137953898235
100378,10976.050629339083
87028,7924.2258104409575
81612,20411.005584852282
80822,21907.854075635973
79272,54417.35270024136
76037,34706.78068364036
94336,12755.280635190222
95900,22801.193025677978
89645,7961.009521185755
88068,2497.9145164606653
78067,29036.006381083793
107703,14649.062558506312
106822,12967.25526993171
82155,2951.0645146785073
91564,40358.15268954831
107241,14230.935164482838
79829,29696.139167809666
82574,5762.941189806644
93529,32020.124415821814
86196,10983.298685816852
88887,16186.891571886194
103822,11232.661097575992
97431,20465.777117516358
80655,20809.310486272152
104352,9317.172412422029
95983,42224.06360525299
90231,8146.8724676993015
91426,28958.69560639295
96804,12735.40253713339
91789,20228.526193024194
91063,31376.599712246796
95672,28760.946096261
89669,8309.399624037513
105177,28601.531655346258
83317,5468.152999247454
86083,14299.373256449635
98558,9370.644473747712
98497,15560.375896860929
107910,10187.045701813342
101650,12772.770630317043
98157,14263.130786933365
99234,20423.48118601349
91943,27473.764269062518
99237,6814.493622789754
86413,16960.25923858798
85589,7608.690092749156
83028,11004.030601837492
84633,17269.059433470666
76000,12382.490619732833
100519,9721.728467625606
86940,8788.290621974067
93162,27783.158490414484
98061,8254.569304528757
99205,20495.063223371053
86507,7860.702593619384
91613,26529.28938804373
85308,10180.821190761071
105270,20973.1564230442
90212,5679.453623797336
94127,4225.212271950169
99422,21888.21675346729
105583,10200.052011121883
81264,26177.281214034927
96205,6997.762032831146
105242,29033.617101638974
91770,20344.690046189942
101725,13753.275278838139
108296,24205.59746107456
82556,12494.797233923384
93282,13402.558859400804
90749,23804.75342841209
101708,10923.657443498185
98952,9220.200738512127
84008,6814.640336591552
104420,31744.45416767744
96406,8562.09399997727
83723,19425.59462355589
97143,26187.40784714968
97025,13696.415438901488
81322,67131.96517184627
102314,9651.11243642511
79427,7869.717819793088
107605,27177.015630961094
87036,6809.495629590099
91115,51901.59485482859
107095,24200.649965935838
86726,7046.387900334682
89311,14349.744094958445
85612,6678.728622304477
78297,12101.67092595565
87140,16302.312278627964
99815,12113.247738051106
99814,10711.716753249159
79285,29032.726698678765
100846,14579.591373660498
83155,11295.268759355791
94858,27434.313838096223
85781,15426.871049889003
92914,21228.157876418343
98443,19919.067374604027
92134,14857.489146683643
102425,11081.099807319257
100338,7015.855338372914
75995,13019.223119907363
96586,6369.447124364853
76467,12246.120866645047
79386,23273.069199898826
87549,9781.088941052541
79953,14159.244136100984
85516,6197.313204962027
102251,16412.57232614588
86747,13496.183819855085
96255,9568.871294323844
102580,4496.091643643684
97573,13044.615537481635
92803,16146.505488582903
103185,9770.96581980047
93477,20512.724297991615
90488,16365.75543204066
103256,12226.18402719674
98259,11677.26732311297
79168,25439.447303403645
101416,12217.693428509525
84088,9856.971200543434
105807,21968.73827370339
107132,12672.684971130851
101505,13554.159530553849
96102,16690.88468744927
80342,22064.499306546542
83221,7471.141469444759
87186,17725.87713745611
89162,16816.528186555985
100282,8788.596646086578
95292,27700.180400916775
95878,42415.054986080606
81326,13553.519948733241
88518,7377.563463917409
108243,33951.452729914454
108026,6411.5323004493175
96751,10941.120252723958
90571,12112.65364408444
76767,21206.701976757908
87910,10178.676117451681
108470,13798.26208168123
82634,5871.5347712953035
92666,27810.829274132637
96690,16794.588367393717
102493,7354.578918449482
99491,21051.112374215027
94959,16808.25217980409
79015,26066.01464575328
93400,15511.319215630638
90577,19779.770441111647
83608,5601.130367832074
101527,8822.144650515294
99227,8748.022888332838
105333,13127.070968559652
98720,8979.195809328974
83359,4754.4347119196955
95498,16634.376610959418
101019,12853.22947215605
86045,11254.905969677611
87546,11125.59095992151
87526,4557.186418237746
83304,14859.38499086649
81244,22108.076927280476
76248,24779.105289543953
90107,9700.691095452943
82584,7783.618288308177
97783,8675.54836646167
79048,12010.177495981161
94531,19929.59705490165
83872,7865.415213780651
95726,26303.086019472426
107362,10314.0473919349
88562,6121.116878944626
105680,8905.149924004623
77859,10195.591993881835
82802,10468.345837991486
100220,5802.288373824716
80149,22558.043672133637
78826,6513.170652177832
92081,18643.22527828302
90008,23456.10260446816
86319,13312.161153433428
93624,26666.673024990516
92325,24355.8403016933
87857,17576.3763450107
84996,7957.22403824159
105536,7939.085760055431
86209,12135.552844615866
96095,20201.976465050444
78426,23270.940819479943
80287,19086.21904151639
98154,7614.606635925404
84049,16774.993446062657
99005,13700.527393864699
101228,9109.581499425753
79488,39112.270162207875
95378,30679.049608241807
81740,17275.515666616295
101394,12975.199331947737
102736,9411.345660886118
75993,61462.29128771663
102322,7916.163591381422
106248,9553.439914789988
94377,26798.95551804952
102281,7039.514530418167
99028,9666.599314717983
88725,10450.272991182912
101290,8132.056540558346
101436,17227.88862112122
107395,12477.140086884372
83696,12198.38255296591
87319,12399.830064846756
77845,7638.0230526413625
94163,10596.156504547875
89778,15797.344071539488
81251,11160.207220040096
88855,7200.522059800882
99680,8439.56343257378
94593,19483.649045126585
79028,39824.17109521075
100784,8154.585908167965
90856,14777.507014764955
76836,22307.92909001869
105944,13998.159555798025
76844,13626.983875000145
85377,8877.678266013094
102613,10255.980408081343
105832,19571.85738059475
105173,14118.093011282683
107270,8190.431968072233
104605,18862.454810336763
93776,27685.883728900917
98145,15699.227080553863
105384,6138.171961665981
83797,13081.484669258938
78439,11042.167687694062
84850,18077.723504775917
81348,15053.483631796944
81586,55604.662743587134
97554,4204.181636739251
96691,6215.388265584735
100073,15148.389945744932
89195,11196.347509969377
95919,17953.198965935655
78872,7899.373624970045
91100,28083.077555780077
80008,15316.601872020807
89155,7577.6560171716455
79002,4560.61120118426
80103,17891.39091208256
95722,27911.499913808137
92248,30426.869229092277
104759,12242.06353027272
101435,12884.30542123521
95367,28494.660935288444
93611,31820.948379223086
95610,27564.022527044417
87950,13461.240670804847
78095,23434.760733908955
78646,16022.75873115486
82091,20807.07402759001
103774,15247.470443563032
102660,7299.67997682332
92256,26396.437405723573
102733,13886.796195005338
95698,16378.291416059203
103008,11405.508335174285
76310,35099.3565253598
102230,11733.136823809347
108434,5097.784278252772
103325,7876.326344981525
89871,11253.596078200153
84888,13162.910770902026
94838,15299.74801056398
83744,5993.743993686906
89112,14399.544382770724
102043,9479.014176314335
105254,13533.159702623614
77814,22117.28347789027
92390,9610.25362522528
106879,18315.094742284844
77049,7685.317162387308
84476,11686.134243221635
81372,28015.61629320429
90236,8048.28019570117
92132,19082.02607085492
92240,19702.554397077573
95286,24000.590385185635
101750,10054.356437803108
88817,17066.089028468155
81131,22864.586903469954
84244,11804.20099413472
100801,11117.68279237268
95844,20399.514829813794
83870,10506.427383958833
88723,12389.873889221684
81243,23640.93550282212
100385,11779.48132768813
104717,16157.820889117766
91235,13576.324906806161
96520,9035.07916380807
93381,34779.876328685576
80691,35327.41042011612
92000,29229.7192485744
107035,26654.699808974874
102138,11864.128304845353
84605,7594.988559063122
79297,40173.36614833909
106336,25560.79981352541
94253,24555.870870827057
79716,21452.502472457716
83444,7606.799163971817
106618,10794.163490168688
96175,17745.03242910222
103007,10234.274814367103
83413,10459.628980214236
87204,14685.913122210297
102288,7678.293686999874
80637,30474.805877328166
102156,7330.963378210804
99444,5739.797367286588
88292,14895.66970187404
88382,20743.35773018527
83149,15591.651643494248
96173,14111.451250941092
104005,18988.331716647248
78097,16426.0073862821
79949,20467.575815062926
93089,30881.218891314187
86142,10558.93849904073
79736,12121.206932674744
76052,22505.32708050568
80534,13174.677809531286
86998,10988.948429327407
92690,25738.37521760179
88656,9053.047499791592
94395,22601.429239049812
98447,7341.009159255075
97701,16850.03140451536
92140,18043.59171781803
100562,6968.210800635815
90947,14046.65167380119
101174,9476.92964313835
82150,41990.46185820252
82220,14061.25066397513
99327,3528.2398221467456
98695,15297.853680007978
81373,17659.486099221936
92571,10844.779246706687
99568,7221.369175029507
80774,31408.74988880291
88548,14941.483456423603
89214,15813.753622261946
104968,13849.337042151581
76079,19303.05078767467
106643,17817.955590492747
98760,12669.03850426307
79377,19572.548404530502
92075,32849.82553181821
83689,16032.606597196318
89321,8948.113879082717
101772,7769.200663601146
82498,13046.315434529995
100293,10159.181510167376
82360,23617.854674706352
98921,14807.519838292725
78949,33136.86127128131
77501,16771.238685780583
93322,26145.654755533382
85827,7556.2395507016045
76428,17948.279857377926
105249,21753.521475584457
93940,24791.825317525578
85259,14412.127993554499
95570,32047.50829196214
87993,7427.473683263887
99558,6970.153227277959
91277,19232.9838952591
93825,18849.828114382824
107121,28730.870470817685
104959,16517.233193256736
96364,13184.69578663267
106601,18914.180784312735
106375,19744.72980055281
79619,10873.41769130965
76473,14656.217083314747
88184,11161.69563138389
92530,22768.425457743408
100669,9583.635993991167
97656,15721.929107577887
78071,28799.12410085392
89316,9208.927768184345
95061,22759.587873001095
86189,13555.541041563007
89553,17490.525862941937
93106,23223.434344477533
92968,13793.48297616552
84025,27210.6433835707
107972,10366.281246498409
100646,6944.7293366826525
94107,44497.16346189853
93865,15679.891384935449
96199,13405.943317585119
107397,24807.719329717067
100882,12352.071148487314
104739,14727.594668566297
85360,18303.544479528035
85630,18470.465184286786
91862,25194.474678092247
107207,21099.09085568296
97162,6587.904539660725
80025,35346.08658049888
102082,10580.741773025129
85267,7667.570436800583
101929,15130.576910248792
101500,9508.96010115971
79709,17113.12911453905
93972,11874.724677875201
103035,11854.662751957283
99214,11297.15817602822
90020,16118.876904826579
93078,18692.86313021021
91474,25330.74408192668
104931,17117.014670451867
78728,25164.161918613285
79185,12438.414099614665
103871,6867.576738321906
91303,33675.07722778706
103205,17111.52694322503
102796,11511.801506734275
84381,5581.709863765157
80694,2936.0379066598907
88412,18170.421179872705
87437,7333.820291030448
81938,24579.537929311886
87557,8086.946903897839
84227,18424.83000461534
94972,34439.77989084278
101329,13892.212766292629
80069,38504.67154759889
82432,5592.237328956398
103399,9029.765896961268
77538,26023.83142031055
83684,10215.143435606573
101430,7283.279753140867
104322,17776.122186096884
106856,13353.515964336253
83084,7722.33961191938
102179,9125.6216603856
91752,22806.755801519208
102244,9631.947479133261
100903,7915.5210257114595
87128,12863.165892791538
104654,24769.01422413534
98265,5866.323079031887
101764,8886.819323388354
77753,12869.43719323943
93483,33835.37675028836
85586,6298.423489924077
83436,28693.77112486263
80395,14992.123599483928
78652,22371.667125226548
92985,10270.87905173473
87343,10844.637883181771
94390,30382.31248495369
94485,38359.280159261616
79564,21117.573017342336
106104,33754.814711141706
84557,11738.556777215434
105524,32036.498643498442
96622,24199.564269128736
85389,13032.3229583717
78029,53970.028087728984
107904,16058.382514689672
80526,47095.74355349867
102233,6401.395361808465
86058,10308.432204674578
76614,30021.9709319943
81334,81593.82626420347
95043,24058.845642785906
80400,14272.04525353292
100114,15528.811661954724
92049,26075.82238808548
104070,8569.184984764435
95487,10481.055683882169
80402,25297.07415204275
102682,12239.359337609476
79747,13275.274222440625
97331,15653.757229991754
92573,26836.393113072823
81827,17076.98172654221
99721,6053.716136513084
87560,20869.15561892464
101447,11227.292943311353
89027,9021.780380818
100905,9036.096588524462
86467,11921.221728327737
90523,7734.5215794717915
77588,37268.8862269166
79946,23257.607406447678
94096,20301.832047361157
106481,9447.177252968579
100694,14702.943730942889
91176,57581.00535659437
106878,6893.663478108845
99871,14601.257170952833
77534,10791.23032079434
102006,13824.576180208278
93356,23642.32273248887
85788,9976.481969230399
97108,19638.80734129823
93129,18210.123049507823
95168,42420.90471077474
96578,9204.944096477502
79570,12833.86546965829
96604,14786.261430701017
76367,7448.806997898277
105065,12531.844685381298
90635,17643.179777875815
107221,11988.794127963325
80375,12075.741667417626
94421,21811.99951651136
104009,9488.86883425099
84804,13722.233235799475
92074,27609.76908563733
103678,5879.638169362981
102350,19614.191776173488
81690,15405.078424206347
101817,9791.178830358616
108275,23610.212953440594
78030,16460.059718559
91570,24267.736788798084
96746,8004.240550763151
89748,23425.475449488888
107889,20650.591124514543
88402,16864.204268977508
107789,17444.242718461348
108061,27498.250825177354
105143,13771.83631821747
107488,23406.526997151792
100812,12366.326301471836
97830,10416.315325779984
100664,13857.251203065372
80071,25372.098671321433
104550,13800.51332284174
99466,9296.193635445481
93777,15703.141486674098
108105,10368.608309098108
90322,8956.811429623556
101860,14309.827469689108
104129,9257.150478353462
77381,17226.555055312176
76946,36996.85612444379
91556,14668.55669888298
87190,9599.406810445993
107647,20409.0153275585
84177,11605.092623884479
93266,28848.9129351707
107341,13847.000271203111
92693,25916.771441631867
101292,14325.653278049136
79651,18456.57645101167
81654,13169.555441025723
89688,5731.819850306586
107423,14014.505774456049
86626,13884.830023107867
101633,17771.995846488637
83827,10648.362112945868
106678,13410.00755518038
93756,26433.9257460999
84185,28114.335898422818
94867,18367.634541692143
101062,10203.476935940122
76567,34603.88898303077
80522,19499.31901585871
101932,9319.817498401597
86016,13611.55325268886
98609,14960.756578818324
84081,10236.731942008195
78446,10983.88040749462
82074,22217.908341025366
108374,30533.286973551316
77895,25681.05298368258
93416,18891.69563290889
89357,9805.185504813191
106786,10110.614756913126
102766,11419.44346164015
82233,11838.685852288254
84115,10602.588790209136
98073,10528.986050224907
106198,7967.901528327375
100335,15520.039945631646
82169,17160.386405326655
101191,9380.968516304085
94584,14102.208216524843
81980,16308.948220088558
93574,35879.94039677908
76934,34373.645629523424
104181,19588.452704807587
85205,13347.409771789826
101304,11653.45087956872
77927,49884.67051998673
82028,27986.68235241523
87191,28485.401611931546
77713,13365.827906153927
100414,4139.691603276036
94287,21266.60867297165
97941,9960.376885835518
93702,26216.994353409307
91433,25420.4355405315
92420,19274.21277264472
88433,17305.234735756472
91656,35016.11483344258
94313,29008.184316603343
91218,13782.37841473025
104418,16013.041750149087
86375,10379.198237943237
97556,14409.687711570194
94514,42488.21313512753
79165,36884.2715125171
81780,16473.66825365908
105424,17520.617831179832
77427,15809.255494175333
78626,20686.14304867058
85465,11397.878260451256
87616,10438.959118888439
101667,11968.260804142217
84226,13722.067455494354
104737,18245.099955731035
95041,33518.381959351456
84070,12474.424350827556
79071,14579.433071403813
98688,8647.128104376294
91104,34902.469940005845
95301,17112.144175078953
82795,6143.889844956836
76606,19906.60103608678
94708,22093.04250068064
82934,7198.693896257162
101243,4578.716404916309
94629,26371.418659862393
88235,14081.31803518057
78913,50491.01603278537
94480,21999.79236801029
77005,16310.591238237359
95511,23237.028986990466
88879,13165.057109920119
78396,10670.877316852697
99977,13248.379958478976
87602,15901.526705612325
105439,18583.99416014368
91094,19802.014525557697
103575,5419.60897337811
102840,7231.033249874988
105367,10377.00771017654
91884,22064.7501196783
84572,10430.303479053664
96544,8171.195130380591
94082,32206.452746505973
95510,16418.120069950495
85718,7509.1701354825755
92527,18798.61188934295
78855,14849.685559373369
107521,17266.08174805791
98876,4731.231603695025
98440,15451.275535808436
98714,10202.10633647092
100643,12115.74697827107
89570,7069.915878712767
94168,36560.848618581986
93299,22344.121013686577
96033,19453.646947039655
93742,20082.299046615906
89946,14007.563199301878
107741,4741.652907320891
77268,17807.78035447624
84848,9499.564282914664
92323,32183.44454600284
82181,31691.29021958257
102252,6882.530935561275
100240,11223.996231775433
90422,16176.948276998795
103145,11412.304541641206
83333,9181.776371855365
97103,33259.743165940556
107379,32677.09115022529
94694,23978.60156099677
97339,31714.45834952308
93104,28623.759412311672
88194,9770.815488695456
81954,21618.93600089821
96391,16068.65219178927
76563,11908.009042119214
97630,17890.83323349919
80201,28169.810404336935
87854,2365.982200645564
102312,10121.003013298516
93848,23063.263711481133
82542,6888.768726910168
102300,17091.49806509556
97229,11827.036064638593
98907,25650.961604759308
81238,13399.206245413667
101377,10064.014627331677
79109,13075.46935486795
88044,5233.553454144156
91950,30739.295732033326
103403,9148.067144402456
87611,10165.174530242999
98169,14999.049668644671
84352,13704.843361411238
91787,18575.367535649486
85668,7804.250695055071
91287,17179.077854104544
80289,17945.719542326584
80647,24498.36803655445
90612,19636.18106975207
84941,13075.752926983485
85955,9849.750317304608
95019,11479.97719954663
92685,18264.14322537461
87156,7727.253487990011
98300,17990.305916732745
80737,21001.876829147048
92849,26095.166950215003
87490,6624.285230129504
106168,17468.566959116157
87014,18443.592804574637
95822,19431.06913297042
76797,13757.350939350168
88416,18386.999857430033
99974,9810.8439788582
79248,9801.03689087854
93969,43412.52058008126
104746,24118.56914648098
101092,19364.513899680456
104076,18296.67253828488
99087,7610.435043429759
93808,24033.141805040734
80849,30663.84171499399
93870,39625.95198684238
97218,8714.50384867749
85690,13705.208873531587
82581,13959.272049914953
81062,13266.155835878058
98925,14985.37763359021
98116,7766.187033777556
78229,14342.647314778545
77717,3717.3683983746228
92227,23890.26180845419
97525,11344.215923601889
92015,13862.752486398731
93168,18354.00121112758
76841,19058.10032930291
94920,12807.542583526803
95188,13351.258600528738
91909,48610.91304824649
104631,14147.321545294715
91186,20531.10307049436
100465,11400.049563550538
79253,18958.875017262642
97133,9695.034185608209
84758,8910.238791921622
83113,8235.005766944761
92012,25978.78518661305
97730,11258.903825911832
89579,17030.269088242167
89670,8664.208278180455
98105,13015.135131844338
79497,21611.85055937811
85954,13580.714409502909
90314,5580.353633751372
81052,7157.398259552339
78531,14728.992591606366
97791,13504.567458735948
77746,22036.310307531465
105318,20912.63025354546
96956,8968.761668401996
84493,10596.217106972523
102164,7689.68742964047
84640,14799.659093354023
83292,14790.370491651673
80446,31910.18797019354
106883,20975.632779449556
96822,12178.947836863223
99282,9724.568759605363
94359,11751.74437026194
105084,22795.409707950057
85908,14303.035101881862
106431,14637.747998811203
97313,18014.798405266083
101268,6401.261221604136
77989,17341.38000625434
87682,20016.120099874886
106611,33941.25435708088
107890,10734.575262130877
79578,21603.983762228865
92372,31357.07821071864
93915,22228.773552547456
85425,8832.85041430556
80577,7613.632949325784
87561,15474.758480840232
82120,16283.493430007622
91633,19918.07388789871
96970,8807.81210209879
103356,9279.228296532232
89416,15534.242448351224
101155,8988.653185111687
104222,20517.39472919806
76104,16893.50820105612
108362,11711.383369835296
80616,46126.634008807545
98659,7447.235320930103
76470,27601.380282657774
86501,4037.7722987054394
103166,8379.767325501985
80799,9973.349831162412
103699,11940.814766859747
97005,21123.719342388704
89375,8004.987995289281
89434,9241.743289757036
103114,8170.984286732789
99021,26862.305986477542
85368,6144.879042069262
98207,8968.13803868961
88420,11431.049675347527
86225,10923.102437840646
107761,47530.05973479985
83146,18219.543535636254
97834,9619.366165226498
95729,27932.684195143087
95480,46888.58910943398
76736,25774.371514319315
103683,11766.562369689083
96410,21754.194787564324
101570,8032.360248193899
81039,13952.952227454729
82813,16959.353584710432
88704,15914.062136546641
77926,15087.956907308799
89560,15876.223001802871
98902,11525.065273552544
105164,32169.35824286867
108109,12133.395313517602
84480,12416.662461259137
98239,8847.822085679498
82385,35901.86218842972
91637,33142.903367718856
85732,7948.379549575199
90790,7010.704708315889
90251,7420.607078146841
101246,8113.565516813181
92962,21382.199160507866
75988,23437.902799705957
106880,18743.061624564893
89844,14280.4233556929
79925,16201.71110636163
76282,20140.98185446732
85648,6074.055522848088
95507,17478.39766306685
96605,23119.059744203525
90201,8779.75867621246
93506,26590.497637517543
78490,13913.78282898956
106831,16160.03722249695
78101,13478.931819181313
93059,39833.19310131351
106820,8937.66989377474
80839,26737.433344949397
76695,15933.105954475252
107678,10633.502328569506
77084,10989.978157192056
107856,14663.893415127224
104446,32868.627131199195
93306,16255.372279436287
76610,32516.21107027288
94451,18737.39093341335
96510,14899.087832386156
84861,17747.570633806372
85787,23398.911596351514
78201,13068.368536988546
83353,13187.176323849406
106485,12071.515207825569
98115,11045.525143798563
83852,13835.53784988272
91320,23953.546560163726
92427,6348.934494673747
83851,16018.43205339283
92011,14579.635495259747
96043,7675.678842871467
93535,23665.331624526738
80183,29580.782826109415
99075,15089.822306755455
107932,12247.338910058575
98968,17618.99106420721
83350,10694.331341978228
77983,18667.032057336015
104722,19414.031246905113
101213,8638.04548198475
99670,6906.845267904983
86163,16147.037727300678
107969,11613.549495471136
77875,17960.22225723725
86254,8750.566716052608
106709,12531.674230903742
79732,25308.11681515959
107841,8724.063344728344
82222,18065.930168954506
82020,15111.746674450007
78930,25886.103882353782
93446,13985.27722246161
82880,10818.019025648484
85724,8684.357486420244
97629,25983.176703252044
106635,21482.765815242867
94103,18481.582228328243
83051,12409.116470468323
85087,10560.78151356219
76917,16492.86944270164
95037,32824.08199916226
99867,14353.752275508346
107425,27969.483860712935
85753,19527.340367422887
95099,27453.749808181285
81950,19487.007964292294
87493,11243.518406920359
84035,10954.346372770342
98743,10435.322411656734
84532,9067.45816443046
106827,15307.190877185834
100006,11430.387689160807
108013,27555.59129813394
102898,10694.076574654304
93509,18109.362159545995
89759,8581.298646145317
78191,27186.231066136384
80286,7474.1983896222355
105908,22324.176645749496
85325,10704.620129147415
86177,2510.3686546690487
86780,15961.04775010518
82738,10324.938205301565
78918,22489.582258840655
79161,31476.74311234134
84004,7995.762896470421
92541,31720.22782872636
86047,12747.408303961993
106538,14891.935484577725
96648,6446.753969297902
101018,7992.171879549323
97019,21716.85469923829
105288,9293.301100563163
103441,11888.09775720474
84757,18213.627996417297
107069,9336.76042399982
108356,27191.26784882823
84436,9856.873231372825
79898,19661.664893677484
84703,18186.41591113689
101219,17156.843623069377
99858,11973.728235395047
77333,10129.826479125528
81923,13090.354527024509
85116,15270.422548036979
106149,13671.199777729596
91228,20217.658685211056
91512,19815.279992094805
80878,20262.02906177627
91229,27964.406450457114
99181,7055.418531700881
97944,13687.000940745607
78314,16606.337711914715
103087,5242.792162021032
98170,8260.952680334258
86475,8097.155287444708
76501,22106.664707881002
87632,16693.340819914396
78342,23486.708582950494
99723,12664.760463501141
87620,16782.10464539263
108111,35387.420819073384
89385,9753.563211210218
78604,12201.389205343079
87199,16008.91886774443
106661,12763.066415004581
98162,8267.52157815731
95522,13321.009758845816
76276,10030.683954062215
80135,22132.413678830908
98199,7311.3407998154435
97771,8589.211673617523
80509,47145.55294161386
80570,33543.00224032866
102070,15293.633874082865
87513,13222.694112547197
92822,15611.173882019446
85443,9888.461595398603
107258,15928.56776842819
90876,22314.743154807147
105021,23129.36624820328
106246,8656.500206970924
102213,14503.506853632982
102502,7813.612660264308
97859,13358.672520573502
90858,15447.38874180761
103900,9816.384689813722
101159,7866.486160320311
79882,10533.936095432999
107307,14382.68064956174
91892,13664.816454295642
77992,17866.146776434707
103300,7008.972802254009
76540,39054.85665033418
103225,7384.845869117035
93202,24464.95182588072
106035,9964.086562696823
80459,20920.880435254177
90377,8743.145197351232
94302,23909.008587024167
107598,15640.529404831968
97476,17740.195446945996
96871,17675.35477077085
78543,14760.69313445057
89215,10500.19089649287
87251,15978.47789676732
94113,17889.819888648613
89499,8275.630851483744
104785,12492.107476229481
87775,19060.62904231892
91882,23852.07158227917
79256,33839.74443491959
100717,10785.894993124788
104470,9833.459012571167
98732,14519.89928734709
82547,6390.561804356909
83776,8600.782616725808
106546,20172.409685496626
88539,9149.60236004481
83929,16768.992359691518
96026,6522.7103967413705
104011,15193.605290631047
76131,16205.876597167713
91826,33858.78742336391
103999,25517.337855356305
82675,17004.796248608436
94439,26237.390407377323
96307,11083.607616290208
78033,13719.001957105938
76854,13440.2043438049
90036,6812.809521095708
103891,12301.355876494492
101263,12600.808422154636
91712,20397.15261226005
80856,17043.42404954098
95058,18966.371905285483
82735,7427.107910292355
82588,19744.130269432924
80775,49768.02792136763
104524,11583.091430142344
98431,9714.481923312373
82272,25808.723006373508
80152,17819.750694895123
99115,10505.776516248625
91591,24680.945280307413
84573,16814.714993364858
96777,10287.099699262983
95331,17655.32739349136
87492,16410.467446752496
78031,21261.828047448624
102367,10712.95886780784
105139,24500.681940982544
101793,9805.056118110668
82312,32779.251915276676
90663,8102.032197527437
97827,18679.11613638754
85812,11338.048026588385
93839,23285.847523350625
92711,19276.18349975928
90705,11492.839623997388
105089,16413.749824679766
97946,19558.73414723773
89744,19161.33927131799
91047,22512.121869183382
101166,6517.122971996224
101641,11754.460638724393
96865,12467.173295451945
76615,12468.26965607889
107736,13327.123779804895
101285,13447.822154487978
87016,13222.29716101702
99919,8069.357015189752
99314,20603.73331531178
80754,27797.465582257595
94215,35387.71257561168
82552,13760.299324483773
79696,45919.44578321261
87903,12073.550523779208
77373,18108.829467746167
76494,19022.932840143287
80003,23277.650275808584
89000,11305.38123828086
93128,26069.634058950935
107992,9749.719661135952
89029,14103.106545138682
105461,18965.567231688583
95945,14893.56731059256
103106,14511.9351882653
96246,23676.949128097807
90428,6925.8931790471315
88909,7251.345738065931
85222,11876.523368457018
106888,9874.252859859964
103117,8782.605150603056
93022,24601.306218027832
103375,7293.2962998450275
93229,23165.326388094545
85603,8240.402621868265
89869,9841.691950290971
102338,8043.156684692589
82631,13134.619068127826
102687,13774.00148598506
82001,24594.6435691493
80204,27803.597777379622
76279,27907.108241828573
104066,20687.01026085322
85918,5376.238817899911
101590,10459.937458492743
95375,20512.604067590153
77897,11238.649046105636
95209,20383.391198930636
95921,22774.931250289203
105769,7714.627970120343
97833,20998.11336216
106557,18513.31247239457
80274,15961.885126315081
91786,27232.64721116079
85350,16031.356631758486
96217,15969.13577665849
86429,5564.620186085926
76233,21926.844338202987
98782,9590.428998622678
77064,10459.833838159731
82904,17646.35895669162
101384,10723.605274537873
103541,7355.2606316480305
99625,11037.05973183567
89436,17641.471633290377
92889,17078.679246831758
78390,43147.792740738594
80649,18021.497800309156
78894,18079.07922588606
100312,17573.803834692204
78222,21545.655886532786
91392,28394.263144965673
81452,12141.09060119886
97819,3896.5994287662693
105008,10622.07800216846
94993,23944.57856915217
85430,10211.05914726294
94075,43929.40227729179
81246,26147.385170558293
78432,26137.199110856112
89458,11184.95497712233
86520,18667.73971122243
84594,6384.375444329611
87131,8209.856154570247
103493,13371.132002072623
95302,16886.002722183173
105156,21010.692676343675
101489,6572.718183313631
105619,8935.193263953752
81460,25865.651660101663
79311,13399.390673600155
107401,28201.10822900861
106068,16200.11936309466
82033,28047.680263604132
93749,8679.981892094102
80321,24634.9409869731
103609,12457.554564992251
83443,9365.92085770438
79664,21409.59433758503
91263,22916.499611051157
80368,36221.56570898754
82178,17941.168440389076
77812,30060.297311382816
88159,9724.884008986182
107356,9925.359828185414
79312,22547.524045038608
81185,27629.772528852052
103927,11092.252015869444
92977,24286.00121016657
94013,25518.494471747912
78601,18314.09928124911
103250,8050.195655129107
90673,7158.664366023017
92757,28574.4364137508
86876,11216.130727640832
99148,9995.717079095477
77972,10962.234690808846
79854,7964.607499888719
97128,6901.426085141355
108059,13402.004709701265
105613,19038.663278651762
94727,3966.218989547737
104783,7152.193759039973
89446,19718.567756755547
107306,13332.942430738487
94890,22377.004967652418
94080,13467.792825454351
81720,21891.45869509953
105157,19744.441305640677
79438,45539.24740712066
95275,18175.484336352038
86870,10943.59736248076
86336,16324.365818324399
95031,28732.678811138223
76727,31308.82166041363
76416,28251.378344556662
95523,24253.726262900364
76945,10759.8128010326
92733,20389.12431249386
87625,17684.545220021093
105282,15607.634030918805
76798,27874.6268383525
93061,19133.764232104466
99449,6331.612321987905
88177,8687.819651097476
89115,16742.05337899619
97192,9861.824561887277
90003,11902.118008944439
99544,18940.925871690986
95661,27191.080871564092
86502,6869.642473746468
92299,13380.744342712356
92164,39098.78513701223
79415,11788.33484922258
82793,6562.783439879604
96761,9794.057659488628
95372,14364.82772652772
78310,19787.179965422896
84611,12664.77097234882
79039,11351.202469311755
83955,2242.634385530761
103422,8455.388657081876
98290,12604.181091996528
89786,16700.649601041452
88966,10797.624649904159
91692,14708.67905035464
99720,10357.832319484953
92291,29440.30022357111
104283,20962.921361053446
77907,35141.461159949475
80667,23998.370564548164
83714,11012.32466284639
81499,37201.338739254126
102870,10399.788694788005
84245,16655.92956484086
96709,10843.885338063967
96985,13552.815757273604
79739,24389.819383272214
101167,10686.148456906161
101412,11830.51752534277
97207,12320.911292357472
77022,14675.364321445115
97267,23070.9086095836
89310,10009.801059465659
88525,8393.971229204928
100951,13946.020360004655
105401,7818.113748498473
89558,14745.471894272698
97593,21402.85429874082
91993,18824.268065793305
99362,12277.108858251386
86021,9506.961921316393
80590,31303.40395791513
76881,16044.62719420998
97173,12733.951568932014
100208,15889.6685949062
106111,17601.267593360906
94771,16683.201902391374
86006,9709.21629663836
83246,14071.418222123551
81624,18800.722885479547
97158,12746.453880720095
90839,6530.703895678419
76730,11096.313654617787
95912,28951.069203686715
98742,11869.553279878983
85366,11321.871202833578
88971,9554.23616308798
91073,16414.845149799738
84276,12735.21232645995
93643,30192.165412754613
77674,17455.116918695006
107054,19275.960869526254
76029,12052.225965996578
76703,20824.410112552036
76951,28691.958383145156
92952,24287.829265195942
101165,12999.007180177394
83703,17149.057086054694
102514,11848.794086917072
84274,15953.611576251493
80933,13549.957501616245
89802,15273.241441605582
95459,26063.21743861001
88242,10381.066070763189
80337,20508.47045935474
96758,12779.958804456344
81706,9302.88811983346
92861,27707.18625167195
97057,10654.662534729187
90369,8511.919073486708
77587,17402.7335570774
92265,18567.288871807297
91500,27708.783837517898
105511,19534.697051163654
90137,7742.42178129182
78339,23241.271545434745
90208,8204.800808407957
101548,13370.20638363541
79969,36366.14491602527
83047,7079.39512735798
106469,13864.835410424512
83513,17627.393207352612
79652,10965.861866448837
93970,6437.763855539868
95655,22828.1194417418
93966,14387.688039975059
103174,9504.13629255046
92732,31136.15396500708
104052,16506.0193806792
104427,14903.993711943182
81504,25136.87571042104
85835,7714.965654595395
85265,12139.490028964346
88872,9114.162867384946
81581,28020.137342690792
87525,16547.258181009653
95242,14083.300693996922
84066,8936.202838484945
91130,46735.394359954196
103798,12426.8046166619
79777,12145.410970452753
96975,12729.115658212693
98657,8893.599383198853
89241,12553.633578456544
94846,19499.2179573254
100346,7313.1306914933675
102570,7897.402567846314
86462,10013.042233936767
97934,19808.552196037326
96947,8119.679167100295
83667,9565.307768740262
84928,11974.77455826524
107956,5813.021222631349
98949,11923.60689399491
90998,13171.871906776107
97708,12901.342122710503
95416,25203.49451174697
78313,22930.085249765427
78886,22642.591437961848
104031,21024.500118353528
105160,30050.535748010712
103659,11358.465181802223
82200,17373.670261365947
90814,6454.978364935974
85367,10387.741987714846
83180,11849.289919519417
106202,14410.665072781341
78450,16645.96437017534
99063,8639.486423489028
83877,4538.152460181601
103411,7487.801031149042
108533,18966.820619996033
98123,15588.637373293494
106850,11659.275482203933
100148,7735.590134187366
83012,2974.3468406188267
82410,12990.807291986832
81994,12230.881362012235
77099,28823.356743675628
83281,19082.89531099671
94288,23191.000305502665
103702,7053.645527991443
105076,12687.671597460965
77642,15966.473350938832
107183,17243.82823836631
106615,13350.67949788603
84149,9156.750236344198
76911,20019.064507741034
104162,8371.982657201346
102563,7958.379152451666
98356,10870.313723793108
90601,16953.241753876366
86307,12157.358876480745
83892,15944.550632802739
86128,10814.331499600714
92836,13531.714529418938
77569,26632.21815627177
108327,17528.022237587382
101953,11609.58780594721
105792,27621.99188964564
97726,2801.614390374578
86652,8740.931079132682
84446,7033.290409591843
96826,14294.411695698123
95460,20944.165265171578
86352,11884.303820795101
106793,13760.907989508978
87778,13895.830625338209
99950,7450.148061622338
104088,13038.852426501953
92232,14453.777451736403
94143,20256.19652343338
87874,13082.89998090406
83793,13147.063669317049
108182,17817.19417325198
102804,7762.933872729139
97509,18576.566519559994
96468,12220.335105516275
85388,16781.6664795489
76856,31283.793779971307
106114,27766.140547062903
92900,25446.56459299414
84771,7951.941685811122
87714,10772.537692701548
80892,22602.77446579318
91592,29452.058995448588
102842,12699.372857047605
107139,21345.521431582016
94334,11171.496477134877
86768,12491.019719421534
103414,12718.611644729619
92179,24794.33884187889
106474,14733.692761053459
86309,9051.607846007804
91109,9650.509542223814
78133,25100.233386047734
76963,14128.277857854298
101391,10634.016658482118
107342,8186.932682810963
105184,26609.802155492835
104693,31840.13804063754
89673,16012.99560278845
103903,9793.207158281246
88947,6188.347701091578
87569,17358.493077953783
76483,32077.960190483605
86102,9916.890949038132
106452,8614.89940454109
107976,18281.037265743173
85216,16184.380348035254
76812,25431.066285344612
90905,21150.0342658968
101716,9999.240072329807
106450,48380.001643741016
79930,7586.096481732382
80812,30627.84424983998
80862,23557.796721250503
103996,19131.250807891734
93119,15914.97787492059
93986,22204.155094361824
90226,15570.656002907828
104841,6673.80578941866
77115,8355.688529902429
82162,48329.75501620431
88176,17723.383911331355
96807,18281.76624378994
87893,16870.188248271592
96864,9697.861380181417
81129,14291.682420695337
94158,15631.58526838952
87268,18174.15910882673
101545,12059.336753955811
80322,14111.795689666716
95591,20282.45223026916
97284,3841.9640017338293
76503,16849.97744536415
102457,7063.653791633693
103358,13621.172236288134
85800,9111.75411472696
77892,11747.630772388238
86918,5568.746283449356
88797,7312.343025571221
101581,7411.043716340574
99941,10231.43811954277
86005,12298.226108474299
92601,22086.36703671036
77922,22471.111272988015
107005,10573.48234907842
92729,19682.17629991676
99740,20988.963411589826
104686,12995.99889836628
87339,11359.638219086457
86577,12615.489755347156
105913,42622.7138319529
87402,17225.210937349395
88287,6830.21152582923
86544,8614.862259047188
87671,15913.73678884264
91204,21165.48495138742
99618,14903.687675526788
93596,19018.856006313654
100194,2255.447143900715
76820,30620.107911088435
78350,27968.69570359938
91114,20226.141482015188
106403,25879.512797065065
77876,18290.489714298375
92321,14778.605587911385
93803,11357.673197898792
95007,22771.95341268828
93540,18550.45783557325
88267,8001.007011805899
100770,8969.885723327938
79033,39298.784980836936
105481,10387.488369312883
92645,22931.604330248618
91504,14940.84785653705
103374,16983.979644201743
76555,29234.53491505867
106876,20091.126810311795
83008,7069.813478046686
103085,10652.04683774
108288,29238.721365606572
78153,26025.37476076603
101104,11317.75160405665
86300,17369.142250085806
83596,7772.351592560181
92918,19075.47379178038
96263,13671.845456735024
95845,27813.092609994786
82174,9470.087508883313
95636,31480.262432404794
87859,18148.15918674324
92038,12820.651150320542
97965,13407.567026765731
99236,8985.797775139037
102581,11296.65610634417
88484,3398.284326581851
76734,18632.68525418417
107756,9888.051206737257
100368,16071.107153358607
92542,29489.533222642087
106507,9856.813886201311
94713,11970.356156377444
86830,8601.05379104774
105659,12242.777796956856
103299,10074.433214340006
77388,43344.06352737105
93171,31618.624689617147
95564,23546.918347908188
92209,20565.600708379738
103068,6531.297170409355
101008,10633.849863071777
101098,10485.206458731393
100297,7336.387684916875
100668,7844.668411780025
83587,12114.421545750925
103730,10893.756752545996
80300,11021.966887311803
90994,31725.345604672995
84749,11018.396154659236
96883,22908.3235330541
83643,25516.613631280467
101307,9246.076705709886
96979,20465.923369020267
96090,17410.10332008243
82603,9417.222496289824
79091,20766.535824910676
101959,11216.156831939752
101554,9098.221491290898
100961,10897.889238236781
82778,9048.550440342478
98924,6606.0769659339485
85086,8264.312876065644
89149,7376.116518123987
89443,8224.706437035402
88608,13399.17834412986
108064,21709.57605501992
93913,19384.41748964165
104833,18544.71685205506
88819,8118.606375645719
105039,15992.08906739574
108163,13821.137991018568
78429,19975.21779389597
100022,9165.906641332556
99243,18336.27704135601
96715,13726.178148856294
88735,19105.035999531137
86496,7965.096868565033
90642,7492.615835117188
98358,6522.459742354354
91268,28066.90943616621
106457,11452.19661411342
87063,12865.153502182697
103942,12072.303571144696
101823,15797.883724738413
104919,2811.23015277997
89192,20635.463539136974
78525,23471.800981722226
82948,10786.265262940342
97364,13084.120758962921
77638,19503.711336211734
94939,17188.320380827186
102799,12907.434401794313
97063,17906.223153053874
84889,14312.533469912143
91197,10659.073313745072
83936,6151.205511329234
88850,6700.686018443534
104781,30445.31798919814
96341,7444.054741903546
77784,16893.128761557495
79500,21944.20093438687
85956,9579.076093060903
80268,8100.657063243926
76575,29236.169332180823
88273,16506.59546953993
96863,10833.9177842318
104149,12630.114374600547
95323,30316.09539719777
108521,12968.653542308144
104891,27214.988504592613
86333,5950.9429392236525
97441,29335.38809729401
103963,13180.870315169288
94117,22153.23346301381
106930,19906.448748473667
96478,10913.408709802892
93273,19077.383539616338
90140,5347.159936622922
101752,12752.848871013437
102564,9619.092223019969
89449,8852.042876764523
82080,16656.930351831157
103168,11632.31109704163
92400,18402.375100121557
89829,16009.548463888706
100294,14250.715789855796
101914,12429.387397713113
91223,22421.550359950452
107925,21182.26083389399
108124,7148.45568697621
99736,25864.056537238215
106222,5929.270332662456
96843,5964.6353079568535
86576,14299.755720656112
106802,20427.551873739198
101331,7082.799408556178
76847,10774.523458779762
82850,10987.870439349297
107284,18850.88915670804
77599,19937.022724861567
96827,20181.488954607197
76080,16065.517383871831
89213,16070.286431696888
91332,27091.228558656898
91930,24760.342662076426
96005,10645.827495950794
94637,28287.45933964072
76949,11211.254453672786
93336,20896.175728159527
79792,20502.192093760546
94859,27307.282249975942
87815,9653.384309452516
100994,12462.721234499933
103939,7584.9453079711575
91674,24204.899560128655
81166,23814.523693838957
105292,18014.546787424853
76991,50557.58404186918
100176,15265.233007776556
100118,13301.777605241998
94700,20817.769789434526
101432,11025.26798890874
78373,19526.463458923354
82918,13892.114503283352
80619,20285.50230089567
98870,6831.15626149903
99728,48562.24639144432
100347,14794.212719111652
94871,19204.8847938557
76922,25703.61539957624
102057,7075.196959218371
106406,20525.035617769285
81647,39352.4285550863
86232,4236.350435854908
90976,27480.77279174851
101053,9656.522063621156
87392,9899.40012872306
97377,15080.178026183174
96652,21372.989628631673
88212,9698.529261267464
106859,10112.130648207916
92678,17592.13475532044
99554,6986.905974648985
92531,38103.42076393397
84190,10824.784448541097
98562,9145.579829111522
102014,9451.781284736044
105663,15652.711480914713
88795,7964.457688584571
83227,4231.862109614198
97436,5114.349564505764
101846,11451.266598580372
80332,26803.729507249638
104483,22709.796427462716
97675,9679.368243525982
87703,9354.6716914781
105829,16073.746844280466
97495,12511.770183755814
97230,17535.437001960192
99232,12284.225248381475
108036,5717.5002618991475
90470,19743.76440205336
91410,25823.451437554395
87856,10777.052172700862
97072,13663.93480370226
98581,9326.388832383063
96021,19304.120595833854
104873,22153.61666157547
82366,17390.96173345269
81093,12765.108657687793
94091,18020.289407699926
105502,25166.58703332289
81212,27740.54055768982
78477,16653.844238599606
86344,9395.863851435086
87337,9947.06380775755
83364,11393.77726591211
105029,17016.001332172855
84927,14969.02591046094
92467,24630.29189299844
77390,23697.248276312017
91159,20040.194532582664
86919,13299.135110754185
87364,15006.796081649554
96009,15346.255538491589
80050,22283.840601028736
97335,21525.959115203874
82533,10123.019091646926
88494,11735.974621322193
101773,4523.988233661461
84410,15067.962551764023
90583,10615.289188838318
97361,7491.943992499315
101276,9866.241457420456
92452,19640.773005394723
107354,9054.893335891984
78584,32205.040365915596
80128,18204.22208462006
88645,11440.824880175007
86622,10626.612070016072
81676,22150.679920897484
107409,26770.290474116322
101162,11362.841897988916
107883,12677.406659424605
84824,10875.562829260838
96253,13324.562260857354
80764,17918.222903776932
105145,18087.04713043541
76292,19132.765852718992
85405,8113.639532521157
105373,25208.420185995714
86540,13388.436584360286
91362,28913.260385200832
90075,10049.545647138726
81886,11034.477040075271
99080,7000.032875051703
105235,12149.689889153613
96437,22908.6509945929
83205,12782.970624695969
94569,28566.337003365126
92687,33183.408428009905
85951,15656.86748334037
84977,8179.54783471975
86143,19447.432641789277
81763,12628.400142757633
92970,25332.873921934774
108286,10318.758140692187
99395,7338.472125094503
81779,22799.065560117746
82131,16127.147946317016
77833,11215.573954951944
91949,47625.39021861025
84571,13888.151446199907
81403,32849.9284180759
86275,10979.61093417705
98103,7998.7471586499605
96519,17901.493159462516
102141,12851.109897189279
95016,29223.455754471164
102800,16202.567829660906
102275,9741.016756419483
79437,20680.965881011383
99129,3731.204123630026
102738,12994.447181922262
88502,13930.58553207385
83847,6093.241585814846
82098,28877.18272802515
97608,11737.54794123927
93635,50335.587964518345
107415,15607.286933408317
100604,7915.674739694296
95825,16320.070101459292
89837,8390.363052591627
90563,13590.422353444836
87183,10473.413730460967
82030,15680.73041674787
100952,7364.204114921435
88907,6350.810388401805
108136,17601.095543315005
99824,7884.3840781642275
108052,19724.69398713375
86157,20000.132475755043
95635,26065.100382514345
76024,15890.145239398398
92449,14147.846869104676
101870,16898.362953956454
85896,10121.24722591183
102465,6597.496141491418
80302,14970.933239058344
104316,7593.385679147721
95294,32069.500855893497
106995,44695.904711580275
86510,10035.742880771262
87250,11848.43675783253
86483,21139.07984908504
83417,14442.076260187581
99580,10232.64721298798
84527,7776.3964641600205
86193,14197.613188251382
98832,19827.889828044412
89427,14155.787678124649
105172,10177.625529579085
100800,13138.198361286897
81313,14219.248859722496
98110,10741.137938328262
83944,13044.40331670803
91420,21807.681634830533
79842,25686.983642952335
98350,11823.242385868956
104288,21194.811419401572
96086,15465.668960066092
78566,22269.437076804705
84457,17189.628386112465
88685,13348.741586425169
87157,10277.645006423492
82023,25304.257181310502
95492,25874.183568600914
84139,6078.656231277144
89309,20000.132475755043
85676,8021.7879356305975
94553,8199.530713679405
90271,6738.411306695157
85678,10242.642648477038
86238,7068.2482993725835
104335,13320.470852994918
83609,16350.682590222887
92930,19695.548564590583
101478,7209.984193760931
86537,10507.157021602852
95350,20619.500333601536
89176,13136.556193935594
89383,11375.983103075167
81369,27491.23554933934
96749,6808.639045186886
95414,30366.33110092651
91568,28865.658090012523
92425,29734.136911164645
107079,25155.339572576144
93550,28335.524888241413
78972,22102.228698552484
80719,10196.786751635746
92919,24137.608200752216
84505,11524.201777782464
103401,14126.227766122096
97516,7804.260691051826
91738,15913.595656361591
81664,11015.248562171022
108017,10890.918679503575
94154,16953.50305407509
94015,24483.003390285412
78990,30122.632713590367
100198,8840.943473872818
91258,31961.534347192344
95886,20956.46434354613
80048,57568.80805111491
92615,21369.879856100175
92333,28789.353009993614
85637,5986.217676947705
100681,20211.505570930374
86280,8021.539953404925
88934,11490.95379221565
102926,12362.854404718253
88415,1880.7495466128312
108063,14840.010267063059
103273,9887.993410927818
79468,13662.448550539948
91285,15607.88474012167
99111,7117.184246321284
90686,8297.631366789445
77458,21271.947921124123
103540,6690.448835569775
98158,14316.791356915368
80240,34971.450636866226
93032,18429.892609414226
92380,14481.580966697273
91853,18046.236967962857
76049,20664.283550847522
98852,24242.150901077217
79019,11553.932665099366
78009,14235.030002952059
79038,17909.84726032986
106404,10422.403375704405
100619,4208.159048124248
82348,27422.442291539643
83844,8074.253741222471
101370,10406.652556944673
82900,8203.151071383883
77014,23798.93193390408
94704,30168.805749856616
105395,18519.67035125467
92471,28730.613559781166
82964,19225.643794429776
80223,61088.757241894
83523,11092.007673772961
84395,15484.257672218639
77474,20484.032371753805
94649,11007.387148251362
79826,11457.587609990236
81786,13560.040407895078
106749,14599.595027960995
94115,32724.224041863
103835,6838.052344875238
83617,16029.666441937752
106555,11760.507236687406
86868,9606.438921888555
105245,10588.927071237675
107495,18565.623382462687
79571,40364.27101060285
100328,14360.80138994986
77453,25489.286406340423
91473,25615.10093371714
100493,12574.132654767118
83383,6668.623683126452
96482,17720.890444663266
91509,25870.124775468106
92051,28911.745788141667
82251,14040.329893133898
76054,11011.615488274836
105927,5023.997299997781
89426,12124.352669397696
101006,13933.936969572735
96504,16528.591944390126
89053,17148.077858508972
102578,16033.358498182513
104576,12661.933986194434
94137,20015.734610015432
96387,11853.157260127502
106040,16894.913831783302
79795,10979.977520943157
102216,8972.758597435439
106933,22452.417423390547
87217,13998.258728316792
98953,6655.558966872721
106935,13175.41984341573
108160,11090.927861062926
86220,16774.801606947018
81017,13647.053092573009
90319,6992.040185342616
100847,9779.65055006958
79811,21410.999564039554
82324,34482.19865711085
79204,21772.12747383168
76561,19206.253182550226
90313,9419.581338193899
94271,13195.81309169073
99090,6997.886158130254
106261,13824.832123642524
95699,26258.510997035668
101624,8136.743417947071
92096,12429.724651480741
104402,19600.58070258449
106877,5569.620305855036
95341,26681.301740907922
79252,23089.262311720533
85039,9151.303116386634
95172,19702.22942265772
91340,14004.637635167866
91584,16674.138793100905
104972,14737.639689049709
80896,22027.86734214542
93083,19023.09425213617
90855,9290.454150045005
78320,18383.198446477876
98584,21817.092754214354
97117,15533.324866864534
90267,7971.847542006589
104276,11923.847586134842
93771,17692.964006323407
100654,13349.83180225388
84833,14434.92936783315
79006,31311.096368793427
98734,6778.072944073578
96686,23184.1786642675
81262,10201.6316434037
104374,9356.489559722462
87939,11923.060595621786
85868,10181.663453104933
105505,7337.998104202743
87999,6375.457707485876
84535,10538.808098291544
105765,14772.20524819061
77591,21258.13637815422
83018,7602.629869750436
95281,15471.79199769561
104629,19491.672312269326
80247,18533.721366511683
98202,10817.331858402122
89361,12630.945446540885
86384,11183.081612140353
77923,15625.547090451944
86901,9939.330707405335
101827,12123.241151520173
101756,7628.951927120752
77041,27224.534377350425
97753,9830.76334197179
95848,22095.00780864641
94827,22361.76567812567
78247,36758.7080634697
87132,14775.417956687817
88911,18473.702755160662
88418,11510.608871337627
77238,13771.201652355367
88359,11439.582059604973
78818,11609.32394747562
95395,17690.657867746562
103416,11979.072888727385
84747,12339.52088481575
101608,6457.466852307003
105437,24902.52875782662
76320,15771.877796188934
98937,4632.159313109698
78233,12036.441746515511
82250,17178.22825246294
96164,21365.631640951742
105298,14093.587667067297
85892,17171.346648044917
93834,13253.002525490585
84717,5500.636356327536
104176,10906.674740364993
95319,45611.20128125039
85002,7481.916426286702
91460,28328.71016269835
86992,15893.236183672305
76228,22541.64887147718
105611,10690.719166438932
83256,27428.00091643698
88943,16966.277117775986
77394,35035.27531578575
100873,4800.541857715901
92464,19338.70182718961
89315,14221.85347539703
92773,67361.09610495712
82489,6443.078689994839
76219,15440.954557680096
102904,12000.525633204401
91039,38366.319365910516
104890,25748.57338363625
99922,16299.571209425161
107007,12326.810207284201
90649,5997.675976823135
90166,12138.032704472544
90837,17771.87409905581
84748,11871.661172136704
101034,10271.073354357244
80579,11862.257392386451
103124,12902.54274546542
92022,7911.579656170893
103382,9470.544722024666
104089,17713.719347330316
92089,19419.89642854375
106395,29773.916232393065
76012,20436.294738977238
90152,13731.340228703248
85524,11712.495711382291
95337,24811.438475846975
101744,8941.961160234627
105820,16333.537089845919
100587,2582.77878106605
95224,35648.364857101464
88607,7442.220250579926
105741,19606.003584065933
100550,10993.130837271583
80543,22798.71831031892
96731,8096.721106733084
94235,34529.75460681505
89536,9798.177517116002
104062,10077.325767276167
79870,9886.003957064706
90961,57103.788129061686
104757,12303.012679909501
78702,10362.575395043259
82823,8128.56152947331
76387,11499.26754794396
83860,8070.450967394201
97853,7107.785750638621
96491,30910.040445158258
93018,16667.934803476954
105464,18994.817047588276
91589,16222.643669290406
81040,14405.058656802214
101726,5091.65764991777
89843,10532.918818453827
82306,17588.96744448868
102706,10852.603909099065
81905,13641.127790565823
99194,13580.980283629344
84038,11726.623415745318
99179,9302.306181660439
107945,13837.01141696808
107187,21603.279275627905
106729,13262.939317892995
76009,15264.421230160542
80160,11862.517477335256
87798,2553.3001748986107
106779,9235.210145092498
87694,11106.902759439996
83225,12279.32948225919
82371,25575.32634122229
102154,10578.886269973254
91905,24558.005308405765
91831,19132.992648502117
96829,12480.85423323978
100724,11546.025479584594
98429,12986.393544047622
98046,15591.494091962091
104025,7668.004672510015
104930,15807.422736156766
97711,10279.329639370804
87985,2238.1183747274868
102005,7604.708302580097
93141,31213.98886286437
93564,18226.731939729918
77719,22516.23547983405
99873,10889.411033579885
87053,15181.24888661993
96789,10442.440110098547
107871,20417.087470790553
107192,10950.649484622772
79928,28514.979689226035
107669,18058.704383513283
79401,26228.780696540965
95320,26109.29801261279
94864,30664.89644462862
80654,24259.676525513583
99193,12614.416527053774
84375,9104.490973178641
90211,14777.501825261577
80720,13275.007494482827
91902,14642.974029040848
82275,9926.451393222656
81465,21387.195752842803
93508,20723.786528819306
88780,7850.094614030766
92268,31223.074936581448
87172,17564.192995992842
106818,8120.28185973347
103457,18882.0228687322
86080,12879.810941517406
107319,16151.376560228515
104533,12364.824912838996
105670,28353.60820207565
81801,24090.671124552144
86611,16142.750641784289
103251,13910.873290299052
95313,37767.93467455612
83324,9370.201567843995
106920,12682.686311842106
93607,19556.389606669873
82902,9915.118319511766
98295,12258.097927600102
99592,7635.519231228359
83209,20356.018866824037
100342,6028.656596107086
100059,7798.216630053819
84964,14061.326919577277
101150,10165.365542784291
80834,16899.003649531718
94660,24000.939301149414
86817,11522.06420039037
82881,15802.185300166724
92477,26033.236563605067
88843,11564.595637970462
88409,13721.349613374341
89464,17724.524889632787
84554,7852.7610522304185
107456,22150.03745549078
105815,30713.846592329704
84223,18603.07455965949
77230,41146.29745544943
82653,8962.895309675641
84903,5553.328074801336
96636,12230.353903849202
92293,21035.10199231092
76243,11475.158232652078
78795,25582.220717239095
77946,58477.045939249154
108033,26992.176710610063
89601,13463.407638300732
90606,18599.640250345496
92249,30401.360520264687
92624,20123.66876567043
97695,9942.107790010683
78743,37265.96348200536
99859,19421.06339234232
78302,22454.36522041105
99986,15940.276299905807
81908,11967.812609735565
85440,7598.546782398504
91412,33116.54322431743
83964,7945.168337787193
77867,11757.941295063805
98287,9868.274073088125
92675,4585.640117991954
93893,13306.013805295386
93828,32534.4633355317
107502,16409.42595175237
93726,15253.484428936612
93097,12713.69001105566
107762,17919.01031495312
93545,33046.714704517224
89831,13615.864386831963
108065,30214.985339424704
90388,5332.0392958801485
82017,25466.137084776907
91025,26792.021714316597
96293,14893.47703031483
99187,8406.315269195724
98283,6467.730391693242
93590,15943.713293110954
105510,9808.4333717832
81365,25979.802468616857
105805,20246.60691749684
95866,53499.41287508852
99079,13354.257635011183
95673,14032.557811794428
99311,19148.869921212954
86145,7459.844750091921
103531,11107.385286295688
108261,22052.990812040753
85582,6062.075694013483
85281,6900.373526370741
92591,40869.936682758
97180,30679.279605416956
105998,17157.963786736782
101355,12440.870617758634
104286,36967.37020418093
86703,9519.70145814194
76535,11819.241690180199
86181,10414.295831070627
77004,19894.587380458703
99367,15230.704228797049
106001,18239.61745394767
93179,26401.673179237925
83031,9808.907719056819
86572,19393.715248236036
80350,25406.624398490396
96375,7733.386285342641
102219,7184.513228353249
100942,13222.814772634309
82949,11077.528990640521
104083,28954.8142260349
97140,13184.886221778135
96421,10480.763672134688
87075,12888.697272496656
106419,21110.340434594407
93602,26645.098533542663
77222,10536.5825729104
101712,9576.989974764341
106666,6953.097703959362
87295,14197.359199943934
89044,16104.03471857274
106433,8494.03813308512
94575,33916.014785778134
107025,7643.116860975676
89318,10342.766653149543
86030,9733.651127290566
103483,11197.870917161983
94536,15257.995685360804
107058,17297.292685884597
87031,10729.93752860737
100119,10595.48486739521
105938,11223.007760967845
89724,22882.08424155772
99480,7332.728480748242
83017,10294.052836481344
108355,5579.80028399826
94711,18901.050702496006
95759,29671.09352309664
105168,13946.199671797203
93791,24527.520573661608
85850,13418.506252537825
102333,9072.841180043273
104407,21405.542423190578
98798,16770.557413296203
89284,7956.29874081057
100823,6410.831835218375
80514,14517.923262711463
105308,19518.01432799607
104612,22662.84528549792
89638,19485.170167086515
93794,14909.661334578303
83933,16841.415671333034
90413,9217.188057275109
98929,9374.634339515193
90959,17949.104092009224
83414,14315.453654353767
82228,19965.189989413753
88669,10144.588548699503
106815,21046.316576556885
84567,10483.593365117178
91328,31901.42067078159
105740,10553.441157954001
96452,6309.978995267816
76038,19798.471178743814
99940,9433.448669647749
102377,15029.94867722644
105229,22602.837134789876
82158,22717.82952811653
104844,18204.785678614408
101203,10168.232862670571
95222,20840.706041721543
89529,18008.4569597279
103230,6741.58940563588
100692,8149.563156858223
99821,12423.98176978908
81086,22909.4593719797
89399,8813.133446534186
102445,6514.1748331413
96444,6119.094728725182
83485,9399.955242323762
93778,33661.61974123865
100464,7527.564326875881
99865,9967.312680664476
100107,16597.610815785985
83973,18085.213726456997
92032,27784.015446714944
94017,14247.605999996611
76046,13867.185912836037
77816,12458.16870473413
76743,34028.53452208973
87201,13026.634630346089
90652,14782.469343568195
103448,13902.42995336926
93642,26123.03598588274
85409,17341.0749565442
99777,6576.335435104193
92216,15042.280511888743
96269,8849.467483007043
94298,20380.52455108259
106667,13303.503909027777
93716,47414.30850882766
95754,31125.88284643296
89379,10016.918547942807
95970,22538.63030894645
81911,18302.318276008173
85652,28135.003244538108
107793,16589.567083734673
96389,21624.649210000283
80000,20402.163375252538
104440,12561.318665767856
92029,37391.801702916935
93473,15322.741715113287
90350,25467.9962178665
84947,12862.153190751182
81870,12312.424812456886
79936,11119.634033343818
79910,18512.063342898975
93467,31684.474001473616
80387,33147.523479568794
104360,15606.456176019496
93150,26104.783818711974
79119,23933.35998998137
104462,5499.621476765317
99548,20701.03892034623
104024,32868.44517466326
83480,18441.3481858611
92501,13471.580555630668
86740,9908.957038373555
82165,24675.802687039413
85963,18092.450645746234
79487,15414.356409080798
83245,13648.901686074169
102193,6760.299071895982
95449,25206.783839021682
99413,7260.780614014733
77176,16784.71987830583
107260,26811.092073922013
94187,26420.41243949676
85664,13721.402384738818
97886,11489.499171952453
85384,12154.493955166734
81228,22935.471390656465
81930,19321.839778332524
106627,40605.35820228778
88081,16274.828833130885
91651,15077.820679350067
98067,5301.379805688527
100814,11200.577556819491
77028,52419.21875388468
89853,5230.430656046432
92951,9538.747152176646
96866,24741.327967105153
77498,25561.211791693917
102959,8016.178011116539
103546,14261.38343944976
81127,16849.517590471205
88867,12519.707477614606
90099,8051.483767629799
81637,16531.834173347797
101995,9149.941370653847
92382,35551.968604057576
99078,24992.02534675202
93118,25314.615388117512
91524,14920.232933719333
105674,11203.177881634163
78943,8701.909161442785
99513,13758.14939600166
82972,12396.702053475145
92438,27682.61713518122
76466,22343.690097848452
93315,26436.063975725054
84637,18638.464669293193
91553,14372.601433052238
92093,19494.945630463306
89774,19190.998681964673
86455,9764.764733053373
81999,28338.53222795435
83211,17845.07303817397
102893,6578.627864433812
101347,11150.652254642504
102099,15038.203564859772
108532,17760.387737581907
94030,32215.93394755797
87114,6851.244114785786
78523,46610.840934509724
89274,17374.175848042443
103663,7028.165603351018
98104,11745.800947134727
86952,10567.670752046515
93621,14638.302833427748
90898,13088.374101586749
88902,18313.363807624468
99135,20750.80337844734
96645,13802.01341490046
89265,8301.540578070359
88536,16390.610374634387
76788,27127.14520893632
96496,11334.153242263072
83580,13750.58004290301
80060,28951.120940330933
99910,9538.430465994084
94254,26156.705216713526
98982,11807.18543301065
101182,8057.813858383037
104497,24878.519448018204
99215,11184.128813942118
102237,8435.43731040908
105340,20915.473004011368
98398,7231.357478123679
82895,7225.461886844029
84880,7239.2751918784525
76633,24388.30422887679
98237,10390.319652018969
93475,15622.199240128779
93644,9336.618444069978
83331,13035.185133113238
94673,38789.60390282274
93774,27175.394158837214
94872,19150.9775132295
104642,31861.339667692424
105806,10035.604701911847
93351,18199.639465805834
99440,20479.02996242502
77434,18694.352856896243
78382,37285.32632658608
76269,26251.86946978161
94221,35811.940095932696
101103,8247.141712538878
92917,26205.090127526062
83521,13082.369411276615
83915,9620.788443257547
93502,17951.956517601142
101013,12563.227361769925
81762,15742.956870281736
106753,18228.430368513906
101173,7430.769921869579
98602,12165.265736067257
105397,11569.930890303285
97067,29397.65611556766
101378,10669.318225508636
101862,14278.974545600382
99039,10360.595939024886
88393,16101.45151953013
106130,17946.57903426552
85828,16603.688404913657
108231,24702.05663119864
104898,16438.73311919813
93112,13133.1633622237
89768,8436.549173163818
84354,15145.789393981178
100168,7916.8271183696
92834,15613.28948942183
99208,10180.738378002134
96108,12689.1230389606
80163,13603.059756109336
105455,11448.803369544357
80323,30349.52639715558
84714,15355.015857400727
92348,21959.646670933897
83603,16553.326561923754
103959,7365.271954925371
106728,12123.136526703862
78696,35058.4263804462
94150,29506.155279158793
105629,26729.238827899782
97037,14152.859382567549
92850,23193.39070398864
88432,9608.90975160166
77436,19517.545732059316
76469,4655.240631206438
102030,6861.645362451499
87669,9708.8092255303
79981,22452.44364975573
99662,11844.86008830174
78260,21439.05776077995
94555,33889.50446780126
84628,10228.70659323198
87955,6192.110555464161
85130,9275.496556863915
76417,27468.64555246845
86241,10821.62124170518
84603,8832.11905330856
76645,18580.04982433177
100195,6844.71142206915
77467,28748.643971287453
98126,20088.809922549357
98081,11749.172568375794
81234,28875.039835305615
87717,9834.753724517223
79724,33533.16306963263
78643,12355.176648977747
93113,26361.850194116367
100597,17108.595402972303
91190,30529.117986172743
89351,11981.642352711178
78056,31579.886224204663
76053,18215.332057880354
104592,12639.199387175404
105891,23352.40940962684
93731,23233.19501125126
90123,6221.117736877735
85669,7146.6676072663795
90040,12604.813026396174
103624,7748.771105706015
82545,14201.67604108173
101212,10751.520477713328
76510,11193.380125509884
88673,9371.226225605644
107913,16315.897977431021
76619,22932.168248873895
98461,23947.504803881744
88455,4355.3756710122
94543,24359.119077002513
79082,26365.350296639655
107039,12373.166488851279
99565,12863.418687965896
85597,17211.449623157903
90908,21252.069723295233
103741,11262.138685637325
101177,11781.678688024725
100246,3381.7637973005512
84497,20325.46286548008
79003,13012.673890522168
78075,35878.61777570958
85527,12747.0745736284
99400,8302.650489845511
83118,13299.985003401533
106176,20219.794736928918
79864,22364.708912820523
96609,11087.21450372397
77968,16543.87269766289
105349,10123.705870597525
95787,21421.1432555243
86759,2213.2157148989763
80898,14667.857784268415
80948,15022.855451194178
107151,11577.198718301646
85395,9024.45300475277
86612,14365.488249541824
78951,31910.658076185642
79546,15243.616939643476
83345,20465.29336842651
107224,15735.215320872716
104509,14149.487438673961
77088,38005.2250066821
88988,10770.393550258736
79061,25832.703538817106
89758,14668.543178964761
79439,53660.29701897624
96411,13750.895120263316
102234,9698.42965304099
89720,14914.96683506226
99600,9580.483200005248
101235,9958.668864813339
89235,16699.909103339625
96214,33199.04385141868
84205,14212.298531988507
106816,27122.213696239876
90934,28566.468494441026
83597,18309.885610036858
90454,16657.440592484505
82998,13533.530892456598
76772,24403.798669417494
100571,7177.822633406992
76400,28774.0749647825
107381,18388.036396051768
93102,18111.579479242202
97419,7271.401757673934
98844,7646.166476491785
99354,8465.289058622911
90811,14385.557625612117
98152,11666.89572998235
90157,12558.37406181564
102629,14944.634133283025
102111,10113.563474316967
100448,11045.402786867897
106531,11549.079366941161
107493,8637.872194770433
87471,8687.540120462558
83607,11534.029717210391
95488,30357.443035183085
76205,31317.513066552838
95394,19575.962303978347
101050,6200.943120837257
98680,50517.4448579002
97176,22666.401655472902
104530,15395.693429044015
83396,2107.9525462349134
104984,6971.159574618423
102081,8492.72520241807
91955,9733.064955543528
79996,51079.57103937013
107833,16371.911834232014
81342,14250.146695931922
104936,7619.664774508005
97105,13627.424021438364
96834,13617.098224637646
96402,14515.364923782723
106575,9355.731897387353
82857,7861.417682576049
105504,10213.348126888905
88261,11616.257893654682
99175,7511.63324988318
89160,12372.385696534078
83875,6282.882643730093
104695,14939.651192837548
84189,10755.146171379558
86024,17036.678994668855
98475,6995.938790576561
79856,29392.426826654166
80385,27554.85158881881
78287,24040.76240640624
88807,13752.123836841445
86288,10354.277315094347
107610,19350.92299299957
94375,19846.533260567587
83385,17282.666496356494
96627,11038.36464550236
101257,16207.124461060142
91915,14909.564059163771
97986,17941.093046582944
80806,20830.52704657216
96930,13571.434000822132
89391,12770.098206054592
85423,3019.1047339879988
79397,35073.26583830846
102565,12727.99131941511
85590,13638.34109469042
81920,12013.314052592554
108098,19610.74478662341
91230,57895.46042890684
108021,6540.414292003343
102554,11767.521889230966
84182,11932.851215948624
76770,19386.970841210543
77856,17815.898654392906
94249,18596.70713911912
94729,17686.03782185232
77171,17375.7794519852
107487,24133.091896540478
78766,25089.03633077465
100849,11734.57790711792
97721,16436.67087766536
92837,17289.510281799794
83099,13763.797069454207
102521,9169.383137645566
89738,7145.7135956761595
84234,13915.25133266879
107428,14727.148653793458
93895,38854.65064066669
95662,43124.883274674656
80328,19887.305142011468
103054,10685.28842333263
104950,8433.75235604622
93125,27828.833496958316
77393,48320.00062871698
81178,33042.01368082896
77207,32956.26834781755
98648,9427.327687100511
106065,32527.77430972037
85228,11631.665422160675
92787,26216.63984314975
108462,15956.373037261745
102896,11710.84722959701
78301,12211.191301755165
92584,6486.628827946985
96414,12187.906751752249
101267,9671.070128952204
92934,26187.202041467535
80206,11965.370413276358
76657,15863.631352509301
99365,12271.81712581474
96142,31549.393570911103
96484,12906.096811722717
81767,20872.007848852205
84926,9345.04891324417
84961,10718.27810959074
97487,24828.43024152405
86753,8935.569695252037
76410,15797.714228910776
103512,5906.69610271819
91899,22259.796702828997
82404,29156.237181521996
84598,19696.150570069993
95115,24016.354588438608
92544,16573.93090159718
94011,22735.03125070496
77265,22925.105144975725
103378,8918.628762882136
83828,9034.716410877663
106142,26985.558689290236
76564,30306.18971337549
93718,14959.306761876414
81110,18791.36786353587
90753,16023.772493990129
86557,7061.591059061293
90778,9299.634121546022
77313,17022.04577902213
103914,10519.321737235568
86688,10673.836625435093
102878,13462.443310702172
99734,12122.87339065022
91581,28587.415875004368
105434,10220.42179962609
89221,8475.855396624456
84974,16081.399672193733
101055,12070.8789088547
80952,31145.122506742875
80861,17232.5947685999
77446,14930.80784338473
105345,14787.141302411675
95204,17726.201252616152
96228,13887.955836171177
100840,9326.820455357152
90096,4374.412637116082
97213,26532.911802163177
84188,10968.02891227242
96571,26115.679075855216
77068,16329.992268629041
90711,12684.459720818848
89855,11363.15478312341
104858,11663.240494670592
95897,26764.855663141676
81849,21118.331047189236
106143,11580.220735793655
106333,21834.374590659594
107165,22829.638380402183
77133,11934.757991475768
91788,26863.045412381445
91418,19562.410077920085
100158,11064.81170984755
96982,18150.80330953347
81275,28959.56480775668
78741,18530.143298881998
104961,13220.786630693376
89332,6902.7015334338585
77546,33122.98686906727
90860,18076.99148020784
79924,12610.149257814403
108433,16077.431526695103
101702,12751.906545492582
79340,33659.097605290284
107333,9720.191985579973
107963,26989.918698405654
89408,9415.211781394773
93686,17692.808381569936
96129,15055.829324618704
106156,30540.754029424454
87515,11800.501578593903
92980,31428.484265429834
83982,8121.512974868735
85504,9537.313749750996
108354,10241.896387604855
97260,13570.880933249502
95437,23160.766778836645
88483,16236.245147198113
87959,21088.88532196641
93858,16533.831449839097
80968,22136.52855185502
85754,12985.870886645138
87723,16366.699025290374
95880,39718.39303892992
106868,10043.543301429154
93138,13003.605103889558
104747,14726.317053909788
94889,22848.47747422143
84681,9110.437484001037
98538,8463.866402419306
77073,29662.78009345105
106730,18001.175884696066
79208,33836.44785311131
100127,13012.732458107024
99655,7640.729904795065
80695,13366.53936344269
96818,12992.913250676907
101382,7677.239791183162
81239,17517.85449396044
91299,24646.517465261855
83005,17902.160912240746
99363,10474.364721516215
76302,21835.46238470558
98317,20387.83705521255
93829,58016.81716480344
94188,22212.996276041955
102190,16002.550362424132
94901,18352.59413662386
80495,28499.78137894656
101373,12139.567221797448
76822,11866.293414961734
105052,18659.83021638165
98580,5954.678269152092
94567,18554.901582570612
95144,13371.1218903122
95559,19075.232530733407
81580,40344.99008282705
106874,20840.858596429265
79121,27617.18297659945
77257,18729.76606527386
87589,15266.20973770368
84579,9761.12596954675
95950,19492.014529396274
92510,18129.147738667198
108139,15375.404332039534
76182,31345.602033884075
88687,14092.212773381923
79244,19613.418776989416
80690,19329.820023930377
86259,15473.440429070066
76977,17491.96667862509
95716,15299.548060781093
97234,13606.062825928317
102608,9246.094287808806
105976,19949.6603114267
86505,7977.633969297174
91220,31557.400034728922
96558,13289.417842986557
87444,10992.364863001067
87498,13033.985387406618
102631,17605.47254380194
82185,19527.10306917769
99403,26257.741836521964
79515,37252.35960250601
99088,10952.28010011074
76226,23108.929794991105
108382,12149.410150373124
85313,14586.812095789177
94499,29896.163729305226
99934,6548.449012391817
82376,18340.477758902558
107765,31408.81655497834
83605,7156.302526368175
77701,15548.32315742905
94028,16691.15828653246
107523,11531.61982187574
90650,23215.29787591764
87414,9019.744961594954
100055,8460.008358101979
90566,11409.90169793881
77944,8267.032801375837
104365,22059.132358111943
100010,13169.556357980862
97116,6421.578710975111
92053,17812.835695355374
89028,14162.766816149091
97021,26260.3796756678
76667,38526.38660552067
88020,10341.84096609789
94877,18057.99806749978
93946,21680.46456733992
107829,21084.793914923783
78257,32292.269937709003
79067,22097.76820882994
77650,35648.74318476382
78087,74479.21763815927
106695,11886.470985127295
94630,8166.978856005204
106256,5854.590638772356
95601,14207.673269769892
105796,16581.30181011483
102585,10158.06028768283
87265,10316.979554525933
81014,37287.63442335198
79536,21210.052030261497
103430,13299.255278497676
95642,30693.024671359788
85927,12062.187312996066
98965,9108.367183275268
82285,24261.726379582735
88076,6758.500057701518
87977,7970.383334555491
93013,20256.360057699385
86356,19787.513583154825
82657,2213.369238957282
104960,9654.611107480085
84159,16020.75738906287
102831,7683.132591827119
99907,11473.739460282226
95588,17587.055622007385
87604,12756.371286418587
104688,8506.696263047443
78457,31879.175565022048
89007,14173.689806398948
104449,17853.96351694853
97888,20384.195792922364
83178,9366.454839696846
81940,24704.26985320624
103932,11490.521302651798
93309,30962.172874318516
108001,13058.128470227233
104771,9543.131053339666
79382,20013.068017890804
85883,9580.592798768565
106425,12340.047356842397
83165,19532.982437382878
105632,22750.875280688877
77132,30295.70636205349
101743,7180.339635498557
103628,13845.521081154327
90647,36208.91163554325
84997,7368.831006816827
91158,27514.853435245124
102727,8537.64258614803
83926,20709.83437131813
105492,14260.547402225991
84091,6875.449501595456
90093,21587.69953812818
97013,8078.468036120102
97421,12699.087735106777
93503,21591.140187779565
89921,6617.210700700461
94294,28780.738303853424
88049,5718.696356774541
87152,10418.985880801156
100030,12794.214533568524
81887,22722.10517967824
92813,31660.896459124822
103849,10560.239536686973
81370,16197.028194156095
100077,6077.983662647658
96215,13542.723723229277
99477,10468.993882545792
92453,31531.69317165837
79103,24095.449679480735
83988,10433.110581044095
82753,9542.198198174367
88096,19349.479126070913
82591,21731.269487451416
78600,9723.445292281282
96130,15042.491111366558
86532,16420.207760731446
78212,18499.574050667637
103099,9173.604125264757
76517,10663.009249149913
85372,12399.142216353996
87192,11187.180185200083
89912,9152.398617791283
100674,18627.750888122962
78362,13947.420340281371
80234,9624.240125977149
103492,9904.577057501741
91876,17980.01969435965
99906,15934.998035317372
86556,15605.064355426832
95439,21802.624464359767
89552,14123.290910483869
97510,17322.636168074037
77027,24712.29622733517
96651,9632.480823658803
101124,5082.576727372301
81564,26721.235410270663
103834,11174.459540752625
106120,14159.244848702929
108302,12050.314046536598
95258,26966.01712587687
80241,9845.871855998312
103079,13898.10177937613
107671,20095.517102066402
105451,12230.65390300718
100581,7539.964842519422
103200,11058.394663657817
107958,25001.374253751907
80508,14728.658580875664
86519,10431.105801880134
106014,14669.373209066309
88647,9627.67960642412
78370,20320.303888997438
80157,46565.44541020312
78549,34044.777635873805
78346,14243.570725912445
102025,10027.126948265104
102642,11898.11726213481
101566,12291.422270536601
105090,8711.582349876926
102879,11902.306099646956
103116,4638.827345792717
108181,19608.081649873184
90077,8487.72739298901
87209,7628.722015278783
78488,26442.786386450054
80235,46397.065381263455
100754,8115.855071631041
105566,13206.406775978376
92772,19313.93117972523
91123,28453.99919880472
81751,41083.84729057839
97826,30363.460892790863
79668,21238.66645090627
93067,10400.693142829927
102583,10460.406543780928
107690,17410.99997515406
87693,13193.236476154236
80476,9513.279408192131
81846,46047.41173609871
104885,13088.032504236911
97224,13569.022346519829
101301,15116.675381518558
77468,20832.14386674396
102865,13818.767684720486
89933,20580.49249337287
80064,16016.657777344864
102316,6390.220470535077
78861,10808.260179934352
96856,12647.083597622119
80901,31530.986094615233
93880,4417.822617301427
93155,19993.976790927536
95490,28399.455063066598
81179,12751.76061279436
105515,31375.828339537708
93763,31187.524866394782
79292,20445.967120788726
79547,48939.74941349381
76889,17460.966646081208
92884,20923.5797548706
100959,10327.539624730076
103931,11652.565771558931
87109,4584.150797714175
85670,13750.299660059507
106941,16830.850541825253
82237,27382.688271666284
95369,13263.1980094424
104098,7896.015022610871
88392,7691.489274613095
79992,12421.496093781712
91429,22017.98823604818
93131,18442.449183029134
102287,9696.287718889445
93988,16024.832655290482
98533,17587.71452920192
82402,30557.222875049054
100838,4179.916969513851
100418,3741.047436676968
78723,20723.599501952467
102054,18794.8391534754
103873,6862.66991190267
102429,4786.942057841358
92423,20885.613219183055
100306,11481.990464008295
95398,28340.741966781043
98509,6443.696106352397
76571,20319.607289053678
99096,11707.653891060672
79974,36397.69819351623
86070,10604.573626187792
106407,19267.321840497778
107921,6568.127466578613
99358,6026.624564832239
81645,34978.60100975458
82190,30017.38670456979
104692,24958.25747474795
93221,13837.983455718584
100438,12313.028586363556
91444,19969.87123598763
81053,42659.56086024545
91363,20096.468644657394
106954,21184.513020112725
106654,18537.07608328063
99522,11382.471798635455
87009,18010.04252480706
87909,11131.46020865571
77419,19762.82156483879
97652,22311.964839979908
99779,12606.681667444287
85584,14692.876501063363
91829,18423.160987496027
88101,17927.05194733051
100556,4607.757875460003
90352,7447.2498514337185
83282,11083.239641010869
83007,14674.661640856462
108313,11906.15394586518
78810,6216.607630888239
98828,21678.96977586536
96114,6149.239076998153
79191,22299.910618232367
87297,12213.602061897067
95877,13912.447477595677
94139,39567.54655483444
100850,8907.9556988371
94945,51641.91106785483
101089,7810.556362978696
105691,13973.84423799193
80668,13826.659568076955
81214,32557.373202931045
87518,15140.27918278463
105030,16373.524105958486
85923,6198.963065713919
83311,13570.36610611708
98855,9777.838398320406
104159,8614.096857322716
82779,9583.661529030494
107742,10544.193228349235
105468,25413.058522482257
80455,27149.197599989355
86388,17574.818048245765
94821,47575.141044265736
103268,9894.689758960118
102051,8358.934063008228
105353,24164.392889908115
80456,22176.486649043098
100987,10025.214476676918
91198,27838.621016248097
85153,13432.71921389105
103654,20629.438920822155
108172,10189.409413091576
86497,10660.429532742886
105311,8701.06243538193
83207,8756.763771465365
103088,13610.317529333806
80581,24339.608415381575
94590,25130.124169155057
92857,18267.658198175766
104990,21119.59995530462
106022,10629.288898556828
105717,17259.978091603065
93403,31725.673595544067
85166,14601.735547663991
106430,14734.797372086909
99092,17500.241603631628
91093,13977.49502012166
88851,18683.91476858337
98289,26184.1901919344
105096,29738.67208365449
77047,19492.60438329646
104430,20341.796153098298
89790,5183.7808970222995
95496,32227.11638355256
99397,10841.379199598767
98691,7614.646662392638
76750,20603.914281518537
96768,17731.172565098597
99671,11174.399869545303
100893,15779.269286834442
96376,2491.9749905422423
85359,17154.810709840323
85526,18068.901418874084
99471,7126.08680531055
100718,13608.65304236613
100408,7628.423978229359
99396,11983.972986587245
88571,18990.124655468462
82056,36794.9239709628
95339,38504.22326940751
106966,43599.66402690693
87419,15765.16140538163
107951,9635.27230055028
89086,1451.0614099759862
81863,51059.460534989594
85352,7920.98997555436
107573,12740.416439258966
85160,7452.7522681780965
86447,14624.459971748222
85129,15502.358675246418
81978,23668.383065743692
76538,23109.77943945168
96475,13977.24584108765
81872,24335.145739251486
100975,5824.423576784447
89846,8753.833882036488
76813,26616.667315435887
79861,12122.648020445757
85807,10707.97477603962
100520,14059.541206909664
83614,9367.917092271522
101194,17364.541555546886
78639,29948.535752427255
97237,8606.915986948607
106299,9933.533961287538
88307,10160.716218131043
85314,9572.677010914442
105736,14842.38059854583
80065,10762.71779529713
92131,16791.531936795283
88644,18391.4163771663
76738,13041.097024477067
105697,15226.457924929422
87316,9030.664827459543
98209,12396.926299373821
96229,16271.536093602961
100262,4902.161489094328
100999,7573.463031112252
107614,9634.444165480303
80838,28913.538986653617
100986,14525.19473826473
78593,25339.040613797923
100441,5519.354914268187
82682,10685.444420482492
78999,32989.96383628627
93261,12996.127568114302
80075,35650.83856356254
93655,29465.813657698905
100596,16741.973275849898
104232,25157.326307456264
91804,40180.29547781965
77995,15723.172590571568
103787,6963.711782417182
94205,21727.60322707079
85358,8042.886403674501
78658,17206.539130889967
104647,16967.183907529434
76044,22620.8396676793
76998,10016.643296328888
90687,18991.904526231316
88724,20305.099679652416
89881,14169.033185716175
77162,16979.361169063253
105640,14691.149162270065
87663,16954.127808025307
79472,11773.107812603252
105402,9496.119467049119
93024,26017.280568239978
88764,12760.62357739963
102845,13647.212006308657
94779,19458.182572904145
78682,10976.628346315041
95089,47425.65132821682
92437,10629.623736762747
96574,7413.4851965071875
80215,10037.6161622458
103217,7991.431157225617
96957,21956.85670620995
77332,15301.187206877008
88904,17865.386720148257
85813,18917.714269648885
90079,17906.054767551574
106345,10110.707002283601
93236,20867.600214758997
77551,26756.882421336453
98682,10605.187003236688
77482,27442.287455880818
106734,22763.984030423857
96167,13725.14318084505
97901,7631.155306272515
88753,17296.6231158844
80085,25488.784435525162
101127,10492.389741573385
89915,8867.260878760748
77818,38513.82098798171
88216,7596.2481781455945
88372,14098.638372269295
83811,8760.247556175733
82936,10283.388438762036
89742,6230.874837739937
91673,31660.53812027978
96257,15522.504460639315
87975,14186.192401477898
80305,24246.623815590392
103204,6383.6368121909745
87651,11022.526527726724
97692,20919.86311790191
79587,17676.663845729418
78081,20553.953711624337
90382,25847.205911936948
101784,13182.183740617276
86751,9375.67664981673
83746,7239.760240981286
107367,25274.596938947114
102824,10548.473407561007
88861,10010.120011224173
81296,13138.07272830803
93069,25014.060240113122
87324,23754.951990854104
80156,26534.524341586544
101653,17074.621555248967
106220,9984.525085416539
106598,10996.843376588118
100402,10118.629310820332
76609,26564.325875752747
84956,14536.239894582393
95576,29717.561189591874
99581,8469.193272298595
80485,24830.001596381084
77166,29648.992936247952
76018,10991.345587788432
104735,11546.64640375718
93333,13683.064798192136
99795,10129.761992556354
89839,9161.330759146898
82759,12662.110987912756
78936,24411.24445264354
85749,14073.044999468802
103893,4964.905115452104
80488,15210.665554876326
85554,11352.171994632035
90240,13956.230724171346
106288,17504.121140630174
77948,11177.188277400852
102329,9299.239062550521
100162,12966.43152834369
88576,16479.11722356834
94039,18510.56663541591
94453,22190.061640397373
87879,13373.502812400877
82862,16114.23630475401
102535,15641.645588249032
105231,13687.75254432986
101295,10470.094702191618
103639,17049.714186094974
100996,9652.498985033712
90885,6801.792212755697
98058,6717.187396799402
76405,19817.234547933745
81140,10814.524008551709
106762,1957.4647319575806
77805,18595.514963286343
91903,27609.76908563733
103506,7923.525035078142
99841,10575.143480466058
86237,10254.489415004186
76010,26590.007863269384
90547,15612.070141508955
97073,10204.756022368605
96345,21502.65388359629
104803,22850.834704269397
97547,9559.590936628598
80566,31397.942907791916
76686,27713.697486432582
76532,18281.085144761182
95342,17648.048369167052
89227,8289.002687451566
100141,11122.016556457284
78308,21487.618461821927
89064,13125.335481913477
80510,18958.9386664262
88585,11663.228239717502
104610,19778.01335766229
82104,9982.888156990695
82975,12123.576981269418
89065,9544.635163813633
101733,6008.846409548379
96657,15961.84551699895
86410,15763.443852057891
97079,12626.050280800278
99980,8037.607043477916
83405,17235.69451161357
94937,12394.459710578298
88990,11487.146096163418
100897,10142.047085691567
89852,5809.51420978018
79720,19182.195430600103
87573,7814.109387452785
77570,49763.853470393704
101535,5822.752931714123
106853,29422.204495482776
90614,14278.728298104219
99883,22315.8933853803
90053,14732.064475115088
85345,5598.057086896035
107848,11122.045730948168
93445,29878.030445931297
80275,13950.192966418124
78979,17370.408296920814
102516,14668.073485628767
89258,10756.743513756179
107117,24006.47900953037
106721,7525.47732705882
92982,40100.44946005959
83496,8347.400153842857
81803,61034.72446404644
106993,16453.21197095598
103294,17953.80616687149
94098,13460.375901563515
77532,14393.279837377622
89286,10431.75710110033
89501,8412.293752915988
95186,18162.140611041952
92283,31115.218159793287
95290,21185.92148445277
96893,8866.986396496151
100971,11027.10877333417
78080,28265.026798656607
99131,18030.012771158068
108281,5830.67214293517
100144,7220.795428016814
105273,14676.286976691556
87851,14421.296163749543
108128,11918.338682539526
86420,9612.296929146853
88534,7023.027633506215
91836,15839.550499017503
105068,10255.072537947024
89909,15658.75465656463
83912,18299.037302043456
92078,30882.690061623678
97169,8539.507147073524
89505,7828.983248592436
84000,11276.540210922392
95770,22095.502461748918
96966,7817.303551463469
99958,12742.175966924628
93263,32945.54255816537
85201,5600.239838855096
87858,11131.168062836914
76733,16224.200504971695
95475,19504.238947080674
76959,16556.140770671365
88587,6447.9872423248
106240,12287.179401492918
76297,30885.857686015002
96655,14039.133982161244
97329,6015.749584137211
104459,14482.829297492277
86218,9517.097902480236
92652,29057.248150359053
87708,11068.946746375406
89003,10862.102154109873
77758,8486.620160917508
80355,7070.814225609213
102381,10159.776850333923
102034,19735.123730844858
85449,15961.655225076809
108344,11435.129441958754
103231,11157.476966721748
88619,9998.322371733184
91294,15241.04354275865
91671,39991.00197614508
89398,13472.058202012402
97449,12837.49445786822
90985,19565.738666023586
95931,28134.650106598823
91207,15177.689080166232
93227,47778.786368328336
83380,6520.218870259209
88517,4231.578171036368
94074,29333.363242277286
83286,14955.42397896237
78621,23250.09488351637
78559,31543.902575199307
95517,19854.60176895107
90301,8805.875159798541
86982,16615.68224929721
79155,12468.286388208435
87645,12829.824373732017
94734,19570.010719580714
80776,9718.697408092177
80191,22692.90202737634
81665,20538.230961550697
95409,23618.292085921526
107275,11294.217507241547
88752,7275.123870087382
85344,14118.667333317031
96113,12886.389656095922
89564,13062.425315531282
83351,16099.848402901376
77727,19133.16185004952
105427,13140.968105155538
86511,15923.49716874264
96465,11984.586217975482
81345,26735.999752435095
102204,7708.987958400928
91518,48183.091732191104
103030,9701.93273523903
77586,27568.396035609218
81802,18122.017391536647
97913,16785.97498769633
106159,18729.69569586658
101107,16534.36755649077
77988,26389.77698535226
103558,8104.952956075249
107080,9709.908188613383
103080,7670.025798593222
81729,34391.960617525096
76576,13624.300539684298
81302,29196.79345221412
102815,6606.493148247032
76838,105727.07105726248
100835,6952.004241857604
92600,21603.792609623448
98836,9861.447584680907
107734,13282.024005891506
103146,8324.127662117859
92838,30980.02589222856
107210,17146.966889355866
87193,8213.24964026562
80803,24014.765590185325
99014,32362.894128889333
81317,14191.658912934621
105975,14307.732353137711
91289,12236.561655848041
102427,9130.703340415324
88770,9073.540278793726
93130,16795.11404565302
91428,31981.2495148685
101880,10414.573414744726
96317,13345.201863190263
79846,15591.102768101438
76152,29468.28063788345
98591,9227.1655603275
83409,12268.685387479502
98307,6784.59761710617
81931,47016.12425530418
90083,7399.976706575854
77773,16554.168319347482
103635,10481.034232001854
90621,7186.820217162412
91055,17956.17476752128
82011,11179.274297000487
84194,8908.694355576083
107360,19744.065137350837
89868,13891.354286415275
78774,19589.413271302587
98229,11770.41037916612
78895,13814.396451785553
104821,10631.22825412532
88829,17678.80184078624
103561,11416.565712120344
95077,27497.289993947143
77218,12861.000234873132
96894,7934.303445660916
102467,11129.362752769608
80026,13392.168116597542
81904,31083.179122917154
79212,22591.480161868087
76081,28072.451883612077
102446,11379.429472796774
92123,29736.079916675666
99505,18667.93014957691
90701,34213.64574905834
94131,29781.89551809143
98499,9566.991921873081
87292,16062.505986462173
101982,6952.864816543185
79507,13881.69880283044
80367,19284.040001368583
87303,8898.487762854478
90939,20319.179986773535
105990,25116.396216511104
93538,29739.98725439244
96747,14784.349445132597
96705,13109.354757708334
79540,22701.43045476696
97104,9808.272397064466
83406,16179.196984608849
105299,10869.352490134988
106722,9304.356660654767
105452,14800.024356261662
87290,8038.392188200573
81467,13026.204902781765
105170,23195.14703258526
93330,19416.94287580515
80272,18959.784132381144
107730,18034.572666474134
96010,21535.49984697411
81845,23018.494666525006
80811,12553.418322540101
83571,13635.470221198722
105322,17870.34016880528
77762,16793.270719955173
102039,7351.515227265746
89712,7903.8316272959255
89635,18113.24516592353
95445,30193.059359113606
83168,11387.093018542839
97583,11004.793786575367
90719,13982.702842718214
83437,19407.20726331318
95182,24707.844656698275
85203,18075.840622121123
103788,11832.310574364603
82303,15737.262062732516
75983,35201.252214129534
86812,8801.266180681281
81841,30261.089337689085
84828,7190.65599363336
93783,26806.76263434694
107916,23512.59546581836
87430,9385.620340454105
104874,10442.297382136127
93137,19064.029559718398
103047,7057.334006433487
102110,8020.462788474857
91435,18277.07119210677
86558,13792.491124992326
95141,26382.328148953515
101513,7345.1391307649055
98883,7390.926671713809
84488,10343.706782238876
77317,27085.276065854134
76345,26919.54081983781
91779,26099.567576315567
76882,12019.37268805721
90888,9273.08579906187
98663,10046.363727093321
95756,18009.531907480385
92853,20682.031534931255
105681,24904.251982421767
100628,12183.30678305861
93663,16774.81483315531
92183,25706.71007584942
87635,18065.80697315914
104386,29697.150698993977
87388,13610.14221318135
77217,22116.58960992086
96722,17821.845348746047
96916,13630.697059279337
77168,51125.56624230495
78963,12451.700276646668
93780,25576.39250793384
91677,24267.652833786255
98082,8706.30938376722
76229,16532.721022727685
92338,24866.064220975168
84178,13861.945488873904
106784,10507.881091184901
90742,3344.396099491088
96034,18429.09415117809
98064,7209.77340743994
96973,17761.379331912412
102048,10434.3996276853
106484,13772.22491121255
105759,12713.890685918426
93589,30051.838067382454
99057,12490.949930537605
80757,14515.36028960151
89636,8179.0139910548905
83495,7741.198967220686
85277,10218.975200205987
91843,37521.046068114374
107118,30315.67749559151
100387,13798.51647392278
81885,27918.97722903546
105369,18745.90289237901
103588,9391.516862914583
89859,18676.87164863876
99533,9771.73484471497
107533,16248.002408448929
103667,7298.235578108689
92303,23368.053164884815
98400,9507.623577287868
107283,10157.590725196558
77352,29832.931676171072
83662,16007.025350580963
79661,18910.231237713335
102007,12639.050182973666
97793,12427.740896750054
106968,20231.436405871696
91632,22791.695650337042
79763,33254.62148356915
84785,9987.191150832681
92155,13928.457783746953
76625,28789.651686674482
107370,9377.04536805358
87638,9244.054057185995
96040,8594.758016755832
97299,13395.619605885582
81301,19364.36939286931
83192,16892.680745503796
105291,44159.318822469766
87135,13306.8174746697
75985,33574.52721507315
82125,7756.179557286986
87636,9602.107026939864
78783,32319.637787990243
78662,4747.750452192631
87134,16562.22174533625
89451,6489.016829484317
100098,10703.55151892343
88589,8183.661690206061
85831,14743.45239594686
101724,10127.65250833905
107345,16924.25589328423
88336,12472.854721553378
105588,10564.391982678726
95273,20810.045474450573
101163,8456.223789865113
77479,8865.585554286223
80339,23555.871599013477
86561,10338.248893601874
90365,13697.784275147847
78103,14078.550435962336
98617,11133.615244688668
77621,35902.41963902053
91901,23743.402081887467
93087,18838.701268540168
82739,13353.028902553542
100953,7711.261145500499
80117,21092.568158088707
84174,8859.462415266795
106828,17971.549795024894
90803,16775.471609834447
85910,11148.874870779151
89576,9672.03252622198
106572,20288.26063337381
88570,20263.59025799053
95066,22067.251786801808
101114,7923.683747081646
90936,20685.35341298755
99197,7880.713022692643
106363,8141.837474668663
106495,12622.475457633276
77516,8763.050722398064
88093,2885.1697291733867
95483,13579.835737059779
93513,66515.18811266944
102348,6604.30740062831
104779,11372.62167821127
90381,15191.45316727075
90866,17432.731971939855
76005,29779.114880457055
83160,18006.196465064088
105547,13639.061501503234
102598,9892.150971437217
104485,17849.03932422117
88186,7657.617301130506
100958,6129.860951715112
93967,28872.364977271733
93296,17577.66896195474
102906,12434.802104623423
96380,14506.52743959931
93298,26095.166950215003
84722,15574.05009520404
76718,20435.702862976155
80056,27249.07379233611
78850,18092.736908491483
100715,8451.322531726128
97058,22972.88130113828
85906,13449.026462509188
102477,7423.434913268433
78624,51449.65128056642
104387,18353.258713282383
104252,11566.264943053571
94178,14435.72166846963
106337,21872.58151764445
105385,15080.743612746988
83119,9225.129288669079
76930,12679.824451088754
78083,27202.685578476132
97868,26332.821396629934
81081,8512.64709299453
102325,7861.231325455414
83604,14173.806649146713
107825,5151.973572548714
105577,24474.635405097855
107308,10241.160022777423
103876,15250.63092491359
97378,21600.572851072007
89508,9116.749324425426
86933,11387.028933050397
100033,11129.203560528756
84820,15824.596788384952
88884,11098.398909422749
105458,5927.88058702458
103164,9424.093796909237
101838,6444.010081397813
97811,26051.648092077514
93826,26185.417955608602
86364,6408.525959428355
95317,24434.342117774602
80613,20639.73468898174
78372,31678.515184826912
83283,15599.070458554588
93249,28679.904474755014
104303,32770.636477649074
87973,24452.38972684166
89997,8686.523408589454
103013,7214.4696700382765
85570,10277.324198970067
102979,6603.9959794161205
78598,8983.537465147401
101402,6467.689309032433
87313,6019.794660366366
95505,19590.848126619
79319,21089.32046567083
95230,31233.634338125044
91808,19987.01529213851
98678,9315.405288990278
84270,11727.270852933858
84932,9101.239783027724
92433,17660.854689508247
95944,19495.69298530592
101180,13638.587105241706
82624,18478.909185597662
80920,22813.316539800868
99771,8796.98406928649
86425,17980.2666891849
92191,18267.890444552242
85940,11881.295355446411
97391,14036.613050265323
101341,6633.765203276711
76066,19843.01932605747
93226,20013.820909583075
108367,9986.15171571887
83144,7984.496676398706
82764,8904.606317202246
85112,17965.351410073905
97167,12772.78619571581
105808,11818.561901970375
108416,29459.526314769922
94695,36349.8327633507
100332,11256.410369384865
102829,8054.2216844879795
83817,6159.0588577063545
92304,23272.78799195925
104385,8131.161590744519
77858,23745.839871344993
104454,11298.7294701888
100292,13875.768951621058
88759,15869.477562183225
81746,16031.199407092954
98246,6891.785830362502
96680,9125.462506619893
84163,7186.511071328841
98135,12331.202161169036
75975,29085.622694468988
92064,14000.776800109237
78732,19619.256654387787
99528,14985.274657188596
97651,8036.04048547618
88195,10126.981629669559
85398,16664.89900514886
105940,9360.129962437359
83822,8390.24187554666
79148,19846.684403590512
101011,12374.849957226364
91642,26095.166950215003
92277,32109.27300040562
78438,15921.108571798937
103126,7195.060776942822
90247,16836.206726709228
105738,14400.51041069826
91585,23206.16707133148
99313,7124.28538234694
78484,9164.508414793516
91221,41672.14084423676
102068,15797.883724738413
103027,15131.113493992727
79594,29527.836572186436
78290,18911.372623731157
83059,12453.436284988102
94542,21098.346545242606
80450,14835.204802721837
86055,13191.007214900832
77128,23705.19040073984
78459,22873.265733467757
106614,8483.57317485878
100580,9069.064469409825
79200,16666.09227890951
90988,15822.23445745195
95354,59434.61961297644
95524,19549.367396627975
89514,24838.61570008411
100494,7717.384410648694
80365,30085.399386327015
100498,6278.163934567867
94820,23869.263488481574
95203,16135.410908286718
84845,13329.47585988919
103726,9610.19773316059
78164,10469.492000757664
85894,7633.089852832036
83974,10996.127675673064
100042,7732.46291983705
82641,16116.33057803775
89331,9857.115095450883
104138,18541.8107496678
84136,16342.432517822315
93037,23332.63554601598
88791,12580.31780287691
102077,10835.695891328016
81882,23418.09400475915
98035,10993.26246082961
108194,22483.334204866074
101297,8168.345003096738
98938,12697.727127852175
98486,8873.746686155086
83293,8937.216739412574
96404,12496.67793047252
90115,15191.602414517825
100205,7151.424973068645
81271,14078.065408462462
99430,9925.615753686225
106622,21413.402400983396
80213,25179.342114616706
106624,18778.29053581286
89907,8884.202762586712
92178,14395.99478307024
94849,33335.905496699095
83585,7509.8436413425015
85742,9322.028446815853
98510,10626.501054141116
95629,32231.834780853493
86114,10547.181678928311
104028,23320.688944137706
78862,15033.825674632004
100720,15808.448686940434
97302,6122.887599173122
76761,15997.947005823495
97918,23958.23179844368
95704,14999.332363997491
108116,40309.19530369501
101381,9568.953028789816
95542,18903.496993225777
89609,17263.056417648364
79374,10326.944906844448
97399,12585.75499813794
79350,13836.672711102074
101700,10789.769411641544
76556,18627.32183028103
85945,9715.054415636978
92706,25529.803284876223
98698,12175.719432695789
98683,12116.724711408524
95706,34584.03599197898
91170,30886.621919498142
89870,6777.397178730658
105665,24231.682104599182
76774,15884.19677913326
106996,11450.760799642232
100111,14725.196620472925
85146,10423.583950734544
87623,9725.595509869745
106125,16003.160058727566
81146,17004.579872880517
82472,15512.574073741494
106621,16009.308887104666
92229,17752.133583124993
100574,9409.559913898855
93325,21285.65726365459
88820,11051.328473887645
95448,26352.467368756108
94293,4430.936614515561
83682,16603.688404913657
82826,7807.867982168701
78729,15569.931392844836
82431,9926.9248226198
105701,26739.533523414528
90828,16130.15055002767
88782,17135.845911762408
90765,21929.138247791052
89779,14965.116677759172
93973,29232.306906809667
82915,10850.075135939485
107131,22430.60043235965
78143,31795.460721413496
101557,14661.709797945407
81060,18150.538240530594
88032,17500.736979692196
102913,10210.006124863576
84050,8395.971555348557
97797,13192.104760101463
99183,5111.103011085079
81588,27826.813438481568
89819,20042.6699707712
86947,12006.270300156435
107568,22047.710357206797
92085,17019.727555890473
101729,10576.253561312202
89417,12742.232119044109
89797,7724.796412512106
89349,12059.270460341966
86040,11293.754360469802
85454,10491.70145634721
78374,25274.604027589958
84084,7604.607301686401
88370,11358.98869425184
99555,21909.15359054998
91675,70806.45504702664
87112,10093.672370378592
96235,16661.660540770554
98203,7133.896294015268
77675,7088.785148719122
98775,7718.8621525878525
81614,29374.66122689917
102391,11630.282338471347
77097,25160.13481156009
80494,27948.727316262484
91050,24469.500972140515
90412,8078.269716373577
106318,15151.485825813432
88976,18186.41591113689
95898,25515.021886825107
107839,22780.782272088993
83737,8453.370178298384
99929,13544.700562159189
85736,15682.228732862584
100856,10582.511430815663
85708,14372.655305163024
90131,10046.88898852647
94568,18472.82065791608
96466,28939.919088735274
100117,12202.63268258958
87585,6524.292479506966
79106,12270.186920607724
80237,22062.573438313015
91302,26669.95448561575
83945,14757.275681090365
80650,25098.541604231792
95104,17827.160267718446
96677,5638.527524434975
100682,10520.09314367686
94464,20717.054883231507
89293,13303.449487278767
102107,6969.080768266324
92219,28031.91000938649
87853,16333.322520873118
95391,20083.227557512688
102232,9716.284360044709
83035,8586.54575031334
80636,12314.597653194167
105398,22164.773515471497
103291,10162.228926507652
78340,14999.00229188923
107130,12977.571964065211
85694,11894.26387827971
89901,7144.168018918909
101501,18604.116393263877
92797,48909.99937562714
90279,9686.665122665021
92115,27953.227302848823
105910,12246.524122274437
105226,16040.766534650507
94797,25559.30448948167
88857,15961.372610716417
91374,20246.52135920783
106841,15504.682435719624
90283,14997.666057396847
95421,24028.274853195755
102374,4814.769603763334
93581,24877.842916926315
77463,36581.91704659489
94949,21546.95597158855
79220,18085.14540544045
82822,19993.48169835634
107897,6285.237416687837
77398,49554.611710927995
99943,15051.837069466916
101334,6893.708396616207
78664,14394.227679020545
98917,24932.984913929246
98320,13684.292910873413
86414,13659.592925484536
106690,13587.902740250187
103656,10737.256754242586
82816,16263.48988398841
92595,19181.92660435496
89058,9780.73607510756
90981,37047.27693276702
84545,27937.800087121344
85121,10258.890033530231
86786,7693.915002979841
104318,8918.768139370772
101816,10155.214304816322
85525,9454.300432679487
79169,19811.82464449124
90473,8029.921491058759
76459,33557.081672624794
91881,19412.940085503622
76343,14796.024042562847
99475,3880.448503809296
76756,19365.43367444243
105158,8477.863055037227
82355,28823.340016064496
102382,10982.588484822763
102739,10091.641275403546
95595,31235.14197347468
92655,21589.453401097137
93230,21006.76938467488
92502,29044.43644655731
78020,11217.794097735645
76077,17441.741870664533
107845,6615.0999745573645
94272,63820.696360597605
89239,16951.3587348738
81657,24884.343771382126
79605,20457.175883066928
92466,27222.25162471115
89062,22192.64808568389
91866,21384.651545460623
87629,7434.3412291360655
94495,20649.16728637848
108301,9328.74456827556
97893,14655.619305496644
88636,12106.115691690651
76642,14181.573115789513
97723,10598.549374150296
99689,10443.851053771303
98669,9133.962184516842
107547,30685.99716886514
107324,20347.634248622453
96837,6758.258003990424
87607,7663.358030016799
77412,31576.327860990197
87012,11242.48462308174
106509,26882.32132982899
96290,14111.042154948907
98997,17189.125573071306
80784,13156.354877943517
79231,17806.30076322728
99071,11168.629261340697
95343,57109.11852424582
106067,24195.861322043947
99385,25922.001484399712
108247,26123.31479729571
92030,40813.466671914975
106907,18059.521411955837
83305,11004.312625250815
77537,11084.164411951402
94191,29951.825942259602
106218,9249.816210800824
90895,18163.65077845026
87733,14164.311454774032
85938,12015.482713962272
92778,18573.560672996056
104351,24289.157238954904
98023,34394.41154499634
100496,10059.303616942965
99703,19840.921263140364
97963,5932.449845364846
107514,15521.827259359097
90147,16556.90042526846
78976,19065.215083824118
87951,17419.678200755414
87689,19322.00300054201
95720,32353.309742891503
81362,14988.503199895571
88028,8315.07461861091
101241,13813.314119823293
77282,20589.647935209578
87318,12357.926304802499
95832,15957.55635627277
93146,19356.51490452983
105053,29281.45774947119
106782,21819.2956085524
95641,25272.781414153334
101467,10572.320011099902
78487,18647.80503157287
97221,9774.462578084169
88550,12510.658431563183
102969,11410.792011946362
91727,31252.12074557149
102790,10614.642102567681
90218,9997.756621158387
95243,52546.281868965605
101112,7774.563711723598
85231,9872.072725399947
108368,14443.764021551988
84764,6345.366499989816
104560,22424.38643545966
88854,9084.499891120899
96342,27135.9561026964
97363,10536.608724177962
87222,10176.68567861582
85750,13474.294920358128
99457,9665.586788028575
105834,8862.135029783884
81230,16581.54874073314
89905,6447.732199900225
99107,12233.87543219412
97725,26787.421740641268
103383,8350.426262427727
101881,9654.521451918463
79274,38337.36994913695
106126,16638.774949430554
88014,8132.50184672356
81379,25653.094495815425
76685,12056.864471860294
81756,32498.33129218625
80382,21126.477085305858
87661,10678.59205914397
103160,15196.105501307056
81893,31225.726541101212
103538,12650.070383705299
101780,8149.042640534505
81384,17612.289976654687
106350,27172.43949950826
92907,18219.795906571642
99538,14610.686406549343
79214,19275.9479991871
101909,10080.304534960036
107864,18639.15583586475
100524,10279.182297344825
84466,10881.182259429244
105389,21906.52855986931
95621,16362.002695041914
85294,6054.321666090093
101831,13122.933422484457
104539,18545.934117892208
97418,23275.81827102015
84417,13458.28216797667
87082,8846.127696655967
90484,19917.157749703183
94455,25586.27414324666
88204,12807.546943795658
102964,11667.302181139972
83265,10735.645088403047
79644,27831.297597223373
103662,11554.361687755016
98160,18472.220100001545
86602,19233.37390667598
96773,18701.768436562514
106258,21124.4827374321
93161,26519.024174946848
84913,8174.236658411668
93566,30967.451111982627
99048,8775.361024843407
105009,19997.354465628345
78907,13169.075578430768
86767,14202.858472758027
91280,33649.88644695187
80284,9767.604659452303
90664,13483.522569538782
82570,12170.767153920358
97344,5898.357282009073
107585,19431.11620896678
88462,11714.656753026891
97190,8754.719094201637
105578,8027.380052042082
100275,9850.537149743763
101818,5322.7272539344
96900,14380.97183133279
107149,19382.99988888561
92413,31959.530600859147
79385,34997.582639826665
86389,9808.530420286746
95212,20871.652731895938
76373,21178.789794277855
78959,26470.432881125293
88737,6105.368650299417
92016,38473.070975856215
86224,20870.85219996402
82578,9630.686357127432
97155,8806.932375865263
107701,14743.735289131579
100516,6684.608705684776
100278,15406.467736371558
88637,15441.071661448115
82527,10659.525102948479
84753,7390.808807797724
103714,10812.421414880178
100322,11681.395661374867
86770,12245.323998100295
81754,34575.9842770321
88214,10315.06517043617
104113,13338.934661816142
104421,5726.03634564474
97736,8399.113998383373
103535,8858.111692398557
83206,16706.816164401287
106330,10047.053778043435
102339,12652.276552115682
87709,10917.60407516322
76492,21571.274476838335
77728,18806.658299986346
80481,20318.570821422927
103158,8137.557087025688
88892,12723.526254140565
100388,10587.359191020176
92082,31149.4841010292
81236,26307.296054691815
77042,11504.702906189837
91157,27914.716297264105
84392,16834.054017862738
93436,28118.363883168433
106487,24181.693796264924
76638,11026.319710909876
100756,14701.553125695165
89769,7922.546919028748
107047,26574.89659584173
107482,13503.684856865473
77672,48457.005787519025
88137,8215.014622897497
94234,46417.59139275494
100690,10388.497496724534
104730,16416.505627748666
80889,39873.65805752797
83038,7546.386849997108
78952,11467.68220462773
108324,19302.776676385824
89723,16203.423955938766
84963,7782.014022164078
82834,16954.406443111042
84141,12802.309736890295
94870,20363.526480506123
97980,18817.909021314863
84101,11172.534727405951
103187,9996.443827049323
89617,10943.706548158134
107178,8912.595742350288
92448,27577.978328079604
105739,12619.797935812741
94934,19001.73708151082
106422,8025.993574861561
84357,7262.331682096476
81219,18618.881402099592
96165,9626.950496278301
89437,7610.721544088047
107434,24273.367998681148
104751,14589.627079057998
79869,45031.95850922059
108255,20250.290734659073
93706,16024.48805093344
77694,26168.277857884907
106112,34290.86439319416
79750,24389.88586676893
92715,26478.640378062508
91183,21618.62866402274
104425,15527.20466902077
91695,19531.98256081846
107783,22254.706603867293
80023,33512.86513067753
106551,11954.749940726486
88253,26686.03096329563
89867,14828.224007882987
83678,16716.546623073962
105660,17936.721068899238
88202,10451.267820426227
95119,25944.51761434331
108260,12594.8923390588
83078,7704.822484521296
82345,19657.09257574538
83217,9636.460242855068
87850,12220.360155100787
81035,45418.45953808545
79575,31331.675302169562
91737,16432.814431556544
87829,16171.878330874404
83729,9904.231867483675
85611,15799.694071970896
98402,7051.673037021855
92385,12185.647428027927
86408,12200.965790603244
86059,19042.485345515845
95741,44053.54079552017
86739,9133.25949299165
78929,24223.854956623643
83842,6185.145543745691
87907,11234.279852322785
88079,15824.286715181875
85643,10664.857938735156
81382,18652.29639515358
83493,8424.343263476485
93460,41277.94626485766
80412,28463.099848254205
88171,9557.82249134629
99783,10250.188787017423
102777,9443.050762726998
80663,35992.93785788661
77531,10674.904197894959
86865,18877.999338704372
78461,21847.818025259236
107352,24083.01795227
94120,10943.955983198177
79496,21600.691239610092
80515,41545.38922878092
91344,42041.465209165144
79373,36444.69272709671
96220,10370.163512756277
93246,55495.42858921149
106908,10207.86423406913
78245,39239.85032054565
94731,15833.279383647043
90402,7773.720090058247
76206,52205.59401682155
98559,9037.01031971858
88796,13461.552225891792
85816,17735.669046066483
92649,31310.449239480913
101935,10945.86420926258
105463,21824.07127969819
87365,7757.110477434699
95227,27225.152845692508
93234,15155.296869828562
85937,18365.22396057571
101266,11680.801481306267
99571,10756.424823057674
85700,6438.270150630359
107102,10776.75949694958
89204,8725.871792554157
107013,8686.909715255391
89174,13862.619346821073
105413,15796.655936291814
97676,7358.081136816606
97236,6956.811933734923
103159,15469.981769138565
86515,14883.982045736038
95748,18997.55219753861
103941,16503.870621559203
86393,11175.017610827297
100154,8391.42197863592
96775,14869.06083695338
85975,15999.802057845895
80620,17861.01096701502
91545,23338.238366784586
90512,8978.15306767172
98423,12230.061971126606
98191,12536.692661483492
92713,53752.684202911296
106242,17906.104542246518
96941,8177.67656024941
91711,16661.555269486624
93194,20109.085123517536
84431,16059.718005471805
106092,9713.495679575984
77699,8596.968302513278
107042,21081.100606451924
94581,90809.06259044843
94719,25643.424664805872
103203,9388.063392738131
90527,15216.16676047141
105553,9760.642061251745
86257,14355.87414392043
108539,7875.858843911429
80580,16298.303535666286
100564,7292.400749279314
107330,15416.09729056106
91726,18381.375381011756
102084,12010.152081330942
87088,11869.484810122914
106757,32449.442945182407
77040,12593.80342038321
83253,12620.752525669364
87231,4816.585972470689
86913,6674.341136410516
100372,6499.823516715392
104194,25544.446928875215
91979,10703.81432188573
82139,15578.081788661839
82434,10295.138780525498
95418,23840.988276107073
76862,30918.935379184357
76939,12392.298124149072
86454,19039.974445153788
98632,25190.585739486425
77936,28658.448555512678
85823,9572.677010914442
88035,13270.841149756534
90469,5197.794160952747
77882,27731.117290714606
91663,20420.558131936956
84326,18786.4197999329
107834,13627.030512046565
102220,13595.779903853478
105246,9166.348319290852
107828,23555.63573355557
78808,8207.107179412958
87428,16414.856768475773
83186,10371.727075146597
83578,12599.003175722271
76948,17356.26492732149
78241,14069.91935733735
79743,36866.10446788482
105523,6297.526696695101
90957,13528.471005242138
100382,9985.066775542782
76105,14837.684090033223
86104,5872.400528436124
101922,12941.62440129585
76554,18540.46239859546
106985,20590.070976158164
85689,12493.057164917265
85008,16074.487398453866
91965,18603.09662737103
76366,33930.262337735374
86191,14133.253331662609
99663,6695.733617611488
96285,9748.67070246085
104099,19751.054397105505
99056,9059.233425751587
84374,9356.441455270819
106354,24147.732955407402
93698,46043.62389015361
96634,9164.565640577475
84156,8051.690533485588
108084,22617.690177156448
87399,13930.031951791467
105466,22107.3584285665
80586,28088.185704224306
92580,9294.151139521126
101845,5202.131692487873
84566,10914.233925542841
90141,6325.3013549733205
108378,10865.205585847767
98277,3571.645976518354
95092,38993.284505963195
104064,25531.567655673105
107637,9132.532938416309
97365,15695.443089443896
96955,13048.020920569417
95760,15324.029848196878
95872,24986.09263794779
96240,15182.390197773895
88163,18027.6658319457
100611,15329.15667267104
78881,23093.745020921895
101061,10818.306112415632
107426,12673.55205977289
84044,11800.48248191176
104552,5968.791840695839
94780,11744.225866246272
91863,63161.09037147262
100864,8938.23378388374
81237,20091.832877693167
82136,13749.37844354696
95905,14292.06739617926
106384,3744.0782371310925
104293,19926.996690095802
81454,20827.994658584466
107302,22677.98685808904
104291,22064.46644768459
82868,13555.103418640874
97858,14151.429240548929
105855,15005.37725785163
93166,18530.210192929822
94741,29655.668211753044
90290,14735.819816964526
89573,8885.878016989212
78623,11610.017434681731
98815,10300.67566814461
108391,7953.138229367487
84762,9455.95440722669
91318,19715.32639826422
79163,17125.590342248328
95977,17128.23051326468
85867,10559.079525046694
88322,9779.953943975423
79623,24211.62171997043
98269,8736.764215587127
99650,8945.757670520235
107902,9786.183000057117
105941,10518.849706046154
81949,13412.723143578656
79343,28336.04294677667
107578,19970.93765809366
99489,7146.033181431939
85577,20272.835522731355
96815,10103.676240086628
101625,15779.269286834442
77737,13552.426071341763
104092,32452.691191840902
100181,11533.191479905954
104928,6082.877663510322
98913,6745.493979232485
91602,36602.72059088243
83876,18776.71021615667
89307,8594.310719643949
94093,25643.547370866443
90665,8028.805745740512
89424,16618.35446106793
89966,16293.713989510343
87512,15745.114978024
93925,17177.570075331645
92819,41233.73032000376
93100,31608.06562701276
84387,11465.239528379054
102337,10923.416653950027
96351,6506.715716114156
84790,10139.594608216383
82257,9785.004275976336
99957,16330.014530003522
88917,14327.068892073356
95068,28389.954076743335
84509,16689.666761187764
91624,30922.47859716406
97851,13048.9570781426
88699,15174.048710757592
100216,8453.976172288094
103752,14954.729513918202
86444,15191.56116120547
96692,13385.497341442013
99855,9663.240377060101
80299,34873.14143554416
106960,6810.5215097558485
97471,20035.588024623765
84560,6879.076349805907
102670,9890.414856329162
89279,9192.576676854735
101965,14569.52089882234
97569,12342.831514132438
79614,26296.94933382862
91772,28411.59872868984
85007,12339.635676045638
106561,17531.285708786043
75994,23421.699647311067
79691,36941.584256331735
89364,17339.286344354925
78875,13251.661176302165
107066,29320.93063913804
81507,28468.744158413785
95249,21723.053898960865
87015,9002.432289897835
91324,16378.151704544434
76752,6590.9004332437435
102171,13260.409136619322
101910,14075.691200763793
103619,15215.486445232224
100128,9392.770929594635
79404,26037.053954917905
93180,30504.464161300988
98208,15564.780084899028
79595,21894.563108601953
80232,29934.379635355766
80698,26401.584703663357
77442,10883.476848459979
89295,10444.350861015631
107982,7831.630718098277
104260,9185.119263223558
107081,6735.763275904625
84397,17154.474641800058
76341,10253.249447905182
105837,21045.8397511439
87758,17175.96501398263
89085,9411.750118183176
85464,5934.6702522632
108404,10099.478758232042
87357,8150.9265556626015
96567,10063.10562535657
106723,6387.198679828959
102198,6982.968164726018
97673,9727.521629287192
94078,20621.396681916558
107507,9925.525348323165
97681,5835.661277730192
80033,6008.125338968448
86656,16728.393679905592
77797,19373.931204768378
107699,21288.96122756622
86945,10834.225935772909
105222,5162.323806970292
104904,11708.590762509013
79731,11580.662571978864
79205,31720.254878166277
94275,43105.147420701294
83219,11138.424660314338
93926,27529.32273654236
77804,17014.555715738505
84512,16697.23925242078
77215,12202.830936849889
95226,27019.572031197793
102992,5602.205909334576
98108,12187.084135527919
80629,12836.379500932197
98788,14838.800538938896
84971,9281.863482537405
97484,13408.32040662953
87887,9910.650538147946
104294,35044.030492390884
84316,8374.64681080005
105685,22961.04681073856
84866,3682.4236545546387
108412,25185.634824084686
83463,16284.931233944624
105005,18346.76466532443
94134,13377.046237908644
87832,8959.719742168292
106089,6964.494996872483
90745,6917.932555457399
93579,10481.055683882169
77750,32160.340691040732
101618,6851.558905406525
101148,11182.443767196797
91084,17591.58271535461
87106,15686.764390793842
89045,8517.749985879693
100365,11228.756915084923
107100,18974.81986533719
89836,15258.713135521582
90463,13124.720113050014
95908,30136.30554218059
105700,7386.884501686634
93105,24986.06870410865
83244,17490.74568240393
97603,14313.05158066001
93616,24325.94730317185
94245,23679.55125068679
90752,14816.734171173819
99594,13135.851527874085
93068,37311.05759705911
88443,11506.083078130781
92592,24936.99709230779
99796,12849.499431181352
101588,6669.6828448749575
89633,10446.013424632427
99577,17604.586309963965
97165,4718.881759585527
95686,14529.006167963767
79266,28182.286028611714
76351,23621.979866906204
87457,8087.233893362316
90220,10943.706548158134
87855,7504.491924603432
79818,19113.05866256515
91024,25973.376393207353
97908,12176.682939774626
101556,11781.619079690263
89750,7843.058265112412
107781,17617.195095267463
94151,10499.120840966269
103214,10430.20544796551
89012,5659.676474354795
80997,23474.721229118208
90002,14527.974598814491
88243,13745.461135054626
77631,18580.826509552324
76185,38845.74684959332
102767,14425.110395814421
96776,27892.58299590036
107630,10457.502347747146
97550,10151.957771514797
91871,18265.440655613675
84499,14147.147146257397
94523,24893.554809296365
95467,24188.03026635653
91735,16882.719491388187
89874,13523.780408722267
90168,7343.702802945314
76765,13318.571887533346
92590,26112.696758570986
100529,5813.3939419861645
99330,6021.967577381296
92566,25721.380744707243
85303,18664.763116528316
108401,9887.723970128205
107621,9174.373129117997
80471,18581.2194277461
85478,11234.328160709912
78386,21281.805072736795
105016,17545.85899048119
76807,18721.33574492948
85036,4308.861408420979
85428,10760.012635380448
85783,10185.694210935948
88510,11725.43451447805
89262,21269.412486949037
89136,10230.985504850409
77193,46551.75598739754
88928,7228.074213787505
85930,15958.126455956964
93387,24757.711227954584
87348,10640.395483795844
106766,10336.547739309064
94358,15907.430653459285
81582,13378.891072885002
87880,8126.266479471396
80554,29587.647601636676
103295,10703.55151892343
86265,6916.528731969202
85650,5804.141775957841
78496,9694.458837607446
90155,6377.874225680726
108366,18388.504448507472
95435,13344.650437040753
83433,16811.041702795
97917,12161.591014150901
80755,16846.072043381388
106070,8020.895185227858
80354,17763.632898523807
98453,9034.268926192837
100106,11998.972159194343
90408,25089.362702622333
83615,21149.31900741552
82425,17079.46793666665
101993,10198.59163633935
94522,20269.11357544706
84782,8902.565713332395
108223,13060.41266007557
96160,8547.35186140637
98432,12590.12664575153
105363,9906.630959300861
100535,7211.066036160586
86591,6429.934080231681
104667,19895.371777290486
90913,18526.308059231
88935,12681.772292275768
104570,12223.349125881152
83610,13359.64341747988
92006,6000.591741582633
86169,18038.2790902798
82827,6475.891497769211
86592,11761.835247970028
87212,10844.696003748997
97120,13738.641048405876
77359,15652.421559546225
104752,17936.223330102035
97296,5518.406559766935
76528,19654.199363520045
94678,15551.87279994507
92677,15848.037422720441
79068,16526.902284492026
79258,14396.327405539996
85903,19021.94512362443
85139,15473.624245231815
93427,19743.82411112781
83820,8523.429352480776
77286,25368.125449683997
99210,7041.398017495156
87068,10992.469818479625
83423,6988.3818617919505
104277,14499.051611777642
90679,14318.421641040042
87218,15226.351036693917
85604,7923.809598843964
81045,28519.232098948592
99525,10167.886778230442
102332,10186.370016017874
81248,20053.54790001934
94626,36228.68605071807
102031,5431.352898760527
99240,19933.331218922795
104198,7223.597436282761
103296,2797.7314762721257
105530,21112.73264289565
77830,12291.58938144006
107707,45347.8293522585
99875,54829.58900792188
107727,9874.897442247508
86279,10116.1733910252
78738,18512.94449526013
77514,17686.009716197732
83235,9417.149507991406
96964,6744.611752729197
95157,27747.287784063625
84407,7886.487372847632
107930,14162.46168375537
100103,15940.276299905807
97895,13680.791411088945
96823,26661.08102166904
85448,7856.606446675169
99246,13731.09876787332
100586,17315.6323047259
84536,8191.646732108507
79744,13417.768139203437
89433,6929.387842481214
93466,15350.933900492562
80628,35318.62402590489
105144,29474.620707110513
87407,15375.545831964202
106295,26779.91350388431
84239,19683.18126809969
89362,10254.998930517488
85099,10827.037807547686
88071,7196.93933907703
87696,10556.511535774343
102512,10031.909588181852
95911,27174.422584719792
85069,4781.578140951971
77710,26631.802703001933
106234,17912.84408471395
96338,9123.010882830933
76534,32266.172494123188
91330,14480.095105450799
99229,12163.555205413906
79318,14974.59503270632
87465,16826.0612508226
85327,17885.419931887915
85601,17836.574592310575
84287,18911.511696294103
99523,10764.644385995529
85692,10076.918028669927
101573,7674.6467892456585
97295,8738.816404800056
106567,7964.493288291397
76031,8675.96357258503
96219,19913.484775746376
103153,9645.738092769929
91126,32158.857726732258
106188,22938.328969586048
79174,13350.676205764414
102013,9526.141082422002
104603,13196.43949705633
94006,25032.435550952145
108326,12319.989398850385
78483,26944.01057377789
85801,13934.05152975979
93295,21858.360784755267
107744,13544.858930908444
100171,5055.461135192477
106558,6705.469590431669
100806,10917.73327052147
87732,14955.74896824508
96227,26736.084859887826
92111,20330.278357207408
86147,10237.94257395469
89519,16309.51362951497
95271,25870.815354267175
95264,27111.674537169056
102294,15779.269286834442
81966,14820.179790152115
103012,15212.318085056375
106989,11549.796972355933
96772,15394.859995334742
102972,10004.923870196508
96306,31824.296844771954
108418,27690.10866401424
78045,13023.80820583846
88095,21522.25111256266
107561,21123.576407792156
81795,7233.675258763413
106736,19942.395411595615
89308,21676.31790395325
92852,26851.656825477396
79486,14523.14874778896
102942,8797.364286217286
104342,14935.652471029525
92242,37549.99350349894
107000,14845.632720222682
101869,11738.071447421926
103744,9878.989351353202
92316,20161.662959266592
100386,10430.716967405471
93123,40382.56351642537
79755,64560.90791615596
103598,12782.198493570182
85309,15128.319349234136
99062,5966.014908043963
106747,24129.62749706839
86675,12792.241123429769
78833,13385.723946005659
77194,17118.246644474668
100977,10347.994926863801
80837,23711.89283493614
89253,19136.11629030993
99368,15426.638508450938
82058,7252.109835965371
88519,15395.05721250373
91242,28565.21226968865
80897,26568.020754432102
80505,9770.00355504761
77645,28747.09347478522
100818,11651.66126026897
101021,8447.18541344939
80028,35030.02487347665
105669,14797.267663489649
105092,4758.889959291678
85973,11214.41681992
101110,17494.49593379941
87926,18053.97813965272
102411,18916.698983598195
86210,11835.051361072194
106999,10036.434245449911
86228,9747.600712435575
89278,12872.218863392578
85460,15246.76074344315
100527,5095.633292544113
88852,11568.644896734253
105762,17204.1935966172
100149,13849.7752094574
80290,18916.636721938106
85953,7838.836925938248
81492,16953.995954487098
76831,18354.22812547299
106123,18372.71677069742
81945,32733.65981360762
96796,21481.650545517878
83848,15975.143541017953
76568,20402.813323189188
84777,5675.1858218566795
85159,11862.030311446908
86943,11939.427496046506
85719,13832.226953214336
90325,3831.937388135105
102061,9238.292786864466
77924,22582.957487505162
85093,7985.535480267186
101892,16083.976932607467
100848,11382.876962941862
98725,26026.869995388395
83883,7257.127209805785
90754,8155.735559275961
83803,6429.718036026403
78486,13842.813269201808
82705,9984.2303335423
81532,44841.63601847317
108285,25571.96935730585
83833,10763.92734407553
98263,20455.10440264925
87000,13464.24096601589
80673,24516.167466842064
78206,27914.968680050064
105718,7695.123101927037
93533,24944.92141742111
92133,29427.163147226453
91065,25734.446849267864
87899,19931.530619838213
98017,21087.185366176276
99570,9022.861199455065
85188,18044.997474659955
101319,7323.354713549002
100142,11715.355909964808
100019,8258.31531026124
96598,11009.00942928446
81397,25565.24228478715
89238,20851.948417968655
95758,17877.768556923642
91540,16133.015466511482
88474,8546.819062147028
83465,8303.580338928721
103092,10035.038555269717
84968,15534.168743735698
77523,22243.800642032846
93366,29645.223166117034
90815,12920.200725312787
86902,8284.312856930148
98479,6338.187431702494
81068,45465.76735403752
93005,12219.580884802177
79216,21782.342971656577
87027,11776.533035666456
97332,15269.181268032566
76700,31225.532397088475
92098,23798.68860215653
90564,15298.576294534389
85106,16575.010593232484
107907,21042.05692247546
84142,6473.62013489132
76304,27211.23486138511
83000,9582.208670558177
89782,15204.673321522014
76184,3375.777224481125
107539,11388.356721220793
78236,32855.575786486734
82316,20997.048067866486
106526,9954.732189848504
94138,22886.335417930142
87340,15685.34680198275
79516,19980.928069159192
77411,24153.095441915055
86680,9779.009743362736
95225,17125.72622966729
92224,30946.03942056372
94791,19197.708910843456
102989,10228.392102861106
80765,18540.966622248776
85393,21440.439526431517
104860,18891.08594280772
102484,13226.292891955698
103672,11513.343137859005
82448,13996.066127661456
85479,4119.365761084628
94775,27160.949709489705
98729,20731.578768332507
76893,16778.47932978682
88144,11016.644402007592
92369,12378.823855525352
80841,23570.92593061553
76791,17358.416776790138
91845,16015.43618324014
86949,9529.724629052083
103913,19537.441480070484
85869,10331.676303316042
76426,14279.706520396572
85214,21431.278373665747
95332,24052.163417535638
85821,10478.59455246761
79430,20423.17979913344
104573,10381.662393527851
105788,16744.152389969368
104867,13743.370791361773
106367,27193.964291464323
108241,14746.056501790512
76913,44734.51855196169
78712,36001.51505034424
87769,9233.406258078752
80169,19709.672864491342
102028,10245.899691379076
102001,10686.904083562122
107798,41362.00027250893
80044,45619.33915721611
93757,16895.699253261497
104233,20701.940043529245
84195,7536.265064360882
84096,7714.243301889856
82336,18322.862889378754
90423,19327.16597653368
81769,16830.201008162836
79650,15540.402361823828
84837,19354.44815013072
106303,9426.335854614266
98551,25081.486971527986
100452,10703.55151892343
81161,25221.82022269391
101116,8959.540860538955
93465,17881.139748711958
92749,36409.88761812545
86281,17593.236791700747
95586,11953.603569324152
78235,26219.591434003898
102754,9220.861978323997
100017,9199.890149261744
102637,15383.107556179666
98192,11946.354144854831
96683,16857.59265393347
103968,11226.440295416456
89159,20480.187442596016
77752,18601.16254677749
78526,22411.031318240875
108387,21600.474717513996
78659,23927.179079563597
77013,17323.25159592041
106480,16518.74177779169
93920,25871.04862575154
92912,19828.914111779504
79044,28002.14079472667
96831,6168.039018688809
83502,9087.983466837382
99420,3820.8068129342273
93785,11950.307146719078
83739,18717.30972890345
87018,20395.08381296246
93773,29812.79586685395
101674,9009.10994063775
91655,23007.574357473713
104412,4895.88428497622
91636,24913.580752700644
91101,16691.90258546329
102437,11975.923829061072
96958,13633.630561260165
83934,10536.23409153387
83372,18902.944957806092
107296,12073.265967798565
104909,20089.780296174024
103886,9937.960287622285
98858,9715.025155094812
86276,11616.046737157423
98148,13084.349894331457
107294,23989.104521514415
81812,39350.20135161726
77997,18101.59946387738
104626,9692.932801808098
102424,10023.676336584127
84992,13811.3326486585
86867,4118.700537993557
93370,22149.50498452645
90804,17965.751671190417
76001,11961.107022787404
85691,10663.235391957294
76328,48524.55938236793
79143,11039.606063393447
91356,9010.723367815235
93553,17696.50877321983
93673,21876.06583652453
108239,9813.552034853883
99923,12110.115506957705
81616,38929.28073548565
94433,25093.669550632174
99985,13686.511040664496
79648,35572.82557283199
91423,44355.137546315906
96581,13416.652668398754
93321,55161.96933760897
89736,15162.660656465423
82722,6368.1725790464525
76093,34313.71879250403
82767,8515.722014873481
101615,15797.883724738413
96585,9843.102498204069
81552,15523.072711399229
89656,15811.77384768744
76301,13864.663611048887
80683,48716.904460867954
95638,14059.290206755453
78343,19922.295658674986
81495,28689.5727434436
78517,11407.10917358423
91764,15049.937740894387
87050,21264.377712128033
102877,15005.172967903085
86844,11233.808500726798
94535,15049.669646183705
80871,11472.744155505621
81126,9872.423345516663
77182,18134.271233254698
89335,16055.828077930335
99612,9533.344677738796
89041,9396.773548165344
104165,14608.789999691047
79096,18934.993445735137
76051,19788.573476714442
99599,14552.979844156936
107763,15761.02875087209
106646,15823.111142947897
88985,15094.941097152849
107109,27204.32440674434
85110,17391.59224364762
96907,11888.022829093283
106806,13584.940310541131
105409,10257.571316670641
105449,18712.34180371293
104042,22455.224456180407
101299,11597.550413230745
102434,16788.471220674117
96363,11954.763185353015
93918,3955.9209371341117
80842,50071.69177751276
91578,19439.99685634852
90458,26944.154425655808
82186,27783.719881662473
99767,8156.094087142332
96898,31347.812678979546
77755,21545.62204040915
82958,13885.542771950099
89248,6112.998169998026
93452,8173.514666873921
81517,11225.496826423052
77919,32552.78115526291
97110,15608.937779008707
107317,9189.0717684425
106102,9173.42168349957
93034,24400.01178459044
103446,10879.404263023489
82762,26684.616243912336
77365,22044.019940289734
86634,15480.73273104834
93109,30198.878715939707
96094,5128.673715725984
108191,13493.556297338879
82667,10224.14929983497
87953,11217.204489722219
79188,33667.283641902446
84962,10683.38151484402
88377,11051.762014978849
85942,11922.122000434734
88278,13765.729798877897
77743,17084.41294495195
98341,10219.256711060672
101197,5469.498570221503
102838,12926.713187331903
86885,6533.473626517944
87648,12842.47717610768
78995,16001.842492491227
81374,21222.506601154866
83829,11032.71707602534
86073,13813.741520196765
82848,10115.161871569157
101727,15641.645588249032
89929,10162.77545237566
108534,10991.67530349193
80592,25410.909020538504
96292,13596.492563045542
102569,12121.009547249552
84692,16670.14188485308
84531,7365.458872601823
100173,7451.727896561857
90263,12922.891469251716
88489,11509.021800663011
83941,19046.091754961333
96621,10737.783753665997
88427,12166.214280789263
86625,9541.271815968412
82798,13986.625176340436
86084,2388.87231616879
93058,27469.24990066657
98527,9413.23582832546
99786,11984.74123413571
84132,9812.809235341969
101160,10134.749737123557
80396,36994.09276817162
88132,16008.988483130897
82835,16888.25771227363
82959,12740.780323403505
97225,18135.69813459718
85463,17016.188123195996
96733,9771.241987278258
91820,10992.311230620764
105870,27171.800050497914
83255,15898.412222151632
78899,18555.305121929778
99812,11234.78417301011
85798,11522.700211048568
85452,11880.396569931623
84706,18629.96634890519
104289,21069.191675522576
94785,14206.464901138173
96707,9293.394532492206
92847,24545.025169782737
96054,12752.22757462958
77986,55076.4938574527
103435,8324.411867828869
97008,12588.188280854352
81650,29901.844614852806
76920,22219.88751719931
100479,13656.681717614232
78120,11044.107667309934
84761,5183.722484766055
95062,27430.412606675844
83102,8501.350508390304
103872,7642.046746846984
103816,9285.275415053933
85672,8316.676551429047
102125,14632.790148273427
86928,18843.344207843315
82814,14819.994636812806
93167,26095.166950215003
97674,9271.048324721454
107400,29589.0313076646
92669,12610.255680252445
78046,24185.154681469157
85703,13768.969551239563
104265,16446.11580546847
107786,13362.270164023126
83707,17327.745510139215
76858,23575.728322031187
94147,21979.73476168816
87307,17697.72384643345
90594,23846.631974097574
91305,30335.483467186834
83302,9551.77331671474
86173,17194.273159690118
95811,21017.534714480233
79868,16750.510256876096
105265,15157.494462240682
107009,9701.866283805759
107281,17957.59011725484
98848,12117.937782648558
84222,12413.51140054748
98808,23040.514521107332
94002,32207.362461446013
83985,16874.976196518048
107772,15717.541440000741
86564,10767.691622003022
105241,17050.647324458565
101060,8013.439923199285
104362,23175.746826493734
77441,11987.089314610703
92827,29345.39651232487
86523,15222.153225683975
78695,33169.81143218003
81392,18793.724768278178
104823,25793.04757235296
93521,30095.988948678718
107098,16322.577911142023
106011,27618.57813236447
97032,5529.569934485763
88646,9100.029109405721
82014,26439.05488823726
88034,13337.589961488411
90561,15126.07766657003
107888,12687.641725538733
106249,13283.76019037565
94608,22738.64153043131
78134,17460.346883643968
92898,36467.44118980552
97031,9624.090350105549
85220,14367.350811685284
104973,21735.99706594403
104081,9792.213659614705
89865,6029.566550126776
91706,9224.849991794541
86089,14680.384382098304
98736,14439.143206660303
83238,9555.390986837663
104237,29852.66505345988
106990,9089.85832112388
93432,29419.747376651925
85280,17255.99517550299
79909,15100.788737818142
87698,13009.309684781505
106059,21788.32892809896
91016,16601.92469948669
80180,21474.338384524788
90006,11815.317331187756
78122,22938.383094445806
99672,7563.19132140269
102297,10198.866400561636
76047,11739.066507126316
106296,14588.77730388424
79989,31219.92203282549
100843,8355.454240621917
89014,19168.263445451343
90568,20276.05059011243
79905,19668.173763443443
90643,17224.13641434065
100729,9580.401195065571
97084,9595.944489804018
100984,12829.985141995348
91475,23767.995351317193
105531,15014.366695178014
78482,11739.269811076361
83254,17625.342049837967
85217,8198.861209723373
102974,12704.20294429471
80040,24686.748657183543
96077,14457.32669795737
89073,9349.942154362583
79118,24369.381051784694
107565,10425.142318696033
93486,17845.31387714906
84670,18295.00438645166
81104,15811.270554759565
97867,17084.880675385037
92897,14008.726127918173
96592,14090.657621827957
97864,13313.068366714771
83369,7871.016566299194
100471,12420.815961672368
87533,10366.234063642489
93111,18646.193788046607
99979,12776.651052039697
103340,15868.051299410537
104434,19081.131419463447
78515,20192.67245036566
82046,48430.79887500153
100572,11735.388936397594
96382,13787.39762800116
97575,9549.962533751586
76210,25436.943148090646
96628,14751.099919237216
98232,9675.161186550147
92457,27299.206707779653
103665,12710.1384410376
107838,15955.428636279226
81165,18459.45460625755
97719,30084.89087621881
80739,16700.34129757929
77593,11897.384391603635
84766,13077.134638209845
97274,12167.196337270096
77281,9304.380406094286
90347,5673.182384015333
77555,17341.08826043416
103246,10462.256496397478
78404,23552.105460512135
107745,23776.446151553897
77017,12388.74211022133
107995,16107.447311413967
80982,22037.525854279414
93844,58634.24728575318
83606,13952.208838284145
86904,11616.384742908007
102616,12544.812696494886
81768,32719.88646908511
81464,13847.88010848963
103309,6790.441968142446
92975,26637.477344506693
96156,13967.49165258006
87770,11183.505702696944
99632,18483.49658228002
89924,7212.964172181864
77573,20670.195840808366
102968,14087.173482543945
77822,19570.124997128376
77725,9769.175541267254
100787,9388.75394603717
78013,38570.38638518289
94440,24477.294008945886
83938,28556.299413070534
81204,20840.856545093615
76519,35178.420968687984
82172,30866.458053203638
103592,6017.927092058135
102003,7026.963902256038
104259,17596.92193181942
81120,18045.449397594704
106207,10450.92676038341
86710,7828.013221364129
94024,52367.64625934823
88164,11187.768176852662
86667,13240.875098263941
98371,13682.395586172031
102344,18968.105777125435
83142,15338.717560067147
92532,26293.849046176787
98345,7063.181215866544
94565,17397.723580815007
106223,13640.133669165258
104831,29791.506165146737
96144,6429.116163768374
106634,13424.732039586805
90623,9012.996010106757
91275,26361.850194116367
91547,15746.96676035932
86390,10397.419491861465
101986,7277.958587851361
102994,6398.236812824071
85291,11403.967437742143
97430,13598.936765077082
106209,18058.402934899426
94798,69684.80519210105
104565,7300.667325601896
93679,15464.016527019588
93960,31138.199108969166
90063,6525.403930165182
80038,33195.68554282367
106513,11410.54495920079
77267,25770.146104454656
91539,29560.362520253977
77973,39140.96257959067
95999,10386.266298488363
78036,23599.91126941028
106191,10455.284174246353
77480,10954.882466555357
82656,8837.002359227043
93916,15354.592682323535
95975,17485.431379718328
81550,14303.857610449277
103221,12103.611419616815
84062,10583.23989640957
81584,15487.410008103958
99564,15692.885690177603
100276,10510.573523146
81308,17859.541239253125
85519,11849.67449306449
80114,17037.14780586676
83911,14473.996465294023
101879,10621.028374863017
106626,10147.154311315904
89009,12310.063167088972
81989,22488.95377953235
88197,10118.280067262476
93592,28437.74549821506
103290,11949.410930616927
96988,6527.322314168611
106777,22385.765038145786
88922,25976.884539969647
78224,15967.991278103991
79643,39510.250173364686
100066,10104.557272080281
99132,8116.933952894258
100610,6905.741116072746
89409,12934.341205716226
105675,20514.733056386263
93304,26241.40754059089
87662,9847.268150239312
99433,7063.77396298097
100011,11184.433805007584
95327,26086.954214304336
90169,14837.25053342623
103978,11677.976773164632
95238,26346.119030243673
96242,13276.92403527493
107917,13039.629793936509
92639,21431.78354955946
88936,19057.02667740937
102923,13203.18646047833
87883,14384.791466816863
82670,17351.227383602025
104229,28839.781342778377
82031,22033.469399217855
94197,21458.016294353612
93921,21224.853638375855
96030,29094.428514151405
106335,5939.308789720201
80671,14900.841753080265
86723,24083.478986573802
79293,32553.691310637187
97549,17976.55034392756
91837,18891.81758769615
86437,19010.46757229986
107577,23172.61963911195
88419,10317.63639046025
80746,47523.64922729186
82548,17619.413112721915
102711,10230.238785681768
80682,21266.9616565098
93204,34728.631164984356
99582,16735.80850754293
93195,33095.270355542125
89626,24945.823328222043
84713,2930.542564289685
103182,15475.46781973739
96954,25867.599698075188
81758,24616.303483557793
91938,17452.009380662188
92961,14235.46648060839
89533,20368.736233715368
86243,13234.473695603401
104482,16672.320837830255
83198,10324.121723275877
78284,11941.888319427933
101133,16588.633159266734
94339,26643.206252300257
88631,9827.366299096962
84364,16077.769679043906
104341,16063.533965736038
84650,9313.44909091258
91140,27508.845247763667
88889,13253.55939568429
98085,9580.989226146505
78796,10950.18004305125
80524,26003.93847779926
81309,7578.853201749384
87410,12682.714345814893
96810,2419.387614543396
89982,17562.517034717916
87326,10731.338200053671
79722,15689.201122616734
86367,11214.147779813347
105368,23599.97299991575
92505,30953.372812817073
103000,13124.243385973787
85052,11886.42759492433
76497,50965.03803886422
105312,20141.6839313194
89705,13877.187838860187
104999,25387.62243867229
107876,28282.82920431448
76095,20716.405957460564
96723,18883.6913510088
91593,29243.777760956615
85772,20323.886579815124
107199,9079.509961413743
78256,51582.79159780654
78275,30641.0797285433
87582,17364.55491877709
104231,12134.822327011252
90265,9239.25332256494
81793,18325.840032592332
90526,14974.164696201427
99086,8427.013762852357
92743,19279.03425243924
95412,13344.159507369746
91146,25973.47533925818
95923,20370.14332615376
76021,19093.292404798423
92858,13882.00923209073
90984,36497.00261319827
79158,16287.37228458773
90318,14613.962347411873
91747,18125.872734633336
96641,10066.694373836832
76202,13935.902767498545
101040,12845.277642463172
78797,30175.470396532983
84745,16712.056227804995
76942,11509.124620139313
78980,28185.59987913821
96662,16634.050576460686
107813,29205.181511831204
93431,25727.252171536322
86915,13329.105572575778
105102,29675.730745831697
104447,19864.43519108002
83183,10412.421396416028
78917,14348.042695762035
99336,7380.662018440686
86883,11643.7590303349
104155,11075.893008620998
89989,16485.354709454437
80406,26676.2740511375
103151,12407.550176870318
101077,11868.580811013018
80134,23165.880019692675
79090,27550.47083258012
93482,59569.58248251676
87205,15817.303253146318
81295,43939.87349976694
89726,9357.284121059727
107842,9566.834306576102
100351,10437.159176147841
78392,17361.791737536147
106503,13396.23591033657
103982,8859.95255435631
89276,7556.866088527458
83143,11454.301795543075
106521,22716.955233252294
100841,8788.738336693821
76990,8655.49451994396
108466,18074.250266658324
94285,20841.0151108156
76323,19692.671567228528
90868,21902.71993178143
100631,11778.915161581424
76196,9897.999936040767
98387,19994.540716764965
107494,10395.52195001876
107439,14207.509515984912
101458,16788.471220674117
78473,15294.343718531549
107016,14269.352560334557
102109,10199.569733529384
76537,12130.760718084117
106523,16158.689848897666
86340,10896.331228386909
102486,17418.72414175956
98993,20610.67154253556
79358,9843.546357905963
79906,11001.688669488047
83932,6685.825235499698
95064,7592.522720756999
108339,20387.374644726297
90489,13799.433265818232
107984,21976.393346903216
108096,25923.920594773608
98313,7531.691569766996
79508,16902.652538036276
94289,24838.62327205526
104393,13220.094748443851
108220,10048.21820895011
104795,15053.212110999697
93178,20169.61469477925
106079,41453.47719375055
89584,7381.343289529074
102435,7480.412461988552
91967,46462.80216891227
107618,19881.27490325905
86862,5751.184880378182
87991,10345.424738605383
83618,17790.22617199967
90089,14858.87844049309
90681,15623.582012696532
85562,11974.891166902373
102934,9998.264658975408
78806,31216.02574829263
104615,22957.322029331695
101221,8447.18541344939
107067,30431.433512396256
101807,15880.67873309581
85952,16668.39034199654
99387,31604.06709113293
106135,11394.7168846312
90522,13687.576113327888
80068,31596.311839513786
95046,32736.646348741124
93546,27005.565162076953
97202,24498.808146765834
97567,7996.678702137643
79963,22646.541010158653
84033,17603.450242683608
86538,12547.905478733932
104104,33104.708126976344
98033,6074.4520437542415
91989,27281.261204817234
102114,15786.057189481804
102507,7724.810680310056
104663,14901.94902012328
90772,7116.131106032088
102250,7561.696032050338
78758,14060.887488477676
101421,10551.608574615331
86744,11424.091309424059
98916,8225.308590629636
86659,19122.994101340926
79853,28740.695822159192
102463,8368.521492690827
103827,11646.91703150584
106662,21785.896706022497
97291,9069.54580484822
108516,10064.78860361245
101211,10105.163463913223
94947,20763.175248591506
87948,14319.565739604506
83719,19071.083369279313
105186,10027.971894164406
97592,19655.94526383142
79918,41235.02906610197
78137,10780.301332700235
78859,11003.66693213532
86082,10613.01953147516
96316,12841.507932954075
80327,9666.76267379301
81639,10531.338181622606
76145,26458.394635846184
76612,28636.081173999948
99606,19851.18844894935
101120,7681.5907265827345
98540,6430.869905192435
99667,6868.211449787463
81038,24061.340951476737
77521,17002.735118776567
83408,7147.921432611357
86905,10144.362721078032
85997,8947.052333354704
77009,17695.54462672289
103958,11338.39489299689
90392,8410.589234383091
94800,11623.525255632747
84391,5780.6597007422915
94843,22020.540914465273
85555,16851.73051410795
101453,7624.998126331808
86686,8996.222893008617
101665,9099.535018625507
101044,5379.4260700513405
84230,8343.614239889186
88440,15157.323568258424
103253,7903.222173841201
102847,11724.839562813899
94381,43962.9065202283
94229,26718.940139125898
76327,35583.337686409985
97717,21271.649314400413
101291,11988.461349114898
81877,14828.85926226604
88927,5748.822903257029
77137,29290.22730084159
105325,9155.80695379204
79368,60156.652444848696
90769,15316.188589232494
101376,14611.212835027716
88733,10623.678638429259
104519,19825.88377764599
79100,11113.08996980935
85667,9783.33067617094
91111,29972.496656666943
84474,17550.35817180074
102166,7235.901521887203
96711,16683.35493949439
103102,9118.95501662883
102519,2279.8490021108673
92508,17827.376414501156
79560,26770.11869227765
79530,18317.282422651464
103272,7379.258280807062
86935,9589.457501670928
88977,18155.10498816786
92681,13849.383766295687
91978,13673.093157927982
81144,23418.997765133143
98005,12591.02221729296
82716,10576.782838039022
83371,8078.853251924161
95566,19948.622329269063
87240,10650.523264729844
105593,17624.02076247762
85457,11883.106810404142
89803,10980.634808458304
107934,5406.195610537583
94736,38062.05618837373
92865,17385.79646699811
89863,13445.035431925466
101109,10822.294225191281
100755,7721.122986221249
99015,20983.47614234163
98439,8831.5146881405
84150,9334.861936948528
87593,14518.796757581349
83830,8825.12380116386
96778,12815.871489562935
93458,41877.84623530844
103141,9867.632109169106
78576,24901.207968791023
84582,7935.501417799303
84034,10845.95409550219
79223,25974.92752870012
88574,15720.980627071747
95914,18679.352638976703
91830,22713.887253788045
76682,22066.72678827011
76091,22235.155119944844
86187,4159.808280281952
80571,21591.921669798554
78015,20793.62479054226
83392,14026.901408232578
82103,13946.363712024031
93859,23278.429246744567
76290,7562.649348805419
86539,5500.557050208113
81288,18424.721498492454
103599,9292.357540986244
90430,8454.0368306323
89392,12101.997420117268
98963,3718.7847825819726
88846,12798.010414990948
90966,47022.379726795436
97360,8875.664195407895
82496,11100.380155587685
96630,17322.157855963495
81712,17605.253502004634
105871,14849.106562123194
90926,15025.586273656429
81443,17840.89022276859
98173,16103.79366269528
90309,6345.5450333351455
92444,20524.235885310416
80136,24798.31613062307
95739,16055.922177289247
89153,18675.23255756249
76376,13721.633289802385
80884,15887.758246119623
87395,16697.321562183814
85338,3618.8988440155335
103345,10416.776150884449
82351,11167.074443109583
94598,34782.10876153461
103500,10556.218984013401
90717,7179.250837747197
79512,15957.730585956593
82283,20944.538944798634
85192,5546.805270433554
81490,16179.462442405244
94793,24801.377577297706
97046,17399.139954438564
78567,32103.21436894624
106928,11505.793756881661
102478,7971.284443527583
99213,8974.342704071449
101949,6469.065157100068
102151,6795.452341844633
82627,10879.495814519432
90239,7146.787946943921
91840,26314.08153538052
93782,42296.48067821527
97384,12495.395079764172
108322,14996.915675787064
97638,7647.28154352522
101508,17269.081617829655
77475,26783.98761212664
106194,42742.59468963006
76651,18228.377599763415
104133,25049.712532692003
99030,8531.333161336594
81824,16922.390905511525
83167,20564.5505637978
92274,24120.70077902013
86068,10888.090004851982
78912,16177.660671106927
88363,12965.600124578941
97410,10789.118764552992
77823,21084.92603599598
98879,11675.792356803222
77043,11445.675714871042
93902,17314.342176235932
82757,11687.367254121276
90417,20024.284030711417
86645,16979.599149682126
105708,29385.434258299567
79365,20514.802093959093
93456,24293.908238746008
104676,14751.180113498734
92775,20851.11678515304
103789,10312.491156374197
98176,5596.561163697407
101278,8186.330254120438
86112,15987.171526345921
90579,20062.840891665724
102615,6474.872433141895
97093,26364.217254402047
84373,7351.279488259503
97755,12768.510732367551
100097,10165.560445823436
80866,20411.192682417233
84693,13437.495448588896
103077,6097.384488785438
93079,68516.38229103232
97533,26807.16027056339
94217,13887.333815520378
106019,24211.507575264965
107836,14251.259549905808
84471,12976.204488166408
94600,23280.874190932453
94349,16721.62148769316
95132,26880.97504969677
104772,27873.014599268092
92560,16863.57184827
101638,8390.31697272086
100523,6007.035208844515
82090,10860.6178590072
95816,19121.650308680102
88689,11540.197129033202
82540,7450.266561067488
81643,15882.358431149187
104880,15693.797938235915
84922,20430.07876225228
97849,8401.317545532911
107366,10790.604918066007
89303,15863.298023679832
76547,46879.76879017798
105055,21466.288324233632
104312,8502.004605647535
106500,31501.42628241413
91096,12501.311171231915
92671,18447.108756225345
95982,17419.237122456296
105012,9609.70732904883
108232,28791.13621002554
84668,9492.821417566704
104903,15436.798588058364
86487,10163.128712175156
102860,5448.255675301598
93205,11526.039833143423
78221,19419.362692239847
91931,31289.02332126712
81589,17327.59285972611
106873,18175.930734537476
89482,13598.966625465528
98459,9052.800452077856
97660,9292.059099749884
96409,13606.890218191233
101480,5049.129776289054
105862,2702.654514055242
90363,11341.878263757584
96433,10561.491759575858
76970,20546.71763042371
96689,23655.740028557844
88899,11714.058760178532
87559,9213.183375223194
92908,26586.758220032672
105211,9539.657119314415
96729,8722.771791310757
95854,18587.422802334797
93767,14961.302154775003
90545,12275.11682327365
84005,8244.720806167226
77380,23583.864032067788
105877,9750.542350114349
104706,16296.25899808945
89994,8601.249812326552
90227,14402.587085623642
89814,16088.888397134915
102539,5943.577679252403
87753,14093.569876748692
102038,10439.402951827644
76666,17108.31535272031
86698,5021.314039132733
97368,9467.311457642876
79416,21343.120862034448
85147,18045.851637720236
80148,21839.846323980804
96579,12582.834214805538
89817,9241.371928322473
86431,9588.038106566733
103566,5096.800250656723
89355,9824.351266811484
97349,6357.8311976531995
92618,22702.670741484195
98595,13605.42989227362
87502,13007.301827650159
107954,11422.644743719342
81470,40210.06567481952
79848,26240.26420475863
96373,11301.06031893287
79599,29333.285408276482
101454,10046.834205438538
92802,22903.679304401696
82725,8704.309969835087
81084,35365.236998909735
90130,14595.967863228909
91985,13976.93151741671
79528,16940.8945573582
86359,12607.235890770355
95724,19192.65720387756
102527,8858.807340243533
87032,23069.60568552003
78499,11659.92008179401
107980,29558.528180606863
91005,83355.85932127312
100196,18702.174444365828
102797,6533.111201072839
77141,18545.688921247183
92109,47750.03667258258
96501,20929.733300819546
83865,10659.348273563703
79122,33458.17161251063
87979,16588.81936922213
93237,34031.9241544887
99104,12610.471240290844
95095,18666.632901796536
89412,10575.995152580243
77440,12874.21805989678
84127,6814.849390647382
103842,13929.498249201786
89806,7345.38827309526
98894,7463.925111349708
88126,10307.447122756
92809,17748.355256618295
106076,14208.955374805864
80110,27114.522250777707
95396,17286.747973592184
103003,15219.998441938562
80123,25110.472328308908
82441,11834.386804237258
89990,19989.542627989333
92936,19905.371153922264
82544,9098.99628611128
91339,70217.22543088855
103929,10154.091497480247
102389,12738.323601199765
91128,26062.12695035974
89752,7478.326467672669
76840,3725.881231476789
96514,11287.06298764658
98706,18022.00775664535
107602,10236.503373009185
103844,9722.80093145878
76375,19306.49871762974
80401,15068.691194844316
79030,20993.183387063666
105766,11607.962911587116
83033,19451.748216893324
92521,13845.032980415415
90836,9258.09676123799
99168,9559.202106651186
86363,11669.488346919656
87320,12315.292251724064
88185,8468.91156183208
79290,20266.678987795123
88091,7003.352718237364
83838,6078.656231277144
88099,6545.303105093253
82824,11401.785727333176
94204,12611.651738136406
107723,11170.695963766479
93691,23095.818567997623
99317,21470.430419545974
107105,13232.621763322608
106351,20586.060826449673
82970,16099.848402901376
107261,6021.338486064108
76679,31839.534126477793
79464,16410.450018552034
91312,28386.54998250139
80546,28376.955109428574
89220,9798.871683864976
91796,28168.868274331067
106360,32565.41326308106
83027,16971.675920763722
81553,17929.196443958284
79124,15636.377653373864
82590,8949.36932647513
107515,16438.518764100394
87964,5543.3067784516525
79995,15469.048047590442
101022,10156.493329769202
78580,28184.09749400711
97644,6814.561517182083
87603,18534.229159165523
85091,19820.792018865217
85155,15724.779228022633
78402,10068.99576577402
92603,29988.576966524568
79788,18711.661882149583
107769,21413.269124462695
105117,11083.943468228907
94619,46196.749777983605
76808,18253.48340037732
89229,16771.873083598097
102592,16789.051829157488
84597,7305.338222351453
77146,32266.46011019587
98794,8461.983147076986
100453,9050.319066544587
84075,13553.960336947275
92090,32364.173984420915
97646,14511.697403597598
84071,10463.115547550815
80924,28567.558858446264
91167,27035.675239030774
92607,17237.473852454612
99654,12711.77620924382
108195,6837.827446719329
95150,30334.10536625546
99921,3988.6420609834727
83768,20887.514319453698
106095,11350.844384550983
79380,27787.062151863414
106671,36694.464142189136
91757,33817.9666406364
84936,17657.348123594464
77970,21559.540842397575
103327,10835.261780817462
102169,9937.894711633333
103207,12718.15058448295
81602,8636.888502458705
79975,38300.54515085274
102385,16481.055874404687
80726,27328.924087327145
106953,17784.97246923299
92929,22243.01077048214
96553,18036.34201014942
79654,10073.072180650639
95376,20876.11177423496
96667,15770.20532445684
83421,10193.580415974795
107579,14362.2844072709
89108,17347.460736724763
79958,28328.26962444345
101980,9264.614692803343
85178,10708.30898827891
100898,11978.404571406574
94926,12661.550382518042
104484,12687.456845487251
80250,35779.395454719604
79639,53291.32437660111
84385,9086.236997951983
98249,15329.859605608492
94803,51073.92938076832
99178,10063.144362289451
99706,22060.019414668655
82493,10027.06275800296
105868,15719.98126476534
98807,9700.27097555424
95529,49742.16549380475
93580,26095.166950215003
91437,36992.93246032333
87804,6057.031104028481
92901,19470.00464833908
77177,36347.133392824304
78856,17110.414469850642
84586,2595.5740904237664
85230,9333.718944461096
83215,12389.246328603227
78610,19713.506449020384
100081,7857.773868449132
105716,13684.582261072279
95022,14409.810915681894
94225,9681.706323286538
106371,9525.630010466984
76850,28592.526889517616
108514,22265.102245880433
80352,51933.299462478026
87930,17370.149549545033
103564,12613.856398773272
79881,47509.42134160179
86736,13664.384835041485
83661,18779.021223387248
98853,27299.869992349675
107158,20910.868084299273
96809,12675.55256868371
84048,16293.678809621024
90608,10874.183965641863
89134,13939.019956084658
99321,10269.701293331207
82452,24500.363398388716
80684,27147.895204870114
99699,10801.10814497286
88449,9379.145707507876
76962,19020.08814055124
105626,17390.791135848332
78655,31986.587950985606
97115,6189.903061092152
94865,15391.561745805535
85675,16680.81263181168
96671,11784.993446602792
93365,23837.16258199362
105188,16623.310626349474
97713,13776.069420547532
98996,9306.630975994784
98329,6007.5447289586455
96091,10365.401774691298
101010,10744.189971565149
87169,18245.663136410316
83760,12051.908345507505
98511,17725.076158901302
94233,52158.024549756126
92072,14246.07110670205
79796,18742.926075362095
97619,31192.784109140324
84419,10633.84681420918
101015,14122.799691236241
81132,14995.391395204746
105597,9683.541481718
99139,13930.458508683567
93116,19355.143884465026
97838,14073.075890262522
76627,19577.402064923917
81785,15153.694156912377
97645,11678.967096043802
78865,19867.35270389793
92152,32501.37283269705
106432,26924.404816916107
81609,26131.414508696347
85585,19473.911909328144
79017,11870.141087382435
105666,9352.853498836943
97664,29106.881415990578
84418,14358.020115548596
102163,8716.113407728013
99675,6852.594883618075
82132,28882.94481395109
89488,10108.966550550409
95516,14567.501716493596
88542,7906.60261978115
81995,16359.895745577873
81065,14891.936940728434
89542,7700.637526125555
87184,24291.60288509409
87194,18460.58584035926
101981,8347.005390196726
105620,9042.634329511964
99094,25304.34605561546
101950,12381.205210394837
93488,33960.815609146564
79632,21590.66128100002
79299,17355.186751502824
85438,11230.116194347193
91006,58347.230813576105
78636,10429.933484541581
98590,11997.393098616356
97735,13100.156447429154
103694,15797.883724738413
97890,12954.040710363231
87646,5652.538629035461
107953,31578.72319321593
103882,7962.233052115209
77900,20993.947619805862
101991,13111.24452236537
90105,6220.795430544775
106516,15428.22055068055
108415,9160.898775749241
78853,6546.985218010723
98196,9881.958702057234
95738,30982.148046834754
89535,21447.317599841743
85467,11408.137088823987
100920,7770.456153427423
97314,10106.163245742002
103461,12621.442321539023
104907,9422.753247484448
92168,20992.178343974178
98077,10604.210919149247
80593,54762.17876971213
76915,12896.044924418475
106919,26742.75802087033
95592,31275.964131385375
105772,8930.115496025368
95614,14673.651028566734
92550,10124.734407958995
92495,27956.138317978035
84341,12987.899156234529
84600,19496.433449902033
92665,16265.057533080231
93922,14513.492782066816
88129,9211.183104484591
82700,12886.167832929117
94492,15659.982501362589
100974,12779.685443812721
106554,12224.278794455642
107785,20007.57254720852
107443,10355.84473580348
105470,7898.123575341322
99750,17972.13528322342
94633,21742.23661432478
99429,7251.037965326307
88790,16218.110780753073
104180,34388.639169783746
104589,31278.5350202226
106704,17091.33922136381
78596,16872.27051581849
102083,7098.445871795432
84507,18517.885022803872
94274,25034.743562996235
92588,14302.606161738913
84344,11829.497569320893
99818,34780.91669249341
76710,27060.863765761434
107923,12993.895784093176
100470,6592.6049167803885
102211,16477.831394641642
90030,5277.7106563184425
90852,16645.776213611465
90222,10371.041796275013
105952,12186.192151119798
100876,13747.573788501973
98062,12821.014011644129
100478,16445.930870950568
85486,8872.935829493365
98292,7782.706957382991
86160,11350.752807513929
82468,21246.00067431418
76728,14505.864522239139
97277,20335.655007945246
107553,15942.950460167223
100325,8846.80682470223
91775,34733.062464016824
104326,25721.303074434545
102909,10870.778473761397
82173,31700.878146546944
96281,9640.66494558333
92426,18249.77070258825
97724,9261.75279470863
84057,5786.93138551569
91020,12611.736178116116
100095,16966.46112662677
81655,18735.72578058719
107220,9354.580422810035
91626,30401.742199767894
108469,20356.517326736204
94037,34664.47223876384
83530,5759.885361733731
84542,11150.90062505536
85634,10764.891935688474
91707,48838.08386417008
81934,10470.736194844701
94960,9640.033321560299
105778,22438.67062192889
83841,8795.812346356737
77242,31248.169647904495
104694,9086.702497135293
89706,20403.035705824943
88670,12530.534269043541
102492,6195.731128636885
82971,13212.809452752907
87256,9545.357703334055
84642,17267.82508789036
107437,26268.72766591991
94640,14412.015163294476
96089,12438.808523807358
85018,28111.628611130564
106576,21771.457698685805
104158,9764.613934121548
98002,9572.100470766703
108045,29157.636307661385
105890,9905.39367563823
103298,7647.950495539939
98977,33472.629510976694
100431,15779.269286834442
81100,15838.625154345264
85300,19448.569973459584
77518,17866.637990150637
76712,15624.317884929922
87545,8889.796249121631
86848,15219.64845955198
77647,29455.28808835661
92094,20329.806177450926
78540,7343.231199359424
82957,18714.91627812922
82768,7508.260447084243
95875,15044.680949546828
80705,24457.764694938618
76746,31439.38814570134
93222,19739.933322079814
84494,10846.71792705536
97557,11265.756380187488
104969,20196.467751403565
92998,12652.990588298131
75991,17559.028729705307
78217,18415.327766682873
79176,43141.40806429688
83261,9061.444012717642
81177,24970.923645017818
89681,9582.25180228914
96968,13145.449312889301
82896,9343.736619015826
108357,17268.178797402634
103421,11174.459540752625
87971,11191.239028737842
87170,19049.9941348739
89941,24970.934657078385
104046,23067.204547559548
88894,13116.1906733008
82638,10836.49640404882
79213,16667.63072459784
92902,14419.473195337656
79282,15178.42911771209
86331,12589.022316545184
76336,31002.258217117283
96080,10414.547363612384
86990,18395.36905172189
87762,6144.631097078698
80699,24713.560107590627
84711,9068.800433337685
95297,23141.032878448805
92828,17126.764807119715
77614,21236.159948452652
106565,11929.725029422227
96874,6942.6087911487275
77145,15546.911232985476
80473,22077.84725202583
89438,16838.72149352775
98442,22332.45315151802
106213,24155.202652559776
101442,12389.352967159915
79337,25234.410558467032
106021,32950.61635839925
88638,7075.76673281634
77383,10362.585629110237
88452,19254.35739031028
104464,12541.161576153701
82639,11029.623111781513
87305,11517.823811321521
93172,26838.708780731613
98857,26469.096554207288
90873,19396.78511937016
99679,7631.228789211917
78104,16901.94456424835
77770,18262.11027191594
91351,10160.996719420307
83700,12323.349957886001
80548,27378.749604131855
81163,17001.043651993954
84140,18763.25292867088
95479,22285.069242678066
91705,26756.74538619615
97722,15788.028376765371
88383,10278.300352520677
96632,8885.689430720548
76496,13046.00461744797
79062,32336.897170586926
103519,7588.0627143242555
87592,7902.735863059695
97668,19928.599547622503
77969,8368.041851606471
97610,28571.800887936504
93889,20143.620887470275
87792,7349.84690069798
95078,20448.356744629265
87575,13669.659878427297
78804,15017.339526269188
84242,15033.95380163927
83462,10048.132446806538
102260,11262.543413733843
102635,17375.24680164205
104460,16274.98024518899
100463,10503.861600700782
77272,19370.38110808757
82246,15518.914103343903
81472,10155.48667092053
82420,13779.144284626944
91586,26095.166950215003
91099,20497.728457176323
103536,11214.372925625306
105169,13178.673143962511
93837,24910.79657536889
93958,17650.127577803058
86124,8009.346655107566
97448,9292.841834492168
83040,7783.09646155782
104713,19610.121093208574
101549,10704.53951568657
96018,9373.452621835937
91089,31730.510628008626
105130,12673.601007495532
84720,9823.819626158504
97182,11508.64606071577
81653,3485.4446461804437
87522,11236.845073586028
92754,15187.599496961442
77510,8761.971160854595
94863,18077.102066807427
108414,12172.589496330324
102393,10466.600791184655
81528,20603.00165091972
78983,31603.70474772867
98051,14860.930235253636
93080,20795.504294868522
92657,17452.539415870764
108070,17326.42408984771
96990,21212.631193550485
83301,16671.271917184844
88459,15974.909674103454
80158,26308.539760411695
106913,28565.90482074723
91119,15975.212687932666
85522,8770.15455549043
87469,9381.168580864218
89620,16675.184078109975
106903,5215.571165795352
104183,14344.502164733665
107015,18183.85557556468
89120,10650.316213831722
80555,28664.368651866345
107037,41572.14416312392
83340,16608.22844677367
86654,12120.817349302164
76116,17935.340511031714
108208,10919.620125703816
99790,12609.562003260497
100950,7585.6416430683175
105495,15868.398226009698
85317,13347.08659198247
90114,22111.44812783798
99322,21648.81528767219
77185,23557.508723185685
99412,10354.749103270598
100021,4943.49916207501
106020,12189.77849405565
85234,16812.438844288223
90059,26847.361299630953
106902,10075.910260804614
106871,15177.910865285306
97784,19362.271217159087
96140,25916.208171098468
103840,12035.15859278035
99573,9204.631028959397
81967,18948.988178003205
96124,9007.16497046515
80245,28086.152430068043
90896,32675.247288614406
100257,6333.611935635395
76759,24890.742208663716
87022,14317.19006169809
90758,15813.851843265236
94073,21519.443529739954
104837,12973.211103988755
103025,9707.213757266481
91765,24708.934071027998
88352,14564.243566956713
83826,15669.838581026706
106648,15983.286345120117
102967,16396.90203024615
88989,9355.18088997755
90846,15794.019074399073
90232,11436.390111905872
95262,20495.171270117156
80599,8405.514928495126
93353,20376.098147272194
100230,9773.675127941311
104516,12615.224478284892
76127,16750.31780596269
99603,9498.19686853833
87441,2826.559011986112
98607,6879.019133558892
101385,11981.860335263482
84028,12177.813405426163
99900,10897.353433555803
97880,33236.984258996396
103005,10049.974940226126
99862,6777.878824610673
84899,7333.862227186707
76129,33703.27470118662
107674,38840.25921607058
79058,23692.23915185777
103161,13568.65075965616
77525,22512.984801927963
89366,14410.0264807295
76529,22124.62251103046
78121,54312.210630360125
87960,7949.835551974084
76468,11244.473479894008
104029,16321.535918970432
78294,35160.584229745036
93269,46867.97316316338
76124,15972.08896675868
107551,18846.469003689537
103953,13194.502306291472
103212,9712.94591258368
77337,24388.698944303338
94095,20600.134620226985
95358,22156.137408548122
94772,26495.008624332484
99318,10715.088210327338
96569,18725.51436725113
91669,18390.111346680576
95240,20290.6624842439
79693,14641.782384430002
83100,10582.48120562063
85506,20528.137729310707
93245,22722.100614843108
81444,14976.439129880779
95558,19963.4323890762
105709,18246.194639881953
80796,24199.455078270203
97061,2754.9912678335218
91452,23025.836371165235
88626,15950.53432034821
92700,37244.34276932001
80109,17706.54273438003
103649,12861.94596853366
95545,16129.66626491745
96879,20649.905444670014
94580,10290.058900108625
88361,11376.845223964492
78094,22875.232040619696
82831,16814.58745291299
76965,36314.6927071077
89246,23079.704788447245
91844,21844.438590420403
92122,18024.370543817087
98944,10928.79781258896
101088,7993.401315066467
107119,9794.438656918192
91603,28216.705828027298
83339,13470.651832111414
105408,18819.757681098417
97091,10442.75783171273
93822,17789.4180525043
96950,12422.551034741484
106461,12810.11111641259
79538,31644.015109719337
81813,24579.8526670146
92640,30787.866693118216
107376,22175.811191550616
88834,11695.878538890627
98532,12124.285452579108
94957,20151.024191151988
84884,13242.067444216736
80124,26996.182264384166
92048,30558.578955212277
90244,7185.826407807506
90103,6399.2763461233
108009,4955.337331273151
96435,6237.491446188883
89475,15264.533201570881
86286,6356.028082214677
100193,8756.962519387638
99733,10418.795633535761
100561,13046.31445150263
98626,8180.596872723851
89177,9985.608585649452
80294,11544.092667463245
79134,28360.689660261316
78603,25589.639459873415
108528,15234.468843799634
79147,21006.175628840047
78538,5186.887377787757
105042,19597.143873261044
93560,18532.68865222576
107122,12113.308554012076
107336,11304.86301445966
105831,18074.075043196528
92973,22462.5276546645
79087,13164.891111783161
86806,16825.548974660014
98787,10832.116529817507
99838,10987.300077894468
105442,19231.591992301193
101659,9388.836994173675
95085,25801.463579845768
89893,7401.139402163332
100412,10986.492281191637
78433,11093.393012795448
90887,15648.420390441299
87783,11611.727446340266
105572,11167.65377743511
84065,17032.27028432143
93714,25382.907311584906
96148,11489.059199676516
83771,8656.991275764365
84970,6502.270771865376
88859,3410.0811452240487
104620,33464.76213322249
83749,6840.277336124229
90174,8487.33525414775
93947,26385.13537917482
91462,26502.487688199806
108075,8036.917396942458
79113,25799.176271142445
88445,13601.772792576936
81311,35297.40734872042
100633,9628.836174128532
92904,24143.94790758164
83091,7444.709295660029
104657,17021.938521271924
82910,21003.521540981747
92383,18724.42830196525
93424,7208.688112745836
79891,35395.781303434036
98961,8969.964347500685
81502,32639.194148031278
99035,12121.64023221431
81371,13591.303347561137
87333,11243.8453901079
90353,5276.582489602747
93258,24086.77696157619
102053,7412.7658157438555
86713,8212.140037328052
97203,12689.623006979915
92794,22259.72627037243
84293,15678.760747471177
91672,16667.019587276834
87085,9056.949648323012
99300,31293.398342123386
81242,15194.23229414337
77834,48767.022925303776
86864,15943.427613655502
108332,15628.557527436786
93461,21699.08733673634
85198,39807.456196842795
75974,22201.044149321555
78679,24204.000163010103
97060,13332.902856186023
89300,19929.059133110663
97682,23125.872842128287
86664,6175.629718037272
85169,28436.913928379756
82930,22676.44398666685
104583,21119.80711673481
107212,22936.721662601787
78128,17609.42691089669
101395,14324.574813240828
79984,16106.733666523765
106844,13709.425884665847
76507,15515.754756843371
87935,14228.75684392038
81796,15674.52911836271
92942,19442.895656657078
87848,11179.703560561413
88325,14501.758622168596
91296,13433.900741225521
103415,9053.492063889453
99038,21809.613511739735
101080,6926.554454299641
102789,10841.52520804931
84656,9558.216510232465
85716,16299.179923263973
90233,8125.883568107598
91097,24946.261224883325
104466,13389.59043464892
85061,12477.325156269013
92535,23002.50364249609
82437,14290.5568854427
104845,11572.821780838169
99353,14259.402415530274
94273,47423.581601810605
84080,17093.300034523032
90877,15404.270695615673
77883,13363.919802487077
106394,20694.817216852534
103042,15344.483511194072
105388,15526.987214482293
93490,15188.211350659769
102852,15188.10334359916
101859,7825.212205279745
108113,16193.978268749677
77290,35299.843964284155
80341,26011.41122949115
84286,5643.505104162305
96187,23897.692996461257
100716,8763.270943032017
99682,7134.298012295382
89827,10124.054040526356
82053,11854.736266056585
101135,10155.552396106374
78574,26911.058236159643
82541,17276.65093491568
94530,31975.01148934555
107277,16942.77682152113
88719,7308.31816554742
95962,30757.296706648645
89249,10807.915319404434
98786,2312.2471323976665
83968,4110.777106989682
85115,9502.347143335195
79741,15481.622993422483
81050,27236.837004359768
106955,9772.02026225715
85572,13157.844325575226
80604,36664.981410531305
106115,18282.79601225024
76213,17693.07879122815
92026,48399.437881950485
91397,16263.189839379585
105916,11938.30659834222
100938,16822.02477190513
102187,7989.28929071492
87434,11716.070206954995
99959,10655.533577363622
83438,13328.31298783865
77840,16270.44555363532
100930,17043.332020058326
94925,18215.784083476407
78494,14582.836665265806
102418,7614.284309814881
77793,4331.354558410472
78383,25626.96777832854
84216,19710.821303139255
82610,7251.961279669508
97544,12444.14914510714
92549,35236.06747976134
80538,47145.935987443496
90890,13642.123455042482
100299,9340.728157171528
89902,7276.407720835492
105561,19203.019334328303
82364,8227.410535923358
78091,10792.396671299357
86023,17716.698807756493
79752,21884.43588052443
106315,10252.602956627432
80934,17505.706106045414
78782,30810.474074217607
76471,26459.29075374376
87418,7630.653088870428
76891,24766.820022006894
102628,4980.3441897632865
89363,8485.775522432612
89237,14693.243293694448
80257,25483.19339624668
102857,5490.363094377101
76201,43056.08184525174
104887,8970.713410650369
102310,6391.3659760761375
78714,60082.61646262471
89302,9837.41602123297
87676,17242.39734534627
90321,8398.519258271968
85244,15246.175281577725
101913,9085.301600002547
87086,14234.31585567695
81974,25602.0078321309
98075,21087.56628513133
80870,18698.225112189455
81556,35331.780839708896
94722,31831.100013283263
83840,9219.638642140091
100809,12495.999030872586
77101,15091.2619246173
102172,13238.823489943712
86373,19338.603766214484
77540,12803.711843496292
86271,13463.10462405159
77679,26780.839137309173
99807,14953.68760186335
79126,16877.93609616769
86337,13866.525773646536
87496,9120.004326826129
83272,16168.901249161188
103495,15890.53575537847
107915,26689.865883435326
82213,21685.466447895076
99461,9574.377914636712
85797,12539.207914528204
78898,12624.606955072783
86463,19105.180370634156
108138,17922.92263623209
88417,30442.117734377087
78694,43346.07233267551
99802,9309.33735254078
100250,16471.3935627979
83482,11782.806716158157
104457,9767.415950072807
101415,9065.01966353558
101767,16130.597360915468
108250,18295.765792862203
89772,8835.381469722204
91127,16614.459993669057
102887,10148.615916318033
90756,9874.493883487201
107554,23027.069769909616
103731,13582.832069749385
92317,15840.140059139889
86805,12002.880479309222
91722,27601.61432748853
85026,23851.133084867233
77478,15949.28476470029
82027,22494.954541346247
102742,13908.551077356766
80198,17920.00208893607
94907,25314.6592036325
106738,9924.639885306333
99797,6556.755427605319
106456,6311.981089686229
82741,5943.398734755283
79172,28615.68316343792
106696,13351.9722875498
82422,7925.039379394449
83924,11193.114234499606
90599,8534.5378493617
108095,22241.348897335363
91777,16763.51791391204
95001,16377.650891182016
80408,45156.266608561564
87330,16547.221018245033
103361,14090.552515302057
89641,9270.170884451982
90618,14332.14883905343
91679,30851.954531455667
96844,10737.836433192195
94418,22261.901556964138
97002,18032.051725552188
79748,29642.73092633771
96355,11174.861910361828
92347,16273.552988277912
81569,14178.515387535339
106924,29302.833058672364
85270,12864.700163755768
99622,6507.676660938499
106843,9248.967625633466
80147,17059.359200502702
102181,7452.64220474859
84710,6955.161056124603
85189,9932.470817242884
99281,17054.89504417624
101130,9601.894282409092
91554,21665.96332660721
86116,12899.27686665732
106899,18582.439532841167
84516,15429.840835263918
105422,30386.34019221314
76956,12936.183155993733
84006,6148.715844784562
81453,13617.306336441849
104850,16345.515525263492
90867,6475.065609444349
97154,14211.931387170105
102088,10370.79833806475
96019,18831.71540134433
100300,7337.886132145997
86459,13026.523180918879
99304,10516.35478779498
80630,19161.78784141901
82387,25840.1577589406
91359,22592.76496853615
79123,11815.251914911432
103324,9505.72828643081
101086,13301.120868732454
97170,7745.484434155287
91834,10555.754950717403
85238,7160.479405961916
81942,14378.673528588413
90971,31630.289862314457
87864,16157.730189455238
95296,48400.00631642619
91427,13629.584738848987
93697,17163.754047604183
107694,24876.79638992467
77364,20678.51528258906
102144,5040.1356864410445
83410,8610.770282759222
101560,7103.1399393342035
84775,10257.351225923412
103879,10971.895817155199
103933,8317.24787866381
76344,15517.023410307274
82119,17390.48682777028
102130,10629.51538529947
85748,8128.83724762021
93769,21908.375892658856
101775,7905.062849888578
94613,19199.879174382266
104021,27961.046817413888
98175,15524.244552382226
98477,10379.276834471973
78185,15262.745764167772
81576,23923.407920519996
84854,5203.119886805872
98361,12499.528884417754
81390,9580.114686339895
80911,59687.5791826892
89407,30558.771890140637
95981,25371.78630647972
79131,11828.374544046088
96624,13126.856431562052
85131,18100.266054753534
76436,14875.220592249192
94111,16486.36041826218
101518,8157.088432152002
76588,53327.24724067055
82353,28238.023939203704
96186,9628.238241002615
92735,17936.981939434914
87271,16274.565484752942
88968,9707.124522273245
84154,9688.700264075487
93692,29896.636599768146
89484,9919.449559358785
92547,26355.364090419193
78689,12806.145226424973
102058,8702.46471518972
102579,14968.164020905027
105825,9799.309231238807
96154,15637.662188934168
102183,11182.54908109748
85976,7785.131275988508
98679,7266.741658497378
89612,7692.076356449201
107988,16981.456862062067
83362,15071.900272146755
94251,18477.037140994973
97018,13491.12692260763
90329,8798.260811709755
104604,25183.809538042602
83742,10450.971703461571
99447,8723.98174644493
82194,14378.747846152639
108351,19129.406349538374
105314,26614.526824077475
97351,11425.256521936131
105861,13420.075262714588
83010,8470.787591408047
91447,22674.940898169836
87619,8265.381558677713
91870,18060.03227130798
86543,14034.513931500145
91484,13593.710910905884
100659,12789.192230780389
104491,21515.767572877478
100779,13111.07731445509
100935,10350.21440941601
82331,14238.90632313082
105140,29996.75942648279
96349,13779.366306501712
82664,17231.031689372136
104532,10391.31396220978
91854,26366.07683503649
77003,19954.08589039243
85137,6313.469567926347
94577,29272.43253360355
85461,10942.862931510968
77550,10481.238495271335
99095,9991.932056996915
91832,15232.874357563307
85920,20413.585448310892
79766,18581.39149715859
103839,9317.980010950285
98167,15423.894086666362
96684,5865.272540341257
106982,7916.580040085976
93524,32743.062218631512
108310,15524.477437340045
106569,10977.759726877797
98088,26027.70987119874
78890,17386.693494592702
81559,17108.19605783464
105178,19773.217159642714
90578,8847.542244799937
82299,22220.07477229388
103885,11293.347005870577
77488,12026.699564336464
96669,24899.37011712911
78344,28229.41174723966
79405,22739.820453211087
94620,38618.12633794276
96836,13204.859101700109
80212,11831.68393697714
95746,24389.93848219938
77363,30022.56688718558
76866,37253.38220622166
93847,25465.11312176943
105175,29079.606640729442
90010,8964.182803984875
104429,13186.963422698173
91160,29552.940103141853
78906,17084.369007588397
106414,25400.15156192055
86910,10464.289040546235
105882,10051.757123968255
107238,7294.277304363151
77102,18926.312507340816
76704,11693.63756002382
87083,17229.05619918111
79057,30408.202330010747
83270,9830.710221990303
80561,37268.94525545734
88469,3679.631300468382
78768,15991.932268751525
83574,11151.317091255298
76771,30914.197527368622
98589,19925.237172964138
93091,22739.36975668118
108358,10909.40401135174
94601,24082.95111961796
76151,15870.425614998772
87442,12633.21383457528
93531,20792.466310410542
89771,15067.67187456845
85803,18813.355046703455
93147,26916.88769253839
105196,9895.018063986581
76171,28379.335740304385
90616,13837.15589147916
100032,16244.63174906083
92905,36616.19282420228
95696,30182.98795396332
88913,13712.950907142791
101504,10008.277883336981
92241,13597.096689916412
99822,7220.021222643787
87745,9710.283306052219
105827,19320.153111765892
106620,10290.74089432051
93497,25517.94334563836
89250,13554.37197640161
105581,7457.525851777421
91076,13205.941989937353
83506,4302.385282814062
100635,13317.721683092224
91828,39791.047660577526
76039,14829.81634044073
80685,11161.939106904627
97571,26421.286276472634
87425,9797.8910371765
91662,18557.745799106124
105161,20862.817230159377
81006,39382.77843095631
82888,16412.94650889754
78545,22777.32636544409
102922,8001.1627746473705
96198,10762.920142252024
92979,25736.90302012643
105623,12052.77835515014
82195,13271.679768688038
76760,16498.803502973453
79305,20870.07755452404
107942,11504.013962378398
81981,42931.005125780095
100135,9812.580129780281
84307,8162.481084105971
92628,20646.496642914444
103304,9136.248492112307
89421,9910.226559997594
103645,11089.45238091166
77164,11472.274177601603
88451,17325.43834965027
76488,17588.899039707856
92835,29646.434879230535
80449,13074.528436866754
97408,22626.013536790328
99256,19781.930192409734
86205,8717.513218425043
101002,10314.05153941081
93390,17151.712301961845
101654,7676.643693614038
90595,8182.375207050654
94955,26144.009986587145
93871,25583.037254657207
82164,32372.077422115948
99373,6732.867226343064
90148,23083.694304627505
83210,13938.63504292493
81726,12085.351534420555
78041,21578.57019278448
106229,9001.074202683883
84209,19958.13992899967
92225,26941.040169118478
91878,13547.699944602706
97878,13310.603529263584
77435,13541.974384606578
91180,19978.926419854466
100272,8451.885444915317
94228,20357.363670395367
80549,13290.342582139545
99566,9342.547278545104
85829,9159.508808829774
102693,9910.824423416183
83322,17590.621201139133
96980,8976.872856038044
101844,10135.559783207873
80791,72830.39985623119
107384,15151.138200992196
76193,16603.588534798164
88605,13555.359425322762
95910,44730.42456539321
101217,8121.996344042251
94833,16652.250206926685
80221,18719.16404800878
104479,7549.559425212855
94405,31931.99287424532
93415,15723.050229103155
82460,17408.76365225896
83009,7590.6373008438095
85429,8593.428403055212
106034,7109.675608140442
88406,10245.604079431298
81623,30469.630108708356
93605,36728.1805645774
103670,16394.20790811839
100409,6949.475637220897
107237,17546.24160988968
101669,9898.257029747578
78854,55181.84252623558
94034,26143.70354610745
101096,6374.061671103962
98417,7828.435431330525
76874,13799.205825964138
94954,21438.23787872095
83137,20759.704148904133
94653,22735.03125070496
87567,15961.655225076809
78154,13388.572017732497
84461,16114.191622436665
85686,10853.885135964169
94342,15661.164758687488
101392,11929.806421946994
84192,18773.09379776833
106701,11859.053243451363
104013,21853.683570710684
82745,8671.671022335302
103973,6482.264062138388
90409,14095.597122018966
90651,8136.378069753576
87413,18285.295636215575
102121,8420.30454331583
92145,26578.04709396355
107141,6866.133907698013
83230,3992.629467927818
78553,6063.939990654471
83939,9677.935464644606
104875,21338.975378814204
78129,34061.462163328084
80313,25762.698334373774
85535,15345.639944646164
108311,16705.42871812284
102292,17905.469871691184
89716,15544.43588699553
77046,75659.45976235847
97611,17767.685860129717
93038,18548.754219979553
80503,14338.083767457889
79132,15916.607437042641
103759,10182.597965690813
78960,17827.81681055906
97265,17242.686528413728
77855,20501.236708513847
97371,12877.018953823388
94297,16133.577574451938
95653,5439.771314226134
95891,27968.75478471595
81947,12658.933317645928
79702,12330.56974391134
76463,27236.85778060756
98065,9083.886097298418
77154,26634.513303797907
77348,27698.482063523206
80987,16692.22062934384
92207,10633.157513375954
92983,32323.864870210928
80731,12216.075526543129
86277,18379.93374627838
103051,5600.103076185517
82013,19955.529544232464
78814,49573.161296022496
80153,40615.016702638284
94618,22136.60114129377
80059,30358.403644046946
105557,10310.547719576218
78860,17907.41375593937
84849,11062.390204006715
96896,12402.53368332712
88244,7650.32262422668
105984,15434.985372828438
82644,13249.894559559161
90970,28420.748797717206
98810,23495.28305233598
85184,18511.989839559104
93723,48450.890246680756
105049,10380.601246981796
88554,10735.291935000658
94996,15284.334165052836
107689,10269.65640388136
81575,46728.40088027248
106988,10238.668555223434
89894,25564.28721646394
81703,14713.940795404957
90718,15086.00796097248
99561,9234.237278775414
81269,41022.752338971535
103069,5948.776018991511
88952,13374.510275525125
95295,13757.242625771316
106589,23961.095263333344
102918,7672.928861182666
93669,32186.195692738176
86144,13571.262875698574
98336,9087.17333691756
96891,14979.746813777034
98576,9166.980934594332
86038,15489.994503884189
87511,15865.631099220294
83642,12821.78401702068
99964,6957.667637900348
82842,15992.431344796214
101714,10147.689502231677
99439,17617.23658784452
108487,18994.514072358543
88965,15442.406601999312
86445,6241.481455300604
85916,8248.52021443623
85616,7985.740833639668
90865,15079.600689521041
88634,10922.398362082144
108094,14712.3332118502
82654,13802.994572123147
81401,17471.32174253152
85163,16060.76240694893
97623,8821.05674371396
79759,22774.46074086942
108230,9929.511761884221
77757,30145.86379493609
83089,10155.823719262493
92851,32722.840240699148
80656,13407.979013012802
86019,10294.837720137124
100887,17185.051598283262
78011,39524.037018093884
96398,20789.49722941407
85254,9079.314435385233
95254,21653.701217152302
102320,9710.235758764255
88408,10102.05872287275
106594,5618.190289657688
83849,6427.52794384314
79313,17544.926765904678
95010,21124.80473403841
105546,17534.28622991828
81884,20845.619466995206
106088,22859.395835005886
100892,7191.185189214583
84487,17046.53063239912
78004,27733.67633253651
97446,25090.772389729478
93170,18378.590070098948
83208,19056.387879689908
88728,8160.643411004682
91300,18998.573199918017
98637,10431.296838187525
107267,14536.47288108448
89956,16296.786200451284
77052,17242.360970424546
94583,15506.368668298895
91424,20427.566842326854
104774,7196.674310374054
93699,23381.01045337311
102986,19284.95160121065
94176,14774.8774813418
95618,18499.4799667976
81622,22253.64826751406
91273,24291.924113768266
102725,7820.657866509671
90479,9790.772485456453
79835,18839.126612988424
78909,36282.070552840705
99437,11530.843710253463
79890,14918.14493056701
77662,15182.086978367022
90320,9287.827361190048
76278,15979.615414019618
80029,15419.112948567914
95797,20401.075285415667
95356,54695.44729110068
101962,8678.357484517903
85810,16333.379977881814
93588,12329.862624375222
85679,7430.456015074197
78286,14260.595783398598
105233,12826.902697568592
98613,6084.345082703778
101314,12168.78889911259
105749,19175.6163978489
106103,20288.284639897018
96678,10148.178822779484
85003,12357.060854736621
78035,28120.861565357358
82443,8197.194281066579
93373,41679.473878809324
99857,7472.3816554608375
82450,8214.893569892869
96256,14569.050969821714
95924,32105.56162431891
81425,18460.01969065856
87252,19348.083582868858
100379,10354.76605807351
106316,7316.945169534823
85879,14471.725499927798
108334,10606.0996258344
80243,23212.862380115777
84504,10596.269728157135
106064,8473.722331596206
96443,9793.66243782276
99020,6805.7414955059185
85068,9180.590484879192
105374,9186.54018423222
101946,10335.826573861612
92945,22634.370272635042
79338,28993.331639412736
95027,24487.69058388853
81488,47389.4515744022
87754,10611.51864583306
108454,19840.316109239804
91283,21648.837162741256
106232,14482.829297492277
78368,30278.80612760146
101417,17308.84061587988
81479,29007.206159270023
94527,22580.011042208527
76897,27234.456512397377
84107,9410.615681777223
103177,10878.591180712801
88043,10100.005829969594
93710,69259.7079568926
87679,10130.034469032833
84644,7178.049809964638
79097,17113.536235489108
98030,22226.24513594152
95131,18361.703606001924
83593,16702.652156262175
82532,12471.00219889757
101675,12211.944424772886
85118,17878.061299440844
100813,12153.094653735874
88693,15069.357362369217
85819,12620.75476857145
104337,12098.777469863187
102104,9042.3617872864
107526,11134.758588552637
85600,12986.418339452903
81771,20603.332206272986
98339,7519.917490063499
81855,10400.563639230528
85755,11422.328151612586
87321,6666.111843456131
101819,8527.820281396813
101569,14715.257832539193
94538,9116.631401969364
104142,25898.3572364396
93830,25326.73282269072
82076,27406.032464015207
82721,19898.201431877933
88982,9225.327001241752
85055,8998.178078901716
101426,10069.593519553893
101136,9607.60035549776
91939,9263.20786785953
104368,25337.19237498094
81513,12172.6386139671
76394,20417.560053570087
92054,18043.171942763143
94663,27972.6610914986
106117,5190.583144877125
92528,27531.046269958697
79929,30050.950600967386
81579,31841.552868297174
107328,2680.01025628717
105031,22516.371662052068
100819,7019.319491667587
87353,16796.684918421794
77698,24781.409937624787
77157,11482.222474609678
85947,18062.368304193322
92761,20036.95136408181
101344,7509.753208453312
76877,12900.952710235893
95851,13279.717803759895
84319,13195.640687583276
93218,15082.78016152333
83770,10021.725601412927
99753,7136.229065672562
82062,21706.582287426812
78053,38201.156148810915
83901,10343.025223266051
89826,8199.272551365999
104171,10016.215954612597
83906,14422.419379006717
86819,13336.708014514888
88150,16479.393306466147
85289,7822.404683048019
100567,3725.6112285190757
105930,11101.506477396748
107244,6814.223691220434
85900,10529.464240330251
83184,9582.684193000003
97034,12400.091574341059
82506,1864.844204989953
81182,27990.087360005167
78619,5864.0741614409535
86046,16827.416666090845
92798,16416.731958615786
86595,16618.073364886233
103854,15588.159759998007
108504,17170.11629142389
77451,18010.776749981702
76665,25722.177601437004
103434,6170.327723728284
82338,21412.9368254107
105189,2670.0721870402926
94512,21512.597681442574
97542,11853.395661606643
83343,10340.188248428436
77274,35103.30658873144
83810,16860.57778820892
90850,12917.029799808497
79688,14979.488443214559
104038,9824.072354942155
100468,5803.619226030815
81010,16886.4778587983
80372,31144.29872953174
95979,23141.939510453805
89813,5412.257123146956
96873,12967.776394589315
87267,9609.615205767086
83327,13991.207544803076
92095,27969.5791068794
84723,6750.819369549538
101561,9926.679257392376
77409,7855.852477708885
76480,22912.944770028083
97632,10762.70389632945
91990,29435.49888891256
98020,19643.3840661465
81375,33864.59987793119
81903,15089.761202961929
107050,23771.64393671769
84920,11258.474455229098
108180,21336.58940079642
94696,24939.81596990123
88215,10994.412800163866
93276,19329.087590985226
80359,14423.660173244945
88717,4157.057376391318
99702,7834.379289605637
86283,9242.21936468858
100037,6330.439647209442
93640,31801.011712294578
104313,11272.167278396275
84666,16667.043965414123
93000,26843.256528950697
77512,19967.370367631953
85094,7141.953029543942
77184,16663.96242844115
91257,20572.141954531275
103957,7631.135780950759
78533,29208.053461407086
89080,12649.93148979291
98463,22275.556464135923
89002,7738.603234698482
87542,9664.910031685498
88641,15500.590535939187
97972,8879.382270328464
76363,18817.051011107305
93821,29959.761457534063
93549,16685.425939941113
86037,11858.206238243216
79563,35057.17080463552
100014,14229.050740620818
98717,19291.551099781227
87323,9769.44112917254
101054,15065.68759073153
84408,11118.68510088151
82692,11885.775312483327
91513,43153.99836645452
92863,19877.69220338531
90666,17554.473930493885
76919,38941.12483239136
91549,49940.528221349705
90300,13391.974812328
106228,14003.448435072822
101551,9269.073668787856
105986,14995.131774083518
78520,21179.590233114042
94130,25465.360838748642
88980,10875.88451243982
76245,20971.073193287662
96800,11986.954095974836
79591,27985.80733269511
94738,24789.16816176272
103275,11455.778563143589
82981,10324.416758555928
102017,11241.765630000573
85242,6620.219869565819
106488,12706.927140216618
80606,15977.179076566257
100861,10977.803757934906
93103,17590.10337886106
83680,17057.399172298767
95926,21852.90998733837
84955,9536.791329136358
102279,10171.70973302985
90285,15275.308498750024
86735,15857.47025719922
89918,6468.702900189855
100914,7918.091069094202
90315,8388.868413483284
98805,9192.6755028483
81572,36929.79281907689
85263,5493.718010303337
91962,11250.063552085163
86328,19176.428185180135
79610,25418.111454744514
96570,2786.221274202394
100929,6968.210800635815
107784,22174.20527535342
94269,13230.973909096463
105574,23490.926466869198
76572,12840.451827942246
96249,18141.863990611106
97897,13433.222891015106
77625,16599.22848223451
102369,13382.461743613781
84079,14693.847417809504
77866,16191.259214056918
83806,12754.536904596442
107540,20710.33155925733
103244,16284.923764022573
98859,22567.60990002569
96719,17617.22577188663
76235,50232.11072255991
76348,6747.665283444314
94323,45736.993903560986
96314,13006.926300933143
77439,14698.556095933061
88588,10194.013205760613
89516,15162.41949414329
92199,16045.984265894283
81669,28200.267483506203
93600,26510.394586255472
105605,9343.509554588964
102501,10175.292499205123
105250,20094.611007029634
103132,14034.310129886053
76914,32016.067620877242
103063,8402.41342830376
85636,20437.830363801506
95703,25798.457823733137
95014,16490.02919756024
91855,27544.500783657997
89326,16706.816164401287
86878,14462.342127785516
94159,27038.321445367023
98939,20064.212068123878
106603,32016.112510975476
97683,13643.164754005751
105057,13442.47195060836
82551,8302.681394132025
95156,16684.99546715584
96663,11649.437507285482
103966,15870.585872899228
103721,9125.716072044019
104581,9537.063537355885
99601,20555.71578644536
76271,11369.384656251745
106578,11144.154128170108
105436,7517.160600259681
96180,12990.742249906696
93214,18605.84549280433
83950,11009.22995680878
87436,7251.508056332859
78008,35412.17599242432
96396,6467.920748618591
86423,17050.83360924473
97519,19016.62381928757
86137,16685.599570182
94515,16565.690809133623
86264,9115.13436214181
93856,14387.993050888288
89370,27958.93771609116
95869,27800.056016813545
108411,16952.946982009762
90193,12076.672607500543
84817,6292.580891718994
100719,9222.968483003391
82801,18141.25376875777
83103,18641.046483608407
103950,7610.641403738544
83927,13022.410624126229
96442,20304.69964952759
92599,14399.118739533971
105284,9751.59550675029
89963,14959.462861530577
79117,10021.244475555253
94001,12825.16650899926
90520,6215.247052126949
83344,16824.082172255446
104811,26054.493112212538
81567,3933.862239369822
102778,8489.468207753007
90439,22361.393548627355
104220,8715.974118473889
102961,4013.4945149636915
97588,9083.155295745732
78049,8823.86592341988
80076,15800.794669921679
83466,7545.125122280185
81941,23029.919562729312
105786,15866.895836689535
91443,18270.985733862824
99961,13835.774509556431
96323,10567.751385940475
107235,18733.469765497535
108199,4936.0876195321225
93938,28643.683415586278
82727,18944.895702771213
78548,32482.6048062418
90362,16541.85926826593
92257,25002.087379660934
80015,14929.739101141206
93724,32335.405607626002
88826,15601.60159697372
80051,3428.566996636395
90219,21427.185298420733
83727,18097.653464127085
90139,19396.650495084483
101189,8141.800507904411
85435,16662.951420804624
91933,29264.158297580136
95135,8433.282292835755
80576,29695.348908620643
97289,13184.987940767283
90225,17215.35723742098
77958,14688.995687411545
96218,30556.435554978183
83747,17687.702823724376
85699,13430.810030689416
92682,60863.96655932013
92129,42934.775018455824
91533,30732.0172228658
86503,9470.998658269893
107555,20324.390496571177
98751,25887.677831661284
88145,16004.338282025765
104214,19418.986129355715
80027,17832.750735030462
94594,19991.84120790309
105978,9172.923801223647
81202,21507.27870540895
88343,16924.179375213207
96928,22332.11624133507
89639,8547.546132477652
83427,6657.418376362035
77241,12974.84906677437
76837,20896.9764178823
105316,23556.295636609422
80915,10442.04007565648
78226,20367.2264820952
98367,15325.727910599187
99268,9843.58395384721
102336,13741.940275203431
99355,8685.192636539326
92728,25513.546693768458
105261,21212.56387469148
86321,10609.857234242274
83913,20585.8046263965
76582,10829.586272468097
80624,12814.66193271992
105804,15339.66391343106
101229,9338.044793196244
104782,10158.34589234723
91859,46477.700914497465
81892,21797.986422544596
104257,15078.692864360299
89995,25748.784490798487
94721,28901.855038057434
100123,10703.55151892343
83121,7652.890461792343
89621,8775.901629116961
86608,13348.69173782246
106922,8711.705945659622
96146,18198.002817273886
108383,19694.28141059774
81554,46115.16702975785
101538,8470.079639387042
105248,12714.731927401102
81033,20770.28237901731
107312,14624.212420488406
85588,15718.386094521326
108227,9817.341144126158
84017,16098.81845442808
101028,10127.862425569527
93019,27453.820157982173
84359,7666.345214271667
90602,8495.18817302433
102834,9923.305580762231
85284,10473.26759752885
78749,67149.36600038616
96892,30932.492962982968
89640,9752.32264507447
102773,15779.269286834442
105779,13957.751268251981
108453,18347.78961708416
83162,11017.928167318249
89704,13658.967316845114
96488,8390.303973609336
81546,20544.52452009796
82108,20661.45412618661
96784,9038.377735011307
86526,7928.933307342262
81220,31237.456709433558
97126,10687.581636552133
79954,27271.82715363891
100182,12946.58659962597
87058,17505.921311238784
95026,22291.017115009872
96334,13503.223802731552
92636,19139.903069484546
89131,9237.88328234816
78145,15920.388169871168
106255,12366.482427651363
84691,6504.768972363145
83425,10349.19743470609
91526,22634.26844639646
81170,11749.724630612023
93766,22498.185379478757
89183,12358.457264938761
87644,18166.931556827534
105559,43990.48064097505
91968,13892.24880692651
107198,11940.105673613327
97030,7977.164715013654
96512,18111.824561381432
106506,10236.876285647035
97240,12162.26632788233
98164,4461.925395987455
79782,8506.911049092661
102498,7987.338133600349
86052,8563.903155350312
101070,12756.125722956544
88461,6067.6331202654255
94238,20229.960608942092
97040,8075.69472996444
102861,13872.22104923003
81516,46341.890878964696
98512,7129.843741422566
91654,31589.048380157124
87837,6980.067213668549
97950,17725.07880227931
91492,26945.107700212342
86374,9273.944242546417
103671,6636.733515766157
99254,24097.585421601663
96920,19406.235108881505
100733,9733.463698932188
101602,7095.949447442981
101809,8296.438285884362
93626,40552.848026767664
94707,28001.058974938256
84718,5949.993260904134
77357,17648.141602958993
101735,9996.577516028654
85009,9214.978340110418
98213,17506.252766043028
89068,6565.7621849230245
76270,17239.63373671319
84608,17924.85610639535
106582,11970.019087777942
102112,15583.60427833879
79840,17680.833067860134
102362,10289.00550252322
102074,15494.028254499863
78050,21171.0437094542
91002,35685.758076437516
91648,17764.05891347999
90182,15154.326425713487
101732,11779.038256395053
108023,22633.81400270384
94586,28489.47430272847
91189,20448.359964540854
95199,23102.990811955482
78510,12659.451412830971
92551,12615.423550128582
92368,21731.312914502258
83335,7822.624276139449
82609,5017.065665615984
83471,16073.200474293853
89455,14326.432745408349
84982,8723.311259927375
106978,29764.701557577162
96399,20734.11166274954
82526,12650.217265791407
86743,11052.918365893138
92104,19305.62739190068
97862,8631.125523814462
99211,8119.172102954318
99118,22282.161940042253
97657,29321.384667346978
80627,14464.666972579436
76293,17673.10458568816
83108,7295.611578752462
93728,22305.895136337826
108295,13501.923007778067
87957,9681.318447210979
78627,25798.835432826872
103227,4958.406316056794
88115,10196.084695281384
89694,14687.890012796519
95755,44685.95054013889
100889,9943.300930129286
76859,14301.16691573845
80975,21673.74597679002
104878,11072.975245312527
105859,16836.14403912811
93283,22701.76206519816
76217,15991.801124515216
90731,16204.37163121188
99826,13222.817075604784
84180,13142.696449373287
92500,23060.571310899257
81956,11079.398836256736
100508,10048.338514074441
78336,12216.69654019142
98694,14304.402231261394
92486,24949.299652442438
77134,17282.07497612793
94264,18511.895060866078
108210,7533.365465452868
98310,17827.779223076443
76260,35353.89722669419
89623,7860.568040529491
101737,11986.217881949071
97665,7885.502440846086
86041,17098.347677243302
86653,10650.655544906018
88423,14893.034140859996
103407,15528.553354720883
84654,17482.702994688356
77143,30078.914901094784
106392,19754.66911804326
86347,14350.149970114167
107230,9853.859175405883
103693,9240.926537987218
82765,17374.53882634695
103894,11853.567483300743
105668,12726.69218453338
94216,9889.617478807546
76250,29125.81684916747
102466,5838.490970883389
91919,18387.16886011801
99138,19918.1592884381
102850,16167.272388305753
79094,23265.09738596357
84552,10239.851125556406
93668,25117.450482862452
93389,15899.669213623878
84312,9549.860057449347
79379,25207.67359286166
98739,7244.8418128092935
91448,30360.711083700626
89834,7738.46173518175
105359,8709.75667756446
100267,12036.85849592672
89101,17349.88738820433
76904,22516.58988439153
76664,30446.17593231677
102621,2729.6855484894195
82337,25225.376768065023
94266,24831.38381983707
84994,16817.92261187216
86246,11157.454651220598
96923,10687.935693426112
107661,19567.8745842271
92401,18467.442880329723
96296,11892.01372784991
85114,11159.571388695662
83081,9990.843992149637
84948,9034.56863701685
80292,14112.497144478228
78938,12152.35784510949
79942,20420.844046137034
80899,26857.49442855883
102476,11933.553762896618
90589,13898.185162594671
89944,14481.95322235928
106241,18045.516910357128
99835,17033.87166657737
98665,11348.677092133665
96516,5980.861136899936
79065,20908.776708261288
97070,13686.685806211275
88721,15871.984824509273
100311,12640.917620515826
97912,5529.9472501340215
101514,8821.3076195366
91763,19919.44523530247
88488,16521.362548207886
79955,8647.46788365108
105677,7249.1860118719405
99297,6098.2060913006535
77377,10072.312596958282
95552,15366.865877738095
99704,14605.400288415149
82097,50603.988086643214
77067,8108.901528836224
93326,16306.086287740922
98258,5982.14568681711
98900,20315.639980460583
101474,10109.957183837962
91945,13590.86802505422
78816,34662.57852742564
95208,11495.035360622427
80788,19086.96841679054
92446,13104.35671637952
81929,28995.91577549474
101068,13582.807408628789
105116,8253.661972407108
96828,12166.316063156382
102272,10129.273608898386
89347,21870.95490919067
105201,14270.613301530699
94146,16023.978704094483
105641,9686.056269926914
94416,37193.7477607455
89152,14549.680675260253
99500,6526.80480880062
101711,13187.467807061688
88178,16001.045449422167
94259,22277.582284646443
90380,10421.410826383346
80659,48247.304361846494
94687,16758.096307004926
100447,8998.63857878177
80895,12980.106524451294
91806,23953.800972932477
82758,9750.350095059977
81850,14551.499742457201
85521,10096.514048923706
92432,20376.86809770956
78318,58642.642391252324
98804,13648.762699145504
84403,17481.608823104198
100979,11922.679504114916
80559,17625.473124483757
104553,20233.77720477576
90570,11599.378987941682
108278,25226.76497228087
107134,9960.186119724436
84351,17165.38690144366
105418,9324.693592634654
93910,20006.51048876493
98231,25038.023984978416
100789,17284.211731137642
101332,13048.26935201708
105715,8928.407155805004
82170,11060.87182708327
101526,12953.595239323022
89070,6083.99069340242
90429,15214.688279982738
91152,19597.781589990987
82374,51722.465999502965
81668,29633.710217119355
78914,18139.66566616102
105239,13439.119669839787
107483,20205.490911085824
83354,13891.04105153944
105252,11732.059229188355
93977,19647.442804834598
89807,8182.1236382589395
81551,30350.316284960158
86311,11534.09891926547
85966,11769.057417808288
83878,18515.582499091834
103342,11316.79834096586
102398,11217.235049432358
77021,51204.71929316724
82755,7651.792416726263
88635,7287.5970532584015
105457,13936.632709895373
106552,20589.647505685374
102641,15299.481413132731
77582,23740.669349906908
95453,47950.005995564905
78388,11096.862968882324
99772,15471.597363378994
77990,11087.887400917392
78944,33204.975419599825
88290,13658.74446744098
90011,5897.444375699629
89540,13847.219800420482
78904,28922.505534206302
91379,16019.027484832914
105750,10323.430316882257
95603,15919.111773867178
92481,16206.689808301007
93463,18092.61528944496
88974,12916.443053685325
77787,17954.212625341108
101389,11193.21537356208
90559,34633.874745547684
90421,13491.65992597673
107190,25535.666070894258
87506,12771.819769150496
101147,13963.11875227407
78096,31225.193912309096
99840,6209.966999719219
89677,9320.711227456908
97991,8661.785555596462
103556,10063.748031880757
101327,9725.935013254668
108008,19565.857655438278
107752,18003.010504199006
94554,17569.465059988783
96408,25531.55197158961
93573,26384.190176307937
83674,10238.609643763908
104503,28401.259477297823
93082,20882.488889105145
101841,5553.537204910253
85143,32043.747986755177
76781,10097.315833338993
102153,9294.4955089273
97411,6381.127190161246
101676,8461.819989963042
103176,12053.001132746045
80879,29061.614804323235
79695,16855.45950972723
106987,32116.138023491363
89095,19349.479126070913
88707,7740.5921348887205
79935,12590.313788156718
104678,9936.33911813872
78644,10890.639992217788
101947,14529.916080745008
85390,15680.297456400658
94121,14236.234379846439
80525,27197.64005412392
92964,22925.572944391028
81982,30794.27007277295
93804,19785.497451920273
95574,26867.90918085127
81710,17713.196107589796
84452,17368.30212051785
94410,20896.444390394205
79137,30173.67856095212
103270,12270.142130524308
82736,4148.760943150641
106741,15064.12472904771
77630,18316.43921520082
100426,14228.987913949017
107231,11184.436541377601
101001,13291.216549758872
95067,17285.870201647907
107197,26159.59357419332
83522,11741.245589351078
80239,11273.583163538377
106389,17543.47683732377
99072,14672.257258755155
92779,24555.80229617266
107906,21253.38519641593
81289,4533.944777037438
101206,7075.189242158944
85646,8710.67937240559
95202,26650.264395234804
96423,6117.274612476958
106597,6526.657485997656
97601,10204.524998311555
76974,53417.39928646641
80171,28280.75629820933
78391,20237.361096767032
101424,11686.345788132974
79548,30228.512362758265
99083,9464.652362577292
96204,27642.690338597793
93318,10381.244587943682
85745,19140.75466380986
79531,45933.78830540943
106411,15266.178671524392
88431,13587.26031506998
79827,15368.344438460406
80860,21306.529654704416
93114,29745.825748032312
89031,7414.490326721195
105755,18328.674079887667
81286,10169.821641819637
94641,20045.713262019104
92196,8887.937357808532
103591,6966.097295367609
80497,9514.988478828362
89672,6456.776755218961
80800,20444.77850949733
102146,10329.952513336486
106675,21781.727738272966
76780,19151.431912594075
79880,39970.3010393643
90306,14738.18340068714
102271,8605.340958587332
82996,9037.448694479168
77929,28066.697066862667
86610,12463.586368711367
85316,11265.975335938714
91134,11176.232505713191
87377,9812.924415794527
102946,13189.507802879796
105420,14926.737475874756
78375,26162.74551471618
81157,10610.67512998031
93430,20267.994908523673
90671,9700.058277255632
98881,7515.327756455839
107152,13009.821310801291
106056,8914.749343932232
86256,10514.430048242037
88692,7846.667975921579
98622,12079.94408441308
84068,3946.8977335501286
85863,8338.320494991278
104131,12958.868784289654
94296,14101.66444303549
104177,8443.601944437207
105126,8044.904701835882
93360,23527.686439875364
91059,24710.228153433814
100015,10378.409206026614
97027,10407.884774447803
106300,28055.944235533483
83539,14529.952295418001
87099,13865.783740271425
90692,6530.7254055314825
107313,15550.383141074755
81341,54319.184178449425
82901,10834.103671845756
85576,16785.059099606595
98646,12602.713089373869
102552,8347.866732431485
84874,15653.684275201957
104768,10545.980817959777
87768,6976.220962352662
93342,18518.185968107573
87241,13986.040291291145
103615,9995.455515283174
98526,13731.365420460581
107464,12373.108323119006
83357,19200.41497285851
103171,8321.35361335367
100341,10915.280310883674
104547,9889.509802930219
102882,14002.835717769005
107531,20673.627801727234
85433,11490.869290359373
78435,18074.604917561235
106094,19741.43691786349
92625,78868.51766927283
100319,9767.23182073902
95937,27348.557432024674
88915,9577.377297551066
87681,7073.694823317973
92428,4550.699379408302
85427,12316.162434741958
105372,9853.291569665524
82482,20738.234232527426
95178,19896.160902194726
106881,8984.953470418777
76562,30286.29995160615
103710,11654.737749964055
89109,6234.920179693304
92522,26162.099581423223
84821,18357.691044228624
80597,28210.729462531304
104040,10376.7553585856
96115,8714.610983472232
82818,8482.298204103456
90316,15532.164594274265
94385,19412.450062253287
86823,10026.201102856563
84842,11886.956492817208
102995,7287.287220265182
85397,19512.067973786627
81427,12572.871537168634
102461,14670.819022474494
77422,32748.824186146732
102354,13729.99790469889
91822,20087.909996984225
87427,9769.214557849278
105450,18654.641027365575
94789,21800.09874390787
106631,27353.20393603009
97004,13289.177358729961
100826,14491.643030944624
97915,16408.677985295806
93253,31716.561780375137
85776,10036.39745012567
105562,14862.934395088712
77560,16823.009672491815
82659,9580.67768067791
89531,17000.922420704464
94076,19117.64696087972
98457,11137.087709219388
96163,24021.928230926496
84779,10008.858293548481
104551,18250.83441894602
79934,16271.172857036736
84896,13328.73281857811
99393,10644.466153879457
82051,16215.006778021354
93247,17294.838965745123
86929,10379.808237221097
106943,11785.133474306613
79979,25101.790859522258
80912,23506.12902685972
105006,10364.777730387816
94368,31837.9645264016
81871,23619.69496405265
90338,11543.688332224958
104271,9644.839105476396
89984,6420.459314074474
105122,9809.911902889156
104308,27094.84307886362
92941,29710.12665994817
87433,23377.791270566526
96289,22940.161820716585
89130,10523.51206129182
77233,50881.78155474146
96895,13146.169408174743
90364,11842.40062430327
76283,19180.505542658644
77689,23635.23443968919
98366,9852.908762654279
78025,22800.71216598998
96644,12193.633296537344
80641,28288.089755112185
80271,27128.501431902012
99003,7608.880329650367
79756,5679.4254330850235
76981,10841.99825631495
83320,13668.817101507031
96797,4829.016756607375
86350,11035.341435403172
107535,17591.159451766147
104370,9104.728880357397
100740,11183.830548601907
85851,11998.701848708843
89132,5101.480757899921
78746,24865.343942966036
88999,16940.546530351563
96416,18146.19650935743
88921,7432.684579727599
101078,12939.916959002756
92447,22538.33911919171
77960,16781.501878194224
106799,14647.051054880456
99888,21849.115485922128
83252,16918.62123726435
78645,15285.625100332563
92233,21654.157054720028
104026,7763.01802212514
85148,17075.92835867772
107726,14704.655975534093
93331,23088.68465236
106236,16167.674024893146
95282,14407.81177775935
76222,26645.704455068393
84158,5443.820583021136
81857,38783.594638980874
94698,17073.660481337694
104680,4912.387042395363
104366,19977.441351248464
82562,17154.389589022612
89753,11427.281452936859
101937,13616.163323770937
76600,17727.27750603399
102683,5864.909977079055
89245,18743.71771199444
99902,11680.57025516474
106525,9378.750442449238
80738,33478.75616464664
107909,16050.023741506355
105939,14611.314346394991
92485,30911.75015548548
105128,17193.594788529976
103147,6973.783550811046
96539,7627.849449717813
99656,7637.388636618357
89755,19043.918945844027
88400,12709.705680836898
82968,19253.508945984046
103521,15731.979013057004
94755,29077.91338129789
82278,32145.556388235524
106205,8054.008199338918
102677,6547.10941516936
103577,13088.148487388195
88365,13907.183204539284
93543,15007.30040519005
103285,11146.600820859656
91445,53475.7186695878
86676,10105.586756996378
108086,10446.721966442325
97671,12503.814856225043
85193,12836.215478405431
80220,48910.17264908679
107824,13644.673634421948
87246,8624.912425260904
85080,9210.130925694742
85470,11345.64054788018
93453,30331.291502476954
87214,9893.715056571938
99010,8856.384551520778
77246,35308.63851150311
81671,15767.543091303049
83651,10837.472506537737
101085,7665.043104561155
86961,10127.036532108976
99154,6835.030678483928
85563,11205.560013425848
98972,20044.300237548872
79331,17505.289447677074
100112,10243.231962760681
92540,18510.395461462624
102135,6870.897883249279
104980,23015.00004248659
103442,6893.6712535074075
104320,11934.62963303328
91208,69087.10978872587
82486,21985.620677216757
92052,9738.21616936196
80540,18029.495503409747
89228,13218.662258725011
98960,12346.57095089874
86821,15869.537447081419
95220,15445.601273743481
104196,11817.847016131462
77934,46176.5102933104
80965,16703.158295461722
80864,16901.320889830327
90303,16168.528695430876
100396,11532.007722620516
98226,12103.554335612602
107713,8163.257899939556
82199,26297.33549970805
104715,27469.362244123688
103412,11222.287308944104
77224,11008.212478132937
79149,17733.606810784782
79332,25604.287281347344
100094,15779.269286834442
76280,33429.381086138135
104668,25549.903220155247
106239,11238.15814213307
106918,18279.392002776956
103738,13364.502112391936
99768,14758.201642123542
99895,6771.282075408678
88553,13173.492123397722
106781,12376.215496771418
104339,23145.789479311807
88198,7857.317459571813
77024,12059.31111101714
90492,14689.155757707947
87383,7926.9410215422895
85194,6614.877509792567
100821,9973.795810752163
86207,9104.39750785675
80736,10925.588248131293
85035,6324.617520407677
77847,9153.585006579135
102444,8711.274584106493
101635,22399.057157326613
99639,8750.815301334707
101365,6558.4897302725
106612,22628.344889589775
89655,13428.933028956852
96679,11592.73616940085
107353,36270.30893811899
101805,10893.79940756673
81804,17908.56014174554
106783,12378.170398468304
101047,13898.569271239452
76164,45187.885083893525
106524,10871.126808249466
104745,9602.559095716124
88874,10699.56614068424
89206,5770.822456180535
88602,19367.05998091914
80458,26105.80674017165
85756,9510.980288711107
100972,6644.211872979933
79897,31014.70467966004
85913,11436.165702153137
107705,23993.85224387948
102659,7318.632707204975
101994,10227.190113070747
104004,10251.247064476782
91171,45152.14739239727
100207,14278.277543099503
101431,6870.581567911597
92034,19494.886415721325
95470,31966.019194648263
79276,30586.9485417941
101893,12489.105703881025
91522,28795.284898163864
94047,20517.962402866277
100620,14274.98595778632
97405,11125.758866078864
89277,11413.302163754786
102728,11462.004310564249
95665,57024.81131671264
93861,14001.817412767727
77779,11109.420784700398
79844,19494.38325506122
102549,10411.508798597739
79764,20828.979705035883
106543,16014.235225677618
90127,12231.530440231872
78759,17164.114524845205
85232,16522.28550691839
103173,12786.17832597301
77690,11635.771993642691
78669,37458.508784368496
77821,13180.765447142403
96869,8670.107337388308
99426,10377.089500618722
86596,11950.022757361337
102352,7477.621371307837
88825,7861.43674742414
82595,18426.71113608343
79408,23498.40715951961
105771,20742.34638176339
92499,20337.967684171585
82744,10142.684417854281
104310,6844.088423769171
82965,11963.697823133465
108492,21198.31571082298
102748,7659.583923713238
105549,19525.916940625077
103794,14045.198131144214
87574,11863.902629420138
77090,18059.568107946587
77729,28324.03623310354
92854,19670.987194635665
82724,11834.36708780105
76843,7628.206081498678
95714,9923.771131611602
85077,16764.8045355054
100035,4453.322900063863
76694,11346.497866699849
86970,11259.684452908212
93243,25242.340164566784
95700,23763.15212821344
103907,11148.981222039938
105698,14767.509803686578
84320,10996.127675673064
91561,22228.06155111791
100459,7053.6808178894435
106398,24290.156541351218
86911,5255.535581330677
102905,12898.002326017915
103009,7386.378252235511
76287,14560.695680203848
106832,10657.495703092816
107240,21612.97542630511
104164,8369.22960122022
96561,13403.043787048944
81823,8479.031386487492
82102,22558.214673778934
81420,26798.220392067862
79102,21271.947921124123
92252,17085.520457661758
91605,23289.592480978532
94353,26718.08079747759
76883,15807.084974814123
79941,19922.187962564734
102977,7631.375275401566
104975,27893.33367371908
86138,19253.458453203704
76309,20193.841377312037
104976,16208.769209660499
105819,14664.324802868352
103115,6548.706180540751
78958,20823.348816187572
86851,7256.085530358501
91889,15184.515868582874
96977,21938.475285810116
98888,10317.438386082467
87642,10727.078216268324
96835,21409.19859708294
95915,27560.356579809595
89880,13214.784090368454
86974,10485.514835809117
80793,13271.531928726758
95773,25434.879165675055
92664,10222.13768790774
108423,12688.494456642957
88073,16813.0691078718
97731,18347.664917600127
92705,24258.237264995285
98275,9269.953609940409
106563,7196.606710061818
83216,11104.666572060978
108252,20151.94026203059
90052,21561.214734878613
96839,15392.17556631218
87847,7568.333110460354
101778,17074.42818867613
90493,8872.634635299342
84236,7842.296407107296
94651,27261.955437492557
82828,6397.553406810714
84570,14050.332483021264
103560,6102.705939624374
105414,10633.291352251748
82874,9289.237450473314
94023,15541.511209820881
99936,9417.001855978522
97927,6251.5682287553645
85922,17109.868081756606
92409,16471.705108477214
102547,7421.518800608623
98620,7735.515302299669
77418,26763.47469659033
106846,23645.072758444287
90794,15990.629391275432
102848,8338.59009704997
77668,20194.69319668796
87057,8479.903578980466
92125,47991.19882101418
89356,12763.296100020842
93931,17703.988580701585
98496,7870.545539765503
96762,11194.094527296229
77603,15917.589329273502
76242,14088.431732051318
77854,17683.754941588544
90496,7355.13324723585
89873,7776.868902837063
81047,35101.864030981385
81482,13260.515609097798
106630,19620.301308027283
102807,10496.523919364838
101397,9256.079186185958
103459,10366.843485990723
78508,35432.38629341192
87042,18130.037241897575
106348,21382.93747239804
90653,6897.062184894293
76159,22639.54627166084
87944,10277.921561477111
81531,25109.81648662558
107875,5169.472087066167
99542,13144.626131299294
107359,18592.975480907204
104564,12338.667725453528
82560,13593.808516241097
93591,29027.190770293713
103234,7227.681752604013
108458,10852.733289765183
79888,14241.438198148726
76419,23164.93659710746
106649,13453.858701702733
90004,8680.072211546641
93201,34643.94937833258
97558,17956.847722263446
83097,14074.587298594266
96492,5248.3585529138045
78413,7323.275932734102
79076,13089.590298921468
87061,9309.361355012352
83665,13518.409242650618
97131,12480.542368404262
102075,6889.468687205748
99331,7765.489412971926
82067,50174.44058437125
85459,18187.236710882113
94510,41910.1171252048
97875,22529.265055249274
105176,13051.342883051502
89196,6250.131397563619
97424,20429.20864754981
92886,23396.9229197484
76660,12005.42289749772
81181,14545.667541783454
93133,14915.484506030964
84390,6048.726242201997
107413,23875.745512384117
98681,10383.451565190291
86318,2356.3028819877554
80893,25355.660230824713
106409,22675.555340099763
101539,14430.059729087254
107735,13837.70334064832
103362,7124.6530611426515
95493,30345.28802487929
95573,25275.43138734674
81435,29091.833228413427
89730,13738.314123810436
104812,10267.611199722449
95540,14902.746488904197
105693,9690.729388955882
99879,13403.800235019675
105045,9828.227792241849
95556,20302.806668683712
105209,12165.774623104013
77262,38982.64734517851
88746,13078.537493197724
106257,29475.316927099746
86665,12963.4760926715
99714,16928.53288274861
86308,4077.9641404426807
107814,13767.501789994549
104110,15969.493465145295
107020,9806.563446468828
99899,7567.302048075533
87878,10288.49903537671
107898,8037.062369070417
91803,23850.70077624343
91708,27414.74359618202
88131,11670.942479854664
94236,28270.07764330301
94787,42047.879827476754
88426,6351.297685976549
82052,19368.016133909798
81430,20939.213177366633
103458,7900.515190846336
87322,10487.029747515853
88030,9530.133895640485
94505,31315.161989281278
80104,9373.482101573652
92324,29079.693370030032
93393,16906.81024450114
101185,5386.617502852011
99944,9591.404063930835
91381,19449.499459819257
102720,8600.495618843905
80107,24614.55026573111
93006,31180.114924331898
85248,11213.561861237114
99068,11976.258464974067
76834,52389.9270573767
89377,10355.134246033685
101452,13697.75775738038
92548,42272.770072367384
100658,13631.601901204667
98383,52053.11266407226
77915,28903.77575965643
86268,5499.87626992315
80304,3671.9027211516773
106680,15553.15010787498
101132,7675.882711385952
90092,24023.922731071714
100329,13867.701426864416
79943,13198.166430819456
104189,14888.493149369058
107250,21928.17644453039
105088,8075.1771606549655
88824,17211.01202093472
89166,13944.696631753055
78748,16332.01692504035
80118,20178.748211289003
106238,32217.60767360579
105638,8504.28232135648
94974,15272.578502931385
78384,14935.653373919344
93451,20203.67489339062
98422,6943.071173600573
91430,43244.96096222886
77519,20951.881244014687
96946,15755.636169989519
98391,5571.192963975958
102809,5693.9824193881
82926,10001.200715909747
79108,23420.857670092642
96213,22427.023000672365
89205,5317.855175369342
91600,42202.42899443231
107292,23535.129182668854
90688,18120.729630117014
98776,7170.907956730549
79778,14540.783815272112
106834,7881.8648818359625
107835,18840.930718875952
99788,10604.166173218644
91133,24542.53113667988
82747,11491.169379331408
95651,19819.617658255218
90035,12821.061815970384
92821,14015.72311183386
93614,23300.32162618114
85993,8615.68419975566
94616,16507.311920325978
97987,12110.938499401804
79300,26000.10065161987
98588,7479.570378335596
83355,8415.940102209592
105664,21458.27056948879
106502,22261.90788214201
77235,25072.369016120243
101503,9914.994604469885
99569,28050.512034872867
93332,20085.688080696746
103565,3916.4090011255
98223,7317.7596463211075
89090,11415.737118361556
101490,5012.9734558208975
89428,10464.304572235887
82555,8995.872094507347
94744,19155.279220552773
97092,9339.449399487157
80994,24475.82933039989
99486,8601.53389128986
88556,11878.917314561715
105789,27110.057704587634
90968,13558.190982214073
87386,11594.17275356857
96239,10688.65952898667
98412,8677.210633411005
107073,10960.800245663671
85775,12686.826171416245
103494,15326.812305383692
96232,10230.23711041304
95146,20709.665353634224
101493,16651.57047946253
108369,22538.22045799207
94214,25768.31720144258
95377,18937.1185352612
80081,12930.186542621444
81186,14591.806550914564
100638,11993.413135093879
79228,21353.41164127997
83296,17118.92258245628
78663,18694.9752096408
90474,12607.72988791673
99746,11579.94330980929
80600,60821.364966911286
104132,15810.578893106709
77292,9950.717292831348
104314,12553.95852902353
92563,54428.79931290898
81135,20487.47060388473
83199,14038.732951579646
103083,7225.693432517923
88165,6546.427040054964
93492,6182.960883687011
80502,21246.38546668481
87640,9124.92928795009
95862,23272.68911805848
97106,14864.719744389797
88353,5521.95962730435
99443,17222.849061871068
85914,7470.645496687127
102522,7706.815899380669
94035,21751.031296313537
82309,19796.310865184467
103845,14958.902888334824
82955,6893.480536135314
86039,18301.0940814793
76890,8583.055433831722
94862,20915.938103675562
89261,10398.056159229252
95261,30876.471987909925
76543,28549.496604407646
93805,16912.0392025265
79387,28778.507981279206
105256,18485.83538474217
103632,13873.5767484532
101647,7623.783199599253
90779,7718.602558848031
83004,9118.37278376594
82810,5797.681153739345
89851,6535.45958631978
95583,19897.362527112073
95318,12057.488242944193
96740,14656.250215760085
89999,5947.439225462967
101586,7180.1689956660275
90205,22890.107940958922
100202,12593.692931955653
95896,17573.912713935966
78190,23580.71829937096
106867,12109.714820447345
103122,6634.072494019798
78800,18972.827624771853
98137,10384.34114968494
104071,22425.974162483064
80969,16884.618761370886
93695,12229.892676813133
79235,14725.08652933987
100233,7828.185243480787
103673,8453.868042852388
82811,10737.203044124355
106273,22029.818977484058
81714,11806.588614813278
76623,16076.347092275355
98396,7303.870848495398
87067,17753.783870475996
94615,29957.41220114388
91380,27809.26831990574
81368,16472.13758918092
100189,15949.176427315037
83055,9610.023219690713
104726,10823.276543834592
79494,20888.49975212862
86895,7630.439299046255
104253,41089.32990778826
80451,28170.238805236957
81633,28636.036082466697
85761,8896.318644531475
76040,16563.428992871344
86749,6267.531936693324
97161,20863.17098834504
89492,7809.329086439074
101063,13053.014557941238
102557,10115.659625048216
99966,6118.329338719362
93615,18379.979169579532
79812,14325.490132476194
106083,37522.57956158844
91688,19149.99659260748
93348,13832.343036965962
95861,13951.617831373193
84278,10595.601236212133
76892,16345.533807358848
86674,9283.943800968536
76138,21182.31253472825
104974,15129.994313013663
102421,12695.637467551693
82617,16461.178633050717
90307,7600.3218497217795
92258,20539.03329145996
90255,21608.251609464543
101498,11597.926620368875
80567,12668.135374412024
95321,22264.818341884828
86671,3140.97367723868
89272,10776.752651804296
78823,8176.272267758707
95185,22939.216203407846
98753,6826.26856066216
88611,3671.2179758946577
108390,13544.75090413734
105366,19824.949970954433
80433,21465.458783138445
104145,12611.743032597971
90881,14526.492024222884
82596,9214.093414597388
85279,11222.412962417353
105968,12318.940425841938
84463,15867.5026100787
85840,7553.842447969449
78708,12577.655000795521
81642,26141.936228291637
88004,10220.334569143148
97345,25473.697122149588
106927,6422.201183489039
78351,12582.026870386948
91596,31066.367310680125
98390,14555.273606292509
80145,13963.869112753086
88364,8150.26984577705
88715,15597.343997058744
100449,10991.702726599098
92076,28984.1683448849
102573,14370.766791718934
89983,12274.042182086932
76338,26083.45697452332
78076,20136.603543182853
96116,12947.227303714551
76662,19485.291059019277
94194,41333.332610298145
105200,6339.01684955857
95232,17196.672920727466
85705,7537.161641284944
81683,5463.790389272388
92007,43800.30553840973
101156,8268.013739011622
96857,8506.69432690513
91201,19638.92715738825
77066,9037.16876067322
94938,26051.537812451297
82691,12210.54222434788
108279,23886.56611686503
101317,10973.227003726428
91872,21665.817128293947
92517,17867.66061311233
76176,15759.732151719574
98840,21458.200470721484
96297,13525.136640092345
105077,14680.322771714813
108306,19148.537939375816
106837,13119.19182180971
80906,10252.273731797952
85979,17577.144198429483
100004,10180.89725717087
108473,19998.410819730158
77203,18173.77117216342
101523,11269.388049813508
91769,22332.827907226067
95403,24555.833022678962
83930,8834.328475476492
95272,27953.41177202231
107063,16871.62566614164
105033,7517.637712084856
105705,12378.152996969779
80224,18757.536541570258
98468,9037.545920739023
90993,23164.238035757822
89413,5383.747288678907
98561,19710.47779259173
88199,14205.80808917274
95082,17048.95748920509
96647,7328.802370503629
80307,22687.629878086238
86717,7596.6985003231075
107754,28006.534031798732
92740,18930.826594913065
89653,9006.343950568364
83458,17361.59715700392
88918,6103.3061662440505
80859,12737.066856535228
76830,33866.0603073128
92727,14968.273435917816
82512,7791.193484018329
94918,32154.670908377335
96158,12390.436676065945
97812,31228.049890907707
102820,11449.132338912783
88655,9618.575677264429
86512,15044.62448756942
84814,17401.911885349313
82832,18449.555333845507
86946,7692.819888103831
102885,7549.716129002487
86598,18811.56743851009
76927,50619.57482543694
83377,14728.363577650245
81917,29125.738794118046
92972,22472.589817776632
94932,16594.59294240746
76026,37957.03365082884
82383,33159.86711560515
95697,26103.991921893736
79489,28440.168207019666
102254,11033.871803708005
95248,30437.457807653947
99438,7300.476848491374
96002,24954.085350499212
107266,13407.727707759832
98233,9380.073320897483
87721,11788.105132283661
76462,42386.024325190294
101352,10163.001315742118
89118,9521.917502421393
91908,24799.384778992135
94169,18881.102222766876
105347,17067.81655532797
93347,19959.610183238965
107981,17548.2482289792
104698,13749.464138704783
87678,19072.62981524395
78945,10852.291542913319
106051,12000.731430676737
100768,17329.389135418678
78915,30497.502662251405
101837,4371.0934522031375
79136,11661.484010294029
97035,8032.905734412519
78591,50037.63713164291
95969,31856.403740964975
84208,9373.462352147104
100228,7500.5014888457945
97687,11152.027093318817
87591,13033.325699600367
96149,21199.939455649906
87736,12339.799697577193
87550,4682.9268417860385
102052,7977.69724661171
78827,35195.46534283211
102402,15031.561310001847
79412,28731.962194872875
77865,46301.739348800074
107971,8105.616988065463
107469,16060.297587667148
97612,10456.196806937118
108451,17922.249009984484
91741,22358.166573084418
97524,7801.879873268162
88979,13662.407554767367
87740,16280.56197013443
98817,15759.331055341545
93862,19379.97798101158
99648,17592.32397155749
76643,15201.142469036731
107633,16124.09885484285
91213,25565.190520324533
90869,20514.374083612216
85444,16479.00007701399
104383,17978.878088984948
76870,17284.753378394744
79279,46006.61015450219
83999,5479.8141643773515
98596,8567.852294427
86831,12565.578796153564
78863,32030.884982771968
98360,7379.00133828771
100096,11864.138955713133
104448,5980.660485547422
90367,9123.464295216052
103277,13514.68693208379
103728,9435.883198491516
84370,9377.051363678433
89978,8773.414596424645
92359,13993.347629075763
90135,6796.095293488329
87969,15099.158569604757
102318,12096.117099253815
76607,37533.33847447466
88481,11768.826220132378
98436,22420.178134101796
92888,63004.760753458955
106269,8940.319805012556
100538,10691.13590978343
106326,11099.650021461222
82449,5380.643766299963
91142,18621.169915857034
80150,21817.697344421777
106004,18940.64791448329
108069,17048.983212220515
87037,17857.545959797466
101280,7603.148015538853
95763,16173.218549791973
86504,11731.302789086963
81964,20857.031672362213
98685,10416.105523460148
103215,13251.204082350843
94922,36316.29542545577
78554,22458.629829951897
105764,11655.368175249663
87972,12599.39465695936
84358,12272.921113123723
94964,20395.635169363246
103241,9688.74253956336
86647,12877.089998906975
99158,17497.172479408146
85420,10777.506012430391
78077,26029.014424428362
107422,11318.850076083347
104022,22815.0374708885
79737,35246.09041646138
80207,14583.944382142554
80967,20203.508845957338
104178,13899.597877180777
81030,16469.19653179658
93015,20506.611892074467
80407,23714.70979228171
87649,17090.724133269876
76690,16517.231451513733
79789,23887.894530479574
82746,7742.6390211252965
87159,12546.638694338128
105962,12435.68836442839
86711,12784.694477698522
90644,5994.7150545102695
85786,10431.957481669775
107631,21258.088484170967
99617,7273.477684337915
96261,21408.40614258786
103524,8078.430774744185
106761,5284.202114473334
85261,12380.896595952845
82784,11634.597732540475
79866,8375.991183283308
85332,18969.89052386201
91102,19689.899409765007
86628,18183.708465674943
79673,32338.066742885447
83347,16159.736098601477
94145,29822.771644510132
106036,19039.413467371265
82287,14864.430992964875
88789,12536.155705877663
79618,31156.30982143381
94133,22268.153701693103
76165,19394.317912979604
101369,5379.740421688256
89387,7852.155585381678
76789,35463.330567641344
107309,12508.74693756158
91783,25613.599304586205
101897,4642.336878181464
97745,18432.517774458836
82133,43355.149681887124
91614,18367.15661830972
97308,10330.418054045173
95044,45658.02116855803
80363,20160.159010548425
87137,17283.462428840463
80900,9966.09599185978
81525,27911.673485199153
86772,11013.34541205321
104784,24238.11999668583
76211,29874.107886307476
88180,10746.217271512298
107375,20058.01363571179
87142,8558.255442118747
102944,7275.959049393768
99258,15825.687922513429
80209,14464.620756314904
81591,15069.900259549273
101494,11911.425822484336
103703,13620.838239374232
84613,12028.594094899616
81070,22851.358330673193
98675,23422.966987392694
90638,6238.601659231322
78215,20648.212657523523
104188,9530.569877873584
79525,26469.543750088756
95362,20721.07478726614
95717,9330.07499736358
106872,24209.665049648658
84301,13017.941508207668
81601,29610.543132533865
86575,9532.31962101665
100108,11045.402786867897
98140,10505.776516248625
80480,18020.856556746465
105961,22987.549767377845
88147,8198.859379904827
90426,12193.795741933262
92503,23179.596624879498
91066,21539.458863695574
103976,10198.346517629943
78267,21291.43960417724
99535,7670.1423957033185
87776,8578.061301311067
108501,22991.554857073017
102285,9412.833223854144
105946,22237.50238289534
107799,13466.068748696345
90291,15235.615553389005
103617,11045.402786867897
97086,13548.717934559545
108058,18134.262251441934
84663,13848.473922839194
83054,7464.58098748177
80706,10393.413516662391
84885,7901.204414610063
96741,10176.174241908677
89018,16652.32307952078
102962,11957.287883184921
107208,22726.627870917764
87254,9064.221765524997
90928,31937.356489795107
107211,14985.517957018174
104636,14186.873780423188
96902,22622.95140524904
92953,18743.89259108227
107082,25992.302288628107
87483,9957.722589697178
81493,21567.05682610944
97521,6546.789875616324
107168,49453.231408151965
94004,26226.12344198218
87794,14309.68757230406
99172,9484.527618019167
78673,28838.35901643137
77673,52258.19755227127
89569,19992.593867558197
95130,10660.51591997471
82941,13197.641106282374
106278,24842.331613079743
92295,24805.402914922717
100500,6766.198683055276
82192,47707.54801734791
103583,17029.99408936108
76059,13783.468567170583
105499,7164.893035726064
107083,11722.49976093927
99563,9113.859085387485
94951,14284.117233564082
103148,13803.807448247851
91319,14318.471569281513
93386,23982.2461464423
76109,9988.8972593213
82945,7308.12209447228
101785,10261.030870973687
99381,4095.7930765830315
87060,19201.419584367268
95211,30818.441154704215
91694,22287.21991716305
77173,49186.32680589701
82094,13649.906000098055
102120,13303.416301663587
91721,13317.923716621784
88100,8334.380296798801
101115,15857.826392332012
104595,10650.308373951684
90098,19189.312955503054
89595,6124.835977712838
82269,41345.46433538691
79900,21046.774348069852
90360,13694.48817977571
102462,13260.3697889868
106639,18523.90833533359
100825,8757.106050448636
79579,32108.144394562816
97198,8682.361621587093
78303,12998.192263977051
87680,6040.155520516734
78160,45902.503572848225
76168,31882.014838875148
88329,19429.97825648862
97416,14464.467631950414
93159,60857.28063795018
91927,19628.15487943321
90611,13090.967840563468
78641,34997.451629052084
92598,20778.764933476596
94425,24393.06013349153
91168,21737.77217115324
78734,22886.866634715287
78005,21558.543616466202
93001,31826.7776374557
101473,13618.678393418897
81076,41485.2950729313
89625,7546.949908666972
77610,9429.237941098141
99909,14343.982148536787
84285,5554.276031593594
87146,11986.023630263022
106204,20733.670547125614
79047,10809.072291016892
101371,19090.70214434931
83269,12168.249733801005
79251,13444.53533179208
83976,25323.78915305803
102684,6853.428860545196
97327,12133.23432104124
103469,10042.48812795586
84299,10423.516460872355
99272,13190.709850212164
89489,7100.940596230565
83325,10240.855047053385
89423,11484.86412921486
86724,8039.52428075159
83802,9771.67296066737
92419,45202.87672450419
104989,12040.252604366655
83670,18185.489113952255
90400,7446.916978177223
107433,18831.37119823641
81641,31199.413025884707
103722,12717.989339579115
86632,11241.117535631998
93036,18967.19239086685
94398,16575.61679315989
84906,7353.263232135169
81280,29341.871245794966
104075,13806.854607147014
95998,25627.80382039142
100993,9539.533541451225
105404,19472.643600391348
95615,24372.79668280797
88828,8536.510499268612
94230,32018.567300272996
97101,31223.3675373421
102266,6570.40757604792
95269,12922.681245096755
87008,16602.37232233021
96384,21977.24907105465
81461,27371.30666164254
92651,39550.94188598176
83997,10566.66993993399
100143,15779.269286834442
86721,17930.202114517735
107348,13040.29235698802
99221,9290.726214964714
92846,19382.13434374662
101042,12507.130966625116
76663,48904.91085471131
87986,5569.921195672919
92959,17105.744635134735
86076,9309.760377452749
76987,11367.036653723299
76842,23394.814871977353
77966,12313.001186528574
86599,16235.997562831695
87922,10049.49729644504
90812,6171.99098530925
90897,16723.414459949563
86531,10200.4392146379
83583,9764.549456281125
81256,26666.11911479448
80343,14022.415400093852
102122,10949.521938974842
77334,35563.956574103795
102222,9680.070490095744
93883,16434.44954502798
101876,10612.972316278143
77602,16329.338963467972
88598,14006.77922831792
77524,26651.544464040842
96783,30838.584675943173
108041,10785.905274180112
93694,33440.87656388043
96258,15210.264102274254
97398,11735.016069303127
84225,19333.252617018883
86415,10956.041475177139
90604,11242.91975060607
103848,10140.74295372994
81012,12162.568933690804
94703,26282.666542670297
107406,10453.708842894088
97842,5957.734756345108
106706,8484.193617784355
81667,33675.063514343004
81092,19605.104324003765
97523,20001.955625856324
77107,25831.025373355933
100699,5985.461507497389
86969,1824.4957209279999
100917,10464.647853102902
86251,9232.661734506579
86424,15866.527193856113
79990,11443.43651379237
86382,12610.053623719625
101613,7580.6708881431205
78397,15186.409667131675
80111,11498.201612954936
88021,11388.530371559344
76832,19129.99999292874
78935,13854.389330515549
100446,12136.804389745923
100621,9532.012734606227
78399,11270.128760431508
108515,20662.543069033138
106023,10777.216529898064
93721,55853.972812981985
83647,10968.425857250091
94136,26427.6237111545
95847,24010.51116862321
107172,11238.443302567477
94458,46868.05639538698
94175,16749.52238564723
92726,24389.534088599117
80910,36318.7068577643
86869,11322.001675205634
81258,18789.832057890486
84340,15944.179684753624
100324,5799.354073180905
99428,5727.9866168368
88878,12730.880676485614
78066,50742.07343068565
105935,19780.74048397231
87309,9064.511868698504
87656,9954.747911472154
83790,10702.19005506176
77893,7094.296341025469
76055,20045.900144496605
99688,15194.561275847287
99661,9110.136636816944
93173,37157.56111514327
89291,7513.843514919312
107766,7000.246957392247
80369,14687.481143376874
84448,20649.367168100845
98481,6103.364668074553
96477,31010.57128499653
94818,14180.899025172828
106708,14378.116609151455
77786,21304.808512758802
77244,54067.27062269967
91199,18604.295887857017
101108,7417.7113227717755
78967,16015.880047787106
106914,14282.369562449132
91647,21364.230409441756
91411,27952.149654240933
98766,17764.117457511704
105906,8733.508564983782
104682,20913.581939350915
78615,37365.861939315226
85253,10716.327665467406
103137,7971.5926895594475
94662,25028.633348589436
104640,7038.250734217028
97535,31024.7581458065
80168,38023.654169019035
89005,10340.926413741025
99876,19905.448709933957
88741,9836.937018612709
88333,13699.30403110461
79822,13288.525741859827
108292,15367.972344380829
106845,13620.045990429335
92167,16548.585918861892
91226,14114.385445319998
95206,14345.91805310893
92166,40021.12307080226
102963,11496.158186691333
79527,46805.45546798232
94552,25212.82107301954
89210,9086.5377966473
78573,23130.74613696161
104073,12629.459262479319
98520,13461.707862128564
77491,46806.33102331672
103333,13763.849257981692
80090,23154.322571718436
98666,8855.94223340556
86798,13695.844963969012
81728,15824.960920018926
81606,11530.279090956681
84372,10652.642210829019
105528,8763.24142640854
107436,10118.32296892552
89038,10136.49922473675
102983,17145.199033525314
83135,10913.671894968385
98165,9969.724274987246
96159,8261.720659788432
90229,8213.691705941817
87710,16076.229957117599
91414,18812.59881091781
77961,20375.074002567453
101890,13570.819914125463
83710,8540.164929120847
92874,22370.551841684075
86534,7120.490854357752
98517,20963.220599699434
76174,35432.38629341192
107068,20881.075219156723
98050,13215.921741428041
98718,13009.763120616026
101964,13690.996453309037
96813,14857.840153887366
95118,16584.49803026916
91139,26271.97283424573
98838,2387.3086559808457
98268,9940.151930965621
99553,12313.950531987599
98904,10276.569747299905
80828,29518.586799034063
100001,6772.898662781058
106691,22673.94740090368
108038,20942.913741470216
98715,7045.857674611397
85714,8003.227633098062
88475,19032.865823031545
91923,25298.35290229823
94795,18505.043797958835
79738,12901.180064231305
104213,10504.963107410684
89425,2813.971954758005
82405,14298.675849660505
101000,8732.9789140599
83819,17662.375233437637
103491,9848.066041930982
88226,9682.345950617286
102022,10577.38961272649
106889,6850.08880205525
98697,15409.125447133069
97178,8947.257892567588
92375,20326.03301278126
95917,33097.689530551674
96308,11220.647427116191
92406,16328.033650373856
108375,8731.185723995719
76860,13875.974615435196
82234,21075.68013572489
99593,10597.058781382879
82962,10933.957678020466
82016,13642.177220152029
86781,18614.20221871994
101065,15454.256680346658
95525,19661.21848446928
95306,31615.39331980106
77397,34932.46945615397
92496,9194.88780473383
102473,13777.064931690526
102927,15333.019524552794
91897,26744.374317535978
95554,15821.439883703879
97488,21849.957374499216
76085,16879.002988853532
84133,10197.605875207983
106369,21806.238487433024
92172,12382.311094005016
80532,12385.29675548096
96952,6563.688831913084
104627,26524.993011201706
87415,10773.699375459897
97047,11928.924275610203
87227,11157.810519222565
100308,6906.109574224121
105075,17951.33662349145
84539,17365.685864214993
92284,19264.425237179894
95634,33820.75589292981
86731,9398.274824685002
96425,13469.50149954267
96765,11706.450655984152
93239,12900.843027266294
95450,14924.836840093998
102086,16445.930870950568
103024,10895.867448709767
92808,25804.25687970627
99619,9074.232161221205
79704,19817.31193641359
99613,21032.944704055448
106854,7631.528097223725
80959,46383.30716992459
96020,16696.415959796923
78736,14413.932159195305
101207,14360.783244709939
89767,6745.363612666022
105747,18200.108438308784
77828,15729.80921258298
91572,26447.878972966977
88785,14222.503347626722
76972,28652.26225931471
76362,24416.434464587466
87572,22048.176872484753
82399,29938.63084788321
93833,20257.49774844194
94597,18055.936997863813
86551,9165.785913706377
107163,14556.056177892915
84085,12786.311141030988
93349,32681.987153136502
99389,20069.830793778914
80970,21277.905455474553
96279,10394.32685615914
95329,26187.497085354615
99228,12197.846004536283
90184,16961.536034620716
107226,15295.329765348564
80769,27047.530896549455
80742,17853.00438239096
93650,22807.133737034474
107530,25461.964307307033
87038,11121.583533004286
80146,34452.70023036105
94892,29883.28368756085
107150,18660.206155195614
77880,33774.17518988015
100591,6727.580083444305
80919,13481.007029453864
84533,6544.973749596365
82006,13208.358194310587
83592,16364.436230348092
77124,21569.29551338888
93924,18861.4211077748
95528,19545.211178107154
105644,13729.311739201898
85662,16491.74657570855
83079,13194.892011618682
106655,11834.878095521399
96517,13139.233313996228
80260,35069.425274641006
78203,14066.1950539316
104045,20606.764188918303
76147,31985.819048710247
94260,24288.940006521443
101648,12088.220163056814
84725,11380.339053241427
100099,11480.33258557409
79381,8410.868315646318
77511,10411.321757464488
78265,15717.021228482914
85496,10038.865334591866
77336,12651.504428359536
80330,32461.37312397674
97617,13349.211515078738
94477,39490.4662885816
94881,10354.256228585764
76653,85383.96866380195
89023,17255.20345706157
104965,17690.87079003204
79637,17391.373632830266
94018,19224.230118743726
76481,12152.43996042138
76139,17730.17290499438
89662,15632.005813571854
105654,15427.528036377427
101555,4278.750073142707
107636,14959.045119564576
99722,12295.69271532641
77887,35578.06188457295
83236,15898.602668407762
107964,22647.006624812093
108137,11576.19667329071
99718,20003.86063362951
86701,13571.36315051866
77077,17635.359272967264
88040,28727.159949692814
78583,16096.293833992273
85917,12314.29962520604
81283,22194.63929336677
104304,10574.9742385912
87081,15025.303839516215
87129,9121.574170549231
98111,7303.076862823808
76125,20805.99028010085
89395,10973.98356967823
105028,14537.049095529122
98036,12521.367083378354
78805,9526.586243218519
103101,12459.178067702924
108365,10200.411562964582
103367,15897.34483653099
79524,26238.787287789077
96079,30573.56582211645
104361,46325.169390456795
106133,28972.217853091533
88514,15667.578980050392
80511,61917.37242613283
90340,10856.27624696548
105563,17666.276950191863
85987,15178.48214550582
88251,16272.524307718675
104270,18208.52396762984
100820,6989.863412912627
91061,23989.43445618868
94348,24397.85996197931
106956,23261.326019182143
100858,9686.135468793236
81114,32078.69112340901
103100,9554.665861181456
87787,9882.593478850846
96168,20656.105238777858
107880,8962.689645849776
79423,8762.67320888747
96948,8603.189129668695
99709,10920.540321269424
92562,23202.41093398043
101684,10978.045777683761
99037,16326.37525333499
89129,11920.891315008288
78722,15608.56067047754
100854,13127.923430753199
94206,21821.21825996225
107045,6536.116823580531
102537,12250.272967022052
95597,45907.02789475832
88680,13350.843825992148
96439,19310.775035714338
95466,23297.398254119005
89104,5814.75193798099
88224,10025.113966811863
86152,9291.5916743395
98291,11808.901090237288
106901,19090.004825422904
81783,40489.461669895536
100932,6873.570586702619
81607,11409.79448858102
96664,13345.335862366861
87553,18358.898293452577
95513,31340.97297879081
89899,15743.634330098042
98891,20599.85598761907
107167,9897.552114818522
77353,11104.949684283934
106280,20600.214690736
90874,6894.781534271115
101248,8275.00084992182
79805,30150.227360013603
106429,8750.244487606087
80749,30461.275273460167
100354,8792.225539769142
80249,13736.53904371545
108135,43099.22960364969
80931,18276.638021546485
107899,8628.967217355486
106399,12255.034324624503
92635,29499.82541022245
99128,7518.460964552096
83388,10280.9927577558
79225,33609.69303365183
103533,7893.571911221978
103029,13215.000153532606
107588,27990.320879716557
92646,23418.177398120333
95432,27797.094692890496
105377,10356.938262214613
104914,17028.576112634993
103692,6589.588536415344
90273,15915.999961364101
91496,14555.995365566037
90243,30796.038333155546
88300,12309.516645872562
87519,12306.767352301053
91612,19483.006552738447
101939,8852.30761724865
91015,28834.967981339203
90181,21934.129276811316
78441,14832.163929501146
108389,11312.354702253593
92627,22938.466805416185
96927,9450.574524080192
87730,10301.230735369913
89842,20258.471829349688
92971,17374.32358450972
85556,10043.18748051875
82669,12907.018946919203
96673,9573.717741277285
79153,38296.61378735055
104675,12530.243396341895
91062,22858.758415684817
93779,23777.37268839102
84248,19729.29913300027
85038,15550.983534405954
87003,13949.268956997377
104951,13345.404998457754
80530,10332.316506183148
83785,18266.241759458622
88812,9059.898025527658
82270,37667.276736030886
108300,12423.11423762946
103880,9679.940644190714
90507,16464.864222966076
108049,9394.908990918264
77105,21564.753657636335
86615,10111.180937575626
86494,8061.551415271445
103184,10048.855134791258
98599,22283.57588078362
104375,29223.261957159913
107205,30330.37538729739
78844,9722.661912002532
99780,20343.142905075718
88969,9066.54231192648
95137,43488.14759307113
102509,10589.064694800032
77745,30743.484724107308
86566,7340.1930874835525
97877,14142.717078761509
101765,6300.451753070857
77886,10893.010469192574
90185,8963.938021911616
104203,15982.429577355895
85229,17061.721313151997
96143,17928.054336977628
88575,16405.120609823392
104096,15654.1492140027
90161,13419.791376374966
100702,8184.473365081619
91390,24541.815057283395
94518,18265.262283656535
95365,14872.026977277714
77078,10134.92042349502
103981,9685.80858303202
93049,21294.660121125256
104932,7443.865864719041
80929,20931.629452775156
84280,17219.586010801555
107619,8944.437153759007
96726,6340.789474761258
95122,12681.128504055972
96286,27270.56802495216
104463,12246.297610643109
79669,15883.586009876748
83751,11381.238012047874
103686,7718.9563960995665
76601,28696.258343459398
78424,29693.350073413832
103522,17201.29434638713
96181,16756.643439157582
106896,22241.348897335363
103201,12070.228369021164
108472,21376.384118914397
96100,10404.042668411832
78149,38028.48065588547
99046,7979.407775059131
101215,8610.013319979322
95675,26523.092685346477
103753,7878.836688592572
102010,12949.300750244516
99789,7959.413016876724
78760,28809.887513669204
88270,14785.975719747592
77169,30853.920098689032
94033,41301.584881326555
96304,10321.141808154143
83591,9471.46869718839
80417,19600.696674064046
87101,20276.176544375576
91487,22627.313724794418
107256,33287.18259117723
81695,33819.972827335405
104760,6512.710451320083
86668,10715.565105155123
106007,26814.887679078343
94726,19317.302919059384
80940,30659.632840240418
94574,16193.262096145038
100505,11174.090626028017
86383,8254.45186683061
95683,16563.839816747422
79982,10733.167004773259
91488,40602.25875791216
79556,42415.916207066024
108183,15904.543467167901
93993,32876.60500289377
95976,33925.38259856617
98574,23993.813329812117
94825,36640.93008491811
88397,7097.771625866825
84250,11245.703714101417
98593,10053.427690925844
98330,6596.834090169059
103350,7022.9846970809285
79640,12632.26844319495
88447,11333.803666233815
97515,15368.91556569756
99951,12811.173601549111
99333,12466.955178486001
88755,6125.641863197801
86184,16322.539580647057
79396,12799.228827570978
86690,13484.96003503253
84172,13734.053746278492
94766,26139.736053730798
95569,27951.913862034333
106158,13600.692688421293
81339,12514.426479392301
93286,24127.222500929453
98950,8172.898714642189
78868,16118.830609787057
100793,7291.6485356199255
90095,17742.96890532582
77269,26233.315714777524
79615,23210.80157538432
104050,9855.543231132659
103961,11945.13106083483
105844,17461.37594161744
101832,6628.979015894668
102550,14451.502112645732
101434,15779.269286834442
101418,6756.089896603792
108042,14482.70927983709
107747,11170.724285787523
84521,8381.986239038557
97615,13375.321569213249
81424,11081.622630557493
99517,8532.380746785582
86658,18529.078958460752
91422,19467.516621362687
83839,16122.769472417527
95100,17132.055199765116
108425,16508.620418809176
102439,5950.7839728386325
88840,11835.44143929201
90580,11424.996189777608
85770,8862.228259781197
87728,19271.23730263719
89952,25305.344717952095
97315,16639.657919877496
85711,10374.829554593689
90358,14559.19895320495
102929,6955.375325897074
82447,7546.046284295975
100245,17182.549030560524
84784,9275.678921185598
76465,14921.858377393675
87664,9875.595746952189
105387,13340.70981663236
77089,17953.990134980537
81610,12252.73698335635
81058,16256.28250143445
77730,45778.66831963589
87459,26545.119988522165
104036,12140.560093391892
107145,16276.0060158249
82326,28433.266906549867
98946,12141.345094198683
107053,3311.341530756136
108371,16702.508477911575
99914,7170.61959623956
103049,15819.264493570197
108509,12439.422644853501
97598,21814.415306501774
79617,26524.90558285333
95140,19938.142264161936
90323,5150.888530617292
87974,19161.87816541799
103944,7680.723982452041
103018,15779.269286834442
87158,11026.954281014529
77669,17861.186726770702
98042,18014.61775626658
78268,45126.68649100127
90767,5964.999930328059
90669,13648.484319098132
81912,5541.7954705115
100120,10930.031080054967
102601,9214.410680765084
106911,12237.155393412975
85941,10735.808400298321
87006,19557.49254243761
79286,28165.682193663968
97138,11218.77694862483
90797,5789.909695364583
100707,10322.84737352219
107334,11707.490564257425
85757,8835.951989630052
85888,18938.573897577277
99962,25227.476792355013
76188,35234.9839925779
99064,24434.07896971749
77045,31248.33350581868
84655,9040.442697879696
107154,19995.63104694167
95840,13588.345925801075
82979,11169.1048559872
97459,8306.136717323714
89352,4160.94402926467
98956,20140.202525965688
96121,18083.570183137097
84625,13476.539080220176
98767,8461.302122841722
104355,20506.693054761396
89678,18196.950791839256
91357,32741.599007230336
75998,14421.09459545031
107603,13204.342018729658
86574,10675.454990810409
83632,14011.995255690439
89374,16322.108200453162
81663,13831.705542611131
85717,6608.323768195768
107272,14752.028772537935
106265,2862.472732420926
99040,17385.784116243056
88694,16782.67434973781
85144,16544.992283286698
86820,12181.906000231002
102396,9076.864747188267
87881,12543.467164237485
76603,13676.918276961766
100941,9458.261285692295
97580,25986.584224953433
106362,14809.085011064664
84680,6284.126736968157
105064,10142.046080075865
105522,17619.39487356686
82587,14875.887275627287
81216,28946.370393186873
77075,17581.94270915877
95633,17168.304250148612
97702,7383.183992395829
106735,9708.575641129839
78177,18605.8999506135
108495,10193.91976281009
100743,10222.406139641134
88876,2341.0418983186555
101192,15279.632491409258
87450,11427.620795538376
87281,10385.71674696512
89740,19098.961766822486
91037,16679.231704974507
88485,18837.780619574598
103760,11423.197048975733
108527,11827.19238451746
94564,30764.961924798386
96909,13579.184606239112
96759,16568.373842581022
99752,8279.064998188263
96075,16898.68735774876
93329,15470.024944530292
96936,26123.94396939649
98873,8178.148964969729
90863,11698.154673407334
76692,48277.23628749774
89812,16412.65717384279
82128,14172.413342987584
96066,9473.067815679207
95160,33791.53887158413
94923,19985.01002530777
79998,19767.77663739615
98555,19109.147671244784
84197,9777.44836117368
93881,42920.64980273498
96420,10614.447713102061
91466,10033.502809304075
102246,8900.772861693145
95149,23019.72625623252
92066,32016.1111865671
94579,33947.59160588588
81791,31253.762624311254
87929,9086.562918451851
79839,17225.218063644807
103708,9890.297138561113
78718,21428.941072958907
87840,16196.285603264836
86316,12483.372983308333
106118,23194.191785827858
87923,9612.912393182221
105417,19777.614359471758
95584,26452.905926164425
80187,8665.994904110034
96280,18265.76139224804
88069,7172.5203485763595
102826,10189.957127200629
91166,19932.770223846008
95616,29660.148439694578
77374,28484.108305597856
101288,6239.6840332485135
88801,15760.328710311427
100060,8100.332337920452
97336,10691.097664042281
79226,17043.371259271324
106287,10413.573192336804
95018,22165.793309116987
78131,16117.438886354967
84551,19115.485062714877
100445,5680.5912634894075
93031,20844.456840411087
104415,17139.414474981895
82984,18390.76654474592
104242,6977.300204580987
86170,18210.169800350777
79814,21080.851319480087
94172,35638.07450010777
95530,49597.862808931764
96105,12962.962432711374
87822,7540.021262199667
78073,15727.648999399502
106610,19267.413431071407
99065,9651.382769434878
77646,55458.426080519945
86266,16678.12882203256
80186,21116.67572069414
102645,9406.530194487726
83453,16572.47995632158
93905,24158.744766167052
90535,4395.233977005089
103695,12689.824891317063
87488,17568.663833549654
84520,10404.862160368302
97541,9931.738570519066
93818,28309.82169244088
90796,22636.838390969893
92896,32326.879575174997
95577,17076.890986694307
101488,13878.311619767643
92336,24636.91940137386
98826,8607.932887654535
99527,13651.949633199076
90582,12727.739584621046
99787,19507.47638032317
107806,14772.693554915264
94108,19894.188380324253
96333,9776.903831716409
100710,13820.905275937885
94129,18607.30336454563
85361,8519.638564007315
86043,31828.34713166548
86833,12937.986276458323
94373,18948.96594521093
77978,27010.980828167194
96250,17536.226433936357
95594,32525.18186860563
96781,34368.24580952729
91860,27774.46469968037
91206,17851.674248742136
102627,6993.680180343599
89384,17079.46793666665
100945,10151.005327106388
103337,8227.263173745881
78230,19993.977742299787
103814,12348.885739941199
96429,12562.04300870434
81547,25264.84192522067
85056,23055.77075323298
107758,9258.152488073389
81328,22787.84737845503
100775,8699.51092168772
82066,19172.81829460013
83908,17290.590531572583
105323,11041.518813343699
77492,16856.073714538637
107451,8106.104748739484
77351,10550.391544008002
98029,8184.510688075457
101572,6913.418802802543
94944,27956.96713597574
91179,29343.91312883829
97780,28431.537321567248
97978,9626.292269348041
104953,13749.645651456776
89173,18795.894822048733
103406,10303.963882449405
105570,6689.534949266088
81815,16687.66801406429
83095,13267.646721504332
92184,23126.89582276818
88793,12045.122606630373
81805,9749.191217112495
85794,17008.48203304319
97245,27033.56302268582
88691,10028.254110923406
98261,22253.763179638896
76495,21986.493851710286
100400,9830.784806579144
95964,34493.864392153766
101477,9539.230809953226
91345,19009.084277470054
76207,36030.4039972922
88153,10782.909958640872
96153,17537.19418649998
82291,13306.572992877025
99451,7588.402661117741
87965,20297.980812024798
102559,10014.080111233428
106147,9384.223362396595
77921,16927.399433794333
82334,23266.202065667196
108164,10902.895580672077
106096,9716.3815175272
87657,17224.879160220065
98448,21836.740679806502
91900,19221.494265509882
103220,10683.894158068706
107077,8906.5346445822
78197,11076.858580400161
101655,13158.615351261567
107006,11437.295988115946
101367,10894.58575568736
91219,26731.739054259364
92182,16217.337328914453
81544,18290.746539428146
80496,21087.494351977042
81766,24442.985820982107
96589,9109.684561284223
81711,20837.010824738543
94981,21644.693770548212
80701,15267.129273192313
83791,13210.30076545484
84832,14807.733752153623
108407,9607.414703245635
98308,17335.65295144416
101437,7046.349801142014
91248,34412.28821020658
104100,21091.448160366253
78410,30574.759705825207
98413,17472.219974143376
90060,11744.479035976545
101366,7983.2446130314065
98709,8676.694641484124
102890,8538.002493045908
87962,13376.712576002119
79140,15289.076063427628
94166,34535.38950641924
105551,10495.029888904879
99518,11133.994266177844
101813,13913.42372341577
97443,26453.60949849514
89725,7997.040366545557
100115,15908.605014189403
91893,16494.39360825354
90000,5946.934248620626
82989,10951.807500119061
89359,16207.945294906891
91971,44764.112670641625
88614,7959.555455915881
104765,12228.691061294703
80918,23962.776827890335
91622,17344.505076169207
88210,11430.06441594213
82019,55553.296700359795
85200,13323.597978716238
81558,21921.51185207334
99276,10986.302946513435
81563,44626.53916560003
99583,8838.684034083875
77201,10571.765343671093
94664,26747.09240115308
99203,9098.210277382823
89314,10816.34553615033
89306,15254.136169053785
90716,16349.873367122513
84217,16851.894426355324
104655,20748.455070656113
92210,20631.41240537379
82528,7546.698639484477
91346,45980.789483880806
88118,18374.276754768558
76132,19817.102640314213
101208,11461.080229583527
102136,8099.133342180962
77562,33804.24523129627
108283,24330.617520616463
100008,15779.269286834442
91342,38196.464156389295
107698,10924.613004851328
81538,11867.232985176022
99044,14857.516373360691
83163,5022.419221349952
105124,8624.839942121882
86549,9204.748640481275
91034,9614.830712218969
101853,6955.567230757863
99837,19812.325168423653
89337,9390.839497311992
107369,8668.226952001649
77529,15228.34555170544
78801,14971.206064940545
76409,22581.821956514497
98146,8791.977490659505
91565,48573.312874277086
107994,22805.71240355087
93945,27982.188541386535
99755,11056.830805919399
78753,27849.88322618575
79674,20869.94169810679
101599,10703.55151892343
81659,34520.65452499882
96322,7179.753017379356
80700,35149.05591489364
101522,15779.269286834442
93595,27067.9268476725
78924,19002.734868268337
102891,10703.55151892343
107611,17528.98884896577
78528,44533.17478346254
86323,16172.17349966959
103910,11431.154435855244
93854,21459.889360822348
88710,7922.26026072386
82438,23021.524830618324
83328,14736.193540296164
91690,25303.466940564464
83796,5823.995911810915
99904,9617.093940096313
100270,10816.386596792625
88422,8153.6033066797345
102971,7633.810790967918
106161,9828.320381082178
91244,13986.90888480118
81158,18839.65345674117
98004,20191.348771446734
84522,10649.791589990888
81215,24078.790704167444
94487,23204.33629135164
78065,20398.368940519245
97766,20935.955269502625
86180,12786.71270570303
87921,10307.168080466065
76160,31647.759024530464
104197,8208.78538733284
100295,9069.220032257119
96012,13722.293337693487
95783,15242.302151498383
104527,23909.34528433098
77354,25426.089228451405
106062,9225.781043421237
84578,8843.087401281971
99784,12730.138542045283
91716,22327.28681214638
97394,13652.738225200308
97254,23127.43420051721
87501,17730.2973565921
95532,15492.389777163506
91011,24548.63063940823
106069,23375.097881690603
105103,18185.794636152343
84421,10464.66915227844
87363,5840.386827170324
108379,12790.487159207985
83268,10381.834384549486
94592,35404.947348543916
84041,14006.511494551123
88908,20001.793271748767
85932,16317.96768265831
96593,10309.596796110407
106195,10452.056491415051
107153,32485.13425772923
104500,14479.034974933666
85737,12241.26423129534
75997,10613.113478484544
79336,33477.526400728006
77061,39757.064572960626
88839,18473.97664907737
86859,9087.612103526712
101090,13317.761506722845
87563,10277.303717271401
107188,8521.002450370539
95198,19109.78873342104
86476,16093.965239073948
99894,24043.849756561347
88279,9955.368566901336
108121,12314.868596914448
99827,13267.923052441547
107457,29675.730745831697
96509,29800.351895716973
101858,9348.057840890555
93052,24549.10808782559
91879,26506.491392070453
107229,5978.671441367056
87917,8798.321453492972
82310,9893.549221297426
93584,17095.05135259071
94356,3196.132628519546
76249,45595.71080531645
88386,18306.0467354401
104406,15431.795207757566
98286,9437.671705421815
95310,22335.664836395914
95994,21973.726915551117
79879,26271.384282579522
97135,13107.399566125558
81818,28576.998680155575
108055,19073.232356170683
96474,31502.436032037927
104358,27210.63443536389
77110,11286.493508940192
95124,10834.32025051142
100539,12947.995904975014
102883,8757.31697812618
94081,3804.1473284856647
100018,9050.7152156694
101491,12773.81740788425
89297,18858.2974920529
99337,25299.451047455754
78463,11381.136041499516
97799,14140.852781688023
92138,20470.327664216056
83715,14874.517323343065
90455,11256.529843938964
89100,10996.127675673064
79908,21935.01827538517
91045,16402.039432364912
78357,14743.003550013113
83989,14822.39368397886
83057,7661.781764280702
92472,14696.095077470762
77836,7487.623702969969
91661,27395.065520103464
103107,10971.594877327958
95476,28646.010475732997
96615,13809.104608976699
76337,59370.96604223501
85067,15286.354519465687
95176,16201.504333978144
104450,25009.88979663959
104227,24408.342740523614
94327,14918.124730250558
97056,21617.34552996034
79775,15518.00577106096
91282,23903.290320858043
98425,13706.168706140266
79509,17775.944943571027
79798,13481.385242410048
82615,4511.7799434195385
106314,20053.673436434216
88964,11115.329342174007
94303,13917.580560440163
96851,8576.670713563037
104465,11542.719546422186
89500,12277.842031366274
100482,8786.717854196297
102159,8654.126528442883
83242,9815.763772724416
104780,18104.83149003888
83902,7367.2245767086215
88955,11670.185359825471
83139,4270.598235156061
88842,26447.367902698465
99320,7452.598123091632
81840,26465.109898342755
103216,7186.883966171924
80734,24349.029229432705
102743,18377.677246698237
76855,25275.658312715543
89866,15244.452589314402
106171,33319.92886893407
76530,12372.862180762639
77933,11306.370747669767
89304,10661.809550890308
77180,30372.51917290581
101525,12382.96309338375
83657,13979.507762758542
92832,19361.93067997276
102059,13853.343664844291
98895,3089.9651844575023
87994,19003.162325702346
86458,10178.018833620063
95568,31331.88625391374
79603,24002.968118654637
77681,13263.337545406795
105596,16981.505501451524
100815,7343.006156337082
77113,52469.91689901149
95519,12430.063540358264
82180,13607.175810543476
105893,20114.146572739006
96087,6099.019097738394
102458,9923.191922343534
104637,18359.344449931643
78633,21018.884017516673
101205,10703.55151892343
90825,6051.502699982503
77280,32011.757915878326
94924,17020.559330524957
92185,31187.725045023013
101547,15797.883724738413
88425,15210.858241036589
95191,20687.20001244537
82878,12612.163457653985
87900,15323.418972070382
90045,6814.105059753644
85402,18386.604773125662
78124,18956.364004270672
100374,9989.970192285988
96192,8464.285765580538
108050,40610.03036787556
98773,5788.778658411519
105534,8703.633121808396
89256,14565.085102571478
102735,18373.609444098045
101683,10919.086233581094
80977,32539.6999251358
98983,9527.723648031615
91969,49590.52008234904
101852,15693.486890482747
77600,13186.11141856978
95813,16682.96858098589
85687,18413.248733599925
97288,9120.858906953245
76331,15974.61843200355
76111,19320.667314458453
84464,13417.346439048797
102105,10688.749790162781
92739,44667.67327455191
87154,18083.755727709155
76313,8882.509798548443
80830,14934.753024210566
107419,44572.49772163057
103729,15900.373074491356
93796,19759.995406220474
85542,8217.769253035838
89838,17578.800865979938
93303,17139.961205665983
86555,11015.723137641357
81471,21887.750309824525
97273,30156.67964027837
84529,11901.631520137871
86886,2186.6095548069648
77905,44672.779032282226
78325,13505.887566791418
91821,24276.267684605267
79209,17646.77190926981
107729,10547.64663045664
88328,9930.74126426699
85466,8579.53649663962
105634,8746.122691197892
79780,10837.675220411755
107271,10944.086877197624
77909,26175.930774720153
81592,21802.817338600133
90946,19443.860268374337
96511,10943.97435237759
101345,10600.725720063148
94773,23221.779007837107
106754,41124.36127856125
82112,24315.076726687403
76758,26565.07960819485
99146,19353.882604615756
103707,8355.464671812799
84009,17711.919367961353
84288,13636.078510284886
107688,11867.064751726846
98025,16746.121027237907
94529,26041.71564405864
78142,19176.98200952744
98985,19059.88910006391
96366,18081.4852734104
96697,8549.588096424743
93267,17450.92826732809
98625,8211.61206345532
90111,14489.663815326898
94666,27536.62397988421
102390,8009.929976917401
87799,8699.797770210555
101806,9227.26877440776
92319,16807.512203010992
82564,9771.39122427438
80431,32852.65230507213
90298,10406.94588856522
83570,3461.4531207926575
85343,15611.023703247854
104567,20201.38939904679
107481,17425.833236508624
80625,17997.919249696228
98575,10455.150551899946
76415,16315.343677250083
95772,26366.51861901858
85564,15907.666948521199
106489,8764.076158852014
104520,8612.382098507196
85622,10389.059303196438
104842,24866.947866164097
81717,34470.62604223566
91720,13246.004690044501
93411,30940.938675452966
91818,38485.24635506447
103824,11817.442510276185
106453,17687.149075116795
96056,23345.041051013828
87924,12919.961871317008
76902,26772.72455102839
107200,33117.865644872916
98825,6095.29969516786
84740,13180.070454929186
94186,34647.959305004566
87093,9191.428121229987
90703,9326.196713479269
87711,10496.567607297942
89763,15040.400708677053
107087,9770.52803851097
97903,11801.531167646623
105393,11075.66958259558
77984,18171.576195811896
93270,29929.27051083207
83584,12413.355558462052
95630,23857.42520019403
92001,11564.914114497376
104596,14515.756541143131
108196,12990.818716825708
94963,16925.983624580596
103813,5880.787747706416
97285,10792.272216984577
102140,8402.760651352883
82537,2502.1261647326837
105396,18148.24566922231
92363,23456.89119249632
87145,11162.54310076701
83808,7368.228184955799
98940,9253.036061709146
79334,19784.055041547148
88939,9512.227040366233
86108,12377.246007074189
107513,23876.84987181753
93992,15765.26766015052
77114,16122.75305436944
106247,12583.699359166016
106460,27886.851409509756
90980,23820.43565989699
91407,43421.85898538326
92716,15737.026789942438
94427,24538.99004526055
79107,40094.58663935106
97517,24842.751706278315
82963,9894.003267468974
95600,19214.27029096911
105627,21397.29212440211
94599,24681.854631182283
93831,27116.790000228175
77796,23320.879291977777
86054,8969.09799337343
103984,6900.541220669459
79232,23418.997765133143
86186,9543.29039763876
79993,20211.1466466387
106645,20002.028592920742
100923,10698.46106916717
79473,7018.826212664583
78631,11665.212742903706
98920,10863.246564869953
93487,18678.466701246994
89722,8335.195660784113
86489,9254.659171393501
77792,34757.23878268144
83434,20581.584991000047
81597,23168.35530529601
93788,31410.777053020724
105929,11336.205941502323
83037,15980.125660759813
96675,23863.354393214624
85315,24919.940570257724
88309,16587.081252217595
80642,20832.091323345696
85401,13662.49896000571
81449,13609.917275492773
108274,25492.74497891853
106544,7087.23753570814
91643,41526.524438077555
77829,31076.786516043445
78255,18320.951738994478
106408,11689.241649359477
96365,14527.059743848278
89365,13986.441803740485
98758,13679.96854149397
82412,16876.95430167647
103970,6076.794051719714
82004,27491.723604824587
76359,22448.78919070026
77601,22631.020185802736
87750,13503.72684175022
103263,8078.277092643727
103050,18831.645123731243
106203,29613.69971473819
107465,26284.998356559012
89824,11309.780622394517
83691,13111.909912962812
83517,12340.79855009686
87354,10894.67231267912
80631,49034.3293761793
88470,16084.70192027085
85074,9806.748333918724
106338,11115.254473771223
86031,6389.873018566952
77815,43618.20916592549
94854,29775.35303364816
92558,11699.547779224213
105202,8245.774198929128
79841,16187.653669434301
81027,38828.58755339645
81862,21935.078234945282
90349,16370.010527082517
95059,33255.30025759934
100279,9144.325347290445
106984,21972.701856425098
92688,27006.84703770152
79781,13499.042351506454
105426,22403.153915027713
76908,17951.548445686472
86624,7681.900001399189
77747,23443.746094198304
104911,17861.033922665792
100968,10445.598349452817
103235,4137.143395761531
79717,7715.13996038532
93346,15703.785643312032
81416,53043.210543703775
105745,16274.766607930116
89942,17781.322824925584
99350,19681.40572578015
77848,14718.33544402258
98163,8586.30613715108
79733,11821.334624371711
106417,11394.284509042087
98931,6436.811065210657
79025,22796.564173110582
96098,25662.57288382763
89627,11835.48652038394
100722,9106.742279053171
89119,7438.750383227739
106445,18769.418068214516
80588,15272.420765996012
91785,31783.72886758564
79294,15358.34656648089
105542,15439.322762104299
98603,14578.3036920756
103921,7612.167833483049
98405,14848.076843431309
79284,22397.862314354887
104738,16863.734417326497
104623,17090.20137275754
105041,10914.223717139186
107556,13946.299577749402
103553,19534.76204645025
88716,20222.42261587614
88844,9141.26697406643
87568,3625.3436289039696
84183,15561.061386462245
104240,18169.726933898084
87404,13165.29016373905
95985,14961.302154775003
95986,16431.796506114177
102723,8390.013288256749
93713,26496.140903933807
97359,8576.77952269073
91991,20094.08901700327
77490,20752.05023891131
106975,9897.171407574064
98180,12929.625036938907
80465,4800.0065868786505
98027,2212.7966600159984
79085,12938.27010679788
92539,32067.927500482267
92267,24788.926767922094
87807,6083.042109699215
78839,12742.391714897742
102361,9723.091547333395
76828,20448.818178757083
105914,25428.521628835875
80885,36123.61873488779
89833,20613.540088310405
81436,10586.518228563013
94157,24846.744802485853
98733,14443.160507739198
102978,5350.960201999312
81455,19455.607128900498
88578,4616.111645929639
105743,11964.788169161198
94325,52676.81503473812
79801,21479.07647211385
105405,16327.426020920839
80670,25378.917902870628
91173,12051.78695053169
80960,14139.30263921838
80623,36922.525854524596
93516,20355.5116264848
101762,13708.49299415125
104665,16174.73059642872
93682,28091.105637943194
86261,5129.847757078695
97450,8362.137254878702
97153,9715.476777180707
82769,8534.5966261291
81781,12103.20452425638
108329,10913.667910479542
93812,34262.71494413074
81383,16385.169030899055
84306,9496.626649235988
78773,6493.804849470336
85809,11886.368502378205
86305,10316.796171571497
88701,13837.61490767184
99973,6643.196549102773
106851,11544.470580471396
89751,10360.047835411588
83788,7601.286405659351
80351,13730.314291093842
84894,12681.434950581586
97232,9468.285872948332
82689,16484.33080320569
102485,12983.740647280978
96093,11453.176515430923
78234,47115.49483560491
83402,11285.374914503624
96362,31333.3246466287
85275,10064.350119905928
106895,22869.908972417736
87163,16546.21592072586
94751,16077.018051662586
93542,18720.368411551488
77980,21294.041207485265
76166,12659.66760104716
89776,13435.8384889593
106767,19645.537615436893
84743,17395.571166657508
92273,21542.739964832163
97882,11656.388953692445
76744,18618.8298570339
86560,12956.441674864358
93835,16646.815794918686
94203,11961.414139848124
88439,9884.308488228347
96097,27883.41525338582
105131,20236.94857634115
100343,9421.379490763069
90841,10994.10479626824
90540,8730.387574409871
92762,23115.579218545143
107805,18501.09399470463
102622,8600.196411132925
108073,24805.660983152604
86061,18824.675070707843
92883,21445.065764417377
82290,6095.840105233725
87824,9079.78115498044
82554,15924.192019407541
102928,11366.799609013164
77420,16535.447775949917
76315,25195.69092026236
99825,7870.118677393452
89292,10495.668200723361
87301,4470.74978468581
103076,12240.777672937535
93084,27986.539056021167
96934,7654.545327866279
85141,5848.655698517544
101607,9901.30537782146
106992,25667.34384247985
95873,24361.96377211385
83341,5220.91387172524
78017,23694.319229054516
83129,23327.662404194398
92261,13101.691950891605
83824,17058.92982412946
86151,12517.903547315993
88105,12662.073145379441
101848,9726.27856274482
89588,6987.1546428725005
93705,23300.495469058726
93017,17680.1898510285
77465,20259.749722084973
105484,11900.122916378456
76751,12244.128009557551
97511,12736.603634533321
102864,9911.065563319014
85858,15150.695874915986
94836,19849.221136229047
85250,8700.020179739471
78497,22871.845526550023
99540,11811.04381580375
97147,28896.60427084607
81347,28527.679541219324
95555,24950.52609363635
98074,20905.988937197344
104435,9677.95003222795
107097,11985.061627644322
92205,14147.281969750533
90822,12614.945721999455
93344,11508.19805869947
84232,10917.019767051672
105217,33675.08177493597
76013,26142.226975935122
102818,10429.213237131038
106541,11864.34385308871
87213,8562.97614311646
94119,18431.711997522438
105753,17229.486085247427
90397,14963.59901976557
87612,5862.386287230969
82789,15300.418252336565
102916,10302.020819286574
104561,8595.386296155688
105428,12539.455445940443
86677,7937.274532635413
95080,26956.485784188775
90113,9352.235411465079
77433,22397.38959646205
106180,20197.752650433526
101692,8342.248218636158
80466,4341.895125253509
99512,17592.32397155749
104554,11898.133997817335
89047,13854.871643350381
93888,28750.08828977909
89659,9597.497964404896
89920,8682.431473968007
86975,16049.354110038237
91405,27061.52547418343
83203,27976.279383500634
104338,16139.48765241234
91659,32304.363957133322
86385,14596.58326312379
81048,15849.820665359786
102880,7661.9773863140335
100237,10819.903131996682
97751,6560.67066357102
85614,6483.109539466889
106145,9362.002530973969
105955,9887.599538769951
100146,9789.943147873562
107491,17373.855021806245
80061,17612.624637223496
94324,27219.00340926433
97114,22881.959020130216
106600,7758.782205890476
90922,23352.776122956082
80222,11318.822666261443
99356,8630.636921211477
92780,22292.288983561517
107380,8423.406378751048
86069,10510.835724104449
107753,18423.966374232135
97983,11161.477232926916
88082,8674.143000328833
82115,12561.758423148578
81634,16290.870796486379
89943,11867.816981837283
104167,13663.76031815174
91010,23081.56986088743
85004,11675.67098059743
96953,20137.951332656994
78632,12888.407144326715
76114,15173.884083562758
78570,12407.277922378003
82674,13021.659301172025
91196,15541.02087279667
93734,13524.859855204617
96031,25702.22806942964
102015,9255.354351850698
108372,27831.10356756044
98719,10006.059537603625
83391,8723.223680200577
97098,18736.61299088271
104357,15075.03942965439
93495,19463.615087902523
86422,17621.28076308778
99731,12851.9403371992
94144,19142.655505773742
88103,8160.8228716007925
105199,24899.862214237437
97003,7383.346615788358
99925,8636.270860333583
92816,15510.962648679657
98472,10627.523976500439
91986,14260.26599809981
84152,7756.2519784524175
87538,12746.72420069246
93305,19691.26378185186
104249,17143.437422479365
85501,10672.259462267175
82343,27051.70704306029
80601,33712.68001934275
99715,15334.451885454098
90451,33942.263545377595
98282,10326.882925119411
98397,20585.008751622005
76414,16620.5784592103
99016,14246.66106403178
85767,10900.457826405182
102787,12102.712513317587
101188,15091.39571122926
85019,14477.332534756579
79803,11837.832713457265
107582,10243.266356560755
98501,9052.463226813283
107021,9216.273988946956
82317,21211.243521334738
105678,2774.2875879855937
77931,19251.71173051038
101619,9235.03275552757
76128,17839.26337432511
86460,16242.112801889494
106084,7355.8999380583555
80551,20234.379646556892
77062,31099.083206602812
98406,17975.21612181903
103489,6053.733402192661
107191,8897.588589054405
88549,13474.294920358128
85095,13998.384674442252
83923,15911.28315515789
87074,15758.35387012927
94031,26039.934847924906
99120,6277.7928349971735
105824,13290.801538480917
82389,40626.251968872144
91994,16010.091446165103
85060,9106.296362508752
87412,19616.792525411805
94683,17601.89982747165
83069,19923.07279707075
77071,28882.420534420133
81406,31678.36293107176
89203,10622.529489793451
82423,10379.5960772544
88301,10998.201192986597
86758,9443.444297485701
94072,16701.50141372059
102247,9961.128246529992
101529,7738.391318370617
100738,10769.517726231945
101790,9225.519919877945
96188,8656.296129482376
98656,15824.333455349923
79321,12092.719844089788
80052,18870.394625082103
85150,15364.299856465695
102370,7980.036271620609
107503,20962.31539042061
76560,22343.0055712967
85319,10923.303830616796
89242,18694.37805355867
89510,6882.9600273892565
104922,22974.45078935856
86937,13761.419971535244
107780,50564.316013451586
102448,9636.057705639709
89648,8819.92901759055
95347,20802.377118868513
97926,9642.457050195071
104963,14628.036863851286
92272,17004.534392966387
76618,20748.79743065319
87722,11497.18381416271
85560,15347.078178267535
92621,26070.213875777783
87712,10693.110449071271
91009,32734.037139188345
76199,20272.787244342555
99145,26666.003865713403
103618,13908.551077356766
106072,12676.214343918264
102488,7797.10790322935
79837,22746.932348507336
102792,15461.04233339769
86565,5969.358369935271
98631,15982.833728330166
106374,43451.43315480273
108222,9027.063878450803
92127,20080.877017628496
96068,13098.378176675795
84411,11539.195578912188
102143,10165.318508533093
77502,21486.383518298706
105514,15444.99107147592
76896,34165.928553777965
104868,20615.490727931057
99686,13075.763705221592
96721,21505.5402070591
93026,20090.045055220322
95961,19144.748733859095
97465,12587.135991160101
86075,13722.730688266314
106946,11570.615852873041
97605,16845.99539219177
83156,19629.19211310327
88123,17618.29417263766
106817,8887.692376143266
103245,7672.178099526374
78564,34838.50371944402
81879,22542.098085766724
102330,10442.63218302106
98866,12112.654379958953
87178,18713.637294347733
83106,9611.73342326254
78280,14589.941638449536
101161,11485.752518113039
96047,12382.461122148017
93044,12503.06728814638
90176,34527.590151010816
76585,21992.278836163663
99524,22940.304232956772
97467,23314.86250365386
95557,14032.106282168383
102816,8223.922742931587
87141,13225.941168869438
82602,12854.34209833193
80108,24977.037828392662
77871,16848.5504455891
89910,7128.431597014222
76255,10056.62190708864
76231,52415.5065220545
87089,14286.801743422713
107635,15258.305235785281
80916,26630.64377576699
95179,34090.02857544547
90694,7879.744227686325
87504,19368.267911986553
95882,20585.247456584668
82944,8368.052270825212
90862,4740.325370768801
89494,10912.813875261183
81196,36329.148858855806
78258,26073.79868797199
98420,9157.714349025437
84051,9864.65780835711
97011,12738.786904878258
97357,6350.100142673798
82683,9747.049759589087
107472,9033.737046162887
101033,8461.77122923613
86376,19474.179701011923
97773,27127.629531255956
76448,23331.65296436164
94912,27272.660748877053
100444,12746.055641131543
92364,23461.273344411118
104206,24944.254078568472
82384,27279.585582206808
78524,30126.347551913248
82825,16151.001168541414
81519,24511.746610643353
89462,5429.404163085606
94783,27210.72915028686
99101,8347.11720926221
102363,7758.575999790793
107901,13327.247863463788
107950,30202.515041450304
94631,23433.86529401456
85176,9004.394677034941
93934,15429.277576679022
99621,3118.0791342448288
101616,5564.560530164189
86156,15361.439422944017
96327,7030.346822600605
89538,13719.253875892371
98236,20564.23402617292
92253,21331.743116002097
105896,17941.335972033037
97333,18527.705506080885
83166,19908.21433494685
96224,14834.154076136203
94462,22338.801222335842
82796,10254.861108818619
103597,10025.16994919742
99905,10255.726931251493
107349,15523.500578268844
76754,20446.34545427662
90912,26618.92761505954
108289,25421.82125766493
94106,31698.711207183293
86956,19575.480365533822
82492,7341.93243479505
81747,10550.925179684678
89144,9643.48789245536
85256,11947.251119266073
85342,9020.782131730497
108054,12815.719788133527
94681,28588.88073638278
86244,9205.903193244696
81028,27340.538657302623
86773,7829.9392598054455
108431,21196.740127760815
102839,9829.953147023403
77700,12419.631207478147
92967,22258.57197551741
91982,20031.451796595768
80639,11505.475729647496
97770,12762.079168954931
100460,14343.029543034123
100531,9970.841380400347
84508,10120.052579455953
103706,5096.28579561084
79723,50335.71052803327
88897,9453.039572100499
88695,10535.307776020401
87380,7064.695788814984
76070,23110.01652857114
99342,26625.507057958555
79110,18053.87230997384
89341,13441.980498212606
90330,18038.253003979564
93894,27179.92939252232
104137,5622.624141194556
89113,10794.690675835154
91150,17709.658873800094
79621,26720.21146852545
86822,8038.238542274426
104869,13634.166224905386
93874,16034.591172581544
77606,29495.249382451082
96981,9222.046459738769
88437,8148.085531968819
87834,8729.254152550851
98923,9248.131034363112
108118,23104.643618538976
94447,19197.203613778183
99454,21053.20598957348
82144,14356.0188642313
83494,13707.051836007879
76545,16380.52463733253
85852,14149.42241849996
107056,23343.12810071229
95419,9998.055684851548
76570,18640.651741241592
91325,18569.664996250558
98990,9308.951170594262
107639,13579.582556994683
100232,10883.298375211723
83318,13877.752435448097
82277,41802.45578151634
105198,16799.270047170132
107660,19142.522876233943
92349,25265.597853238596
105445,15598.742465441108
98333,12015.491326173254
100919,12929.180823280822
94295,30584.463753189073
105853,6651.9817566785905
100457,11188.514725443729
77726,15675.641019142817
96027,10337.139975682006
104201,11930.60402986805
105205,24397.78248636252
94718,48283.229082800266
96617,13306.890875942812
81405,10390.88265151082
98642,14655.448854133894
89156,13745.683946674584
104916,10962.517581675835
107696,30081.86329393788
87902,11108.992761435407
106870,9782.013821111872
106153,12917.456184486913
85108,14715.243104996578
106590,14587.588672439964
97948,9052.930507083354
77144,29825.414599760396
91535,13002.206204980683
83900,3790.8260704974673
107374,5276.919226251978
106805,14380.544583179422
101971,6926.498955301694
103690,7867.860209803032
107830,14076.882517778731
105302,18022.15676689496
90504,12054.155586263263
91865,16878.534018024333
107204,21002.480679261833
93231,29704.153111624273
94654,16599.72905741908
107435,9593.761266294032
78616,31732.085983875448
102268,13363.290678639454
81320,24691.65896193106
85005,12205.187140787335
98032,7607.068994294485
92938,30400.184646221733
76177,10599.801313834805
83869,22747.981969664314
85806,5616.705309559153
77987,10630.301614866039
103802,10587.389309852597
104020,22125.61934751398
93262,23875.596820058072
92988,23778.426057222874
84434,17935.787318011844
95648,35348.05560744873
77947,31840.042529386166
76135,14543.055181841688
80971,33658.84278502131
105584,11064.522783585286
85530,13948.594287940403
106515,11075.893008620998
80686,18545.12780231184
85040,16056.978605126365
77404,8888.442472110723
91234,37095.366446980064
99225,10227.800542163584
88808,11280.565757449698
89948,16811.19356049368
107161,3416.3512607263583
83683,10664.020321781574
83709,16812.438844288223
80256,19451.27089450551
83504,13474.294920358128
90112,8859.910974362427
93042,34455.65497738089
89466,6931.368549664282
103405,11384.473950554586
86026,33441.05947988306
86824,15879.756582144642
79357,22687.87800378227
78812,11621.504860634612
105364,16670.387683223467
105744,7531.355257094188
99819,22912.554316138558
91051,23217.490851682112
95688,21379.46055682278
102174,15194.72999255972
91914,49642.541071716565
86568,7743.33671082628
98761,2706.063312007936
101252,9411.796580557986
91406,18798.964485718796
78069,12991.357234261986
86168,19507.186546425204
105858,11921.244200483336
83972,17794.859668902533
107196,22844.77307700669
80990,11572.675379948872
101095,13618.02008195821
93806,23469.084334601303
104535,7876.517490115335
99257,8911.651143220015
94967,15063.82292506467
94257,17388.77743617366
100543,9329.879866795642
96277,18063.70050149711
78730,13144.416213517834
82370,19661.15853739447
86050,10590.66916383375
104245,21494.39194314047
89903,11385.608242028935
106353,12720.253458569954
90055,9143.36282020893
78070,26414.337783975472
84302,10922.398362082144
101048,9499.493351473933
97981,10115.20470034226
85001,16599.267724384812
79444,22507.98728474331
88862,11643.518326541383
90445,9856.292827015359
92203,40397.06401400002
100623,8601.248684537062
94528,18920.99554670189
94482,18256.83823989211
77706,30070.57697102662
100947,9129.945732519565
94367,26019.19087349845
108205,20109.441315278404
77256,28358.903150016216
88458,17857.061391158364
102997,9553.440646321904
88421,9154.75027224959
86001,10318.636507363186
97594,11322.234343727296
76992,29388.778406039593
92157,18063.05948887406
106018,8096.0760595884985
85491,13055.929926770816
103359,9177.184933656157
101024,7462.806495933099
95167,32221.76858754999
93493,20347.85334045113
77624,16748.91688193994
76803,28408.42633287992
77142,23832.615898167598
86693,18751.860734414837
101755,9526.970925616983
82229,28521.592556124233
105220,12705.448848313115
81442,42088.16442773329
92017,10714.42127827052
106471,9510.428187226358
86231,11154.015835822282
92036,25102.767984044258
93224,25084.097185487342
87139,9483.999646219549
107623,9605.856618904561
81066,27484.40091723643
97790,13631.15739513209
76514,20508.478206248965
85297,10791.831427881809
93020,11818.851208593573
88666,17098.861128374607
98711,14086.68862234864
107486,21277.639059992587
79363,35335.54276306648
88053,7786.388234104016
87127,13805.011018688041
104704,26428.135317777353
103808,8887.685033174594
90199,26543.173717238882
92950,69147.06860822352
92002,21355.84458274867
108435,14322.548733231115
86748,10546.553674625271
86978,7640.41591884604
79932,34435.09201323274
107382,7710.609375348361
82616,13296.679199470935
99198,22372.935816130404
96788,7454.269910914788
92073,19448.061537866437
92060,16419.811372295353
79559,8264.414205480693
105276,20212.434556499084
78536,17762.438095553196
86795,16082.721678276837
103739,16607.479055099382
105087,18006.057516216853
106499,16120.624929091928
81009,47867.04810706525
77053,27611.720025258757
104832,7376.149818061872
81864,13458.218806676845
102634,8905.652252802474
90510,7107.668262432091
103001,6607.090943409624
97323,24752.573721960878
77996,23738.08639248354
89082,16085.102402968589
106910,19469.170599884714
83882,7802.501438458977
106459,22777.974155885087
99678,7041.057583352061
92583,36634.81548952482
76986,21708.80146220311
90844,8619.826051311185
94286,10930.31857982898
85208,11708.850578613125
81224,21435.246270040294
85569,6323.371970444516
78152,24254.10737617356
93054,18224.43932790419
93481,21455.330746938675
99735,13448.696983165277
88060,14807.290756187394
97546,13281.836969910704
81083,31042.592003271897
100259,10823.85882595322
77751,13239.913286134195
105093,7628.97797565127
94991,19601.27496283073
91352,24802.723896410567
99901,11991.774167513473
83577,12871.26411566144
95846,35359.986186239345
89917,13332.217715260085
93394,16296.77841201516
102805,6010.66426734672
105448,25844.96578804824
108444,13711.385525988282
100862,7234.528306545012
95006,49008.996761663104
86446,7861.23715625981
90906,20845.07855753779
95336,26328.282288046903
94904,12647.131080350504
81105,13952.44756967647
78132,11602.490200413298
87302,11040.202347307455
101471,9728.832096585134
90015,9181.910006725766
90539,14432.770651331572
82418,10650.884185050529
79940,21690.63900524581
77401,34399.182306969335
79054,11442.751203265925
78493,45079.60845065176
87727,7830.876426109654
100390,7530.489663124892
86020,11346.483376489046
106293,26431.813115882156
105435,11784.353379828883
81992,28411.726181520586
92805,19112.816545881968
92871,21661.66595535535
101833,13305.786949614969
98352,10570.713434802425
98629,15918.151557522355
79700,16461.442827416122
99710,13738.642422887191
84526,18861.03498726299
98636,7895.482237760047
106829,13457.035883499175
99652,18721.99505751224
85469,8107.017457743285
82224,20810.46110224926
81899,20112.20831208169
94817,23485.508599376863
92379,27609.891281450284
94423,29660.934861775444
94010,27625.494309767153
84867,14240.796868234676
84679,15255.850797448049
103292,10326.248469923932
77349,17969.233219536214
77697,11947.664568758779
103017,4322.820158842658
79727,22606.260180887777
86490,9418.13530489764
101009,7340.226244401755
96540,14083.04550908801
106974,20784.146783879427
80055,20771.258659584928
102035,9050.714260062938
87843,7222.204300703984
107868,23170.703691310584
100831,6493.7061577255035
98936,9544.742300519676
96915,27292.77909600583
88473,18362.86786452141
89030,11883.090637997808
95894,21891.1311335215
92113,22182.061434115607
105809,8503.430257428969
99360,14674.758379178747
86746,8747.31443971069
101917,10156.722990709797
96687,13545.22253075025
101210,8093.11031105659
101146,10009.985912573748
104900,10020.157535152637
85924,18881.978034527892
90544,7070.000949657591
93003,20225.89540459732
98738,12983.311105874907
99884,7069.083433561885
108053,25765.35327764861
90188,6772.063100142785
91970,20862.22058625726
103257,6961.070377902671
83138,8514.685207989643
104017,29450.01129086619
105104,7426.746065142371
100054,11156.53619560414
87155,18807.125617816724
107600,11052.938801181483
80848,28968.503454732425
86709,15802.773577491113
106214,29071.225863741638
91963,26302.724008850633
97698,7900.535977426921
106109,11306.875736072549
88231,10113.659455097717
104537,10519.96876533068
99388,11178.06518476167
94517,19351.185422473103
76658,45374.91718312285
107430,23689.184289260567
87408,7652.812488768145
105971,15221.416520544817
90264,15754.116904383678
78434,16231.53869600025
88248,18290.823409747656
103386,7010.873383607881
87862,22885.00933360616
83101,16070.286431696888
92350,29397.794784195165
98624,5947.1886381815
97298,12750.865550308119
81919,16716.147346961232
80556,32522.82333698342
98141,13327.640272924476
88205,14962.785212707297
102779,15797.883724738413
99926,9924.205103838978
101484,6739.073879145371
102869,17841.848667934082
89043,13710.175329730415
92878,26592.051589343046
101071,15432.630407706134
106583,25735.26262510088
106819,9873.697199264445
79956,15106.032364554452
90659,18031.898709891928
82276,11320.0346610974
85881,17301.614976023993
76753,33665.34659364756
102970,12856.772730205748
93126,32168.244665454615
97964,11346.862754117785
81951,11951.296946934164
101200,12958.274626203527
96104,28932.400848561854
78169,20188.967995460192
90062,11453.252788739626
100918,9922.768621573807
108353,10686.337049276888
96642,14562.100694170209
104763,11037.823879139294
100926,14216.316044011195
107597,10686.930000559523
102765,6983.555352820613
85805,11710.875103971779
102162,13368.290678625064
82952,15997.43284477197
94184,46232.06363774032
87797,14636.972716109432
101511,7819.92646063521
107686,9409.47298824746
95366,13073.552448102013
78349,8287.895139645216
100908,4268.6297340615465
96196,6217.922461846268
107677,21226.159232246675
93603,23604.744649647968
99861,15075.225033781348
87456,15324.361663191936
82484,12730.093194579133
89252,14792.896908413235
104243,19695.741758874963
107181,31307.611374952045
90446,4025.5796700712435
81412,16713.225770374458
86732,13348.69173782246
103972,9939.394783202215
102586,9460.090663746525
82466,13489.130024480157
84937,17164.48413388658
103038,15779.269286834442
104111,19741.579648542644
101111,13727.177466150131
107812,13380.559757847226
81483,15825.262783296455
81303,16789.81992491652
105370,15515.173320668751
80504,28161.65223551605
85839,11765.28451444406
91560,16752.518703730108
92722,44137.74266167518
86115,17010.88193920018
88062,20487.166017257285
104876,13590.798584380764
98777,15134.799751981105
92504,18957.789276599156
94025,11870.823953399178
87253,15259.839320715762
106668,30168.640900991293
100007,10638.605890503552
100956,15186.835944423568
104055,13945.333978551651
83761,8541.48820964203
79429,18280.912328204053
104731,21401.496708443225
104125,11451.570910857414
95628,22595.500585775368
80913,26235.480295405734
85196,13799.967668057861
102697,13227.621763578194
98587,6100.351830176767
106771,18360.500249830027
90889,14376.693732176187
99697,9126.390767160232
101404,7929.64428931725
96283,10202.983897233124
83072,8617.47059168378
84053,8414.736017112513
92435,19321.73693724684
99445,11459.185013405166
94604,24385.56881586827
105585,19033.281023745865
106189,14060.553555631994
108456,26953.720133103263
107914,10528.675567954677
105646,10709.18024488146
99808,20561.594211336112
101337,13714.530797382708
94636,10645.03071144559
100480,7660.379656648492
104644,27119.601852543197
96254,24232.33654547041
105238,22541.511596051823
99534,6266.462626793262
85285,12621.157420673726
82145,20987.604894165288
79604,17915.32592711529
92928,24244.590639072158
82245,27025.80602247429
100973,11778.057421292186
76365,15658.027706774657
79164,17486.348551470128
75989,16208.732393370292
96557,19906.27316096512
95029,5207.404640494377
107817,6688.168222638196
98521,10967.230857751143
103150,11959.772450236065
95850,14557.931211927895
102008,10545.28954191191
106002,14776.98624369085
106077,17324.35733882713
83367,10630.688343589292
97196,14573.469143544447
76566,8533.353105177408
104384,27391.679376055567
80692,14034.889715148509
101094,11454.498101150353
81800,19726.075931434305
86722,14908.32590295359
100318,15861.720133546038
104827,21692.330205634476
98244,6880.987821142876
94712,26751.990081044736
98393,7129.065533388907
80771,6143.413360983737
86607,17548.68323141206
80768,10980.497863680679
96949,19090.833829090672
87207,9914.70275609043
84629,10431.361729832517
76136,20683.166818512396
76644,8877.223763998178
107649,18646.092968783447
90281,13454.06054959349
108187,17005.445580116168
92025,35640.83620649501
99737,23493.12106483849
90801,17067.96863751724
100790,12754.906000711051
102558,14069.429891182714
98713,9085.70745002224
103633,7777.3534502724815
101449,14609.12458874556
81515,19538.80992675543
98364,10529.442764190153
83966,12876.939933822765
99995,9874.596602589758
99150,47091.86846829235
86873,13806.211120595197
83731,19852.142064948333
80810,34612.6990860857
94650,18449.314652574467
82521,15047.06559088945
100255,7500.62137146622
80454,9244.991022842345
105154,13396.112239107102
79689,21132.515118569234
86810,7377.707689749015
82113,21516.428381648624
85929,7959.690820368212
77522,26836.236303662743
103578,4680.431444814366
102688,15508.06026351635
90791,17876.097131934977
94401,28024.729982643254
76740,18354.20323299763
81666,14687.299927893158
100227,1268.3902792286317
85673,10355.906299412416
108395,23521.44618640763
100214,5521.9049235573275
95659,24046.235244735148
80490,25482.14274607789
88384,11549.281930191868
107062,9420.217171327728
105277,9172.755920177107
79265,20002.634670980573
84984,10316.929040556486
77376,12057.834669806864
77355,22897.758443990857
86313,19324.206557365163
99285,25189.320395547667
98028,9386.222888288668
77611,14915.730580651853
90056,16130.624976072297
84773,9857.77857098319
99264,18682.8000105797
100948,19493.16351297764
82379,25263.842839238823
85047,17862.52122975661
104114,18013.311545079836
107632,17809.698909423794
93536,13118.666758727604
81421,34619.62216966618
104793,36308.81253766534
88141,15769.978424149278
102679,11314.81562472505
81051,28645.772253267252
101005,15096.29946103167
97532,10069.12622032069
102499,16006.854193071838
89537,13539.631151857879
93046,18670.83958408246
79823,17640.34956742113
98882,21897.086981288463
97094,14165.78666722558
82461,10945.273452765712
86118,9572.625719091768
89801,6918.803135590631
83127,16061.300378147494
107519,9849.532864586248
82583,8115.594748806715
103259,8084.57790932908
81152,17052.17613927877
106206,26842.968741078515
96706,9546.044859349337
88303,14804.799438962344
94241,26011.48828370673
95076,26219.143957565175
107546,8169.808619134156
78467,18757.402127643687
98304,19780.55095717065
95393,18792.591520081416
98134,10506.462038689933
104152,15118.21261509376
76818,22131.343933987057
84707,6300.040563435658
87889,16794.929837715183
104736,15075.101794290751
87844,17382.91270433502
88388,8365.859552297852
83940,12424.747996901844
99536,18477.245196584616
83313,16989.061267563462
89864,14501.321891794643
106944,17787.75305770762
105635,8015.266093903065
83110,10778.832356831526
78937,38032.647062877615
91724,20857.70054309429
94886,19680.16534608495
91449,19821.32545265733
81745,29470.566276001813
93405,16041.880041975504
99402,3369.1363397925816
94317,14555.837563011482
78503,21822.168359976306
87111,15677.250068831927
108538,14798.271717713558
90689,7534.138021733719
84402,18603.24014593721
80890,20217.499975198865
101682,7377.384995038555
81874,11012.644997417272
84259,4877.61050887412
96616,15005.799519250886
106173,6644.130271485804
102534,8694.772988844394
81629,57043.94958011444
104910,12891.132602307029
92100,28466.340125676383
98454,9473.272883308342
81880,22289.694378247896
83346,11134.579091397116
95335,21979.245591468516
106693,23999.296590565347
107432,10243.266356560755
82694,10711.189672902934
100199,10571.528659174668
107361,21579.676667255473
88659,9958.903566900986
84237,5468.24704431984
83666,9979.397276623346
104468,29339.55063019427
95495,15422.96554950032
84298,17053.241279364385
108427,11545.879269624047
88238,16513.100403452416
103836,14121.52130632682
87394,10445.508004606923
77799,15695.597574627964
97905,8964.949756826416
101142,15913.47137006174
103274,6920.917361530842
88302,13501.080288804398
76533,11829.424808460482
80080,24946.193873112952
105134,12020.570898747923
100792,10225.771814559848
81408,17676.90532216516
80410,19565.103953792273
86355,12490.611479679023
100954,7735.3572920299575
93799,18313.82978126165
100810,7263.7567704982475
80379,16360.866286779534
107796,21238.087025247863
94046,16575.236734424103
99931,15543.843873928628
85890,2775.023289439182
106923,16479.230600040264
98319,12903.51131742447
94853,18212.710899148453
91069,51145.33664537312
78790,7504.606353846058
92697,26123.4017785504
94765,32545.298027492343
102150,9812.824306782264
105768,7780.351624065034
81755,20601.799811130644
96933,10047.841224973507
92136,54893.92727388587
96082,7446.018057879354
108457,16395.379371245428
95142,25441.46957295642
85688,19141.93453716039
86672,11441.357868016195
107583,10537.801170774992
93369,26095.166950215003
97637,11537.412870949662
80868,15265.88000650392
102315,8797.592270686635
108428,16972.83263656644
99478,11221.847563656185
98906,6902.171833087078
96394,9744.572579018264
106032,18479.164594908274
76121,18261.836116499726
92642,15193.816869197686
94725,18394.59289884597
84528,15658.666489422467
104492,10906.848995842793
98456,24237.35305216224
102089,10319.390629274192
105274,6006.263149317468
91436,31384.37448659944
99127,4326.718997548885
80416,17311.962393753336
83419,8221.87165903662
76209,20714.695404176484
91874,14329.022263879746
107892,13155.96886412541
86727,12336.304362037812
83096,6345.33477083688
107036,20067.471417642795
86096,8154.64466554717
89684,9141.688673973516
105301,10913.92773017681
79056,15601.786885298243
103508,15939.218009323902
102651,11551.305806756862
76605,17127.612674165994
99170,5831.018385413228
94850,14272.148742235218
78638,12365.346635426808
106031,17030.880729115863
104955,11325.770778566048
101565,11607.11185546709
105886,27233.030980787593
86499,11464.839989962054
91809,35917.487055618556
86033,9761.744523345342
90761,16598.032375294202
104168,30817.028176538006
88048,15619.375093553648
106343,29656.785206410696
96568,9403.701806740653
90082,36250.87951402154
85659,8552.038178173372
102950,10464.164310523893
96231,10069.141732911421
101781,15245.368667404624
103210,7498.2019208978745
95174,4054.989454111848
105594,19831.81553633596
107809,23933.54452296209
81222,35100.4631348624
84506,19505.146130649206
83399,12026.153684119674
88318,13619.528207181585
106235,23232.870197995395
83952,10175.289643363261
103610,12067.646392895971
107273,17913.627869568085
102134,15779.269286834442
77708,27962.785007266888
99754,12573.72228703003
103372,11829.558294881708
90457,8483.914279475097
80228,11306.935552994604
105630,18370.15220400548
78448,22190.62418824465
86729,9691.466460157493
108510,13139.36223265876
79686,31870.6964620894
82677,17156.35644810544
94161,23654.64554923178
93064,15790.930955471906
103595,5859.265256920647
107257,6293.794529812889
81162,33722.59222052428
106410,9847.50972703255
97829,23161.424104449565
92429,21747.03909361009
90183,16341.655902933164
83816,17044.448689382778
88613,9332.670897629134
90025,7625.204322247879
89004,6393.077513910048
107997,18095.981186940342
97458,16088.035512661987
82737,9130.903858903726
101739,11149.662010114642
86766,14130.046666253042
77098,15847.363349865615
93598,22044.49739845759
108115,11525.749644090025
107653,35715.414954230204
94706,22146.784265326973
105344,9387.838841755272
87516,8010.697007716918
98959,6802.471452092922
104557,9319.343112125984
99137,6096.241402659017
102126,5930.73273857231
104455,12715.79217885847
104278,10945.41809294417
80331,24290.067619556165
90087,19182.76466261022
93700,29724.78009495925
108517,13347.563473268094
97373,21016.32752880176
83394,18763.915287318585
100989,10694.869236355105
82625,16027.846280721951
93457,12181.334194942427
103186,9676.70910304123
85133,11946.298198972107
101198,8884.193789530878
102095,7505.250607598198
99684,7891.853786906612
83595,14368.113148400978
76960,37308.34015850653
103015,7954.590331185262
91987,45490.11079272013
78825,23159.648733992126
87668,18668.499704872702
84826,17468.09479693872
92309,10965.729285923033
90969,20101.92452128294
92987,17958.26297403575
105317,14446.423380420378
93606,22497.144919151164
95536,44146.475607909364
92839,15917.758482400544
102133,10097.731946152358
105225,17774.929233320036
85627,9753.630191192424
79013,49489.571538464836
92008,29312.690158152935
80983,20061.502037448685
106475,26489.527716754776
99357,12190.038901344426
79246,23029.911358055066
83200,7480.767421222181
79656,22361.409628718986
99031,25461.514853052624
82780,16514.851319868267
88310,10837.900620269695
98056,27799.818692972636
77289,22307.321002683402
105503,15329.226669376734
79198,36338.70624669048
93429,26678.019083533465
97172,12913.426980534568
105958,19273.04767302431
103180,3313.3413525580486
85825,8897.7570400435
81725,32547.836937779313
86590,15238.251396897009
92366,30826.090140207136
80589,66862.50402131051
95454,18496.583236231792
104525,7677.411193503769
107646,3607.6445151640687
99226,9726.719112149807
77273,18938.761105840927
99642,16628.053548525295
91195,26033.07083628234
98641,22959.174474010695
107724,21142.46947153308
89646,29982.4534182056
85873,15070.24782446304
81468,36897.716494783235
97648,6724.329365739805
85573,10824.369817905164
102394,4544.669059814661
77771,21000.4388841189
88122,13942.844267611674
85640,15072.34822111154
97560,5840.542495772175
100584,5457.58813809286
97404,13730.500905129502
82414,10309.083434860499
84609,12014.982616439805
100462,9942.590851539171
91573,16383.986615379574
94716,18952.909642907234
107560,27152.043983778185
79627,19025.02985153839
83025,12239.863982108829
91918,9983.513626236072
87344,13567.443691266928
91683,30077.88530945666
77259,12493.669737138667
95887,22471.246091205336
96802,15875.388060033027
103965,5993.604397422435
78110,10831.73268561115
99144,9290.413375574873
86801,11353.65378564258
88181,6876.9465458561845
88262,19161.87478537285
85846,19326.63034932689
97896,14454.457472494014
92462,57798.32819902107
99668,20621.089779261576
89440,8088.643870673635
82867,26349.404531498014
85857,11171.153757996577
79583,31156.110023673114
103090,9694.128598776571
104184,29765.088746753954
100921,10479.827556894372
83124,14155.988848243614
93320,23102.19149712605
81985,26976.854719727155
89618,20777.715190823703
90086,8280.016676944988
80855,26827.564081248605
105114,9815.119635208057
92497,24213.9831691043
89049,9502.75129169817
88584,15039.919154724339
88019,14490.179079835734
80119,22306.245599034093
84879,20276.56140192186
99293,11947.188229834714
82515,16740.112452879333
97600,17942.318341927563
103737,14010.124261610357
102387,15658.761287175921
80404,32291.719805643228
105785,42614.02098939858
76379,21534.571805768534
100569,15243.528346783574
101553,11026.619381193294
105803,10478.92662983323
89151,9727.70822530357
102960,7002.647744695123
103094,8451.80309649815
92146,10241.726809077301
97802,11688.505308177873
102939,10715.98915331912
101492,10818.563366218672
84207,9587.917949841602
86995,12434.737422035734
90024,23315.295679894578
87536,8987.452149602383
103571,9485.394237327715
87529,10877.30489175091
96756,21254.554534895862
92326,17648.83770307692
97609,6614.389764705034
75984,17046.731265244733
80733,35410.55470449699
77150,10383.383920764742
102496,7949.9477126354295
86666,17017.45577189321
78836,10669.375048960153
82444,9366.87100161405
104414,20773.01591278664
98585,8100.616199202883
85191,7803.069729416371
88013,10889.373170019408
78962,17054.425275292524
101510,14885.991097967564
103438,11003.182799648794
99474,11375.08848360904
87180,14763.3080594929
82983,23720.212667969005
87503,9426.1075268571
90410,20448.96380031509
98416,11256.506667221747
104117,10656.03421498971
84900,7385.150752828918
88565,18793.747673659374
93797,15206.8219216645
108131,44634.6905245705
78848,16655.499997402087
88151,12802.446908189902
85081,10602.388066831667
78163,9631.042746084218
106580,12771.824841196632
104638,11339.156307523768
103696,11242.82307790415
99589,6606.654699834308
79699,14866.555790862625
95129,27330.84099121043
102173,13112.904006296723
92811,23569.37552541249
84986,7742.98220504399
84162,15540.66147005552
77340,24058.220152653907
79685,31632.726281392515
81423,25546.835637839104
93745,19875.500694205755
101399,11190.7863860614
91611,23272.467468856772
76973,11135.456658768628
83734,21212.202890785993
79526,21544.242308697463
80087,7267.072107082713
102186,14307.145723826234
77640,28591.59100347218
105138,16084.39451696179
79146,28351.885951493474
91713,12630.38223192376
104230,24849.424655982675
101896,5988.997029387702
107587,29653.004154453716
76461,32609.08009070942
95587,29944.30926990115
96185,11249.00183700681
103181,10269.632557342866
107643,26704.996322950858
88948,9778.757681609131
97565,25185.88239437675
83821,11569.273037994395
103781,7724.678124323509
81677,55553.296700359795
107975,18281.73040941381
84106,9799.454172073256
93060,45294.49475009448
81078,32773.213642424525
106748,21527.896885499387
79264,54279.98490030195
84098,9728.699762901995
87838,21400.975190488545
102957,12567.991859120399
89353,10638.383613434966
85492,11477.48936475567
107957,26567.514538054675
89938,13425.153978312017
90260,10784.09303504033
89571,13144.19988620817
106963,11378.784574687355
97266,10351.296548109174
80413,15401.533492843582
86028,10623.969910619897
93343,28051.583085093385
105232,8020.002483560401
107755,9436.00354842544
107326,11929.774126598377
107571,9459.471006234415
100062,9483.954506027618
91477,26610.43069746144
104598,8276.168526186508
98614,8685.601941095694
104034,28363.816321789425
98446,9132.279485387242
103023,6009.525400311049
91550,22434.999639695354
81211,22616.49365586657
90619,11221.541869231807
91525,39788.649869630244
104422,21058.657314081065
93555,23465.782795809704
88346,9895.237635162432
102067,6078.190881471642
107051,17686.52105895562
89642,17163.109267759963
83492,14389.653716739505
99169,14136.65044250855
85964,9376.882725152564
85179,12443.740508320252
100677,3374.6325126460492
85529,13422.677454496707
86198,13038.48845449095
99532,6763.813282767365
80443,33288.52580603215
93248,20962.645580265504
86958,11637.46362454642
77942,25441.544287754627
88568,16155.653475450194
81730,48840.13647158262
98884,8600.872165450246
82267,15519.462717207536
88088,9972.03610421947
89578,19515.664198967148
83568,27942.251223690833
85083,6840.487375977328
79222,16652.028683008142
82543,10636.33940800464
82611,2553.528393099281
99708,18821.255662441337
97699,6695.441339682578
91371,26548.335428794264
101757,5980.068632020826
104417,11443.212891571524
99830,9286.205496977072
88477,18495.389874983313
104614,16109.865895358009
76098,29211.222449789842
92143,18094.26894543734
81343,30391.792286045245
77212,29959.13237544957
78262,51131.91833476326
95097,27099.057501994957
84440,9565.857662212946
96942,17405.948027895167
101584,9036.415204014977
77202,7461.573724683915
85173,17100.47035821653
82953,15651.60973696087
81151,23124.921009735346
104377,18980.840914932065
86697,1384.763700254376
96650,13056.815160549031
77031,18133.550079680437
82235,45428.21009433063
91333,16525.047080139928
103393,12436.309200205433
76254,16303.472410202698
101592,12957.552586612941
101865,10160.20639034816
90819,14533.862707615934
76941,10552.015624888554
91974,16016.33990828143
102930,13543.468755190592
96310,21157.780018827445
77912,24436.389302224525
108119,13236.021073697917
93631,15466.729328754205
76592,18963.64709219499
94282,35364.39028511659
77715,24202.23853209027
93747,18330.95307598185
94560,34424.16622715418
90108,16461.819250501772
102128,7411.573487789734
85820,16017.503600082218
79541,12505.778656043049
102901,13579.94147389009
102761,9882.938791352868
91536,21797.722057598945
82089,13482.984675924672
108489,8385.513798803911
98409,7067.106627199514
79151,13108.590623062073
95549,19365.923680104403
85472,6641.934743574389
82072,22351.34108586641
99386,12952.262394143545
92932,30710.314444253156
86525,19325.380634329133
99013,9472.677059716676
99472,5898.160687633574
89967,8026.703033677457
106604,24409.56801779792
91608,15259.869900415371
82249,27916.753085263215
85445,17034.113421964164
106905,21418.930964026655
89122,14857.718615118953
87056,15452.615851775714
98254,6832.836254976075
81697,26773.335200764763
102542,10044.56912932797
86804,9244.887784331055
92626,47338.017718684256
76602,43115.10782809077
87943,12323.349957886001
95438,20103.79868834685
95823,18147.399085698766
82403,67875.8511323735
79347,24260.242087426464
99419,14502.54851366176
88561,8544.841132332274
104572,4214.599857264741
108507,26112.516982044264
97900,6957.502960297805
89733,14936.981378603869
86211,6866.126308906956
96713,16129.518144978225
107123,15481.906296273904
78086,18449.021979240544
100576,13974.519186640806
102589,20142.81317034084
104477,28820.561655680343
103487,13772.867434396157
79189,10322.351327616783
89098,16596.044642715147
79787,31312.894891457363
84294,17233.697255910298
79128,16017.807530907123
90269,8544.394950969165
78251,19757.3733018162
80572,10136.903253350492
75986,50212.581696916604
77619,30725.636861570652
105025,16036.462409960666
93882,24908.59244787872
78338,20867.281225439197
80621,27219.970966827346
103601,4845.910975601611
88170,16422.93167020612
102889,12895.105734184306
76347,23579.709120207368
106080,5567.315362300715
98834,23886.73015533891
76498,33247.85821843061
85104,8354.89948137941
87534,11653.915535700502
89883,5328.999000132571
88738,4480.823421972445
99252,20206.802794812193
102696,11348.811107186399
95948,22884.232591443346
105438,29110.509758020806
103463,10703.55151892343
100261,9274.097371818354
95315,22110.63294077181
104172,22081.140570241612
76502,34327.8975639571
91569,28150.66082912083
96071,12586.421861575329
105936,14997.615538293894
97089,17320.198841942518
85434,15589.247442003963
88446,10479.86176777401
93751,28893.725809997733
105399,13636.50196647916
88174,28805.336904481544
88555,7937.112077537897
102346,12731.065078651925
87144,10595.741812627919
101990,10123.96739378742
102931,10182.880543119514
108317,11713.020376465516
87976,9024.848289434305
97988,10384.962248288482
101822,10804.545739830073
82536,14685.738709044457
80676,32212.409473153068
91255,9675.496388269308
94069,16164.225083136258
91894,26387.05493879134
108147,12798.557841788794
76928,24733.067048391942
82648,13894.243134476596
79426,12174.045580441016
101936,12934.935880318852
107567,21861.303577972136
88776,10536.076174265258
91113,25691.784934368272
84568,18043.850511235818
78044,26511.61737759633
76929,41611.97749144282
102526,6022.40287570485
92515,10683.100053045988
90009,7537.408425026919
82978,7917.249851144997
104437,17098.350952893463
101451,12846.429495138318
76325,32577.644133165664
89491,7891.551488942799
98435,13052.035817259663
92282,16610.890299673705
82209,14639.088449087883
88705,13869.338803155995
104679,9478.044845144528
84919,6701.583327176153
89998,19163.818613929667
103520,5939.406479440221
106857,11309.481662009583
108499,12795.93750634182
78893,42285.98806530918
100860,11193.439124223189
91684,13537.717169545806
80617,13334.82483898023
76634,35973.57645470833
92055,26243.834650932335
83030,2124.003809443346
86154,6981.7393809628675
96022,20814.021797839992
100336,17199.72405357804
92663,13727.699603889916
102884,9924.257473286114
80763,26081.041676443827
78329,9985.804143461948
87867,13630.595234692943
104353,28425.15269462275
94284,14820.173531180066
107996,19035.184669224614
95784,22241.16157651478
101298,15994.51084861789
95995,17019.001068139867
102718,6689.532420880243
93623,30744.57424073254
89585,16887.764757055018
77533,22863.17305508101
107550,14280.594430855615
87760,15697.67853505625
86299,3725.5337987970806
83152,11141.728999780627
91322,27576.29804854422
91286,9985.623102118736
89231,16296.944291396705
80082,8918.72452243011
105518,9701.787955777809
100224,12359.598499739988
97261,11526.235514328984
99651,26595.892929356796
76487,11871.584671325212
76867,25771.103262461475
84574,12560.615450685591
92378,44952.06343589998
103934,10623.827626881863
108445,8349.842906688158
76872,21562.308996718417
76180,47784.128718730186
106906,9493.283904517528
76431,19141.53669591551
102603,10192.905546765964
78403,15242.274983191104
100799,7440.661319457984
104755,13666.132241171701
89602,22160.57024390302
101656,7754.191520134656
79362,15896.926589987597
102262,16446.090869146232
79884,15892.137942739502
97740,26728.9535380314
101264,7432.983424065508
76525,11408.403721905812
101988,19160.499704241865
102819,20042.004640667303
95501,19490.56656205191
82890,13284.428002270202
94413,18905.93751683601
77898,27595.30670973493
92991,23565.9193953287
82055,10599.973127967427
100865,12800.778675714957
107388,13214.16659376243
94252,22379.480757905418
105973,9117.156748969235
100976,15808.448686940434
106212,26306.336850379554
76078,10564.91483632719
79014,16596.7687030122
104787,9955.586464100465
92342,21807.200176038943
86334,8733.834516958756
94066,11755.399949877547
76062,9857.054043923401
99371,14237.932337193957
91498,19184.876869732263
86406,17000.41466992281
95531,32319.18439558084
93274,9333.035023015927
100190,15393.661634383865
90424,21253.902534139448
99089,12342.80616265123
94306,15445.606536535768
88209,7668.116623744902
90029,8920.046828087186
103397,8060.361374330851
82341,28138.797364413655
92358,28184.967724698112
100389,11102.146497659092
104886,23713.470951179734
98404,9575.313384397812
85100,16851.399258294903
84878,19197.53356822212
78693,25619.34735760379
91992,56809.71314309432
105754,8349.278809502175
89594,17175.800419076357
84756,4963.45042317145
91795,67257.70032160288
108235,10901.46218246745
95474,21277.329665093665
103485,8863.13801671159
107700,9427.04112812699
86613,13258.144724481232
85741,8142.345276670456
89372,10780.287215907983
79735,27442.077781274864
76186,14282.048056798936
93135,28736.84568050645
108107,7083.17333635524
95853,29554.117211865436
106625,25519.849158123678
94400,17222.21518424441
84893,13285.376742591941
97777,25609.52324836702
82127,28467.427480708942
102116,15484.227606242091
84330,19712.536970355217
105251,20228.47663241343
104115,9613.810387358813
93746,14664.441713910492
104982,18986.690179856687
105988,8876.29988692456
102562,4205.117833276094
100822,11243.48937552454
104409,20670.36447224878
80140,15443.045133617066
103317,11598.018227745017
96145,9547.634614579734
105732,26660.139067703458
100943,11518.407896330707
92940,12350.962514403986
108400,2620.272692215468
108512,13850.085777868762
92473,47117.98389351668
99001,9722.899721836258
81082,25831.467944785498
108460,13289.933000455821
108169,10874.841052147309
106864,17244.774082779873
84685,18953.388653872673
77736,29853.302206743916
94232,26156.353238910255
89520,3588.499485607932
104514,19127.18002003253
87509,10884.346692883562
102802,9598.085942227208
91042,28544.518805279633
79197,30834.45639214204
76499,14799.545613877934
100082,10353.230439769168
91224,25539.702762964665
95303,13230.56430552956
96830,13487.967332222082
88064,13542.711826498584
81628,7755.987503893656
84857,7958.1018718453415
82032,21677.064698188606
93316,23566.19034842206
104993,21238.80100492444
82315,19293.150562229974
95990,53175.727120033764
89970,16487.63762198528
93407,19019.665814904234
84755,14111.161654929945
84684,16325.185409554977
79353,40289.131996473596
79649,53534.48853383325
81749,26945.57239282818
107002,6318.477323430266
82546,18618.181040460615
97536,13970.865626775063
77580,32260.149124452844
95967,20704.659820987144
108150,6624.064454383942
98992,7934.766232778823
108536,9364.886132587395
102358,6474.193974133873
91856,25416.48634120046
93148,26467.932735166098
84957,15000.010548887454
95413,12653.934742030464
102404,11606.823703386468
91495,19601.25858207089
77953,22293.50132034884
87398,8275.155647847238
95955,19208.646202568067
93290,15861.669475451781
88128,9803.067536570989
88830,19308.885156213913
83397,11013.44145442322
81599,32868.786490547616
106055,6128.533473073293
77655,12802.481853675585
92106,28525.240808848925
96536,12465.736739557391
104575,14646.146464698344
105513,9587.195168085025
92308,17599.388736709687
82419,14362.096471066652
96473,13493.431764723608
76961,27146.361774284156
104060,40075.113883627804
91056,20042.574628017534
87618,17500.796074783466
95253,30866.53840249402
96135,10035.380353869145
98015,7610.0376610810235
87695,10689.712529869936
79066,14319.120252896884
95512,33795.8087186514
89234,17697.174804282982
89971,12507.762256150649
103750,10965.408216106633
94180,30669.232323319833
107947,21287.438659702373
93455,68486.36851000835
86369,16645.986635283185
78817,19972.784803328534
85051,7137.983602241158
79315,59782.36852696731
92395,26901.62798218969
82513,13558.03084706319
107728,7226.056000172079
90261,12259.526215357087
101064,12534.93479411146
79329,21656.263164428165
88998,10971.192400857824
102002,9191.898325573799
87718,10104.534656790283
87774,20520.476608950084
105214,18249.63345551187
103055,10025.243698531827
103543,14772.856010038482
104548,5483.928038611466
90387,8571.041955495451
83786,16492.75739472196
108102,13639.493917839623
101455,9578.281932473492
100577,19372.963527658965
97483,6637.189678601602
103056,11666.153148645439
78401,10640.581553597687
97400,10974.870937037751
97703,13010.770272986323
101311,9153.108352241361
87912,10627.778215001612
97168,8869.285530308041
100833,15288.925130692405
93043,25875.377299865544
80772,18323.365799729698
99794,5783.234740630665
78326,9982.59249017741
98710,7977.194188436434
92351,20308.571280079363
87356,7418.361524125441
96926,33151.81547668275
100570,7788.143129233446
95109,22430.75137334157
85050,7429.916212062629
84046,20576.291715731175
101466,15942.63547037948
90832,15362.052016756992
93397,32685.447168315754
107778,15623.42391861617
106710,22861.213027100697
83464,6628.383263332331
93622,16923.61198624081
88744,17106.20099528449
107378,20251.242021126815
83032,10904.821005257583
89480,31558.228758405516
92634,26461.81668184773
81057,9127.871875266816
102633,20173.328452274072
101794,9530.312836088833
78355,13499.398478810672
76544,52554.80507214063
77408,12728.428552179996
104451,33313.78048045491
89254,16954.008549775113
85412,17364.76011397541
97709,9211.160209492098
105230,23725.87396726945
87691,12903.599319921472
90722,9273.08579906187
86679,14132.105706931643
81418,28716.124940950926
76980,18337.910912472238
105319,14013.607359520814
80516,15058.918285692851
88960,9107.573032857079
82982,10392.285649719475
105004,23271.825038524945
78037,38660.34543768878
105901,20799.331085673126
77109,13165.699981012029
85855,11418.31579593475
107355,30122.45971791796
106193,10189.150907619975
97700,21784.79637735131
86150,9312.216364425112
76267,35696.87917712518
102096,14692.342981043372
102561,14786.6723310498
101137,12921.212741074445
92050,64986.564796158644
103878,11402.821486871426
94760,24226.35796383677
102678,11180.840810139494
79971,29667.93175714787
85739,15991.820284799674
79714,19702.545325797706
87673,16958.03139925913
107304,20973.25848917524
78692,31297.084121879154
107274,9341.523885904211
88686,4981.086884367539
90843,13530.522968139914
97507,8079.772942834357
92343,44872.502133153444
78781,13297.36042051904
84990,20401.89710882439
92913,35491.39504687946
92079,45915.2330118783
98507,7957.243458950677
97152,23681.204425127806
78442,35979.49844524699
79711,14290.537743573308
96643,9986.533099313943
105000,7303.837728063436
89454,5737.141551426579
102265,15779.269286834442
94961,28797.483722064197
76335,17529.530516166484
82897,10957.035581027043
94061,27330.703762880792
90661,7365.411617301352
78112,28316.98920273761
95596,17443.92324901259
94740,34148.116626885836
83287,5216.192899045231
96668,14734.684390749037
101834,16566.020988992463
77285,31830.305299058567
102545,14315.237428526625
96287,19807.725683143974
82156,67332.88233840044
87276,10894.20311791581
77564,14617.633261536286
105991,7530.6648243018435
107570,10738.646308589512
94519,31642.71385205737
78369,51337.556978478045
92674,9712.546806515757
90532,21884.885965980924
85489,7105.324124853421
103660,10262.185307421858
81206,17072.78722528438
106764,26646.069938993114
97425,12624.545772735948
96393,23829.252663256142
84960,10654.281526114308
78993,34654.65843337167
85876,15286.944127272205
103936,10908.1456071944
84201,5358.971488896274
105098,29420.33560370506
85078,15626.019735329828
89886,15374.368316775448
81268,30883.44673509594
79945,17389.695208604746
97727,8659.759236470023
90636,6930.3314290772405
80106,9165.613486460774
76947,12594.902549670414
83264,16031.849280231383
101532,6546.153948417803
91558,29947.273432347974
93311,15221.492596895017
101967,6854.1707611013135
85725,4267.508746163745
104684,22282.990239681967
89747,13430.99427869316
105165,17919.824880981403
104814,17391.90172194002
101904,8925.219468931236
99238,12184.727303699367
80989,24934.728621367973
93575,13300.052208282932
101536,9631.657021710838
86847,8371.477113292496
99847,9781.072985017165
89212,6551.62159617848
93997,21648.369081203877
93647,27844.018089057372
87846,11628.063952712198
93737,23704.1120784914
77906,25874.140912235114
80648,33582.81089751904
102925,7712.69754208464
103709,13974.60386007264
86195,13359.497585173065
76865,11747.717396271946
83260,17131.25517985044
97233,28580.761767222724
104618,21424.055315879727
83879,7026.200430928508
104804,9793.31836205451
100551,10132.412026016867
90524,18572.809325662685
99669,19620.34892641042
102658,8411.378660953405
101398,9176.313663109668
103286,10805.169469493534
94823,30243.067664375987
83630,10623.681893723531
86079,7201.932208451511
102145,7668.187479684352
94270,36291.920278888574
105688,28385.559495218316
87335,17828.69260427056
89805,14407.484907796232
95093,32585.78623213082
76699,17500.5726327674
83187,17469.477619937
84218,6058.048243472567
94153,15904.07316174278
91849,17141.888126289912
96202,14216.097012756638
90172,12936.634943429623
98759,8411.878847076909
86718,7273.047988182756
103349,9931.914060043719
93293,46799.21420241977
94622,36175.780809564654
93181,20466.804506124765
104870,11888.624490429604
83247,8201.973130319362
87566,10459.83916766424
77362,20828.256589798355
79537,20607.14985636133
85049,12730.95733529399
81402,17627.698756523852
108341,14926.24505602579
92193,26236.58496796859
100184,15821.736712936738
106252,8945.459351237952
98047,12133.912737700404
105416,10493.586806418813
90872,33207.758802776225
100235,9430.444930875501
91485,21818.951699935627
90534,22971.017836218183
77841,15360.618724560123
105730,12353.982381016487
84175,12718.748978876993
103964,9112.705534071925
105970,35845.800512532136
99843,6985.4113152690625
102012,10832.553308342744
76779,29255.73010749992
80778,19753.303536035986
106638,14800.976095805643
88233,10650.722720041404
102657,27362.378391506903
107180,29298.8887254378
108468,16407.799422595494
86399,12139.882985872495
85128,22839.02414655163
99868,5203.584214564673
100413,11235.323755125977
91125,21047.496651239824
80467,29972.583404074037
78605,12539.629579847266
90259,14163.388165932984
106759,10455.408253541347
101253,8832.278001771023
100980,7281.400260022948
83805,10166.609911215524
96745,7541.971866395371
90242,15807.000569531674
76118,25871.820628244684
98824,8427.978780819976
78006,21280.719559182053
100924,13718.859210346818
77138,68558.73672761452
87665,11483.583839918814
78023,15576.87695931214
96117,22792.904519690834
86789,8037.014468353503
88649,15991.772920130192
96792,8310.399240614614
79403,22644.11563913441
100547,8175.898057831356
106529,12637.550016804089
83042,11311.399508299543
80334,18256.541806975187
86589,7708.474996662874
101811,14387.603204130904
94128,17371.04644255987
95868,6396.725369837877
76244,29177.917689560065
88957,18891.531638466575
108503,17667.94462459744
84409,8731.534517047234
104962,26421.408206326938
105121,8385.220433617214
94389,14178.284570199963
105602,15042.439997055279
88289,8730.341890413638
108168,14479.757248624863
84978,18692.305776874033
108011,12533.872568117491
79783,11009.507119257261
89892,21733.32826297503
91748,25421.719694879434
105942,12192.144259852845
106893,16962.64860064657
85969,11226.011827112403
105403,15475.024216777156
80319,27574.480680066616
103010,4650.478744502332
76518,25318.25302386362
95598,14625.479236424839
101287,15224.327401010556
84475,10466.60527869286
87686,14186.119367957284
91202,23918.807769984152
85296,16680.23944106343
89710,9822.18100830813
108409,13741.712343712954
104660,12202.43289985251
91493,15891.531143216347
103318,9683.961171089986
83537,10747.227373610069
93277,18352.16205881994
91290,16352.034045330332
107127,12252.497365623803
87752,11219.65557402982
82613,15036.536316013558
104508,9172.757430644213
100051,9746.772347564973
84203,17440.2194486523
88624,11142.899686221179
99483,7091.144105672522
96635,29589.062862967276
78956,15469.574101579343
105839,23233.6101648539
92487,18500.459680303262
89382,10348.007491064454
100337,7155.733888204536
78640,41924.42558550317
99495,6998.033513851771
95580,41687.30067417048
85347,17093.72255262323
100050,13178.697819836872
97749,13007.100593895111
76587,30567.066178007164
95918,31968.856216081214
93823,34676.903807495095
80470,24928.07832934788
95399,90669.7378789318
101483,7777.121023688856
94776,25336.941362722893
97442,6077.366488742115
79267,26191.032660974903
82710,12347.16229865606
77473,19691.560062216526
105371,12733.725407937845
84991,13798.668875293868
93878,26011.855914688782
107126,17742.958056259362
90996,8797.161312445942
87095,9611.844089072361
80205,16863.077632261527
100043,9730.911607245307
84793,16094.594270286627
80403,13650.91218811876
88018,12462.111689423911
92747,26390.866587822737
104894,12969.777050719846
108319,27746.59966825992
99481,29323.634843396783
98270,10134.164237888826
88155,18396.780697100137
84565,18947.21113391489
80779,47482.4308908302
105684,24759.49595668425
106855,14628.370533390225
103908,8208.193074526032
100595,10653.469659808372
89822,19817.204449532488
100401,11285.488881406101
101037,9525.705475407905
96350,19067.427928571782
104191,18811.50833154771
87891,11670.355706604765
97744,17546.08587483341
105757,22851.097180608114
98966,13413.428884828938
91869,8633.831126895137
81292,17106.56955611985
108284,24256.155795400646
83092,9904.556967716868
78394,19646.027117602265
97961,13620.429727831197
77723,36554.09347345136
87317,8201.959449760096
95065,37145.15952896945
88227,9853.99046195788
108087,10428.235302965037
76311,10214.612081639178
100764,8061.75864151226
87828,11844.721628677522
77314,14089.477521202836
107860,11373.66232863497
100339,5966.197009202855
106165,6183.092085984597
104443,12675.839199699845
79613,34387.26568608729
92686,25908.66789898858
97493,18179.898771734945
78977,31329.94231732609
82933,14911.323824329045
80063,25546.686106450878
92287,22258.081912099304
103664,12019.687690958666
102185,16828.5095365391
94679,16341.093655029035
99024,7865.1597648731395
99366,9021.075197015192
96554,9140.234996746463
95906,25340.732773341162
85623,13368.551163505448
84336,16797.49773752673
96560,14732.507730389741
107448,7977.282109024744
104118,17665.271084505228
88391,8262.345828888743
100327,13908.551077356766
89323,6325.875513358855
106925,25584.38453909802
98542,8415.502966770071
93996,22939.639278673658
85103,11057.679924014768
76033,23883.538823810362
77213,19198.86900323498
98117,20732.303578351308
81109,37783.044046746516
78316,22594.872785229123
91021,27350.995777802193
78093,12276.578336715591
77497,13139.01530694078
83590,12834.674946947458
76126,21271.947921124123
90509,4184.3078510347395
76454,20056.946274241214
82095,35679.00785288651
88625,14315.453654353767
100031,8316.71336434806
99458,7766.181467494903
88085,10805.941579606066
91823,18471.25605513115
77735,26044.419273177136
91799,7508.410859304139
91480,9238.686804466986
84915,14710.843983962426
83688,11008.823122957861
102334,8375.483195710822
97765,10466.00904858855
99836,13939.586995009922
98569,20016.262491539044
105050,23987.122957689324
80826,15648.593405975993
78684,12192.396710853556
99123,9034.879671706398
96507,10693.18259430405
104742,22249.664925353933
93690,18052.88905952683
107606,14860.917104146003
87019,18456.79125147318
100735,9475.25955739054
101685,7397.560300886853
82792,8429.967010024318
100036,8562.559018507021
102607,7295.186570917083
97772,16717.81734064377
96207,15449.24381134687
100697,7697.670690059586
96481,21849.717813896994
89054,14764.09343482069
97847,22816.702979084857
87528,10342.856502244647
97145,6707.53298935876
95223,55320.375292355595
104325,13114.665502895741
93743,15166.631067820128
81914,5752.524581174018
79040,22812.65050231936
107030,17225.40792784048
106244,24632.40685716647
79602,28516.878411916434
107684,7029.732076776038
105346,22860.356250624613
100000,15972.9018707234
79001,9881.835992780672
78942,27580.71217361989
87637,10217.148384810323
102257,9660.733407605827
103502,7982.042163098551
84619,4362.969305648364
91129,23553.153176664997
98493,13198.399443022707
107108,30133.98309835261
101158,7113.404204169924
80236,18596.98567279134
105375,12703.339113544884
93002,29666.235606894847
91619,20259.55921614413
83965,14323.562479656386
94431,41942.19153719596
104601,9198.830475224455
92698,30283.72088177027
84014,9261.180769596449
91961,27261.955437492557
77595,55544.76395399516
88848,18323.03182406966
106046,13874.057078755251
99498,9358.17820210979
98153,7132.380278485853
83157,9740.618922440031
107475,11050.479719432602
100589,13635.408405292796
81448,15989.879866022335
102638,6867.303528170867
104473,26993.230748539216
102724,6325.562833549096
99338,8861.853822559262
92431,10241.726809077301
84969,10053.948273667776
108426,2169.5074710718727
103206,15397.648313322738
87345,8133.3761033426945
102625,14942.942878133317
84606,13050.489326939844
99166,7801.839344426419
94408,24092.63164298604
94898,19954.485271440586
93658,32748.983261785383
98234,15096.935866480411
99725,11794.291810982877
103979,13648.297473125112
77277,22221.06993146066
84401,11920.640152294622
80006,23780.862805787245
78572,14510.169073853705
88781,11140.27567363934
78546,15919.003949465912
103829,18740.310927819817
79159,55252.77715679916
104502,10286.637591146931
95125,27033.350773457663
80804,15937.820044631831
96580,26056.189786193452
92059,18920.72235387872
100530,18818.12523456082
78079,27143.642806201726
95036,15718.202871715355
91490,19810.395644483815
103310,15546.520924894827
88853,14224.824191421198
105948,8496.821839626613
93744,20110.650046096263
108518,50901.750631210016
107733,17435.32214425534
106813,9730.210055626929
98343,12728.738443220762
83056,6888.131794474676
105721,21893.430772519758
89165,7083.001192302636
106402,12268.294507599212
77252,47999.82403233339
89194,9278.07169475251
76777,15516.779376303028
90569,14603.964810491787
93912,8449.493947631325
96848,5321.166295885238
87355,7940.7182299697315
80539,34722.36399382239
105351,14088.0165101364
108019,5950.030479571652
91331,17476.433216226847
80814,11893.109582415856
95951,22802.899096470053
98392,8942.179658234232
99209,19098.62825274393
86085,9208.340393128781
84678,7488.7213560815335
96534,13266.163468103889
93665,27078.63622291237
89832,11995.94240767933
85079,10470.295621714382
79425,16283.561343602818
96052,4994.548765451817
96599,11454.434010784173
103705,18073.129373661464
78171,31980.858703359445
92005,19734.50504821349
101323,13855.168169163195
80398,18847.521809697293
82123,18494.17431542394
90262,6502.8512318098865
93300,15011.641326911213
76795,16850.51915058648
91043,26002.004387221583
97362,13951.86022179622
98969,8043.04269573109
104826,12359.166757411433
84329,6332.389355504501
97976,12146.012146269117
96904,5964.554624037943
88148,13458.28216797667
94895,14467.172387378572
91122,29847.238038095587
108145,13274.14556321332
85476,15867.402838292555
97564,14905.372422683968
107770,40577.31438561957
106947,22802.903270314833
89548,14603.682581206123
79027,17187.762824674588
96032,21506.96695994619
100133,9696.402305168605
83191,9189.458540182712
82695,12833.64202217338
79273,51022.49961647341
95667,13837.323361635941
99578,10728.505504818148
84492,10304.83382241738
92353,15161.823475989424
106435,16125.808130806401
86655,15593.402253079876
106651,11824.055348890679
90268,8286.876912472391
98311,12350.946119938684
86971,7489.569666407412
88573,13766.226009994329
93189,20339.56105303717
87244,12147.222120142029
108207,8473.255373883918
95819,47675.9733493929
105846,28673.78426744702
102372,7917.893274814486
83616,11487.3421219658
92411,26594.527084157
90395,12830.840074174825
104613,15747.152671927612
95808,27203.75176875068
98662,13382.417955163306
86066,12727.062194816644
77454,16032.362895801096
80846,17108.260074760543
89060,7270.379354168056
91975,13658.322151380542
84011,11429.304051838108
88315,12894.033277546441
95692,25781.429947214023
98373,8760.686325197572
97283,25827.759929343258
101495,8280.55083312278
81770,14500.556350007675
87458,15711.214110312609
102710,16041.421945116914
81205,31054.95196980992
97440,12904.577707819632
82618,6633.52280050133
104838,7178.838346459666
103606,12966.105361869046
91507,56951.80264552605
81463,13326.631214371902
76741,36919.40361086387
94422,22222.920759134242
99543,9297.194049840367
104044,18904.06072722131
83284,9834.199178795017
100834,15468.333446581395
108440,9866.960852748021
96881,7322.295846557947
103925,10260.033480987082
102881,13273.164777937105
78690,21631.50556404218
78052,25165.892917416375
103938,14788.107718782972
101271,8930.996960039984
76924,20806.923201294354
100415,11377.501828175606
78455,22369.48435847497
102811,5106.983860050591
85154,14572.033823865946
103761,8246.398716448757
77732,16682.280728360718
85957,15146.262638762482
96779,26176.962962421305
99061,11781.339269678148
106028,19595.751809069563
85889,20906.653599087334
97539,7946.2351378661515
100890,14183.896395072374
96058,15309.84678349457
80216,18386.209893902527
93045,20356.22146597531
95789,14704.598977403326
89368,10087.098534307856
80917,21013.03311004873
93323,27238.571229430847
103669,14951.566619456446
81561,18916.080318415196
92214,29427.819545804196
86368,13944.710566300872
95070,20659.676708945644
80730,13283.569815912006
105647,17755.371761069324
104707,26970.77269948512
80353,19290.840463779183
98677,26347.59630861202
89445,9170.873454376446
98332,8433.345232343723
95929,14401.83657175788
88970,17685.269718586387
81272,15094.795895125253
77963,20136.047487422624
88285,18152.416441972306
88924,12219.091834333898
93562,29638.11764346477
89463,8774.402094358496
105407,14549.527707491598
80944,38075.339480380906
108099,26139.933320159867
89199,6403.422616941133
82756,12114.240960287352
79573,14600.267449871191
98847,10675.653668983483
100966,8463.348112902664
108500,25915.15423869787
103830,11495.375697984584
84043,9773.015684915565
84550,11765.66633261152
83946,8510.105775523733
86287,10351.073673145886
77598,14308.896215489702
92893,17143.13169491697
106936,15598.245607820088
101123,9635.539608998726
83943,9606.479024254228
89197,12526.560230316445
80185,59827.437741135254
82429,16543.392929603328
95864,26201.322346783494
100750,15734.026338204047
85497,6380.5939101873055
99469,15577.101477525559
87667,7427.750718143701
78681,46212.83278479637
106579,14960.354326101933
97388,8890.975137708536
82487,10890.384174895416
80635,21171.101260957737
96378,8967.923838294111
77827,28839.19050193807
79045,33804.065746602195
95229,19780.684001696525
95387,17710.052427327977
101754,6823.461647618562
90728,7925.761190915878
77618,29343.833538252562
79390,41653.9179684099
79449,17569.82647570709
107826,21739.68870076822
87026,13218.63531037715
77765,18935.637802602596
89691,14964.826006431264
91087,16132.524331363724
79770,29283.21882774242
79341,33599.131060031286
87532,14734.69762838009
104082,7875.7769737829885
83169,6320.31518681331
107978,26597.429301255564
97466,10472.810430440115
98381,19647.312548559607
87614,14579.254443721846
84768,11918.023966677294
103605,8302.581840054803
107420,9959.03908756577
76099,49184.676535239065
81932,12226.101161298748
96233,10941.426988986075
103484,9099.890681163495
89608,14556.824474450847
91316,19947.132049742966
80424,11756.921678400638
83120,9440.758273121457
95888,20473.568750800045
103279,12432.742121426669
76800,13182.227234630851
102188,14261.168127676809
100147,5609.051674374406
107959,23170.373754234435
93341,16109.31393886611
87446,13299.614249396505
103554,8007.482483184267
83756,5963.667501421355
86353,8873.000508046847
107874,22077.62680768698
78416,17197.62517399977
100911,11932.17693941049
86514,9791.889299702258
92702,32519.15830381461
76787,19714.173704191322
98523,23330.974661417007
88972,19217.040624885653
87370,15087.514850786552
107060,9693.718788305436
108186,12920.088072144372
90126,15497.95112926041
103874,5946.935307633611
88271,10083.805436914156
81752,14385.473660860418
78089,48759.38377293493
102383,12958.39187319649
76766,33774.17518988015
86120,11071.101249392144
82871,20028.79295583708
78647,29155.001722997167
92451,16039.965171559972
91743,23008.220342015014
96582,12344.581144349517
79729,20755.810936029953
78864,22165.506897898027
94728,21322.181779859824
90355,7553.860399298681
103777,13908.551077356766
96076,4856.844009034493
79201,25948.401173370137
106707,15534.32495171164
83836,7032.299398677768
82332,35249.3433639311
106545,32151.893176454287
107268,28794.394639115606
105459,7860.221023598466
99683,12135.550363682867
98385,14456.201457108513
103402,9202.505756444129
89402,12916.336097047917
87077,7089.98254197144
94222,21932.368644480528
89919,6531.618700719684
80585,27997.362319043514
102406,4664.825113783555
95002,14690.139211637148
78216,19372.64960043669
81346,21119.03602549322
78309,19436.34185395142
93307,22330.45880455227
87233,3364.15754615944
77093,9431.628691358557
86762,6409.491013761755
94561,14943.782394751035
76392,75044.5876195043
76895,25398.512454671938
85419,14191.43751576673
101026,13872.146825510112
102584,7971.993675457302
81381,29918.441459833684
81761,55533.94401815503
98099,9843.666087509051
91347,15709.084343708828
100024,7408.655158363108
97924,12182.666646035635
100492,10543.717787821563
93559,24585.121179222406
103175,11095.667241029456
98122,14307.892075446485
84362,9373.431082116032
77943,19851.803188831556
87275,11351.334707342783
79991,14263.385168459665
102700,10926.922397138556
79660,47289.24334124127
105465,21261.61487262141
94354,31290.782533957776
96390,8097.101743257479
88763,27699.660298353254
87219,17641.13068624596
77221,27167.974283938525
78165,10996.145615610842
95069,24385.932146899406
85157,12587.90491235956
94547,13599.690352138565
80643,16727.94173855719
97499,8786.72696011281
81957,27331.410932122544
82538,10495.779296498822
83777,14440.660179700093
87927,14309.719317178819
82916,17630.27846475771
104146,11977.768945959815
105260,8682.412711754876
85483,14020.888674703752
102412,12075.033382930611
86508,8021.234989348254
102998,10758.022804738885
94493,37346.02371101972
93422,19387.149245902572
90033,10709.46585031849
92957,20372.7831883894
96584,13505.214379422314
103170,12416.389760099873
83550,17178.475939634995
76050,12850.360948279069
99903,9401.602482513737
95255,37244.34276932001
106697,23967.22841868099
91497,29715.55865582314
97177,8921.192675157014
101863,10731.517896606427
99298,7281.87174330938
106496,4669.837930805813
98770,25867.453337701834
101801,11664.171404176317
85037,13215.88098197958
104399,19723.906244147565
83980,4239.343184934546
97825,17641.640256366078
81924,22220.99763648043
104192,9561.369876425786
87130,8315.650142729059
79364,14714.652760525523
81388,10928.600045923227
94917,19633.675005706194
102119,11020.906529734344
84135,11847.693204071964
94992,25448.515152228825
81229,20336.760136564182
79503,25429.1703540827
84540,13377.115101055477
77881,9340.863829575208
104978,2115.0034100198322
107373,16442.33129546285
76208,13394.9334662134
88192,18530.92874333502
107010,48620.35029647947
93961,44812.75460605585
83957,19772.732758346043
85283,7429.800706329631
104226,6394.764423593322
79463,15568.107740713413
102587,13835.008794201995
90204,3983.653780520241
103507,13530.841884625977
94351,30355.202922299748
95181,13759.982711930203
107410,22437.70395582044
86541,17634.188787309755
106281,19209.786794774234
77315,9615.525141978884
84485,8284.797872666337
77592,10904.40293593876
104262,25236.61728586084
81260,25287.079211191776
94417,57184.523423866885
83014,13493.139131362494
78192,20994.59839479556
85838,10393.126700166646
98395,21849.536670519083
92617,22263.500297905746
107538,8771.857086471378
102588,10627.777934693306
88950,12008.074766817637
101450,8888.761556310408
96101,13300.274276043503
90567,13010.701299073507
94383,32682.062430946684
82961,4403.684304774106
96591,8619.538276125077
77890,21719.441323612948
77801,16109.653943584763
85738,5846.2155819473555
88580,19092.85428439487
88914,10270.311423532894
82206,20667.398425651125
107485,13612.246537427098
105203,25026.31970642953
82256,66848.69869280986
80181,33021.137834555244
88792,8377.872618506364
92581,20647.216606259677
101272,18696.489843315227
102359,9000.9267049786
85306,9695.470869043227
106078,17125.064811276756
82442,7487.663782927259
106313,20375.964137983112
107617,10647.376568215614
89719,18860.584069818142
91358,18423.920360940385
89676,35211.70259655661
86927,15074.996539476491
76819,27212.98292582282
96646,8978.143332750784
81533,42219.305724864804
89207,13353.572534209638
90282,6736.596068685903
94908,25760.405585690427
89890,9353.159485007838
103477,13647.893662367278
76090,19426.002067015765
84810,5811.891241674998
98323,11197.74368330993
100552,11984.141920533219
104719,9576.398147310438
90016,16083.298584915074
84632,6890.417825901384
99846,7533.186955794829
92362,28517.86810504887
81315,11257.558311251221
85084,17584.766186718534
86760,9574.722030433279
80297,17186.574807622856
93420,21752.505262962146
78563,20165.44254781345
100791,12499.225659561374
89019,7342.981954209349
101709,9127.224396632464
103419,7071.162013854628
96092,17768.585230725144
89891,6461.415905881967
86562,12583.317063474697
95874,25670.25934013661
99343,12284.586601348328
87586,7502.648195004003
103112,11015.790683710851
82740,10167.980198402629
81595,35282.42361924071
77578,6548.650123773135
94090,18631.446518746674
102873,9084.62099711641
103258,13104.034660315045
107497,7912.056311766669
101861,9110.246818330244
103997,25090.916637439503
79785,15215.924017074918
90250,6785.960046686876
93233,32115.97353917698
86527,12904.965285208424
86140,6156.272653041068
104063,8920.85357398038
77734,19158.065058556036
91652,20541.11745584991
97758,10732.389125577476
95096,16772.9215923495
106186,11437.848043580601
107960,24832.45426465896
78445,22423.86610276092
91886,21638.204224856363
82711,9053.059499750469
99248,8981.569744156095
91701,15906.045097849797
88172,9746.746709994384
83916,13640.350902123524
88883,11624.736843015387
90342,14616.492903625562
102042,9845.56506082311
96563,8041.266329503082
82344,21595.458413829692
102707,12965.96540278149
101718,12462.863938167704
102705,8662.290571849675
92589,28432.833838727438
84231,11725.728558181412
83534,7686.166420309472
85768,8939.680399690533
82141,11873.077548206818
87448,11625.599166404925
79569,6875.9016644600115
82261,10428.015084393603
80605,13571.210746630564
91120,10096.017748441056
92482,22346.184993396702
99998,11045.402786867897
82202,19629.2831524415
105899,13995.290908655305
93653,16192.279062382213
94333,15885.576413167608
107717,12218.182113826688
107655,8937.70270368319
86240,15821.66829574921
88745,15478.28444459427
81723,35475.466701081416
84125,13973.35523079419
89476,15518.942982813804
79059,36720.90933963919
77879,13735.614704595617
82855,13444.585358601049
108513,31502.26303710604
83646,6825.899893836529
95702,32154.885354440114
84145,9835.625808152547
107629,26075.357429012383
81843,9953.441083615031
98863,9083.056277779042
95154,25648.680629924274
93275,25485.785006104164
94003,23196.247266203372
81095,17278.91785370004
81099,10706.586835873079
105527,13153.438237134944
89596,9273.08579906187
91007,23642.32273248887
80594,15165.20979830571
82782,10137.460773935356
92721,18949.884416070563
91718,30864.861894826332
87452,12790.872762441031
78098,10312.96532132579
84123,8403.266271059527
104672,12678.05802153374
105118,10200.052011121883
84690,13874.831914600127
88986,10110.8971370843
76028,24384.763123206703
92995,17148.019799948324
76275,33093.02623803408
103315,5584.757782356139
98168,18725.08248526253
93633,15839.421502237765
90151,8421.477744577098
105269,28610.01982859519
102604,4000.2738080718063
89541,8433.779602258572
105694,32516.778499437463
80405,30053.112010552566
96001,15853.28075558672
96500,8299.595702035285
95235,17224.013162071955
88367,20179.23429042932
98850,14669.185266261291
105724,22143.49886825789
86451,11673.585457008978
86426,11082.48964658413
81213,32928.215867875646
98547,17215.21171690312
86461,6375.457707485876
99294,21792.608343498705
99597,10597.18564037096
92255,10202.433528778476
90097,22107.732811627426
102302,12251.08195221225
105746,10142.046080075865
86133,23820.12408343662
94950,54303.45464848236
103666,7681.947518337369
94750,19563.628759550404
92880,26135.805418155287
82349,18633.295240964628
107337,14428.795879557452
82954,6589.715181979964
89689,17299.970431001584
99034,11978.51210158137
79873,13308.353301964957
107966,19830.249643166568
88864,12696.557241785362
97942,25967.899417987162
97481,10208.116935894102
100313,9156.558377491927
99927,7708.300775576911
87287,9266.368206358926
99134,22203.68366406214
104705,17950.01229469359
86134,18501.462980762713
93028,24913.749038485257
80161,22209.835175640284
76639,23178.465627292306
79239,24674.683126915366
94244,21378.481016303915
103815,8241.314765574021
84445,15853.09855463192
85884,8697.687389337825
103496,10775.099092558521
88620,16432.993897678403
101448,6844.819395967041
100044,7505.328075346574
98388,14903.687675526788
87610,9917.134860118565
82063,27395.421779413467
82211,36925.06772159667
91156,15870.000718908508
83323,7911.376053144971
100187,8461.73129620235
93117,23443.210926792548
82227,35099.628422302485
94263,16797.90194072611
88207,9350.675543237203
87988,16435.64434276396
104687,20264.301122359997
79791,48098.406573355314
82242,21533.31722514211
80273,12612.783495778556
81542,27179.55409538133
90361,14175.386261846767
83914,19428.750393895156
103142,10483.770106118614
80137,33215.9508785961
103580,15034.198976019974
98328,10103.985132908698
95936,33824.55829416509
95189,27404.24175786899
97806,21848.871599366834
95829,10163.107271763485
98684,19331.73197155597
92494,22689.648258009947
83016,20497.803557155352
80865,18269.853273835048
94537,19254.871804498758
86293,11953.392821963755
100087,6281.5066008320555
95534,18115.043812847325
80827,23808.84124147241
80610,13066.905290647106
97472,7217.50806891408
85523,6587.796102776361
100005,7790.664217378469
96618,31096.56905238014
104893,9725.04549373299
93688,37299.231500499256
86182,13892.011482913345
105091,17905.2219415971
103031,10307.585575320894
99359,7916.747769896202
101907,16978.542815594396
82914,13449.359487257318
83990,15584.49773082669
98598,18116.294979557144
85494,9275.233038454826
82922,9506.13140013862
82854,11227.395994949633
89024,19006.76339013716
91754,26491.715942925257
102699,4919.282620856478
96887,15081.707197021828
102671,11682.391110676223
80646,22343.562862337432
88146,11952.979698059658
82969,16544.549329582427
77225,17578.0630257657
87443,7048.015982192753
91227,15075.102688488045
95731,15367.461890302702
95171,20122.328123187966
97076,15304.032459206135
98901,10923.642061997549
86013,8330.929764338338
80831,22873.723117206868
100258,8846.277033976934
103586,15919.618129073442
84553,14382.61955655463
84400,13391.628567643535
93434,44039.64013071043
86149,6578.667069065981
80336,22456.629565500505
104511,20612.56563061636
93127,20141.425344570933
86330,10959.146329233927
105082,11605.73017145851
101222,12588.530910827774
92606,20900.856875727746
90462,10458.451849125438
102123,12960.766861073358
83212,10525.819328514674
90403,14436.741904341308
79392,24569.090473172873
102630,15757.21846435799
85988,9175.320341082825
107908,20466.117221788863
80949,18591.049984084726
80517,13216.962956185833
97922,13229.192761899518
100296,9365.01988201989
93073,21858.144650009992
97137,8042.698293854139
88311,9209.075935080811
78021,15051.376511070921
81970,21957.60374971875
98957,6790.636894747288
99602,24871.432077856094
91417,13676.390389333481
89429,13411.07301820364
96535,15742.138610572507
80782,44764.526370997606
86889,18560.74759747577
79609,21720.442127344275
99497,11866.280089737005
99547,26002.93163780938
93817,3262.91238540118
91079,34041.4460942902
81962,14904.729640098463
85833,8090.503967957532
103305,7977.646775806342
94357,16730.294479582702
88736,9343.759959983568
105162,16961.6615110902
91131,23643.919264934902
84148,6756.631976136312
76377,18303.466709511194
76357,25363.95930400078
84675,15603.3935367565
83239,27389.22293517155
86317,7982.599880678492
93990,27503.874318093774
96357,8497.532021839063
89745,21619.509781584966
97141,19992.56299676293
82911,18073.292584769653
82943,7079.538520824353
96282,5095.752671575254
105885,20265.33087304687
80131,41683.11062487552
99806,21060.12177380228
105497,25028.267898403104
106447,19981.88981495343
107746,17705.394058563706
89523,12521.704344936184
84388,14184.716066097859
78166,31482.984757230486
103685,8108.5290575118
105018,9977.47396982803
102373,3940.2863401656246
76988,22704.771786721794
81097,25100.480488917172
105521,22447.682558807544
99775,11753.395623969183
99766,9275.168714332025
101346,8004.839553497512
95228,4262.131536281635
75982,24304.33247135939
107142,6018.684621172854
86109,13791.81723824227
94195,19435.668473393842
80777,35914.76558664817
92612,26624.886526276336
99383,9494.856850822447
81686,20387.9339212337
88650,10539.650928827989
95681,14287.967817428878
100071,9596.88870865745
77554,31928.573655654505
103505,5041.200632823759
93281,20385.81931389783
107444,18380.69153186063
78752,21731.929035509806
103057,13204.634541060816
100248,12643.560219753504
98489,11228.718337785565
89189,16201.091260885105
81293,15802.801506701908
83285,9659.250099595107
99459,13591.471521113132
90810,8252.848683966537
82015,14460.82363565119
96132,16395.159640945923
80808,60533.35016864971
104685,17193.83713285376
80937,17883.796042406135
103328,8884.895299926946
76512,19366.78037913747
83456,13388.47607063555
95102,30582.813951754786
79692,23885.713076885175
107807,3963.7201641873266
99176,12386.364625260218
89632,10337.461442933716
85310,17004.490554148535
105676,16342.95944172789
96825,5731.6397576615445
76640,10746.614568316001
99932,14988.006786569384
103568,13604.072608859346
100906,10609.732198526135
97420,14135.700219105072
86996,15903.624030187933
86948,11702.597588216511
77326,23133.329632080156
89296,14224.172247966095
83087,7636.424208417444
100477,10494.567344516188
84635,10403.762389120931
95060,30562.212500868784
79303,28966.750105961353
84026,8718.066876112372
87802,11003.77653731826
85561,8702.757639291758
95941,14917.917777563613
107662,20116.466069943035
105811,9503.123482029787
81618,16182.111822694567
95733,30392.09968530203
93613,13629.697172239696
82163,6897.262728791307
91734,26320.046564048156
87677,2381.549563488773
89816,7101.517047899541
106327,8681.874582926128
101799,10005.720686957984
106344,11659.40875917787
97705,24823.812362935256
86976,18849.216836193165
104847,19641.15789063747
103833,6546.126255020206
103482,9325.238953338447
96532,14171.958112256098
105817,11486.617249200559
80883,14879.702428338658
77825,50657.30002893379
98673,9218.447090832215
107364,6560.09949690868
88945,6413.780670419726
108307,15415.336686829756
78078,30197.91160941224
92490,25608.760648602034
89401,11283.506412018234
81002,16073.857505545799
93285,25806.6335834457
76796,31336.009199009637
99933,4266.684778980904
103989,9328.748567704748
77504,13438.274287580096
77187,12950.321217145902
76477,9993.188876888536
104834,11680.60300701279
90656,18417.543175062303
86161,8266.911238868734
82503,16375.48890360178
95429,20335.80916784237
86123,19879.50372928612
85549,9442.106456570029
101443,9996.953069915355
89089,10349.918860813124
101004,9174.24711747027
98976,11784.720963139254
106328,41917.285118588996
101630,4787.172962443976
79682,14120.07014582867
107885,24414.88748375718
97206,7414.607695392822
80721,28806.90774355023
96625,25151.028602661107
87687,14644.698802413624
91458,27568.054694328363
104683,10086.874460201185
104151,9542.572312411861
108346,33351.84799810459
101262,9628.59872663311
96543,14646.408263709163
102763,8117.266733027408
81274,13417.194132235001
95280,11420.776772464224
82561,13686.12019007779
77783,15788.982414866996
95843,30515.54504382225
99776,6284.984907645563
79114,26603.085601025923
102376,13139.567622918516
101704,12740.851084088219
77297,21020.584913676863
80285,42035.53884348988
83467,5683.396350897182
101059,9490.472728507126
102229,12843.993302003868
84664,13985.79753192979
107750,20639.14523793183
102405,9946.096350446725
85553,9520.802075861671
89780,36010.367966112084
104268,9756.136038328961
102935,6981.402456130038
97898,11410.465949045762
103785,5812.9636648788955
98529,19852.896247312157
93897,10939.176652384669
101766,11128.540974156927
95038,15265.58386636754
108350,18856.829677577593
103542,10091.29822265934
106061,41826.90165853201
82286,20658.547206494826
93548,31887.107445231144
89937,11703.21009564491
97650,18134.037769040264
77515,32004.027190764333
87466,14816.095867078337
87489,14189.455640498647
83029,6545.748984447896
78512,47018.21768406496
93310,20650.69626463596
99598,10126.196168732213
91341,15877.272788091886
82704,9314.072712556614
80819,6086.349559769516
82774,10888.341976954678
100367,7411.848385103281
80303,14231.797743634534
84897,10656.926502478065
81307,33998.001847595064
99687,9144.412305925098
85321,13449.151114369392
80702,12423.134359784968
103843,10395.884495009517
98898,6882.1810237283335
87147,11900.96981288154
97662,8769.639776966982
97518,13638.49113224982
100217,5184.136168432943
94513,27596.51613869176
77035,11560.337672801761
103165,7628.173428338981
77140,8530.863913535944
103771,13016.135382990076
95993,24142.52518294064
83624,16076.645118682998
97945,9869.12590511557
87103,6443.783230636312
107640,11432.061384875877
99549,10779.489969099157
80464,16992.593969129837
99623,12945.799959517983
103689,16258.66166619846
97337,10334.119181624004
84308,16634.92170606223
81459,23164.751211694776
104126,29641.303554596958
97303,34678.644746791244
95139,18602.8886189899
93074,37140.44837440898
102368,11533.127271536021
78475,9607.176936240709
80333,28948.737791705727
80144,11199.761128365877
100439,7631.0643454937635
108154,20047.885522168806
107137,35155.54596294091
92752,25590.124645543227
89896,9747.866287758317
90485,36281.98571607277
83159,11932.525084736204
76671,15026.853957073154
96849,12892.041895592782
93722,37026.504413702336
107787,7232.770872169545
90164,15131.638947717478
84760,14665.673220222441
90370,8207.07514699775
88117,9019.065720525212
89557,11347.20693399722
98274,4039.317936946232
97325,9774.503024936974
78887,26396.383974525528
90525,16970.402191601945
86491,20308.93025884247
81617,9627.706231893162
96123,9388.00900652698
79413,14089.505716784724
88016,12371.328042191244
104681,21809.54545945369
83330,7807.5709670551105
99163,6740.872197569173
102236,8080.74319934436
78116,17238.625772206407
81077,21006.929546253778
81046,32558.43755458089
93928,24862.483869453215
96436,10034.06717116535
93479,16302.916535359753
92021,29065.633068108673
95143,18631.894151453263
90500,12889.191059288089
78940,15633.397134163411
94861,16089.131815268169
81961,15351.07484645582
87630,8814.40029298966
101224,14119.783142709117
103357,7011.823734076751
99521,16880.379792570664
103897,16510.612712270606
76701,9762.858860628772
83560,9875.947068081368
83516,17537.124175785673
76385,12914.408691521206
87311,17462.786480118913
102065,11884.767597889417
81718,21571.05564065353
100025,12861.988167415086
93182,27990.898713213675
79240,22404.235184534886
96331,14508.57579919516
84781,12202.996022496296
100663,3989.295705172343
76390,22285.755196388527
87234,9928.1807101179
85790,18213.75548056073
91278,21796.947538893895
92254,22578.38493321878
99105,6263.439802947814
101324,12117.53356501058
104734,9745.439559139822
103445,17005.773193419143
103323,9281.840114118937
78055,23100.58802475118
101302,13262.388989788604
103095,9775.062097473268
88134,7020.676906512466
79346,13463.21396574086
81699,16272.019130579434
96464,21967.050805134753
86609,10541.644253682101
96737,23357.564990223003
100080,12839.180554977538
93423,23336.073304942533
79886,28195.62275444866
89452,11558.519773959084
81509,15453.864918018404
83975,18739.41123392938
81360,8645.63476508139
98089,9119.448505018694
104047,27775.974227079278
78711,18566.357535307903
81025,23659.75602428425
79973,18097.23923466908
102117,15940.276299905807
78400,48328.88125400948
87911,12536.573370154354
82806,16140.717471395114
102480,10023.197379170551
94044,19275.26734309235
76824,10315.16458713595
104095,16487.77869827107
98660,10418.589258944103
101444,10552.705010165811
92320,55231.88290184114
105141,14952.342107485421
106950,10937.292005880647
81851,31565.033755365275
100884,10248.535676856802
95196,18664.09273808479
103636,4183.55175479427
80584,17356.99132605389
92337,17886.01035420422
85513,7401.488146317216
85180,14748.719167486544
103365,11759.62282458622
85796,15956.422355247843
78462,30672.052938838173
87895,9090.83664156065
99262,10901.291142023674
83363,9635.994997370457
103800,14860.540053486544
78822,9943.817425327934
107816,20290.282857959348
90042,11345.559845883115
99022,11445.548288298683
81854,27143.85700507912
102619,13069.484994554048
80425,18785.001243474428
102306,14893.081265045936
99778,14092.216137231064
105957,20793.78641567749
102184,11307.265234135077
105195,9671.046266125764
98841,10399.46134766456
78452,35865.67872906403
98974,12252.085223311928
86430,12255.588725193495
87124,8217.744859791024
105872,20642.03264504882
108077,16008.757746605745
103608,9768.23140791884
89218,10834.371078918752
106418,16533.161375500986
94498,9796.904419322158
89269,15745.17675982692
87283,9600.69308331405
97545,9372.705894916764
85408,16095.382735719406
104594,8836.187154027924
103905,9252.830254463424
95101,22857.380793056836
83226,11315.1611887735
89257,16126.069794740879
79479,11384.009415573617
77652,19052.395777440262
96606,9574.792740772908
95504,2984.5901775573425
84103,10263.371057037693
102843,7858.707978361098
99361,8694.776812452268
91098,17561.352354314393
92937,12156.478355297208
85635,11668.059876446334
105348,12222.238612644389
96427,21004.56650311971
89473,17923.508034185244
79316,33341.22219918426
89157,18114.969498008915
92217,13809.200967369858
99761,18845.328307863994
88748,12860.028934107715
96029,25081.276705767028
92916,29667.063261775667
81210,15729.042527304455
83778,22661.83071459956
89380,11279.119466845541
103398,1734.5731449131913
92869,28671.053130494565
105278,21063.036490075174
77054,17220.580496680428
94021,22385.51670465066
85177,11434.654541179223
77904,21810.311613324287
99917,15961.723663039234
77123,27487.450644521243
95195,20505.797957421317
81922,33986.280432742635
84281,19821.564552508575
101289,14439.879327082894
108200,30445.871936637413
90235,11434.263221885441
81150,33148.25511203673
104224,14692.260003127098
90071,12612.102320695141
93187,27622.79292209092
84284,11914.5829501094
97109,8078.412103181626
102231,9780.066594130434
108093,8456.296112126352
108443,43865.27364449267
92992,14417.99464041517
80438,63905.152744024876
104913,10494.113327283716
82772,9560.719271961532
83960,13211.887910131923
83052,15685.954051743065
82939,6778.684207862617
91175,25864.464312416978
80115,24143.790970564296
99384,8862.753214656228
101540,11262.969376487295
76849,35667.635982551736
97226,12972.469365153931
97672,24018.858373291238
97579,10153.097225051688
92361,29412.518777922178
91952,38205.911914718556
79024,16841.542044357957
98048,14815.021418823733
95481,20732.244457766872
90572,11114.60750829937
91301,20099.174489148565
103209,10172.394215488514
78464,12695.133746590913
91311,28291.737620909218
105722,19238.8674445026
96211,10250.109678653575
105482,7606.392398873984
80750,57734.226220807235
85880,16320.624608338096
106997,20477.780766360673
99866,22280.200815352742
107262,12299.291672644687
98814,4128.128260005556
98650,8209.222872020313
93505,14476.181004510623
103810,15366.827737236974
92931,56391.64286973479
96126,9066.902795819382
104285,5524.716290486338
96503,13240.051048842784
76826,19376.756057944684
102531,10117.000029708153
86939,13864.158313274223
98276,9348.156686811702
89094,5649.501767989794
89376,7845.7611318982135
101715,8819.853809173697
98971,8129.206443058674
98359,12867.938495536779
101520,10724.177156143329
86866,10367.246328851748
80468,18262.978631903952
84146,8491.836684238935
82628,10481.950078010748
88012,17211.462580508807
78341,15374.684387652833
104664,9845.692615699665
80753,25080.142678734068
88296,13629.969091309627
100349,10580.407161524628
95307,23218.094024465776
97982,14872.503463924304
99328,20338.363284017974
84689,6373.747579686168
86620,8005.054238628789
105565,11013.876460603982
94198,43268.32336286946
81959,5982.491312256865
92894,38645.20159794976
95163,18639.12256551961
81774,17287.96812842779
97953,6931.568538972569
83179,13161.674002785669
83316,8755.80473246586
88506,15569.905585341927
83533,9445.529124044406
84069,11138.993071209106
103724,8193.789931655678
76757,17834.925626922908
88222,14668.398785555906
77382,15034.676426601796
86702,16164.379263431068
92511,14746.900078029721
100163,14815.8632909708
78982,22042.609039225434
94043,15553.01087905365
87066,10683.275562968856
79987,28274.761074984457
83428,18384.556807401288
88886,19343.126334541197
79836,17599.49299243598
95090,23351.53898880648
77868,24108.817411423544
81415,22960.588692604273
76542,26231.28236306953
99066,9595.957144034419
98211,13546.0296589856
77789,10292.231160537274
102614,10096.391917987583
100676,9284.75574088342
95751,16607.75417384273
95684,19832.59579647917
108508,16516.62287404199
82075,17044.83081715206
78948,16708.66520148809
93337,20835.18037685209
86465,16961.696451455337
76163,28519.80574155168
101688,9693.814128800208
97445,20888.403062875543
76672,29588.329156495704
108153,27199.30607674816
92963,26107.121926313095
88441,12814.012377174482
76274,14366.98590908612
107189,7736.92541407686
79393,10905.348603888151
94684,34488.34412646922
77033,6053.840067341896
106413,21769.568152505046
90407,22240.34926455873
86730,10567.69199871845
79417,14635.811912236752
93426,30771.10384634585
86689,5983.088984073227
94562,21082.32211230201
101792,17851.97003728234
99696,11780.461338500665
84181,19885.23558063278
83652,23945.35753026512
87285,8558.01433974524
105860,5460.57667899587
80615,33329.08239451795
100040,6890.835354884931
88919,12962.166102224302
84980,11162.503517154804
83969,16364.526111003583
103616,6012.826909623526
105097,13315.335505357574
81573,27274.601934321916
85124,16235.394999899834
82995,15225.789880768312
106976,9667.245597312705
97250,17322.8132608107
91609,14741.191717000307
92582,29811.200901147873
106719,12347.122395239865
95711,23482.432883094072
81868,25743.053975162955
86650,9680.37940230325
84727,7757.334476317743
79409,10982.458315260561
90538,15210.071937307042
90346,7377.763856635972
94050,43519.025979332895
82866,9194.01997903299
93402,14042.396476214548
95803,61044.167159404526
88730,17949.13314983019
84023,16223.920265248578
85119,14926.805691750513
80528,29713.096427896533
103284,8850.37724405214
87269,8194.96583240273
80708,15041.320706034372
96853,17707.12881951728
77191,19189.53129579934
89419,14516.171678597002
106060,10657.494623661662
98372,4146.221907362999
102076,9788.03317753692
79960,26521.842210946317
97268,13769.624996532062
101849,15725.661373104167
96850,23026.91282216258
99301,6755.701165881603
81672,21228.994444138636
100709,12718.76413495847
104616,9724.25499568426
89965,8318.113860864658
93313,12251.00080797969
104340,12321.077828562711
103783,10170.153132692789
78842,30631.59606276186
87942,10967.61155664645
96790,6711.592159357328
97330,10291.69971173732
90180,12344.514092639398
78934,31401.81488792097
90145,24813.760969615352
78173,19942.110253014514
92455,30986.60876039384
81565,23115.060619988803
78530,27773.81148194819
103732,14073.707260899384
91559,26147.679270216035
100802,10962.193925024383
104472,26384.468350538722
96556,9389.762006382098
85610,9323.292513734568
81512,36496.0353415826
94005,27142.573536735017
88847,9832.01751028647
105272,18803.005899493895
88156,7163.057658546116
102245,11234.579243739057
103740,9336.31931448324
98554,2768.591467177878
82268,11195.412064906972
80472,12604.510762262846
77127,23336.10510333057
94612,11152.775686520552
91124,31743.279281396222
85847,14522.840594371222
95527,24182.486611979646
83373,16823.01005364253
86221,16572.0729890845
83131,16929.828034347684
104639,18948.761889759226
108323,43750.49660479415
95465,17230.062733319428
96905,19115.23042779374
104272,16399.254556984597
90562,15933.814726273344
81396,30508.51764474308
107589,16163.385313562945
78022,16624.436762452402
89141,23886.914155893406
87808,12300.118749113892
92344,16096.716484981695
85181,15542.244483382705
101172,6689.036080526677
107038,12736.090654416332
108214,54793.98043494091
90048,9722.354786569344
92619,21352.315837657843
106279,13782.413375363561
103918,12504.806897907738
96418,30275.04660840591
97891,12326.606567205632
90459,8282.745990733209
90230,16966.234257454573
82589,11286.296125861472
84093,6697.7013261660295
84128,17210.593967988472
77775,23148.311530946492
80709,15756.951031515016
87084,17403.309841483457
78358,25934.33904114009
99051,6969.112379309333
81732,12516.094067059686
94316,28835.93365185568
95333,26443.597583004976
84653,8231.82136347829
94200,23434.488537729994
77707,26025.37476076603
78884,9415.89643509689
87384,13047.955309839148
84311,11072.000225295662
106179,5672.439339089984
77959,52418.08680769511
101918,11691.415022534293
82519,13214.765100359455
90216,7436.368016105709
99455,9604.583775250669
78784,31804.095733437895
93016,20920.393058182686
102343,7650.109463810508
91681,27803.94729171045
94868,15695.718560376426
87562,7507.802468198992
96639,18066.096814197917
85312,19505.78937284147
103821,6871.415625274613
101157,14167.980704993284
98644,7729.797549275879
91060,20135.415304631395
87747,7930.862167718515
77903,22831.99592211796
99482,19079.85119367532
76170,16830.821045698547
83750,16897.56854368414
95288,11387.655881909974
83977,18967.292395012435
78300,23537.719853815976
80362,7895.373386475855
101315,14976.966291804565
88661,5738.419853273326
96575,27541.52974768959
87420,15721.27927206944
76175,8598.735621206662
95867,27138.399364748737
80904,34146.7945314391
106939,13932.48454503097
97892,9850.29980365606
102282,16445.930870950568
81764,19838.61644659641
103326,11871.299771210122
94064,24567.451119375706
97529,21285.81785104202
97606,5662.066614731569
89922,21878.00534284958
104023,12718.681102437582
98885,7179.307681731742
83365,11610.104428092016
81828,39982.87357498043
100521,10752.48891636996
76827,8783.779124927794
89850,9010.910828989088
90528,12789.62804245618
80710,26603.986965783468
104646,12757.857150975597
102709,10806.786664260537
93055,17409.512534137437
103701,18177.32148784597
103548,8043.800536899078
96053,8860.981991953468
77609,31858.15079519984
99637,14864.64175518568
99911,15059.869710579911
87622,13048.407596685172
95938,16501.35727248171
93648,16244.19136681514
105208,20108.149500022173
82558,22996.947716226572
89781,18707.034117271513
94210,44873.2443159038
97589,26202.360407184595
96120,14322.542486092116
79277,28372.57724773086
93852,26120.207144588803
106276,13719.809024769638
104292,21575.803184757475
103994,13548.045420809365
83967,13197.550130547912
77971,22330.169835324712
76636,30300.016263083282
105328,12556.8534533327
89518,8293.586987146398
107941,11763.036248901133
79721,22832.62265875727
96770,9474.189285470715
105293,8532.166865138719
81503,46767.305959407495
97932,12664.857498833757
101258,9546.232869623125
83499,7663.295886877371
85447,11725.746742059895
98221,9418.983565289542
105617,25470.48504761581
103224,7226.220040675566
82749,5222.799877290791
104578,17062.507565905966
77279,26181.16648731192
106045,26998.433701526003
106053,9296.01581505677
99749,15483.919114748103
102786,14797.353224884464
87467,10849.308099686901
97949,7873.549325980822
91680,26826.21262165228
86203,17713.14806037623
102078,6771.922408478176
94020,22943.177428605373
97807,12685.821048030031
86146,12294.815013588877
92130,23740.157973275363
108463,13601.130761831108
79600,27826.956099597402
89904,10068.476364204487
105696,12374.834609691692
105440,12051.055168164747
78666,25653.583928126012
87225,7821.6995643068885
92285,31491.5925333478
85762,8138.087893267371
107249,8269.646417865319
86894,7913.809490599412
86790,19995.487459216274
98272,13636.435822618645
95514,15972.564698549939
103863,12886.193531807725
85887,10160.892971689695
92171,18874.575562015674
105828,20201.058839115914
99025,6099.050151405536
77032,7225.362254692463
96993,17440.78598333053
95599,14027.609348398624
77651,38399.607772220166
99249,6784.826562107303
82347,29815.023995559503
83547,15382.301170761817
90793,8169.414271622304
94114,4373.929627734254
98376,20350.7473910594
88356,11458.985841315156
97473,8703.068002816637
84728,14766.861949283979
99765,10374.77598765914
95147,25989.864607656782
93220,25257.662243778654
91907,28448.72307917492
100215,8736.66868613627
93841,31543.581118567778
99392,10192.292258388596
100078,10606.288816444212
98334,41949.80132924088
97491,8539.159845163722
76179,12026.466933713475
96845,19972.51259554496
99295,13285.325406353475
101419,5980.354582349982
88658,14263.093040887123
82883,20561.844664648037
76475,9736.617398352337
99742,15124.065791930174
93385,30037.66482432618
96197,8044.582935211184
103239,13731.593477501661
89746,14911.635769357023
84083,17313.213798958124
90921,39594.09384076515
81029,34852.06536398735
85735,15490.365692571335
100511,7028.295496808251
86938,10106.341381007574
106540,11672.579527031106
95088,20263.760675454207
106791,26136.715743382167
101353,5884.242388464956
90012,9171.14273334712
87810,9771.02965505616
78427,25451.127215339657
105147,22357.593980589256
99572,18021.262920693884
95461,39719.71041577197
91238,26036.82299583558
89040,18920.30401465368
106508,15707.89717949851
84365,9881.98131518096
98635,14450.738373434497
95456,27131.321666441392
82157,22360.651227905502
107710,15704.307022715522
102827,8842.668661472233
79534,21920.303458417744
81865,27173.658032615072
88639,13487.954852527628
106981,31676.868339623485
105063,8386.428377924474
89959,12576.755309691769
76364,19588.03175506605
82709,11434.87346443251
97975,7485.4173928197115
81231,29681.384855061915
91395,20905.24011361409
102044,10200.336773532152
78668,14801.991940162561
78000,18465.252838069824
105797,19185.34934139838
97820,17841.64279037743
78541,16843.27592730206
83979,24421.58743857994
92189,23752.501107626584
92421,30235.987054551904
104433,14699.29956015875
94419,24924.535697800096
81249,54598.34592464473
83181,14344.645389513125
101041,3974.774605729131
84544,7114.51756864172
82304,25594.27492331126
97216,25961.191114099183
106909,25033.15582777004
88158,6162.168455770699
97244,32634.470553985266
85241,18494.066853334127
93235,27438.977163129883
84502,18531.58027678024
100273,9969.570161041258
99220,7988.159335369855
100249,8089.027827198233
98796,10730.932538779833
100226,9664.448887415401
76989,59370.96604223501
101824,14734.456151227592
104347,17425.835089981945
83602,11947.149045562912
105100,31099.023210302028
87507,8256.98441940787
105460,22155.88030402865
106962,16493.17212939091
76968,17684.598661619817
102530,11216.635054798278
80270,30557.22405632536
76134,12223.092857559153
81648,22990.579334657923
82846,11105.479916498593
107094,29590.979082447462
88963,11348.100927920184
85665,15956.077155114655
83962,10355.517665362106
96200,14449.085110450756
89390,7313.534181226127
86778,7646.037920578802
87626,14476.479112784598
76994,15471.71548074298
95430,14249.978076298363
99912,9495.744031242913
79916,35669.63717521572
77558,36068.6284212941
102504,4495.505590606644
79125,18676.87113101719
90514,16288.275688350433
84199,11430.07873957272
88179,13976.995439893359
93132,28451.765259488668
103105,15928.621147800663
91760,27593.392095238218
102027,15241.180508971094
99456,10162.92259594436
97843,8716.193536351882
98592,21989.649216703518
101912,10704.647757802159
99398,8475.905879191845
78585,16836.756036383424
99870,14982.156935558824
86989,17273.4119951358
86206,8829.36011572894
84406,9558.78882198727
86226,5850.690593457006
86528,11575.052197837062
84765,12727.375066673176
86600,9240.010994431166
97750,32001.16669642682
90475,8356.84853627526
103437,7811.957882371608
106713,16894.981050831124
84811,16329.007849587118
79863,35565.83684983814
79529,18287.930482037413
87367,11094.34870376507
93885,26676.95823464662
107524,12509.927705098959
77240,25914.440458652796
100091,11292.473596499585
77872,18787.707309246594
97015,26340.702042517743
78978,18966.711133636032
95091,22630.18915443159
107650,15356.63345849026
76162,31102.28535815919
102355,12490.482698865668
101524,10609.897224783737
78720,34862.581932798086
108192,31129.630722564063
94404,17303.30243159781
100206,11475.391042776124
94915,30251.422932133664
101631,7061.990486367292
84639,11987.196092282538
108277,22880.52963382328
103453,11815.494373986277
105392,19478.57303939318
82369,9069.024393416637
104666,9059.798898707586
95742,28221.906795489514
96912,12549.146582101532
93541,25308.779505783536
82393,16392.54244780618
81024,12135.47379450183
81284,19581.677059511097
78406,20199.14374824347
99306,8387.373987995175
108130,7519.409637156324
106160,18370.506329693522
102940,15203.942008282998
76742,19651.941843710443
108025,13051.342883051502
77658,23868.721014925468
84295,11633.524035104498
91996,16268.141438738083
103468,11161.841833939114
87336,9710.289554394634
103993,24922.12936935559
90396,7408.562104914701
97935,9498.19686853833
80399,37716.40904509713
105883,10515.992793016088
92823,25411.00169512223
82238,19317.3547639856
98091,18222.797770498582
87257,10920.576080259854
87937,9508.35188871213
97548,16867.56883905206
105775,17181.845366501206
81363,36128.71653502517
76833,33937.90091199205
91768,21587.67996351599
99627,10702.182600292055
