carID,price
89856,9630.046827143922
106581,24334.19208212838
80886,13857.583959873353
100174,15671.36684682648
81376,23805.052217246954
85391,10397.369817204482
82175,14451.146526046272
95250,15480.812140976426
85071,4992.799825037941
96210,17326.700016495703
80317,26844.511018765457
92731,22370.22401955195
107704,15538.578317631334
98302,7357.8546048525495
107055,22287.42652111865
94621,42752.600796927414
91709,21379.975669457177
98193,45054.430866172166
76189,17085.983244574978
86871,13679.165622868088
102917,6753.801690635742
90923,27460.20721666391
101603,10140.579500101074
94196,21169.16310830276
85174,15902.98340308756
103370,12435.67993957698
107877,15056.010051231737
79567,14456.561101862257
90091,9756.066474973932
76169,12581.260637923739
98708,10656.331219975715
107347,21730.895091932714
89583,9302.122782295106
101591,12087.967809377336
92160,15694.851613123747
99676,11788.306578947966
85354,17932.477665725743
81900,11398.098596104006
80345,22713.895846221458
78509,31401.531385772847
100872,9995.171207928643
95087,27378.810039930973
86027,16338.439132775187
89135,13493.86100037824
80557,26999.295945476366
108092,20549.70898945162
102672,15312.056451175587
83022,8264.983289900147
78398,19120.574392939787
95889,30122.379838953286
81117,51206.442625696676
93730,19440.215007092258
101380,9602.477969089514
81772,27795.923770963786
85304,11302.066745318776
86107,5607.651842647101
88696,15214.077191230435
104350,20561.67067984882
87331,12480.136532740618
85206,15991.60866815113
107445,25759.13303296888
106539,29274.918977063055
98712,21099.05921968244
96875,12596.936272854913
108464,22010.094602185593
99890,6975.704801703356
87771,16820.387374696413
79442,19223.934241945946
84170,10671.692712215294
103045,15640.278112562863
101544,3628.0534292329758
77350,10551.683071632986
89225,14635.374819502356
79565,55360.869228988755
82849,10158.093680365155
94360,20447.86585189095
103040,7118.833841617215
105101,38953.29412869835
97077,11317.390794727502
98674,12991.167396672217
93447,28864.717542603303
84951,19789.52842451657
91953,9709.372068358933
102101,8453.71910672003
92604,30894.9693172734
89010,9228.662620864212
102729,10075.105844894755
88024,9651.810159074495
104367,11531.58164389022
101230,10671.862770405325
82524,19833.998750883802
95279,46914.491514550435
106098,12532.378527094921
89749,8771.558606398095
101277,5933.062328376972
108016,27617.420587564953
81259,25528.32079133375
97434,20620.516213475254
105289,30207.165919158066
103379,10003.201211972248
78317,26752.882599346023
104166,19121.78646108612
106660,31668.16677893571
107490,11832.029306982571
90684,13765.14725846458
90032,6652.958162888894
79481,19977.912422718422
102524,9003.700338800676
100778,15802.81948958941
77810,14767.08183351442
98979,13589.187279409309
76558,16962.765454988083
94550,22396.60857153376
107246,6217.485331043554
77429,25751.470471035
106105,12443.035472823094
105213,9691.991211163704
102747,14078.351019731106
104958,16420.721369080864
96036,16335.636850425017
92310,23489.00308973075
100837,7163.762826423597
82858,11157.662296762946
90119,9907.820938045881
77304,23511.54036765601
89011,11240.009506522407
84623,16717.153175281284
99665,23028.33098745508
100592,10009.80746974588
82623,10579.36130819261
92035,18339.39069318011
84305,10754.078837667697
92903,7124.529637679772
93398,19639.2548117579
108067,16597.788045072197
85062,8027.136953005022
81727,40227.911504716336
95637,9877.804375123103
89690,8044.530791905603
83240,18197.259135701566
89711,11339.293886469904
96945,9902.209335486043
104924,23052.225303744315
79633,21340.15619246586
89582,4500.24219636003
98080,6859.915333668842
85992,6689.070853016691
86712,12614.923090289345
105767,12676.246779310983
100590,8936.62353502778
104574,15742.9869508703
97246,12242.784059130836
78141,18522.60178734568
91590,28558.542672151798
80767,14526.206595348303
100344,14917.010302665813
88987,21054.84908906625
96479,17913.292674033208
90598,8744.668518533757
83880,7965.912057033815
86802,15145.881722655507
103078,15625.48210747885
84736,9147.18714920748
84196,3386.315765364518
102062,10214.240159615938
90110,6001.612647023271
102907,11139.24686609269
81776,25429.612285612533
102431,6258.666791033126
80442,14639.115632582021
78656,27040.97371369543
78537,34428.1159100877
102511,8776.26377218557
93612,20189.98371047299
99284,7529.40242625612
96315,15988.300141178981
94305,38384.474561566814
100636,10833.51124558951
81816,15540.788758505914
100352,15851.12103647241
101476,10300.343102043851
93392,34901.41466586764
93995,22474.098088671995
94261,32176.2539971321
89117,15217.5548914658
86506,2334.765870598405
88456,5956.782872163505
84134,10570.762291757756
81088,12578.714822987937
103960,10768.51126923327
84925,13122.609257597718
97306,9682.130689709413
83752,7462.655549813564
100696,5841.853631595423
76472,11449.713515154719
101128,14510.040389520005
105932,14377.650694147958
86416,7809.3767778400925
79616,26010.347418393074
83395,14365.865340623342
88734,11527.177387160622
106676,17235.22794854504
102442,10128.713309830353
88761,17785.746348904213
79708,27511.41617906037
96808,18211.08010040726
103755,9212.438607677315
86273,17346.43044300318
97635,28116.57967425295
80797,26246.091718821473
108000,15844.349017308436
95126,37570.8120919945
105187,31394.005995021518
81613,20356.394773263797
103906,6940.167287984321
105729,7651.753693714414
100637,14776.981608619739
82861,7655.767184866803
107823,17147.098914841194
85274,13577.675945743533
88926,14711.067748931591
87871,10566.627932168934
97970,6753.553015315771
98044,8687.31446353227
90277,8934.544713224914
85647,12540.069960147073
107447,18063.363249897982
79418,8100.901619425364
80383,26868.602893422667
79894,19034.802014031862
105875,6790.621246828259
86032,11269.331968329994
104423,14778.370539175743
78437,13837.431554413624
79480,17494.168503605983
89973,5450.96754255696
94007,26261.161088703706
93952,14655.66043284393
84548,4102.460581486202
97885,10716.073049366189
86571,10212.188476668449
77839,35899.02233689822
102201,5988.344757928298
98731,6965.960752964039
82395,17313.29601924838
76816,34175.21855828063
97956,9216.09500147595
86012,13073.273838195535
106393,21148.98283202036
81832,25402.337103392707
82787,19363.240046586838
103974,6690.347362544668
100725,10240.795539404011
86552,7030.708333718426
80174,13424.448901274885
99189,14747.121304779936
102543,13030.40900808132
98518,14630.134476312527
100334,9408.686811543752
92673,19130.651223188604
88008,11893.282924227422
105207,24960.44421505168
106462,27375.771171427114
106106,15981.023747070874
79705,19946.177239930483
108193,17011.35727020757
89668,7524.060936364337
86435,12086.588838208936
101281,11651.349705973655
104753,27079.895450311928
79004,16585.61919758936
89732,3141.2150787427267
89201,13005.333162171513
87282,13466.96802625656
101589,9784.68849583139
87352,10950.085609092142
103388,9910.863671206833
93619,18067.198992335198
101941,6996.623474670235
106533,13447.140436260992
90018,23001.205059231772
101265,16256.184011899855
104255,19397.84944105682
80093,27784.149408334648
82433,7573.332930202638
77254,19269.178340978637
106400,31468.1637527747
79847,9521.542741967609
95735,30263.15506651105
106733,19899.40129086491
76318,17422.901537139147
95966,13469.669577388122
101690,9113.006993508847
82845,15889.748350466438
96266,23680.567792319893
104175,30451.161166510774
97347,13964.605564969706
92730,48917.11568128171
84738,8969.838809612995
102596,6420.006028148623
78356,31688.124723109788
94062,32074.935481743152
101662,6778.779797836076
81715,27775.258976752204
103046,13215.214131575185
108133,6431.970699342859
96302,12449.377274911376
83859,21606.879393485775
104815,17310.31746745471
95903,26565.91620055517
79683,11367.314851360386
88888,20199.11491277779
80529,31296.217816560806
81898,57857.03577743565
83435,9740.479231389241
80448,14636.711038815327
79241,35809.19564018819
76056,19585.22124409744
76342,16568.986550349964
98238,9281.972676269219
85878,7932.07493937679
102846,13259.908630732863
90215,4194.657149510863
79635,57167.93823538036
77561,16908.162963514944
101151,13070.93947481439
93594,26529.19274671158
78703,42352.60991719153
87596,8274.80173106917
92572,18631.32689959617
90757,7788.051539766796
95881,20008.844712922062
98008,12805.467104032741
84805,9043.339009358831
100888,10224.178129901378
82504,15979.800893901964
82177,16206.077739788387
89472,32443.801993670433
82301,16725.321082561702
106483,8291.158843424482
79808,13009.217093497848
83412,16790.398857014745
89386,17090.63016089225
89889,19492.21306523303
108249,16996.611154207083
98252,8686.897401314049
83525,9710.853705710882
102595,9880.207508018095
94255,12235.986496102892
91259,26899.065201370606
99539,6495.120547455532
97379,23990.939450351794
104452,24807.375344234326
88479,10741.294938286286
95424,34447.51934806275
94732,41464.83218669374
89025,10227.342671221368
89497,38856.11557577565
92405,16773.03545493421
95346,17049.591034322093
91337,17455.013209279685
97739,13059.276238153174
81087,13107.669239508507
80661,11986.409474269347
105537,12162.527866225595
81073,28023.261231041746
102770,9628.351523573743
99299,9506.98173394582
77528,17962.453112567808
95278,32034.60323088311
106536,17130.536343943786
79421,14374.501841818623
105026,23402.720083778204
97887,11315.02934072071
106163,16947.186568149264
103242,10122.833276262298
103098,8157.288905964058
76195,15129.653870665386
103418,11201.819839719106
102091,12299.80263359216
102341,7762.257959927441
100315,19823.49167340467
100377,8135.143418352137
78857,21902.3917810171
93748,29566.900825231914
107891,9704.31164668578
77063,28025.766992445217
86916,8591.23864067737
108347,9928.967965316284
94475,18670.02618939435
100383,11759.261048696397
80618,32699.083337616437
98926,10018.17100029386
77228,16219.001652003657
106915,14630.086082966196
92594,12037.88039644828
80745,36042.18534515259
78361,11217.345456701663
95725,26760.45903256942
105171,8416.701132586626
87007,9647.085059252202
104121,15326.75612450242
92877,15010.570092247057
108335,44712.391459963656
101357,13624.304182472828
89325,9903.97533643229
103144,7779.01554373694
101413,7059.362249295499
85182,11743.986018251615
84097,17597.62688271582
101970,5470.655355208931
98315,5044.457701924281
89048,10913.760097178761
106141,9285.316410819736
87105,16901.88923707253
88472,14521.333853331014
93361,16032.716848481106
87040,6827.367909609029
99831,11809.682297598732
95677,13032.56210549971
89770,6539.094785770915
77371,26976.231985450755
107143,18229.635365398044
100271,11599.20615116952
83905,11678.744635515712
101531,15392.735126435733
90617,7798.656774478277
83895,18524.05430675448
89453,14120.694823824148
106012,21172.758929212632
76381,20580.227942877977
106986,16029.3979228031
84143,12076.735089665257
91665,43980.28878755502
81350,13201.343238270114
80422,13334.850551561356
84794,6245.8215939554175
81156,32052.909146603684
77082,34053.58349781498
97356,8912.623450780411
82730,16860.259113293985
99244,9512.63799535699
85538,15322.141851553726
101585,10961.577016846166
90288,9162.16107829104
98799,3185.1596806236116
93547,21646.830549499915
85142,9155.170214971009
82012,33343.82061746987
89654,16089.658552447701
102304,13387.491913409882
79288,51394.94060275832
77400,10901.51674510666
98597,6035.718394254604
103156,8924.24944132744
95446,26352.216614078552
97036,9504.427192200605
101401,8401.418420915523
80817,10885.102695463956
84078,6760.9200742604435
95390,27720.129177934054
79883,22582.049368781834
104059,12687.080454563586
103041,11473.229305531397
81651,13831.1444032803
100432,10689.064742126842
84933,12131.549389446478
81600,20581.274487059953
78379,8238.732388167244
90816,7571.048171548555
107414,8691.631064291185
105633,20505.873271041484
99508,6813.595943004356
100874,7728.08634574798
104208,17776.979443963395
84774,12073.162275590637
96518,13342.499918406915
91543,24107.61939305651
107146,18248.826130526155
94426,18266.085767188382
99059,8681.591669978961
96640,8015.726630241565
81277,9738.149964123655
102409,12182.954151693431
104800,16203.317996206522
107498,16584.124626770456
90942,45316.65620290069
80202,26076.231663643175
76794,14566.88416685211
88973,14316.128090798704
91958,61051.32689075007
80562,21310.053538012286
103486,9857.967297230834
95237,16268.280776025997
105569,14298.917663517648
106560,26496.02902622882
107977,13526.933150892948
90076,15725.826008502045
93050,15427.928942874394
80609,30997.011152837935
88557,15999.089951868846
90894,19775.993243209727
83669,8035.237603682635
78849,16776.531731351297
101275,7427.076882668238
91858,8021.420639330519
96243,14921.485385845643
106227,22880.019630736442
105300,15720.872149131605
93065,43126.6217269714
78002,12166.705402727615
82500,13749.43415451747
78204,8324.564460452215
107851,8564.9357307047
86217,6800.698563419133
82662,7494.2807827486395
93324,33924.31505741571
79680,12063.829245170811
104920,22990.004206859638
96735,12223.400985787124
89992,7669.864802302902
106961,25719.933357383405
80078,14966.315972262713
101429,9975.075206878006
95551,18501.16576656386
79937,57712.99413795426
80680,19004.28122961015
99448,12027.945921443938
93909,32024.249923741834
96888,9376.139513641992
104584,11666.701806278888
107289,21469.17647124639
84126,15516.043128299809
101282,11538.615859736872
92474,21094.466396759653
88871,15648.701194697174
107177,15751.633839063154
106026,14782.222611594518
96937,11992.398558020883
83543,6589.212930854779
81094,19433.98238891083
77503,21571.13258889716
85351,6201.353318405153
96000,14353.799007888656
87374,15771.434002310425
86394,18900.734461548338
108364,13176.353303380074
91441,28904.590286066603
97039,18632.45359055483
106685,11466.831621220048
95631,16175.066365636929
101883,8535.097293781022
78238,10785.146572131207
97508,8916.547685693535
98441,12519.591137869676
80066,37547.380752359415
79095,43453.75121108258
80007,17954.211431952554
100219,9221.960136559239
82511,9799.13317006163
89270,15039.112735792152
88713,9808.660044461067
100353,10872.817601688253
102841,4557.408537759781
90117,14475.894750707916
81549,48842.17171989601
82350,27891.724250439915
76546,34286.30825470612
81013,20532.415414434672
91240,16257.21414276906
91542,20651.117916573712
104518,13328.609389935691
93537,47434.62162051352
94372,28751.88598406698
104419,20216.338046406945
97636,13091.233453797751
96288,24175.50753865495
78717,9828.376985687266
105610,20046.710472946877
97754,16142.61878299667
81458,12441.096315389477
86931,18308.728260642798
90713,21628.974379724772
90909,32857.376856100986
77251,40876.75655351516
95081,9901.302461206526
95560,14586.564217798204
93288,15736.989802735348
105036,12884.476301232888
108490,10021.004431362833
96935,21522.664098101854
89373,13687.965146964532
98010,7607.036202533716
104699,22149.37621520166
86692,7938.94732788114
85024,7942.808066718274
79086,32222.871930563797
89939,12792.299562731925
79098,18387.73428416442
86141,16963.368148454207
105462,29793.55429698966
92870,33982.48249027716
92163,19813.06670319944
87481,15931.963052390873
83276,9871.1987381514
79356,28552.471437015443
103602,11462.580958304825
88460,10322.104944075625
100934,6880.9015870281755
96659,6318.7983583068135
83204,9152.991064665452
104621,19844.414057189464
84110,11624.53963107229
99265,12277.243221550107
79574,14177.358412872874
78186,10301.037263810906
87005,13983.209764760968
104043,15589.791316505345
81574,30428.045819346244
104091,10585.777238953568
77759,28387.81674958755
78181,10320.747067279077
96169,9405.474630550598
98267,18501.4004839087
97837,11896.587553974312
80133,17284.76074260257
98571,9786.925064106506
88628,20827.635155513497
78622,14243.662869059694
88678,10990.08716428538
87278,15876.130000304544
86963,9817.139494765775
100350,6677.7421891151025
78771,15504.716337432512
95935,18166.607061649658
107590,13924.447450381776
84458,13159.22514719735
85656,8711.635694317512
81611,4039.2393653224913
92638,22137.322030525334
87478,8077.160913004204
98407,3443.905696320499
95581,13201.381890626557
100645,11957.87547763776
97184,6212.532217937808
84473,14150.045646809634
88951,6440.088860915062
100836,10081.590107736889
91338,65467.418274708994
94112,16995.809259034027
89882,15704.060194947384
97097,7483.269556003933
99151,10684.21859528761
99607,8878.814212652263
78931,18406.207012701772
97805,6929.305930530885
97477,12450.761968285271
87819,17422.563118054295
76361,19775.752371140778
99201,30413.882176877443
103410,10363.743484222654
108436,14590.377006825032
105558,19369.410733431596
88025,7645.559290692204
101944,8050.053281837846
80786,21096.538632563792
84001,14732.461527964748
78304,21008.555892757497
100501,15064.93830969849
99693,7528.947110424145
94557,17733.52200395118
82152,27531.806534753756
92039,41934.47815753538
83177,15792.959094960472
90726,7984.105930749461
82879,13764.142314501702
87378,16699.548446714347
91699,16293.034280667895
85500,17652.120061206253
97050,11143.527254302207
88754,7054.193685981877
79069,34272.79388517142
89329,17344.572840273915
102605,10693.79288110369
93090,18079.845013820108
108403,16502.25021856723
91391,19509.668501763652
80964,24955.443889722264
89444,23168.6096715541
84092,11805.941550367994
100617,10351.700041371772
107962,20023.27688678571
106640,7318.550237585229
95123,12777.275700053655
99114,6100.119117607698
94461,21636.531562336066
88654,15869.316663510506
80421,18845.237874546732
78113,19143.070942615228
100558,6811.652104663735
78873,27360.746803265734
85480,9852.57612205985
103902,10290.846846335247
104816,21170.261592626008
89039,14077.127978916518
95169,16607.88188091561
93971,19905.086990095275
84450,20527.138897983576
80824,30008.062369328898
92545,16420.434824535874
89226,6532.068731529746
93873,20232.21048065614
85871,17084.982163396886
86343,11457.124680140023
93634,39494.98324054387
106942,9068.455936482951
82535,10681.489747832264
92259,18557.015494843952
88794,13150.438384491012
77385,34711.6705303618
76996,7367.723774865705
102708,8347.315509750644
81359,14429.788899301684
90486,3692.1375562641288
100200,8054.2791281138325
87970,11053.21664520413
107512,10363.342831028454
79078,28865.993785741306
108477,13793.01626059446
80312,33533.202583021724
82208,8512.002912714619
100695,11973.555164105117
99506,8721.910783028414
85773,14999.94757683806
101887,13187.664438863696
90129,10874.33211435439
84730,9368.258665669027
107601,24543.802806215022
89592,6677.5645448089135
84844,13239.107671647262
96938,16387.36267978143
84981,16185.812320474139
100698,14355.123169056867
103306,15745.275898600295
107175,24420.979100714423
95411,31168.33249812699
101169,13852.35502383101
99407,19085.27097376453
78248,12852.678958824396
79031,17597.20626206608
91040,19260.73291162628
76464,11582.914310519245
102813,8289.781545358257
86811,21226.67234127102
81191,27802.214907199617
78202,33660.73436948684
82471,12711.60724960606
103920,8357.33057736873
79904,25325.65133415074
95670,30606.233325394063
89931,10232.04116271103
92605,37598.30062757408
85695,20054.166219167924
98750,9747.0281355596
101284,10551.215040854213
91932,18816.72288994114
98623,10419.534438437273
82499,10749.928607139158
93193,26735.2073609998
106110,14401.940566522648
78500,25600.09569270212
89447,15551.947293980287
103373,18393.47125241676
87872,8669.011574941882
99425,12927.667956717602
96552,6017.326883301674
105787,12495.529430159728
82567,11974.103990132544
102894,7254.225926608792
77641,12307.633374225798
100827,11804.405701823745
97712,14941.735489649254
95197,32941.5539525649
102993,12002.041734733953
94855,32068.166646392507
81534,16783.947357601777
95133,14029.167191531398
107468,5739.648465060204
86402,13229.475750408114
102666,11703.672640068817
92984,22361.57315557937
93891,11052.46251538806
94312,15525.912094432812
91959,41613.85776966836
91802,27226.88010912745
108175,16800.457217839714
78293,29732.72040799541
104991,8886.337623017664
104302,9748.553289287447
79807,15665.447484895674
87167,13483.680653547128
78620,21681.298754527234
81174,25759.020442613302
83125,8531.524815019813
103123,10571.973982564139
94065,19634.356216107
78480,16031.794573912195
98280,8890.547247002889
83415,7830.755562454668
92297,97110.27924870995
100221,11242.598021875094
78829,17155.086496628155
93418,20784.721281548165
83424,11085.32387521396
101749,6635.269765181342
103456,9146.532176105327
88503,10860.244652324063
84931,16042.08784653842
107552,21950.01893810367
108037,11366.489205742047
94539,22629.395257536424
83697,8979.723253454227
87455,16971.398003804723
103044,7763.763873053488
104852,24188.965665571028
93437,39475.56256542693
92885,15864.758832268517
80922,17662.31465868254
102886,8300.755330540404
104586,17000.35114570994
81164,13111.226814103042
106074,17026.07389621551
87617,16955.908652760205
84513,13950.995565938952
96743,13253.243616087282
81209,13735.936944499254
95463,11856.104090155828
95457,19575.646699267803
101606,12104.112417823975
97485,28639.659094823815
91916,25255.97326882847
91629,43933.280387876956
84215,12570.717214514409
108190,10215.114653088327
88314,20279.04466631601
104526,17329.835039131023
82467,11073.031012344838
91827,29968.970908888045
77885,63765.42222900005
83459,7928.980537689999
98375,18420.686508051986
101233,11505.08072318556
97186,9594.472742472513
95520,18246.914516584427
95216,40407.768411899924
100878,5301.653341018731
80031,29969.212805885883
106134,25560.44116455815
103526,8465.3861671514
104018,45318.473198468244
83920,10040.52100982576
88245,9547.501768789869
86248,8075.465480892765
86315,15027.952216208238
108157,31491.08631618927
102814,9086.652882808214
84371,10243.787988756674
95270,14472.684205243111
107670,19487.928008276165
78745,13697.167959949866
88772,11442.825226984407
82335,16908.30853703613
100049,9262.96748899094
84953,6536.75114207501
98948,17309.84090715365
95952,37860.912495141245
93638,24182.986775176985
91164,32837.82143181492
87627,19345.602930686055
89209,14667.131769415044
94140,18079.681839678156
86567,9205.32930671903
81451,20591.845670952043
94658,29455.072236238328
103969,9639.705115108001
90158,14758.853669484106
107712,13891.3068520801
102518,11225.626801050312
91367,29144.22470627749
78764,16090.44500593101
87411,13315.516507905433
80790,24635.621357660282
97848,14506.823188147222
97985,5994.269487926852
99323,6066.713408640118
96854,11430.93032630345
103917,6834.435380084998
86223,8125.095219475533
101812,8430.893136756695
102098,10139.185611672381
93414,11930.441422637845
86794,9981.414399856134
81508,27463.784939401317
105781,19084.97505880927
103758,8679.514469785589
100877,13616.064869671007
83075,16779.527995020268
100303,12981.927375875286
85269,13256.875117482297
95693,18265.795157019373
85891,17489.92594503348
85991,9386.218612579632
89378,11783.655196846741
79718,11239.35510379184
96415,11499.019103536393
87510,10614.099679777035
95579,15554.511928453554
96453,13669.903091723016
80182,30873.031831144366
103363,9706.17218347356
76430,17714.81368596467
86302,7885.73773269516
78876,11921.532088087108
106740,11117.532667177282
101855,11735.171798005273
78987,27420.085271876742
100155,15774.947306757793
76069,31024.490776630926
79889,20492.40475179674
104035,20963.99454472925
102533,7144.65985877361
85374,12616.729835362446
82210,26473.706777894895
81145,13139.31646143829
99738,12579.33687301331
98201,36812.34239450092
88630,8214.277176563362
94084,22195.887039514866
79771,22215.3249986762
91057,41508.48019493343
92492,17809.007235123812
103600,15808.159425553451
105315,31462.75240173394
106151,19210.17804491932
87426,6453.220703515407
85249,10307.328832183342
77379,7682.740078928153
76190,11002.270630990977
89820,32094.53168863218
92650,28367.948803766558
82906,17022.888288923423
104766,16423.606110843015
104673,17438.83014449035
103734,6692.245110943491
87652,12869.677312154014
107399,15148.034449365581
97222,17586.181362302526
100614,8721.544094171391
95807,29968.970908888045
88084,13765.096336506776
97997,14943.746139675068
83321,14203.50652385636
83002,14118.7399569856
103995,9516.413733122694
102305,6821.903678215975
97774,22309.43862485382
87737,10841.479233077767
102191,15759.463487162793
78470,21555.282566568767
81787,23684.029427911588
90975,35314.61103163271
76598,20593.22493861563
88308,10494.156819961972
105997,12466.785725794254
97095,19094.117892663995
100555,9148.634754611558
106628,21997.66756702036
84638,6663.724720651714
106752,22646.859058304904
88072,15630.05826813794
86734,11789.07087535556
105842,23682.09054490198
102037,18172.828345791386
96623,11081.300339382355
80943,13288.570007355102
107882,10039.144401057265
96069,10575.758514144998
86796,18926.761474458155
83234,14749.297752731207
85044,11365.488077988519
76183,28695.70024459867
102124,9488.9100912048
105963,11607.197984780682
108127,12196.07030120579
76435,59424.16265227206
89809,25268.324432546946
98129,12013.365112954794
95632,25066.56829778101
77264,20974.286823884522
102849,6223.462061376528
106860,14624.864658434686
90177,9472.556832765285
104336,12751.85620725257
91068,19852.76585240863
85416,10223.236366226478
92720,19417.776000808735
105257,10401.523898936619
94524,16023.74455090807
87069,15666.50580671998
79026,17312.226312039
100533,10299.369322422815
107396,7134.324652884973
77220,11635.424229113454
76863,10435.891519106328
89441,8218.393402065532
86301,17272.24770851295
82808,16680.60587530642
106681,13189.564933102532
100673,11202.463070452459
87115,9332.914577209376
84819,10166.374605796631
99889,12427.583709715862
100435,5876.443159852029
91329,15409.563893198854
105897,10778.86312391197
94788,20661.291979588324
96403,18419.539277283893
105780,25134.447779995196
81290,20641.564138579797
91689,17653.785914783602
93660,52400.901318440614
84018,15861.770347727474
79166,18760.257177879626
99850,13483.216947772507
89900,15483.128992512102
76628,24238.10704002622
99136,10790.368143462123
89388,13774.182589170186
86441,16050.148695379368
100362,7848.128466856672
99493,10251.64981214675
108082,13964.825382831725
94759,24992.570335865614
91954,25514.96211136503
90378,16343.640203229872
86126,20175.089615310444
92990,17822.29834139263
80507,17314.364747420877
105394,27241.35005372696
80679,11033.101663969683
94014,20812.27130128689
78092,29883.028595986954
92725,9709.81188885231
104609,5879.704942339887
89940,19550.98809053478
84337,15751.096009818852
80392,18132.798212201233
90992,46835.22610640563
88342,9781.563629730274
83193,7956.41388651598
83080,27255.940675154063
87197,16970.533020485233
106043,8577.943892890797
81316,16021.895454103671
105197,38734.874100805064
86103,11347.989968795639
107819,39897.91785654597
94911,17697.850267253467
76597,33613.20466979022
96614,8539.443271866885
102197,7382.83212244011
104617,7294.004175778692
101445,9112.137080279608
94521,55596.083674247966
107290,16396.81074181297
93099,24512.914871216522
82179,45040.12127492037
96268,27114.221863131126
83202,15822.287033021332
101568,7764.108276810274
89145,7549.297187061478
82718,6505.666591777889
84595,16788.294606218355
86633,12996.321014037496
91925,30470.68967712987
100357,9051.588676460782
93684,16816.069903374042
106465,44966.9164677453
84631,16855.129656968165
97796,9725.493652700789
82836,11190.431084163058
81314,56319.08451441326
96868,18998.961914520565
94329,15763.506833452007
85728,7159.54955988023
78259,13745.001301328692
107084,19575.79760020997
96134,9031.55571470247
81583,30226.425058685785
104264,16123.191543052142
86202,11274.692672132134
102867,8061.037133791317
83461,11858.329284648165
77589,15244.524394839158
94394,15882.60081527908
87588,10041.995395803913
98769,12470.712930366493
76735,21569.012326718825
105592,12735.872226487847
95260,18288.716508474896
82699,7909.045366233197
95827,28843.684611625995
89294,8682.01601073404
90853,13923.503770615516
86522,9875.128677380768
80958,26940.109426611994
94038,29782.650911824305
88512,7949.807740587617
80219,10058.731226224641
86063,3995.1563790673717
87724,7719.286414654125
88835,13028.788617878443
105687,17045.85848854769
83567,10824.579760063405
106584,22135.87077527849
98492,5988.37544347222
94494,19728.29988174137
89061,6052.2549387941635
103125,11972.108041643554
103883,11977.900755302595
80430,10881.784053873987
95544,31094.130219858165
105136,61357.72206986663
105560,8548.077007916792
108397,26687.287862221674
82236,51244.24406919414
89477,13737.189597152903
98106,6881.671036523569
85996,6054.964675091239
103439,14097.084162929306
90831,7571.369255866575
100746,13300.764372865939
81518,12659.444133066265
98610,9755.140990575703
100644,14240.656896592362
105486,14223.668479224383
79765,16847.654833349487
107609,10418.240579384883
85407,13132.603913435265
81527,25377.276542132793
80955,36167.33716281087
79400,22854.702921275948
101238,9690.302726885533
87024,17910.39657036824
88662,8834.59075821583
107983,22031.31807272008
93662,27805.764366531566
81557,27246.97690060263
94520,16858.02094146101
97010,14040.682095199578
77628,31194.754088011716
89561,14914.212557273862
104218,15501.034153683964
99839,9061.32538753914
87279,10770.653689928778
93760,19554.745311253206
89551,7725.867102178691
82714,16995.2241832532
98166,19345.611379452614
83812,10156.445838238078
102617,6931.04507190155
76869,16848.017173476735
103735,15785.29354868666
94201,21616.630108664485
107893,18040.222744636423
78651,12318.394289168407
85246,12046.96714669098
81194,25868.49760004264
81133,35289.00721759534
95611,32539.460751141793
93004,14676.123455265391
81826,40560.13735151585
100157,13011.421682057105
103768,12955.993573203494
93350,16384.906363643197
76901,22672.12664331859
88742,11736.306316142327
102866,12494.483019666979
76438,29124.865747666016
86105,9725.625194326196
107506,23998.798516959003
108520,8189.1673280633395
106613,10753.00729161956
94164,43464.81907757364
100964,10610.526540123676
92769,13225.613353100583
82221,10963.638153488058
98686,24601.252512377283
79762,20996.12548292336
84645,18935.997831621622
107656,21100.175384125305
97538,16567.853633434464
99552,24947.93888288574
102157,10841.987728950182
80935,11481.539709177368
100578,12104.96904912129
94686,26344.64054232474
93268,46430.594967951845
91842,23388.26323136041
95609,34851.939303207706
91576,22157.603241318382
93139,44907.781514867056
101030,7652.707029829223
80172,43199.28851636124
106262,15762.50691640176
101562,9612.063336437455
102273,2529.6962872339036
87102,5318.702298292746
78491,18090.466893712834
90631,7731.650602963106
94672,20836.79656632399
77261,55049.83623770769
80434,18404.8131730826
86840,8757.773423932033
95011,25838.333117012302
90870,10284.281773711018
97999,10179.002832564744
77016,45103.75051247282
96931,18265.792466679562
85215,9585.435203177343
105268,16709.205308015622
99519,6789.9275454373865
104056,18062.890584857632
91117,55441.36508749532
107099,23587.45016577052
80475,11819.670528942723
76216,36726.272744939626
93207,26213.80682883632
105166,10219.626075571394
107209,15272.053921317245
100109,9123.14234022976
87232,13854.041694006597
102624,11769.48443173884
81948,10011.23380316213
93625,41230.88177440766
90334,9323.594635889716
79878,14518.03166478032
105653,19484.41573804138
108014,12533.855105740657
105491,22299.789309986012
87064,13681.126117647116
106773,17645.524769670108
93489,12488.565712786172
89490,20567.572022383785
100771,13556.962136408807
100803,11745.04090896567
92144,15963.955677596718
88632,10947.240473957174
78778,16287.53888619355
99308,9813.61950414005
77161,15355.143168322924
97501,9121.849302165123
100933,10913.490700582446
77489,29352.079823057793
84309,10474.83563515579
108040,6574.814413387523
97159,18239.106078842655
95779,15293.00261962023
89650,14469.668986906225
80999,7083.181377146496
91887,22925.321307947874
79753,31647.64554871193
84669,14515.310999180709
76401,14534.893607810895
90299,21521.0358138698
80820,11774.102294453549
80744,36435.79608641639
96151,11637.822860788556
101368,9798.966512861663
106886,24301.73460167456
90590,14565.109437475296
102988,10899.311861255183
96155,11341.804439731275
98069,22621.180938493693
99349,23056.107699842585
105341,7045.065838782158
97054,12104.545602499014
80210,25461.1972943451
105334,13445.870280685085
88495,18528.15852981258
101578,15217.535373502278
103240,7489.821051582418
84979,11199.03912013566
88799,10696.764589797593
83073,9002.997474187663
107288,10840.102888963766
102097,10567.058278255861
99042,9829.429543873484
87242,12560.70145428469
77310,23833.101969240688
87982,19675.16257357714
95506,13826.531738613105
106574,16919.400012474536
80962,49710.973763615424
102168,7158.402952289532
102528,6444.974568271678
99307,12730.200152272071
89354,12897.731667416763
96717,9547.766385284993
99267,20117.260665485464
84588,9489.295947764733
88920,7477.022870091551
101122,13812.757304683351
100916,9680.66426275467
90206,13555.418166102996
100314,9684.708399548934
91528,36956.09246619941
82508,8037.933007274975
77095,49351.69823167421
105943,10249.17102838219
92610,24728.697506635577
76706,17651.892734818663
101753,8662.859382813858
97020,12282.587321828232
103582,10107.92148758703
89559,16310.037768437336
91293,12039.919778394178
76698,31158.817200678095
105365,24983.27419963965
102755,12517.041688313298
82363,19965.04569998376
94314,23036.558809800496
92463,20931.859430587658
107566,11998.016032290441
99251,13254.696659186919
108140,33660.35876898326
99394,9509.220206141476
107849,20924.72800324373
85021,11004.47547902269
98878,12510.927248615904
80258,7708.916778980376
85751,14692.679819559104
77932,13399.627804981359
92120,13172.099253114617
84462,14916.028223522782
104744,14537.832447823688
78174,11312.987547734945
76239,29683.161126755953
99098,22377.465245454983
78068,20545.664756611797
80129,15668.183011445608
92276,25819.085461625982
84297,17931.28704285162
99082,14181.19802347682
103218,12297.746709864829
100512,7646.928542433753
100481,7477.546020407423
77761,14537.02921418454
90764,7573.490933625784
103431,9396.079103538837
96133,18417.446403433874
80377,28675.631323307673
93811,11259.950729867986
99125,12942.027789572387
92377,23560.175680369826
84221,12396.791308917778
87280,11442.892052626916
91188,22085.04863841137
83645,11284.9409747006
105967,8171.180650795968
89389,9799.369885607206
78866,18323.73920300394
82761,16635.52831335739
95049,20378.189116776543
80729,6479.264462911758
76702,29037.391855364458
93554,13687.062006529031
98932,24483.43339298188
91264,22522.838912111987
86993,11909.550788163016
102784,9880.558236820696
79105,22126.79127377671
102943,13406.704509235758
77065,23669.364720956302
104740,15015.275719669175
95500,18025.447999903536
95345,13637.256663643639
103581,11478.455204136715
86417,17903.88382277673
87299,10587.227889949432
101375,13110.186689446666
97640,33012.372688829615
99560,7140.404692180559
105849,21129.667906660106
95701,25709.994765955344
89124,11220.437169203544
78589,16549.61864191083
86742,10466.356211526272
84620,11650.636387513303
91165,32353.576810151466
88463,9099.623571079977
87571,8043.788341300801
104773,16044.288072320009
83370,11407.217112792532
105599,10899.482700435954
104275,18615.22081187546
87908,17671.160047290166
92637,7798.197687015768
101747,18274.14837449077
99271,7446.208648330406
77493,32223.486538832298
100122,6046.731804443227
96424,13804.416643300265
103113,6098.782043683518
107985,28072.12236779723
103634,8961.074482156155
93302,28681.682786071346
93877,13593.695158313765
98121,8640.482590520403
91191,15622.784035100307
99106,19598.244663847778
83151,15388.71635993538
87913,4646.217855617817
105517,13170.77532589381
99452,23057.599568204005
95017,26185.4938718695
98803,11724.564146845361
95625,30855.264638409266
76846,17266.302333608604
101791,11564.354314603843
79911,17560.279555935493
98545,10257.86075963195
106811,10515.364957988477
78007,37014.789377266105
97259,16156.784204116368
96999,8214.546218286621
101969,6707.107611670169
107018,33958.497296829424
76246,28257.693564016616
77303,11928.484071454863
103674,6841.482549913311
100794,14602.38434982483
84367,19064.83038769709
101652,15775.1120419045
95111,19485.98511091817
96965,9061.858737988128
76396,12194.40196614485
80269,19663.797394856145
87328,6517.0874731829645
85984,16546.76950074446
80193,26608.43763723239
98525,6371.428448139645
77460,31598.558609218588
85424,19275.257185020706
77271,20545.664756611797
104786,28724.531711730535
103727,9356.112003677928
91819,26837.043121790197
107028,20718.004637811653
94966,20534.136001501967
78126,16272.328393558417
86200,17775.609632077845
100317,6826.90834659971
88403,18025.483672894443
102036,8960.245340091165
78858,25428.70245333605
85122,11759.290424543497
107516,16809.113928491133
103432,9159.317445785531
97354,8067.280718399751
100218,14145.434604667562
92759,14993.870670041091
107648,39681.59964618153
97107,20334.768359195088
90871,8798.657888834105
78611,39245.84429310131
107537,12229.61337033135
84840,10837.028134786819
79802,21346.61073688481
96763,4816.395449004733
93033,19216.180631505536
76969,33089.80904200246
106154,9995.355460264129
105965,9716.988971863942
83644,24092.250427819872
83889,12751.695575573343
88026,9837.233950407186
81652,28876.195354134234
77312,15898.02418832803
102749,10199.93062526779
84444,15559.291011890426
81496,17035.31391820439
107471,13392.979527918627
84265,2954.6163238019944
92346,39569.424809288204
87248,8297.500480469276
94931,13796.795860052876
93712,25323.94650025827
80162,25183.317214788756
79351,23539.736129971127
85734,2512.2815562195615
106372,12438.484805204336
96106,8681.534258520522
96702,20751.241687719907
76823,10099.69719919456
102214,6135.14993771116
81128,14981.834034340738
88320,13374.009059865213
83531,7108.159603147517
104506,21340.847860802314
84074,6524.801195957819
104709,24953.17541138026
85626,10689.775865720236
98427,9306.091667089588
78699,33479.46017594772
94756,24592.97569790479
101283,7916.582315180536
82397,21990.639728474827
77954,27241.481210757316
81630,23797.066041569622
87025,14553.575968490793
81189,16879.050945572642
107048,27420.216661985436
99510,4856.299829083256
85462,21350.084043784398
99442,7372.45148644308
85541,1865.0447447628762
81635,35918.22450189374
83983,12236.962994736834
96161,9560.555350774448
90359,11877.335144608065
86597,7982.045667022772
77633,11652.450636350117
80552,31479.1864317583
87749,21901.03068697692
88246,10827.604103799433
100434,10233.025226008303
102049,12292.663348804092
84649,9727.786611537236
80783,17669.415015782928
102021,7866.136124915406
107760,14929.452949134362
98095,6468.702456431447
103474,8662.069106902454
101486,14960.269106936914
78334,36044.74511770088
97026,12435.912487861407
87049,13822.724914042305
94207,24237.52407521408
90080,7319.192285895821
82025,19344.892784133976
94478,24512.838634679236
90501,7517.067249660366
86699,9723.007946188665
91557,28260.252837166034
105343,9961.741219874611
80034,29559.257243925582
84220,13988.953182784071
79498,22561.241046938667
96294,26015.050328345624
107974,8021.307948574999
80316,12144.54136968007
99928,7813.307396242077
91851,9679.804654094865
87827,9673.249861013304
98130,14593.096993665871
96139,18134.769846000854
93176,32054.307367536487
90903,31644.14821112184
77200,21125.74457524969
95858,19104.516369287183
77764,10919.482749879842
93978,40863.57588873238
78852,13062.490499334752
82121,16234.086557089273
91653,26813.278276390236
88882,10654.130545469086
107327,6671.187860987415
86583,9852.124065607572
90101,15072.869823314493
90893,19104.05146259703
93813,26432.481843057478
79215,15805.872287977363
96480,9997.054640539425
78841,34175.71146324264
101519,17422.733441532717
77704,27896.22086501389
95308,21652.28647026201
106617,7189.1346073502145
92279,19820.183697671422
77974,21919.727235860748
96897,10076.743667657187
84841,8432.744733173211
80966,12892.373869995588
81646,27766.24822685098
83773,9998.566513837783
80357,35638.69718100603
93576,12712.900239072633
76332,31800.931994197064
100522,11756.544977298578
95723,12365.12314352395
97599,11921.518137046809
83267,13873.001807948485
107086,12968.378685138992
80173,28629.853546186354
90902,44802.285082758615
85442,19495.8158617598
82924,4490.87734375411
106669,22347.52411329496
77358,21434.908440782845
86661,18613.1720881845
101073,13106.349231571989
83897,9367.981722934028
92465,21785.927112691632
105110,19386.353490395013
79370,13040.716589641483
106568,14379.887098409792
106121,5757.433365065447
97194,11470.68215045557
89289,18414.617333428403
77301,21367.840136048126
89051,21047.069513216113
90207,14415.765130919735
95193,18101.180299667954
98653,6298.210258828875
98934,15042.171212501436
102897,10571.120766403053
90845,9359.617544671442
101868,8163.249676667025
95210,21538.128598959272
106341,12155.94736031582
101091,9681.944911424014
98060,11319.471645588363
90026,7265.922490428418
88157,10567.833968261177
97383,13484.89277377024
87451,10471.82333124863
103381,9399.614363255441
93512,16075.95773439742
77414,61139.62313502337
79553,12790.889528085097
96377,9169.890250713435
105001,6770.863901959122
106183,23967.992266540485
95745,27692.58841745321
107011,8911.706142042583
78953,20349.446691077905
85187,10364.24480226347
87941,11461.576884578662
77483,19772.68087018288
101372,9096.676106586357
83730,9057.767803467912
106166,21401.49431653484
83753,10298.623631662915
106514,29671.449963401366
101583,7312.55528863884
105137,2806.752031954555
105295,27650.75391577606
77657,49891.48109636781
88515,7685.323582239177
93729,21594.555977994976
88280,13076.8545758429
102832,10177.949936379673
97873,12649.57772143963
101671,7934.697516434394
85210,12517.82958388179
80735,27041.195453853565
87811,17266.067136851972
97684,9531.000556776364
99915,11800.642468368951
97502,9297.753597296223
93678,38589.668721268965
78821,16078.446709532496
93898,17511.10702155017
100832,14001.0011661067
104921,14360.614670392624
83890,17966.19682666056
85696,5195.904115668229
89485,11858.111886350043
87460,10803.312589397992
81080,50868.90951856167
87235,7707.3159184565075
87587,8119.1395544602365
96329,27095.330736005766
108174,8933.72479331198
106700,12883.600329137284
98539,17798.325287011965
105234,22394.00169190133
104708,11531.77702745667
79081,34274.992528312934
90270,18977.197049780476
106057,4882.678245494776
80928,35073.295415241504
94218,31946.95557586903
107429,9106.61871045912
107776,13918.026785588012
105303,8953.575786411915
107166,33314.244455420856
94379,25282.738945769834
94832,4212.717418731627
83043,11700.706233649165
84114,11773.482460013007
84283,12654.442935115592
107679,6754.722058508664
89280,10870.278605538459
89840,9953.425538077387
89927,9715.180943123198
92218,20366.7387866657
97100,7993.390608776
79443,9977.463761868567
96551,8595.410012841405
101305,11649.962821723408
102576,8657.782408069526
84060,17706.662242350227
92280,26547.752552743437
105210,12023.743660927523
104496,17728.65492053341
104267,13070.987934197541
91491,31573.121572485492
78595,20545.664756611797
100913,7163.96136632625
103028,11854.958783134729
77788,24130.373032632793
89629,7379.084039465914
93781,24936.11782256705
76551,48756.04409619579
84917,12547.751914727538
106009,13996.948776033809
96109,8919.053190545528
78933,17647.523685246568
80386,50884.33014131798
105590,18584.05736729767
87670,14231.536003342586
84443,19244.792454100017
95776,57438.17812283103
96400,14370.481117852316
90834,20819.58130695317
88360,13776.366918944677
106848,25721.746187267232
91981,28502.035091775302
89126,9610.659370926587
104879,20068.25540795165
90449,14993.6367028294
90667,21161.766009646133
78986,10635.306810493837
84945,14300.527960240492
104356,9959.321277172134
105159,20165.14620352895
87755,2712.746443988733
80978,26998.373991063323
87272,20421.178130546563
77291,33470.59775710254
84904,10841.696211723749
99446,17884.65408208905
78688,27982.828267456985
86155,13215.943343588597
79551,29165.917070420557
78281,9043.26973423437
94551,45859.21038949803
103232,9320.737882959176
104767,9735.076917937964
88566,7790.057613285915
77896,30018.737195036687
96885,17297.71904214908
95778,21500.73720846342
86874,10070.096799617797
91080,24789.30208530169
107737,13609.33064582388
104851,23817.289800056136
85070,22672.770603800425
87362,10697.764419188465
92302,13577.145120151352
93294,19433.74558074741
83422,17367.097040786513
84862,11680.588816068255
84415,10884.556880087133
78737,21025.070027528236
84686,6428.111916597491
95112,27540.1955158786
86518,13101.393534495452
84839,11428.215440495018
81172,26460.79065268138
89932,19073.809551034876
87300,11556.36203069817
105568,19655.43144914238
76252,12599.286950259568
80951,34262.04291159302
83509,14290.093354874296
108493,31094.061580747966
89976,10115.204539308172
102525,9452.37616020808
88102,6289.626200872127
89605,14785.694549632826
92381,11561.442383902398
81987,38455.17029913257
91951,25910.104057712193
108167,16383.316009566544
89798,8172.3431681450065
97312,12466.725463231853
106458,10223.947789748921
80611,44431.07703729301
83390,9094.754601059876
84346,18082.851706710564
88061,11922.725735436687
91266,15287.430568454349
99611,8101.149872151201
106366,18292.69280203338
91936,32706.034729688643
82520,10231.601677376044
84865,9801.170898428765
80141,21845.820905064174
91890,16487.314063547823
76251,18783.909241866055
84247,8437.8702213819
91298,34320.10895194026
88015,8707.802590732228
92776,26583.77248171801
76709,8935.89263282757
105728,16190.447989158418
103796,12537.993153040525
81171,20635.750422275254
88413,9693.293959356208
102155,6642.515722880021
81200,17536.670697943457
95674,15745.007072866034
96157,12092.550413199537
79020,20100.240502617882
103587,9316.982784962473
104190,30912.36557710329
80486,18793.887874982735
91177,14381.581762306381
76909,30300.14445238715
97278,7912.440973363463
77170,22163.540936326124
78840,12417.328946474288
107987,14613.09678139322
104444,14148.182172163111
98408,4076.9107984446287
90629,14890.16784842522
85268,8684.37565288478
98419,6447.34690204692
90747,18777.08414966249
105907,14538.271898970199
88335,10891.899160928502
104161,23550.218881507346
101427,12862.502441896486
87176,18457.70923681816
94012,32147.772098107464
106937,19267.406140776588
106573,45132.76804298342
96877,9862.585557296397
102568,8300.755330540404
93510,21352.60133544071
78820,28597.16588351307
76763,21861.200781135743
106884,6877.975990976731
81041,14150.080585366159
93827,19357.09578837406
100321,9482.509031645728
81450,10500.926132270559
95107,15725.62359719593
93670,23748.996204159783
103551,11661.070940081307
106715,18387.91121397355
100863,10082.930380700625
79259,11108.273057659066
105336,29419.126367663812
88906,22352.05368667187
93039,28040.748461569758
85639,16609.541299320026
98378,7819.051702420956
93639,13357.013457076559
83518,10435.29391976453
79592,12727.728046189643
95678,18359.487469060092
87400,9792.34173729942
98813,12545.009493130281
79157,8862.078891311307
76223,16431.321291981625
95406,18585.9839598746
83724,6194.614835607532
89739,13620.245839213256
94933,25249.610442484292
82605,10711.302499399308
91566,16977.389609132988
76873,14689.640659764518
96884,17332.057374215503
85901,10471.157235790864
106449,22896.830757395586
90672,9618.757468975182
78513,23725.939145820434
86464,10592.152002927836
82921,8538.039974888348
93886,29221.094721494854
76303,11930.72744571119
98243,17081.863088316408
103497,10742.656464761965
87786,14526.12476392492
87780,12585.900494723004
99339,5137.450471032069
95351,25823.498028939965
106965,12503.059714603787
87540,11147.902922300696
99854,12288.342257798058
102357,2564.5995805915127
90737,7493.851323231457
85392,14528.567931216578
96882,7116.2433205497855
88268,13465.856400738285
106075,22453.597808515766
88674,16527.05062647677
77623,15782.952807193975
80394,15721.280460292533
94942,25994.970363874076
101237,15472.322937836687
86351,14922.758923835512
87055,8922.826011994346
94851,25890.335402516946
79816,16030.828237962838
97214,13881.051111996441
88900,8930.172260322655
97464,11372.692314041178
76403,14892.075376082865
79786,18912.60773432464
83858,10958.084945815111
83658,8876.391537223688
96456,12246.905878633366
106217,13887.15905157743
88111,10712.136003215235
86581,10301.467922458001
98218,16739.374681964426
93801,25071.22280203488
87206,10628.659091727228
88569,15476.314858257278
104348,14272.544378445422
76478,19615.17701623389
101509,15783.177632244075
100915,8688.26660354683
79676,18392.376567237898
102673,9981.22063899978
98151,6899.387226109032
77583,14695.88547260283
106602,36840.791825661785
90134,12870.940652108166
84228,5802.13320030543
100131,11714.342905842257
92807,26467.552419433603
95025,31739.29765403559
79779,10528.063407537353
77216,26001.058479746313
83476,12686.753386395258
88942,15802.643174647306
87565,18228.755730750647
97055,24348.039545056068
97212,21396.372302173684
97321,20016.654679591476
102240,9526.121871766672
91253,15888.353230685776
90284,14958.91927188079
83582,15750.315123265444
81255,35797.671930668155
93903,37321.5774217909
96241,17830.611665693104
99117,7098.64391013908
79874,29214.64254757217
105193,20171.816853453813
98186,5469.352989131627
103313,10299.097924152711
107714,16018.475130551484
101081,8671.160313634062
79663,4998.649506774068
81108,10899.202316353023
86643,6442.982360669707
90931,22456.831551706768
107518,22814.53238927563
84511,19458.161936947363
80689,12420.945098657707
86547,5919.0839288747
79670,15476.591069514863
82281,16225.038974984831
102274,6285.184698295337
107948,11600.636012289142
97149,10593.91089667761
95980,16502.49075193074
108047,29865.20227437846
94763,25381.955886719108
106148,18101.61421731889
84164,11378.602394110356
93448,27544.589944803687
103837,20329.419931415443
91861,21973.3528341289
87914,11820.573895881536
85944,8937.69656097981
83795,11132.0342481743
97374,14298.577060512727
80569,12360.407759407262
106331,38786.03422149997
93177,33295.823713886464
85257,16040.243334093615
80094,18324.17691052604
98473,11438.483053193046
98021,23141.010385901678
91714,22076.504412769653
82569,16053.56073100762
96451,9466.127353269952
86310,10502.3834527314
89702,6726.5697774494765
87577,16056.553942664123
85221,25335.176498380184
100454,7072.169758618359
96748,4572.267488679341
91472,8043.262879073985
88350,5111.93944353615
84386,15478.100403347788
107993,13584.43663563938
101496,5756.721864136438
96805,12146.617511379232
82084,18898.793116952776
94643,30207.77918009548
83871,16122.250853025942
82327,18775.23776114495
90332,12587.765280975076
84949,29608.017826076608
83111,16771.34039822237
92067,18806.58206000175
106714,20989.917647476846
85531,12723.675767578412
97311,10479.620657424135
78102,31585.032947661588
98348,15097.061763968488
76715,21331.295403483215
77091,13342.344556047055
105854,13191.552554857311
85983,8393.234230574439
80823,13215.80830995937
102612,12996.500309888344
104209,18044.717994233848
97643,7675.178835848917
95340,22257.812843810818
81183,44746.22976749162
87928,6291.374948338237
89448,11624.555252088941
98522,10187.646306980814
94213,10112.25978039014
91583,9782.79140951708
90280,10067.156419835725
93287,21472.39250906373
84510,8547.338684567243
98179,19939.48749418316
88162,16751.451524143078
78449,45656.915025148955
94548,18010.698210494265
95056,28701.794665325626
106725,10188.23884743695
97968,6708.890240815433
104923,9151.130619660995
97276,6779.862623623995
97080,22530.890341597562
90691,32480.519407335647
88033,16756.197147492436
90160,14813.09106696982
81661,11623.6209291139
101260,11447.076655643456
79520,28564.870023319803
78213,16451.719844193416
76187,29159.424223860693
85752,15530.038380308337
90729,16661.31945450728
77637,17587.989334626145
101847,11589.83381753892
86787,16088.23633499117
105758,9934.973570047334
79389,24477.437373664085
98312,6486.300625396982
100222,7797.973971386766
87873,9690.404614308627
92965,22364.53339956981
89168,18595.978660768145
82368,18648.421422113093
76505,13617.44499394375
100946,6053.354938538048
85815,7287.554493291814
87705,28116.560473223417
106931,10922.633097263664
95571,19914.65354775036
80308,19685.83963513511
91824,22821.700460746702
106743,26481.65561115666
101866,16293.677212879762
95817,32903.030911433234
108505,14566.651400921051
88722,13543.89335500488
104371,20807.938268289727
93879,12313.549983635205
96038,17110.629413745773
104690,12921.611942580277
93199,24060.72900475876
85967,12991.097320367293
88714,7873.492133446046
99467,6992.069936795743
85701,8657.43757967938
103450,10854.517740285464
96943,10123.998207655037
88526,14334.165821690307
79326,10770.655005133418
92314,34274.4619053168
106373,18411.792150818896
76953,19909.180135953524
89741,7641.195868169582
100458,9737.861880353663
91895,59959.61365557858
92356,17096.258682251897
80632,20177.934935314242
106959,10746.301945634608
96251,11982.066229706621
97996,24295.573730605145
90021,14402.664878480087
94899,32457.304431861958
93093,15800.860115314867
100175,13801.634530445275
89968,7370.883560138942
102132,3617.45059938241
99121,11443.10086368269
92662,19452.646163388104
96612,16186.106471395196
77399,17145.943511480193
86443,13503.414743887424
93198,35415.591193896886
98001,18203.130712218444
97764,13131.361009472654
94983,101177.89056199306
82703,11528.339530995203
94794,31463.131596001578
79793,18658.847112023017
93376,12432.405328087092
76374,23763.07423123043
84045,7941.638443423763
106780,18587.865111561103
93213,17628.139894719097
97870,9338.590855405868
97748,12548.82656903483
97255,7776.801019923625
102668,11808.948104350917
105898,9887.823186529376
101786,14022.60121994474
87690,14180.048652508836
86329,10503.463624138723
77696,34539.83459227405
104321,47622.02306733032
86782,14844.387385218848
97134,27926.474368520005
86684,9576.013211021651
95509,32946.30819485839
82314,18557.753113112856
84124,10808.375959530842
87597,11236.499873174795
81357,19482.984183268047
95055,17413.32912677769
100244,11274.677012995142
79271,15502.02393386869
82043,24301.90067234092
96348,20475.5368581634
76594,16042.167502078937
79552,14619.261514943895
97181,13387.791701972152
99147,10852.687668820636
90786,7185.022065969523
96203,9022.138423898445
100288,10797.688533803765
81529,20882.413653462867
84229,15940.954292615203
94332,29027.74535117858
92714,20885.889712367512
107716,14118.013549341284
107685,28700.802445504654
97836,4674.3793171233
98284,21621.805862769354
83128,17469.786121992853
105500,11410.362142898373
97781,10880.332723110429
99341,9989.15470584392
91793,31629.111545249234
76224,15159.345251966175
80840,25897.782991064414
94587,17175.06013333021
98667,10373.59081092131
78973,15506.798880600714
85175,12520.947564144548
107489,39805.11940973921
95790,11923.095566067432
108044,8547.142930075408
80652,24349.04484528062
76007,15244.518294260728
96039,9210.063468404893
102618,14424.203210841028
80863,13604.875221052149
95695,19412.917460015353
78815,27302.153817120252
98063,11798.36171440667
83732,12670.204281448612
83190,15639.93482606084
99504,9537.103528275622
82372,13506.521373214337
77977,45823.97308509434
81688,14646.146190003066
80154,22405.11891395289
108106,21961.840419853957
80724,16299.205115887524
89190,8975.703658683184
102321,15746.690124921286
97375,10433.962197141687
99379,24465.115884952418
84767,10153.45752054919
89470,12404.405869617061
85592,11516.415398954912
80381,28546.864538562495
92149,30401.08156684175
96044,17569.2081808334
79041,11629.99651610432
103108,17848.100198252752
91118,19616.721290510843
96434,7823.815275826198
86875,13808.01272961805
100326,10394.912698915577
106416,19276.813939096508
88074,9137.000123222413
91579,13028.377392824568
96819,30963.77035203484
80373,28681.68446979214
82681,9823.721865213969
88450,11425.260174839375
95040,16038.472721071214
76720,11361.663757435277
94576,4537.56822188241
82502,6627.3589125006165
101100,7754.954686016436
104522,17253.414282336886
108039,9977.708578584099
77894,48273.370187341505
80888,11679.071573613332
80366,49942.45567592043
87653,8478.403476999598
98083,22971.923143423854
89042,15652.357765440742
102520,13796.420205934219
101620,12521.49444531506
108340,9775.080201288
98465,7609.609253807058
82307,31119.133299468802
107499,21315.562489018692
101440,12295.82554561329
82392,26682.45624516981
79371,27424.90271048282
103916,15039.181603579878
81192,8637.982897580401
108185,10663.70085862009
81811,14197.520291480414
97993,8396.687442386232
80214,23634.19884381352
79896,18805.278691444986
86793,15961.984274890776
100548,15190.310424826064
98986,8837.11446602357
82411,11220.437169203544
98467,7448.484458415368
98645,23491.218811770246
84530,6548.661321787943
86479,6897.783452356767
90655,15720.179894706183
97319,9957.826372481693
107749,23441.674157861406
77199,25772.291810326333
79255,17006.644451668148
85072,8296.131393112873
99421,11671.788431559951
95187,10431.25174833575
103262,13295.278074325994
94589,35151.52400843321
77608,58218.79681565716
89729,6133.346623394001
99171,16723.309861105336
90914,25253.327261042243
83250,14893.249668403574
83275,8286.840231699749
91269,24805.867530896718
83003,10247.953279250873
98988,18691.75187616616
105748,14942.38477064984
77688,17218.916989846966
91090,17577.74775245965
100544,13907.6008411871
96608,8766.038072984862
98784,9183.711032914389
85655,15059.527386464339
104236,9584.718820860055
97437,12418.700804147244
100150,5616.974370926525
96911,30362.426532291884
87126,16793.95851221808
88544,9493.474240339287
97889,11172.49415444363
76768,13745.907708300576
101722,7506.032249306127
96407,12102.310906620163
80640,18992.879246301454
88000,14123.372043765969
103451,14599.590696922674
80542,44741.15236525353
82212,12064.505084555756
102407,8839.781908988893
79895,12609.952833464024
95909,19486.828789028932
79646,34263.544059320724
77051,31385.268510365007
79375,37346.91331363876
92023,31826.18605157789
87608,8639.609415246534
77731,10978.803333099568
94671,25642.50341436518
107804,16109.668497463907
106359,20713.135580763887
102758,7449.52997167591
76944,36763.48683389545
92103,15207.944261326293
81188,14256.351373052834
84157,14012.0893514288
77509,28037.799775205818
87332,6275.267487690358
101597,10075.655744106023
84021,11171.457435562974
79820,26030.809504761575
102505,11539.583110907228
82887,18793.101643454727
98676,12060.90573014464
89288,20455.59550596974
89410,12336.958098355593
76489,13607.31537443079
85587,12702.860393158979
93752,13788.447418526637
104857,15896.009750617864
91582,34233.41160584666
100760,10058.421872895602
95388,27093.953931940647
105606,18929.55089546361
93352,25933.667006503176
102452,12373.350428509875
88997,20067.15322026045
107478,16177.484657651648
82604,12507.34185443395
87188,15903.76584678122
97769,8072.518985022321
77941,23358.421103401914
91489,12644.121109141552
84501,15936.12242893239
97428,16409.337698486655
107961,13106.60144524394
106520,7513.834767704617
82860,17643.393632961364
93232,22484.810223902296
106592,6904.8876860103355
81719,8851.69873828184
81658,15822.469071256526
92676,22215.77374021272
102253,9400.651991733836
105237,12057.519109994593
78527,21951.865648580297
97452,8773.442420763646
106530,17995.801361224803
84118,12358.31362979593
84314,10865.539925561141
92313,24957.717135045314
91271,29609.309785366087
86067,7453.650344039488
100751,10062.698261235315
99647,31934.94955532856
79872,52876.4309359733
89703,20656.61480425214
82985,10262.013953454218
86719,7057.372372752876
78249,31315.86885403745
94826,25804.515581604323
80867,33676.223364540114
88405,14730.113888976783
92596,18424.707565323
90699,8140.476797157548
97504,19914.36445221492
88236,15788.52898116542
90859,7712.490316332466
84327,15868.817470336195
86926,8578.372053854813
98478,8966.712290353824
82435,14202.126899126015
105477,13977.451986701071
91685,16891.932652787425
77406,13596.82067823389
79806,16177.192851599075
95728,14205.360716499268
79181,29261.326345267895
89777,13717.31711002731
104090,11055.066768541521
106849,18869.383386103782
80612,21885.354363539765
78114,15636.34030053508
93850,30763.84120079397
91913,11839.64204247215
104359,18925.928366307675
103818,2495.5920728289434
78505,7102.361703655241
78147,7973.64745985462
98618,23474.639860960597
80947,18107.790840596517
104926,8318.13965739126
87266,27056.442998582883
100085,10694.387289552378
99550,9627.099473248565
100618,13489.420612282007
88609,8396.67549144341
95379,24647.625756692723
97130,22413.604981799534
98078,30386.682064596895
81543,16762.075658727037
94442,16061.889647390784
88513,8167.410628702031
104084,17526.76999372808
77862,16396.992686081594
83231,12858.831544569863
80020,27733.48546785105
88533,42969.49329108321
89260,15233.83156700105
82264,13876.515067381311
84569,9540.216388471788
94361,44325.027651771125
76511,20881.524941722742
79088,14704.804442525738
85645,16550.157350383957
80492,25015.50503114982
82092,13974.610700776597
80792,11728.633745625735
79022,15552.405838323937
92175,16397.493017327157
87149,15649.425450081459
94676,26848.838300537536
82453,13845.819540756242
88623,15918.055018144847
93157,27185.410834565453
91767,20748.43025698631
82525,12374.357271837745
83387,7485.128543754628
104711,12683.182245934353
82040,19979.176289977124
90973,20615.329423159186
85628,16708.042596697964
96701,11861.517542474881
95441,16934.32978398559
104513,12749.459999801416
91247,24300.6622351096
88940,2856.6597201406
77571,23915.8154257823
104299,19016.96283668554
92609,22224.776088111747
85134,10433.02179244443
81305,29045.43680719915
77683,24301.229117513303
89313,6154.145608516338
85999,10593.825314322497
100266,13631.687608036009
97102,14342.034441713495
101321,5640.0112296100115
108299,10485.540721629122
85057,12750.752289297787
84995,13689.470890790677
84612,8646.66656329866
94300,19166.75247904105
93656,107906.42801545873
89647,10811.201640599063
84389,7459.071083431156
90197,7782.796148486444
80844,7970.531885669239
105331,20803.409583352575
98831,6794.652619597066
89697,17931.60958165222
103351,10096.341908143184
99969,6775.999798604049
99325,12376.794008995244
89198,16041.810138189563
78239,16110.462101373192
82481,8665.569886852287
83655,14844.198707522248
83006,10900.272201390346
81067,44057.192678468724
82451,14412.258792374141
107390,26102.174659768265
101406,12988.150779661762
91715,26761.116614043833
99989,10242.142374296425
93206,30645.548577124406
85902,14444.488934238074
85195,16329.337496830063
78130,27742.712342553878
76552,27897.641898441387
89420,13453.200450755756
89566,13293.24132809688
94682,42429.12915174483
87373,16612.24005378909
83481,11381.981740246065
84348,11404.143273218102
88809,9285.62729564316
107886,11798.561425067455
84976,17594.18682696924
106340,16470.070878933588
87849,16820.347607186603
78363,7861.12314996881
86657,15748.112989863946
89773,19528.93055924494
94449,33589.66439178057
90861,15659.763333081308
91749,28055.275292609622
87090,12466.56919281776
80200,23605.49262975725
79369,22733.50121023251
101679,7746.662494598321
88080,11351.981905785344
103400,6657.99551507987
100960,14243.033510790858
106116,10037.311598783113
76678,35288.93524418735
86832,4298.840753274917
80278,13168.734395601376
92718,16035.078510798376
80121,25978.25405541974
84360,7664.944211866056
98000,11320.91956069749
86852,9930.40184169191
84665,6957.752114372005
104032,18408.596238472357
88348,7095.991025273737
85919,13664.117725527789
102408,5943.085284403484
91678,12426.469315925617
86965,13715.760466236186
99748,2349.7323052322586
79192,15940.079898175178
100469,12078.16207117137
102772,11862.720739926377
89526,8594.649808944856
96191,6828.607079759393
99222,12709.129015662753
77086,34015.739173002425
84447,7029.717057225914
99981,9671.91193332225
106052,21573.91559332377
79612,27026.148296801355
106792,15829.423157020197
99124,7677.282872673851
79678,31581.52673052059
101632,7412.428323425923
77692,17012.63643030835
84345,7209.324463544518
95000,24908.155586517485
83015,9236.35785415944
99423,20993.86167512
107480,19146.380670565857
93765,18678.801558837073
105419,9982.634653476642
94052,14638.654921267884
97432,13717.041514772594
79133,23860.74983985808
93225,22749.93227950311
82956,10724.351190702308
101231,10909.73439172488
78727,18698.27712408863
92150,25961.765729789517
103869,8262.16262084313
98266,11060.365651515696
85017,8380.47958364588
76853,31314.40096814723
93027,15753.230080600224
88493,9187.662140077953
104829,28347.085433970973
87800,16365.415730625286
94723,19104.598061591525
77219,11790.087110572591
94891,12918.93925955848
81656,19665.582558464983
97239,18351.63616256229
83620,11646.817943357328
93312,19198.457184987612
83441,8217.74769322628
83959,8898.788897722132
83653,13380.342918476555
103364,11543.957111937314
81279,10754.233963537006
94483,22021.03618897486
78683,13374.982800282412
80423,28991.349929357122
104442,11550.87586619372
102026,9001.893968488781
105992,15281.222010290972
108007,10404.62214814498
81476,13549.870968172492
82770,7467.450634973335
97979,12075.52731592983
103866,6593.889131341547
83147,14095.446340710138
102902,8149.037653038448
105918,23788.912346267796
100265,12259.305311664077
86165,12164.37996455342
107697,25803.042538179478
94497,29123.174121667314
83540,7560.242382593905
76617,22705.39793152042
88133,13151.024981411016
92181,25465.98854291063
90065,4241.079283331902
94177,16663.17620921976
86942,11126.535997064319
82629,5312.666197368163
92087,22022.014359975416
94508,15322.006376259298
81678,12893.164051207721
88106,11174.859898788709
82869,17340.75007431159
81744,23101.70435946338
89208,4903.086329344665
93035,22403.84081187803
94656,27549.09288372549
105571,11384.404753666013
86332,10991.09085625182
76711,21493.06661213681
87423,10801.14400212499
97343,23926.37477429645
89591,19066.35003020679
83291,2301.255349053958
76146,17527.224629516873
86683,10699.697304261048
100726,10482.200281705966
102328,10261.582624910336
100991,12667.417194335052
98049,11951.17774343408
104948,18211.000168334514
103129,8384.959319552618
87892,15774.998988650852
90770,24426.847621301295
97113,14610.90418069397
102422,11596.502965310516
82462,12992.938390719935
99700,15134.199623617418
103799,6240.181771919064
96959,12208.287864479276
97715,7984.077767437909
90880,11718.43936447169
106632,12549.48985559672
102656,12207.293271948643
106686,9936.842779095912
97346,8246.678929456419
88283,8019.532456407357
102248,15081.828058780171
89091,12431.171092468185
100474,10715.425329724027
103428,7627.010870622819
82698,7435.135190649511
107510,9601.58717700269
99122,8825.087294025134
93152,13184.255098628722
78084,17776.431492013184
103130,9696.041562452514
95826,45225.211819884345
94977,25702.13075747006
90104,8606.004699244086
89105,2925.9839525463585
95397,26128.496384995404
77476,13776.269199791277
80208,10824.850066212719
96744,12198.621528707912
81310,25280.16593124907
88688,7527.1769454973
100514,7503.526044748609
79490,21265.643191718842
89236,11262.101214770832
106677,13890.315901665886
90882,12097.880381681754
105048,6354.131626175524
92458,18169.42407483168
91682,14237.694503962275
104659,18843.974139068614
99559,9618.006086853267
82608,7440.061561469162
98793,8233.16209973641
101083,8712.447756830757
86469,11363.512417226157
106304,9631.749212357148
100515,8811.532231636558
97006,11909.017897176318
87531,3557.5823235053535
88873,34566.83650744658
91700,16687.942650840116
90471,17034.07933968082
88077,19904.840012420445
95546,44038.19392888894
77965,13585.466516328772
91548,22100.614666261543
101360,17934.45176073195
89845,13828.56613156666
95934,25498.933071752646
103745,11119.753312611463
85862,16845.646556693213
98424,8878.97902909789
81736,30428.534119645457
93391,25333.468194648885
76523,23226.095382047773
83573,19033.341598288287
103118,3897.835393128896
84399,26114.577650127216
84864,10398.21671204816
104282,8419.801645457928
95389,22004.244246340055
108097,12449.466287296484
94999,11143.292109579044
99345,13830.247029932058
92946,44294.23032292361
104048,13018.227203158509
76817,23216.185269553032
90448,19624.537190171483
107837,10097.861360640434
91182,18610.511213576672
102654,6517.790241562296
95298,17803.365770329798
93659,21710.3717827794
87866,17648.509229520165
99990,14507.097298117913
102469,8096.711094020452
107351,14557.500665988597
82490,8562.67845369725
80756,16230.753241923463
82365,25203.00032726484
92332,16409.54300761043
77456,26474.042966290603
81007,26684.176884611996
82391,19142.6205943722
84647,19090.579016913485
76296,19133.903695876976
100192,7750.715587370952
84547,13507.724479926615
88877,18086.067339796646
84254,10716.450710547504
87836,8379.161006160428
85970,8804.67932754209
94834,14945.502800963804
107159,12980.13246690542
106800,10135.624383018427
101989,7224.610155892973
95604,28677.942583593696
103637,15745.275898600295
104301,11040.24078557789
83799,11162.706774281876
107855,13155.59047641291
101506,10383.129611287934
86644,11593.55930962794
81902,67618.36964175805
90490,6455.877321959953
76314,18499.075965926724
95360,30682.28768911657
96272,8057.374410604143
103911,9131.826833447887
106553,8858.673660421078
106063,13927.355901917716
84179,12459.958446597635
106912,14018.98355270208
103819,5967.011939328136
94009,33107.91740774983
98285,19792.92300958552
81101,14765.008407272548
76806,17913.73296860302
79127,12494.079087801629
107416,12951.672960757991
93786,30423.13360296947
101542,13115.109431626066
101640,9813.602169397427
98800,17373.697060784798
91451,34949.19809892349
104033,14859.98051087952
105550,21183.72461754126
88203,16483.30578710395
77481,18104.69665754639
83704,15991.040522829906
94474,20321.685379843413
101924,15666.03216435997
93203,32370.07158463178
104628,15148.411975983969
93308,34422.47462747642
81984,22014.96716761885
93228,28392.476798501742
94247,21735.50027156871
85162,10441.522931352383
104670,24209.151621853838
80875,47091.51892151026
80850,25656.489682455533
79475,29331.610572980615
87229,11582.51790213131
79162,14411.82728615768
107652,7484.051673144116
89835,19482.299684780035
77430,27861.986789771352
97568,14093.125142867784
78947,47835.19601698223
106692,9180.581925247481
97127,4542.668411596278
80876,23147.60126945557
100152,10020.200261328187
88949,16863.651694969576
95804,39039.047758645305
106833,8352.62660482312
89283,12613.764770852846
78115,47969.88129250368
86941,16230.231776921237
104794,19330.906610413855
103892,15635.422506859393
90746,14321.258614929176
92996,18819.085841026044
88679,17375.949226712717
101007,4485.6303091649925
97824,9684.820575877553
85138,9857.612441632396
87869,12511.361223100155
84266,9824.414698138951
88682,7694.538283845575
84543,10720.25905543924
88967,16358.076194836256
78831,16258.262094305082
80227,21203.251477120815
88995,10450.720502036442
95761,18456.113240916926
82060,17934.937513785695
78253,20505.272799258997
81193,26035.689519614683
97309,8033.280693762744
93654,19601.476343188366
91399,26992.010032266648
107195,39568.84205303169
82137,13242.010913049411
108006,13608.437469260532
78534,56459.92484551509
75979,26831.915797882615
78847,7305.137417771735
94746,11896.09564886462
76591,13185.514193677189
97366,12428.380359026916
88756,10446.928600591822
105074,17427.150377799593
107641,24420.979100714423
103717,15776.428987141431
92559,29622.532563630328
85453,3941.435654524115
91736,28227.186096134366
100632,11896.24804058777
93314,23035.620805782844
82593,12574.33695014177
105791,19789.621121669734
104431,21583.173627369626
77967,18868.682642001055
91373,20721.368102758493
86095,8802.98159294094
90950,22641.932784924957
105410,19777.760615872216
86516,7545.784412487654
79221,49545.96347939893
86603,15319.300158851702
84058,18765.71286412473
101017,9959.30379522236
103065,9810.63997257281
102817,12600.610463385414
106443,21272.06130643171
96455,17920.820773076564
103514,9737.99345938375
88407,15658.467424250466
104658,20932.682336953552
83823,14164.64548374662
106801,14875.150424887772
100859,9654.300740820754
97156,7755.077770410312
99816,6558.585541080694
87726,11890.415324331925
88783,12156.138490653433
107654,17205.94348577941
102420,6030.7532521698995
104147,34151.47858554308
76019,11415.907971055753
86158,11244.705337211453
82852,7329.954557124906
100871,14853.894740244887
92537,13685.07458433476
92028,13260.712442275097
78319,10405.318080254094
77111,22313.89753447493
81426,15488.198885294054
108336,7641.05324068822
106048,29448.79432059299
108482,14552.738671660461
91336,19798.173636346688
101242,13527.714737239214
108309,18895.886367848518
106397,7072.4679581027385
82413,9925.495027413866
79355,35265.97880111102
92826,32204.25146116927
102020,8540.541221060159
93857,34099.96966846238
88875,9194.554253042807
81926,22680.02433843769
79236,18379.759663252007
101106,15966.196053366366
99069,7508.694098627864
90017,6839.754817277939
101706,9579.88017341252
89701,8398.479833568528
96760,33377.065022590956
103901,13789.337965209097
96780,24888.217008026637
78905,14663.450659103952
101894,8669.294436721942
94657,15688.708818670826
93703,14619.614363055585
98690,8965.975611428008
90597,15164.095427415912
80138,21606.292163262046
97044,10050.283034645316
84258,15740.552933628984
98543,15075.997048482855
99833,13042.335059960162
99848,13690.331602130105
89178,8349.48088945114
105598,17478.382973686603
95971,26431.59904144952
94875,32706.034729688643
96048,9301.826035890552
82606,18446.933331181328
104545,9472.709795743242
85571,5947.132723323024
103757,14405.774263084926
80192,17325.09737545965
100422,6627.915522053224
88065,16973.362915797876
83544,13898.032474829213
76851,36220.795360276694
90464,6307.067794555138
106501,9442.174543684618
85011,19972.435423622035
102308,9591.463171525187
82241,67071.25192508404
100655,8585.78723115932
86477,10713.10508174961
90830,2479.6009547443855
83274,19154.228560982378
83251,9130.527160071748
82122,25077.957310924005
105600,18434.2352620055
87514,10196.704182156775
82184,28957.000341513824
84829,10052.779573984739
90704,23969.09160684706
86306,11112.830455605414
105655,23768.632762397796
98964,7216.165134701678
87189,19168.75240417703
80116,12777.472185659002
78366,29801.33874457354
103668,6018.177704453707
95799,23582.91443072454
97496,13607.820870432257
107112,12551.363438469392
79698,33384.59804122271
78946,35228.729278260995
82843,8091.770045333594
108537,18293.32720263896
93675,31443.67946917788
93629,18903.143826577605
103134,10835.589062416802
76458,15158.675477278728
79219,18755.27441024809
93401,19703.652796591363
87666,10499.810931321246
97697,14553.593878152544
77945,10637.820596134796
76173,31746.067993772955
94835,23207.914190660784
86700,7533.015430628504
105682,29434.306205875324
88546,19336.29952997997
100486,7681.236682433512
98187,12095.711667090354
81395,14816.598022475391
104408,13365.933934263214
79922,20263.314182778046
102955,11467.647761579654
85515,10990.971894466997
100490,14354.276589639529
91070,38047.36470258227
81321,25209.06669196743
90925,20186.97907604261
91291,31086.240786693055
83986,15463.01568762944
91729,16389.584169401547
95830,22317.028630568475
103720,10080.88268031125
97023,15177.723822104528
84892,7379.525890326106
86618,14621.400157682134
93094,25160.57058966186
102487,7974.09952781299
76952,33650.303151061526
90121,9035.430328924624
89687,35380.83973462423
82663,13327.319971451288
80253,19322.90971901849
96004,12491.062412666668
102267,7761.5716401352975
77777,23535.41815597044
85135,15449.591733799554
103806,10173.78571297904
88031,12762.74209628499
84252,9231.717109962623
80246,24892.965249474684
83445,12128.987167666706
107528,9422.83171368512
95161,43036.392925287975
105132,32683.950051646156
107504,12665.505549621583
96720,16619.049244467413
86060,8542.319908312185
76370,13934.695970219524
102092,11780.998732631484
93523,16633.529233804664
87963,8149.461966312477
94183,22560.609948315338
77548,30629.74151859037
91116,30988.95256163899
100013,12667.167881326846
105525,22109.207447491917
104210,17726.533885048742
91137,17127.92582679471
101960,13550.829298145341
80662,31663.247994528097
84914,13676.700315689572
107857,18716.56453508277
94916,23157.01014906235
102858,10248.629026167617
88182,9634.8233060301
85339,10527.397689404566
98692,19899.865540663475
98460,8821.624024214896
101787,6842.0311205377375
105924,14647.60274105083
81440,24803.003970077843
107043,15042.806780018564
98747,10082.734688395538
76065,17266.31273650509
103452,10535.672964005897
87162,12008.062659187162
85972,4777.736253577263
95159,30423.424807638916
81106,28976.64158496991
106324,20828.109949863327
86957,8132.318746020575
76900,12514.50746254781
99319,14266.475735079088
105884,22774.82785295734
82889,8712.468459702328
82253,72947.97118294657
80818,9265.819216865822
97074,17646.316348409953
103269,16829.814752966828
78298,16587.43916281041
87216,13681.478225250721
104853,6952.622405548249
96298,20708.071865122238
86803,6308.60782173773
91326,16377.087753491589
90948,18294.23861359108
102795,10567.058278255861
77163,17628.173646068524
93519,31358.189839255992
94980,11678.624645580303
106455,25586.897241655854
88860,7922.891422294288
76536,31691.86636761956
106556,22254.62642682404
103002,18393.47125241676
104193,8901.699521203822
98247,9685.953190852773
82529,9027.739568536554
90499,6778.965234745377
89400,12947.944970117722
94595,20279.481897296173
85870,18999.185083199773
88424,16315.415956424944
82715,12739.651796686423
76324,12759.54146922241
102259,4275.5006987565675
99192,22481.61620762982
81437,14736.654912189686
97208,12693.214064723135
76420,15581.780571218824
107557,4805.796503391876
104202,20433.65180281229
83400,21651.00168019268
99664,19874.381074854875
87781,11881.556504998296
105706,34095.09532939625
86320,9952.692787747306
81907,36456.2109101938
84881,7026.042796428079
78575,11841.556613581648
101857,10567.058278255861
104378,16171.410445349338
80281,18766.403067326937
88208,21411.130470407563
85864,7418.322224492221
86973,11980.94032295127
101072,3994.8220028029755
102664,5986.767501959981
107949,10838.98613398127
88832,7540.18370055616
87046,2894.08377472636
98930,8068.125348784625
98721,18180.217681001046
103249,10275.182644422674
88230,2801.823963743636
103604,6276.409669828229
90645,6377.268546423129
94246,15367.54056094957
93604,19557.342315364083
99287,11783.39706302099
106684,17182.508096177608
89506,17537.675285869074
98726,12478.864675090479
77060,18670.39094571337
107323,18448.63601761371
100559,7220.304831880358
94511,31678.599899912628
81367,22595.192630287907
107185,14205.0764535062
87243,6030.496514793602
93241,16710.123680160443
90899,24363.08897153131
92791,30064.861757265942
97429,8985.464812181628
81883,34380.99369847912
82428,9094.442781799959
85224,11677.017706060833
90818,32673.86488163674
107186,17353.849457283843
104489,10766.992498069172
77026,17434.349749905577
103119,7816.100774955157
79360,35778.81258925062
97763,6646.660476444157
81434,21827.165404007384
102270,8893.745359932458
86171,24661.90289019197
102255,7022.621137526872
91018,25429.28928223387
93219,13786.545271431816
107667,17831.05784166076
89301,16171.681292171645
106869,9709.789876860355
101867,10328.382506926588
92922,18580.283081970792
80057,25335.317289612718
93951,20169.60167212062
89450,9742.448214518934
99681,14357.929083565945
85661,16057.14641330351
76072,32005.648484683326
81693,26916.655299688235
77375,11943.333553261124
77649,31035.10153530232
105904,19891.762612014085
81679,23158.9562976453
105555,31387.761981335298
78762,14149.057766309672
78590,11823.6581594216
92784,16769.9773327002
88497,6297.6182428667435
108413,18153.69716675747
88994,15852.666452770525
103426,4973.590285583783
104394,20926.751416314997
88703,10500.866198205169
97376,7360.077141674592
97470,14625.43849188892
88681,16768.830842595813
76599,18061.61147074397
104274,9991.099667833127
89590,5734.006064931355
79749,50952.20354347629
107386,11244.597075782061
94829,26286.716059320792
105123,12796.121632212049
97602,21341.0953399254
93900,29733.39421048958
85986,9828.636375070893
78014,30430.74767371587
90073,20099.631434439943
91815,20170.357009047784
88067,13116.49332001106
79079,34055.38263330703
97590,13085.631047379766
84491,10237.81592426224
81997,14799.43108795711
90875,22856.21514223958
88805,16649.024424707615
84708,14640.99779699329
108010,4790.433977716524
96549,10297.048410831567
79023,9842.361231669462
80493,25952.414861147427
98860,12161.742051091991
99938,9356.946394963834
91154,29032.623693927988
102202,10367.80789003787
76479,16713.13735288779
102548,15887.71048549618
107979,10324.894368024647
80905,34189.70164939027
82630,11847.416788336996
81130,15959.825028800498
105382,13067.605974345619
101905,14666.182147412099
103353,5661.708289318196
88275,16814.80269983629
88052,16720.111748012387
85537,19655.012274269484
82742,5215.103514142472
105960,20975.468938148955
95151,35560.65372731458
102555,10725.460960009059
87742,8347.663401378657
107219,21427.94178953507
106170,9877.900429216646
103341,6573.572408912445
98947,19613.72308622721
90933,17823.072430802164
107651,6166.766229045182
107937,10234.620788873217
92742,32519.650019557208
91138,16593.458085281873
100134,7759.148453728094
83718,12979.405100737793
86977,12038.66101562734
102165,10358.6261103516
91372,18610.17079061412
95812,23826.026918049192
98911,48697.715441602886
86966,6471.827526331568
107280,11425.583037469349
89020,11525.345608397753
85167,15652.357765440742
100394,8067.5143905554005
93450,16573.641260954475
86838,9578.330040134711
107563,19596.97442183702
99692,19225.88953461196
103946,8402.153248561719
89586,7954.544539132513
90733,8601.992253077266
91071,19309.347963361026
89142,9356.61470101346
79359,17971.835098344254
94435,19393.40780710169
86980,8955.146992255086
92661,34709.69078539794
84734,15779.803211057648
92829,19679.281318776488
78925,30258.758036111958
88863,9063.768389455676
100507,13090.837891723524
97469,17823.404842919113
106358,12386.58310424123
94446,18692.81667866624
100068,6606.068794395013
80005,22519.432284704537
106548,8919.465155020169
85323,14041.822354144077
92629,47279.17518149249
78057,13769.525768650432
99591,12784.559321867311
85307,16612.910573161298
92660,30274.581637978885
89525,7286.288531703285
90953,28436.196648472316
103312,8855.226729344648
107912,22080.16673330915
93292,19130.651223188604
81638,40221.02442587264
105433,16273.741747398699
94804,34151.74066810514
85666,15884.524074440942
87338,10469.600932327881
98818,24445.760101350006
91960,29031.98906905709
95612,23940.110571292353
93399,14871.435095555313
86492,11368.432918580274
106169,12594.29428049207
106699,13886.89229749598
102175,32764.51947848026
83555,10603.366078925072
80941,21920.036491447445
91366,18448.38365561226
98045,17978.59233655366
86988,18599.477861310133
89139,14352.44084016209
106277,12773.151061301738
76317,11942.179588081162
101300,11525.581954248517
93086,12578.910062125015
76936,18915.34348447355
80711,20349.50180797854
106659,12238.2875828275
78296,8991.169496058055
97527,4784.316619029359
104494,31692.202114396787
77982,28173.673972939203
86456,10452.445756935218
85161,18048.62865725933
100583,10116.99115919711
93063,16226.098362416118
85331,16264.342885778357
101731,13554.386341437446
97389,31737.995205782234
79902,19064.44129272339
89643,8192.086076902959
93175,18494.667879086697
98389,5881.218058132522
91334,14751.442395586435
98514,11156.834922171793
95382,16604.015159145823
77018,12467.533007414753
76437,16434.12663684313
98250,13919.542799731087
77104,21925.7883540851
103059,8585.521152988811
83308,13961.851028532537
95106,18304.605993478235
88684,20206.06118586753
100870,14330.063185889721
103498,14441.438217706444
105342,28929.33123747386
81398,16265.474442592642
91833,31740.366927593914
95311,18900.31962026058
77369,31359.553137381758
86011,7977.822597783102
84952,10572.486907174438
94056,19661.15817138927
104796,12200.101651760751
101571,12263.083626372621
77188,16660.622615720353
94304,17115.122255146704
106008,14638.370503429165
79849,17406.044914188784
106099,25121.08867823465
105086,11505.605744832219
85658,7831.6710563863635
102040,11535.233467812908
84343,10541.064477259402
104882,5661.031987074889
88582,13169.510970895204
90328,18766.881313342165
90536,10031.611409454135
90805,12035.180858739704
106058,30999.640727905447
78871,27508.8431554875
95489,27733.231662762086
76637,16444.05080554023
87818,4818.598340248128
84478,20116.068234964903
108394,18821.404372965575
91676,33767.28606166567
104964,2155.1694522606176
78506,35674.15614745607
92557,25739.12509646079
90715,16477.24126689809
101721,7167.365172358325
80715,24033.0315849454
81705,22310.465103025854
94219,36569.58312434327
85893,16632.871188334033
80550,15265.579965887471
86662,10974.328345783792
85271,20422.633160147616
107075,23289.586201011567
100992,13394.156837469405
97396,6668.37831605193
103943,7802.970107384789
78916,14948.342001097892
94516,21749.782847427505
105411,8710.323067071136
78377,22974.502284244838
103977,13956.434263779267
106716,14692.168204533062
88465,17183.290033602487
77421,13205.470840483826
88866,11786.234404372422
97787,21486.0182838792
85063,10216.251517156275
92555,15885.992757274424
83695,9654.53189715135
81797,14882.842633829865
104241,32052.776778125757
94730,17372.78679063466
105191,14285.989898489026
84112,9036.961827889554
90379,11975.216342849271
88992,9557.854630401464
77423,22661.425549001615
85126,8906.148966634917
78691,41154.89090282533
80320,32899.68153547984
96309,8875.499216387556
92577,15254.547792826164
78891,14383.344616404263
86056,15547.101577068815
82129,13837.739551950976
102436,10360.419864119613
101469,6288.374962631818
95885,30315.602736992056
92879,22088.325667653986
81484,5424.473572224377
95550,26665.084325814132
102726,9819.833015933227
95252,23547.985377582834
90695,11770.867375734
95863,23781.16988317279
108338,21683.404721503117
105327,25122.204936188427
91616,16228.052600743978
83077,7455.5747382604
105582,16442.278104457342
84382,8907.83818334016
99666,17228.641061819362
84818,17098.91586579142
78498,48651.25583647445
78378,46560.39336967301
82799,6125.139976493472
81429,3081.4766356672258
107572,17323.162604180732
91279,27047.246761029215
100475,7260.784806626309
86325,11631.183988798715
76825,29463.431370966366
107657,8814.691141882675
82346,8967.412246158821
86687,8040.551598833998
103471,10293.702483882975
78209,19368.558650289877
95328,13501.316375372078
100363,10288.554365203094
87672,9136.357151715078
98994,9287.883272941339
83549,10162.09474863014
96370,13832.304488108959
87842,14667.828732556483
86297,12423.296070556971
96716,17909.68257119993
97492,20138.338663387516
92786,10005.80434371085
78254,14716.495495871133
79291,23541.384569203394
96050,17931.821190854887
82240,23301.875835914605
107938,11040.633279326683
85258,10426.98315132817
92512,22089.75236059596
79919,27725.748632377512
101410,6167.799157684395
88700,16918.093985918837
91847,62115.3003456019
101835,7888.565187150842
99878,12302.271106692639
96318,8853.701561080085
96245,15734.964098989545
96194,20548.889230254015
97973,8485.432643557308
76985,23735.426737768088
100002,12984.59444182103
91364,22518.146169660813
106980,7175.389169548052
76285,19851.40666908706
101396,15836.572595467922
83368,8344.32084145014
92820,15067.401849725486
92264,19640.036119595115
84052,7579.850672199427
83928,10232.075802713221
105324,20752.652657999213
98502,5692.027557197051
94457,13215.946193078402
79073,21540.638613646555
92738,20289.53013029134
91008,30963.98532759467
76447,31680.201497809696
81627,18952.898370440384
97016,11270.822739696774
83182,8622.40515961084
95791,34503.33317995739
87449,21356.654370962136
90013,23243.46337583882
107223,19045.29061198479
96785,17794.301200374448
81473,22977.83879824568
85403,16045.41435221085
106473,11195.798164415202
81568,19925.64329097765
76748,14369.112981870727
77020,19220.312383987282
93210,31055.320068993584
103955,8294.270118065682
86509,14864.891071576878
78291,18917.627598082883
88895,10079.756906280516
98026,9597.179051837327
108410,22048.40688570743
88039,7571.484083533032
91193,89281.22794416403
88087,3078.6303590453786
88708,15839.846198622481
98485,9599.365492842417
89847,14565.999574047004
81318,50824.85468381773
103971,11259.782607393094
85649,8145.591303950049
96137,12443.780488245256
81112,23048.26829492643
87825,18649.75154900602
103890,12844.686670963401
92845,65370.340807898116
95649,26600.70574776657
79000,9278.045753887334
91668,10213.946620076977
94544,32171.698538554232
107024,19640.935723043163
79725,12857.785582586455
107343,21474.58331196842
107612,16846.084866722103
76647,9398.447291909572
100922,6859.459102881593
88583,9474.467450106697
90425,15758.592201305704
86258,8736.74646791267
81973,17243.92050263664
85370,16232.796634675879
107854,10963.72426512385
78195,12242.434544242711
82124,34823.86742302605
79050,16086.154175086236
78880,30463.35704667526
88596,16424.705220184347
89033,10146.71952663049
78792,7332.391743138992
98664,21371.305518493304
78544,10792.599914057484
89184,11167.314328245884
83109,8162.8636404189765
101759,14940.927447972306
87164,17288.639834753994
104156,10179.878073007767
107607,27254.62402861051
99705,7607.893494892644
79398,19796.85414408935
98401,8146.960927667365
91911,25804.990348130657
88175,8363.255462292867
77275,21248.66877311312
88946,12443.968213423568
98293,8689.067853534574
95991,19522.410983031703
82196,13558.300967327517
78514,37487.338536752424
102853,13604.79813868866
93984,20905.612919779476
104689,28632.931994092833
98534,9801.074546534019
98744,13674.40506495214
100456,7418.514462379942
83468,12103.005537185109
104432,22900.36022656228
86752,18748.41098430958
89762,6825.605924862292
82788,19262.14349256941
105604,12346.03875241891
105490,11577.011351175724
79447,16586.00337112533
107405,19508.85156027435
102782,11397.628374327669
82786,9741.823319115205
100557,15158.245854509649
77711,19318.463138794064
104935,6564.340285950475
90750,13014.652066215562
94396,27868.677796948996
99628,14550.900901278896
87360,8814.199377527684
103238,9956.305277396355
84883,7458.513926908118
91450,26241.212124945767
96221,7978.4876535438
82400,24920.89684150635
91940,10500.161517497054
101320,10123.663149655356
88653,7361.1347509025445
79446,8727.15033956274
92672,26133.19325054786
85552,16426.959433276632
89858,11890.752238394523
96610,11302.965750860687
90447,6715.800306688842
90357,13641.559966520095
83266,12377.751991015755
106259,34519.48115074498
84489,11962.662948349764
87875,12617.852001259762
78430,32145.13784303846
77249,15368.021745354805
84094,8796.658830386184
102218,14475.741761952115
97151,18124.844032417368
102064,9079.130917871273
97655,15677.27690700977
97387,8984.050201286549
97118,13121.360132600485
101804,11712.92971208588
81888,21329.362404523414
77455,26170.791639891442
99638,13182.894563902473
76845,12870.91630513575
85493,6868.714888617036
99781,4452.448060797629
79322,30465.398126872475
96766,19281.135904482744
80513,47898.1385634501
83907,18936.225790109536
93217,17797.800659085093
77426,11081.055428824513
105044,9509.02462256819
86573,10262.528304472327
95251,31631.38854802804
86098,4991.974573771109
93674,29816.991752780814
104392,9819.80988834109
82340,33689.74498223496
85899,20190.015375788746
85579,5484.750426999414
86725,12483.918774467553
104810,38775.436895296494
94570,15652.620629627958
89607,8849.286273339932
108478,16102.890875134835
91464,23878.85433809639
77613,21584.71718657681
83067,8662.809611200013
104585,23095.014009445087
94473,21776.3170326971
98756,9910.54103367075
81199,21648.81712370159
83741,15991.902958352512
84972,12228.458542876264
87486,13920.098516347936
92290,22939.758529496587
97049,6995.034730443866
81960,29031.44953469064
85765,15989.44578827383
81319,22035.975929244887
84335,10884.4616846149
98897,7759.038200475483
83649,11508.721138939758
89567,2859.8637486406437
101958,10263.570239401146
108211,19001.611823393156
88326,13426.03351081015
106424,18345.827557063538
90848,9801.90014675724
104944,24157.267630129576
81300,35983.550556531874
76804,118208.91964932172
93569,17964.16657693361
76839,18111.3516396087
92611,31356.526029498556
76006,22437.225321251855
86953,9765.288437723828
107767,17336.757009796107
87949,12852.46273549878
95782,27001.134966311456
94414,31177.03086247052
98483,24085.754297202864
95988,13777.356156530408
98640,9341.596202043413
102899,4540.577486652989
79367,55449.635748428445
88430,15280.019635554896
79428,24411.64268117626
76247,31689.81596182989
90955,23286.2677503803
100711,6264.405597381586
83720,18376.93654889873
93618,23152.256197758797
94754,18186.857338244004
78740,30215.866379905612
106522,23247.981525564785
90165,8136.688655390211
99615,6041.608682439908
88112,10378.518764072594
90759,23213.333727950925
91835,13333.189168405994
91563,28228.340826180443
92736,35236.43866417007
96939,20337.136409179842
100301,8855.091511204582
80143,20248.903264845478
108141,9952.540629639032
99743,6495.606383946317
98627,18154.681762106462
86233,11911.50461514195
104568,16166.109313942121
96489,8394.83060999925
79018,12673.799994799974
92173,25580.78011648108
81198,13146.470469496391
102450,11367.116554817083
105038,19558.840331766027
93284,21577.72758339275
85848,11938.354153781504
89587,11080.354384482362
91457,9322.926942513133
88804,8657.572259827044
97228,11388.47647068877
105841,25096.341055184326
107331,16954.130708356344
81008,13452.961066193651
81853,24629.997005281184
103283,10869.035683296637
79036,17115.25673658284
90376,15352.979869792689
97271,6413.259825184787
82967,12461.745261611677
83663,5789.978193385244
81640,22223.712517684442
99076,25042.223687179743
107790,17180.771242066436
96460,7367.728348750873
88286,15896.157765184093
86545,11310.850137116753
97634,12925.643667152253
94452,15671.053746854994
94409,21611.228991355747
104877,10183.770818767947
102952,11167.388665511658
91502,15789.638174470429
105695,7366.354047774025
78608,10684.47627448259
77384,36129.13048400502
82188,22724.27049063495
81054,16523.665851484708
92709,21974.610999051816
98260,9719.378067774238
78996,17823.735581945668
103868,7148.586615792317
81809,28108.845404487125
84251,10294.366440617834
103762,7102.443391024496
101479,10962.161683313063
90533,11290.59594011378
84636,8426.952913559666
103208,6263.170053165912
90274,8816.7950572013
87517,15040.764292039188
79671,33447.25405498145
81486,29596.09877794258
89338,24443.44694368782
76912,12251.434005073517
89675,9041.409268511896
101294,8481.871039719384
98316,9025.527628129657
82457,15618.743489100074
78558,17432.461498571356
107933,11237.697386883632
87555,17556.54177115064
80873,14993.278778083126
94717,22922.61522623478
78922,19593.938580870916
87376,10904.898179590455
79203,25384.806536310203
83801,12918.722027699907
80314,20154.47182122027
96011,9080.687025746696
106585,22455.259554377397
94122,24079.99095031686
101723,14639.45968322606
95561,19408.503993283197
82751,15923.343521458297
107424,21942.38731280772
108316,26506.923715881952
79229,7812.786074042589
104835,3873.217285147637
106289,10872.555112582599
89876,10696.703909112008
96917,9941.005607591609
85982,17788.562647482344
105023,16311.568092183634
76749,30962.910710236098
76453,26811.84178100605
98954,8727.890512030921
101783,11332.381610303373
96734,6496.205011717629
76884,16062.15211173441
84277,12598.600219286907
104756,10401.349750639929
89268,19374.53980265314
78955,21662.72957783665
99279,8830.392281096052
77361,25921.90167225174
97823,18860.44843391556
84313,10374.091375168968
80520,23319.431826506265
105472,28179.895679097874
77671,5995.843249763031
93098,26292.41269139371
86559,17219.336970958066
86582,12694.272760768003
79414,10975.80674830139
97179,14839.479301741114
94617,23058.53682146831
85780,5515.850572079229
90904,32984.760190426794
103178,8526.295128897063
105752,17204.76838159763
82636,2633.8614131725535
81069,16683.634598804103
76784,3636.1483351528736
105061,40229.72252091821
100732,8062.792620116032
106562,10039.039213419263
102833,8044.92415753107
79029,15201.22568144015
91944,22040.46530855721
99849,6676.859005822781
85213,19066.42401938156
92653,18075.092564997893
90824,8700.110046930096
102752,13311.338571801061
106732,19586.62470545375
77076,11368.610392706072
101825,16943.05394424415
78920,30674.407430035157
107404,16310.378628370292
80053,9199.977415294088
108062,10003.797422001531
88256,15985.76215669487
93809,30284.141889462975
97342,11521.129545777041
101308,5917.355924968996
94366,22641.015173867185
88228,9867.817370435852
91471,23597.160867769726
92294,14050.65517951831
92018,25198.208021659226
77448,36375.14434453373
91091,13205.775082945567
90892,10442.185215666583
93754,32581.73576625317
103644,10371.871127192531
101170,4929.858227595778
87238,15542.885141401774
103651,18892.24615535538
108015,18403.10794322345
96704,8806.604412704119
87938,11524.935516872083
82456,11087.354005323172
94735,31960.838988776086
79831,20088.845149767585
99435,17177.380214057193
77407,20201.557679189988
105163,14144.78225062307
90450,21448.291817232872
101144,7974.557065164857
85101,10503.132506508624
102152,10068.75988171636
96445,26119.4293689076
93062,47934.889815639
100172,8629.815046381531
91519,22224.776088111747
77563,80086.01593629306
106245,14262.426830295306
78606,34487.28279108489
94171,16714.71915026408
82263,10805.031660006625
104528,7323.43619525585
90918,27619.94994447425
85512,11779.6807675016
88317,10657.880514331868
77807,9906.046565276692
96992,11189.95717224365
93802,23424.23326681147
108022,23232.944840192253
97029,12877.60724553963
92027,42076.97053015065
88331,10447.194882045413
81387,13330.308992266346
78465,9300.130158613158
104119,11953.036836785517
86438,9009.624887405207
78315,12726.24792643413
102212,14251.292748982865
83625,15664.459220499157
99983,7409.566776455772
93838,19453.04027460495
86485,15158.54014012389
99164,15250.183105648859
100640,15463.66784372186
91693,26796.27602277905
90195,6951.863669371293
85076,9831.568189642583
83090,8299.265995341746
84161,10356.917379341816
85985,16885.380864381863
84759,9542.678836526049
105838,7218.795193439655
94748,19380.503736921048
108188,13875.64425542108
94465,17463.386940337492
81856,13338.67372371336
102715,11204.598858580142
106448,18027.128642233307
103923,4868.708004092544
79482,28633.680256151154
86062,10608.753788047532
95217,21333.094469298332
95712,46612.939233755445
98498,7490.900818484731
79175,16092.501293317659
82244,18179.02966529188
91792,29781.752672547424
81626,12576.067947461934
83185,16850.725980162537
83134,12442.356193962047
97667,10740.817162769597
90780,15811.902669230509
79383,29612.103479310164
78440,33295.22573784493
93657,19260.603776742148
98771,21527.084209190623
103569,15549.762786532725
84696,28452.1135956553
104235,24296.367523435223
89916,15018.867254310015
108238,9625.924599020203
97737,20004.3990315755
95184,40335.16182208939
77985,25715.07091034787
100680,14527.539468956697
105919,33223.357537543656
102177,11474.227113857905
99133,7087.871559315161
85097,8876.36364755364
102464,7189.067825981606
83036,7406.910856908177
82142,22010.23721242768
92118,9221.923262306425
79734,13156.860712115067
107861,19035.485896194445
98253,10543.564719729864
103183,8059.851474095579
98112,10763.626837149726
82339,21619.346024463943
84875,17004.957728485355
99774,24750.128550404053
101808,5438.473422600583
88731,11063.187614569379
84055,6348.796355462262
87777,7316.228498042808
93362,14956.38130328835
96195,8172.207529808353
87650,9135.213907201338
105329,7465.350804565951
84167,11800.900925524782
79667,17958.13743186995
85111,15958.212202508314
79561,19986.087892754764
81753,27800.24560269439
99584,12699.17462898734
107389,5882.6253808924575
77634,58391.05753467556
97353,10316.481449408573
88362,7746.41317718706
78923,28889.59743516549
78687,28152.98013528267
79611,12769.892590512281
97264,9324.31873468764
104372,7166.761037463998
88340,9673.353561146452
81409,13158.050026735931
102716,10351.541588031227
100489,8196.490201810591
86616,9125.111238781366
96450,8914.23600595163
103898,11553.737320059123
78965,12997.494711159601
77910,14581.66352497932
85534,10021.204922394585
81814,20015.998818948578
88537,14650.239239492612
97930,6480.793566243352
98346,9820.513572757054
96397,17505.34040671592
106812,37583.28384502507
88599,14979.307030763428
102760,11047.951148624279
94884,27441.625871094893
77319,33637.633636156126
77255,9767.358278197382
79483,16433.343540908445
93869,16448.350943987854
78283,31138.37155851244
79491,15684.307171912873
79679,17649.37081122507
104817,8901.036718272553
81355,49637.67843661778
102513,15824.15327790593
102311,7788.443453394174
94639,31029.36511879633
92057,26929.92822172796
108057,9675.640172911977
78415,26642.27094031645
91755,16945.81415273005
94507,15111.56887209556
77368,26019.265811280144
88838,13825.991695796984
86482,11750.773189661668
103032,10059.804266987223
101482,10586.332561349207
95744,22218.395631861073
76424,2995.445918922161
98537,17997.669997082776
100039,10159.437184478189
76025,18595.834882876872
82426,6694.372195889289
88387,10183.34482378402
100785,15940.937106863998
84030,10449.195624821083
107046,13044.39953979035
80159,10492.738274965892
81743,32950.39558402622
85348,10564.252136846337
79901,28060.59470863894
108373,19705.468502446893
79436,14623.674490776753
83626,11788.69677804516
84211,11047.387868841864
107879,8812.85904081317
107245,13180.186331630863
102868,10587.194056120008
98034,14360.194312879397
101634,10384.19080575256
78902,20455.576060574298
104908,24573.0440400174
108265,10001.211876845693
89613,15808.044654245627
100852,6489.831710478926
101045,12498.764132313701
98194,11067.293047103598
87876,9723.17373270554
88436,7489.095921420396
103563,13118.932119647516
92679,11975.853340399794
97639,13302.628301884215
101310,8927.014764268268
107398,25424.462555857222
98740,6756.362950928466
103081,10901.08533152273
93701,36130.287423327114
88341,9692.060631359116
91276,19312.23165510147
78877,14956.643799953905
100579,2262.2105953862615
76474,21378.781251601253
100963,10741.447830437539
98672,5624.160916805513
94737,18226.953715100724
106382,8229.791845905134
90771,24698.438363844907
82118,20825.22852679163
104839,29187.75851297615
88881,6260.6740523990175
91400,32254.031385856848
89615,5299.7554908441725
95916,35265.43005721394
99952,9492.357506494642
95605,18972.981255569255
108251,12169.252972641614
88507,10941.90940371422
97142,21263.290756926093
97129,12687.231747054293
106320,6764.845349816465
104569,4402.846350901769
86018,17055.80845921933
98054,8468.933729946159
85925,17809.698495502867
82859,9826.47958847762
107329,22884.078070482443
90943,30223.93606084668
83393,7589.854304057195
108091,11096.006740739533
81571,17509.648261116192
102704,9083.168988557372
89511,7884.087047871537
86361,17141.425755010823
86449,10659.68476096913
91048,30836.96249030739
88932,10417.90439088794
97096,12519.606810964073
92493,27226.88010912745
106005,31157.48357155144
92101,20860.472237885115
85618,12744.295176882333
92275,11299.351204757368
104354,7811.944799768535
100165,7342.113485824769
102137,11552.472682626043
92251,12623.079887651265
102299,14423.981628082724
93358,25304.944836302526
91807,40934.14722070592
108402,15078.11065262063
77155,24882.031611034374
79195,26283.552683112386
96974,8901.64952094228
105848,9406.053033933276
105425,10133.521524330963
103620,12626.812982025805
79238,30399.006314078604
82292,20097.335944032842
84451,4193.997395761173
93942,25134.14682358138
104577,9213.864200257105
105690,25169.22690244526
93421,12906.469948432392
94411,20123.774552900788
103746,5905.2101918167045
104927,11906.110520215678
105798,11341.314387564385
88601,8394.426761293384
87898,8647.97643465512
87580,11917.807310704393
106294,28629.349743325412
83194,11622.586110501754
76073,18454.760011913055
98161,8088.8105471474755
99152,9509.630867831724
78180,12212.889566960319
102662,7751.132475455933
98915,12284.074280625486
103302,11696.946031004285
107764,10968.508858634728
79227,22556.703306644158
96799,12198.35361817498
106081,17348.332868477628
107508,22771.340603333763
97995,13054.357543462122
97586,20078.003084638494
87104,27078.26482851607
92790,44578.92946850711
101900,12583.245398648734
107104,13377.1800158875
93384,25695.81474065028
100649,7194.647209620653
94525,24886.002818825316
103004,11938.89725076467
81477,59262.07385788154
94774,14984.863944575145
86403,16424.705220184347
95958,8670.565937631318
85977,16106.168040912878
106000,25827.859765651086
80189,38292.61766667187
105330,19806.249142078927
98119,13375.648843965317
108242,16299.347582953022
86122,9678.968730993107
90847,15869.026764125229
78649,17782.024028589247
78043,30436.970899310978
83454,16202.287436091008
98842,9821.792721292019
80378,31745.685312099075
100525,10920.69030172071
101979,8894.957535557205
93192,30285.35071784602
96062,12411.788412916634
96319,9867.443844221434
81121,50941.273084372
96527,15603.662740940701
76762,57612.52293693696
89658,9758.926240756893
97136,10397.32378324082
91941,23373.741936288858
107113,9483.34612887014
86846,8836.119051002968
102674,12551.648060711772
85905,19354.202020027456
78034,10546.591568207285
96919,8824.335853337167
81474,25813.52458090589
92121,12894.065296505967
108308,23415.176702568813
105113,13975.99373636394
77939,35715.41953075559
76253,23783.37887900984
86272,9180.524515289593
103786,10869.035683296637
77663,24314.92067922864
90143,11857.98330371807
83487,15686.423304248237
99629,7446.85925738807
78016,55396.71539582994
97062,15157.502522747302
87499,17690.038482068852
104580,5415.9179781022385
92086,19566.410491648054
81704,25123.173748471334
85458,18234.59595122885
94697,24981.319302683172
95730,21967.45810474793
95533,27396.397085450077
76852,11995.050607788722
83813,16822.65437473656
91465,27841.142224735155
98380,10709.150989585287
86923,16046.739580703561
81159,35646.123063043255
99462,9704.046648208792
86553,9116.641682800038
96547,10130.43326298666
77542,10922.363767456438
91704,28191.836944367577
103567,14825.517570924958
98508,10215.51518661034
94989,11353.104143045093
96305,14538.186200338703
103772,17861.355733745306
89923,10772.093648505883
84616,16583.903531475014
99970,8899.3644118889
100286,7356.95637013072
95785,23034.288338674112
77239,8736.00367761286
103828,8076.814775607893
86204,19389.914807940717
96855,11450.506364814146
90132,9156.433521385123
83949,4774.949132334288
97042,9401.790320644484
81439,4568.859725089261
78200,30605.571352366955
96583,17190.23133459691
77935,16684.742559484977
91759,16293.36339698139
104912,18356.629354493016
95613,15860.468615970525
105447,9482.83781081153
89828,11095.875343988506
97297,26204.890516687577
107599,17289.789607603685
103109,7248.041578339165
76094,13835.97061786974
104324,17051.501378415942
82877,16032.014024323636
88953,14336.452148085304
106644,18044.258303713777
100086,6602.788396425962
103949,10893.499413870064
87447,15012.876531735312
103384,10828.115733507235
108506,17355.71458705711
82045,16263.889692206732
86346,14415.037238875702
92643,43959.373839933076
106532,12655.979748253352
100209,15625.48210747885
78371,18558.929907969396
79815,17758.86229192397
99946,7425.69077853868
85965,9078.998068234625
79558,24264.00536684077
108318,18465.382849026533
100907,6337.143457895763
85301,8230.008416977664
86214,4275.092634445451
76307,13058.021594953369
89487,9240.0858617701
90272,18706.769387459033
92470,20568.970561254537
89056,17863.773571363145
108376,12714.968552312452
90393,16961.312485069473
90202,7480.237259940516
95164,17640.797605438813
80501,20074.39257599095
80614,27255.574947213856
86354,10573.541418777046
103851,7673.573737135315
91517,3557.0987175389305
80179,35183.41319117642
97710,15676.379601015991
94083,28936.262838816532
83733,7929.175726931676
105032,17599.265157790316
91064,25503.727096631108
94799,26933.317070547913
105548,16864.261120726846
94248,46071.998202947936
91984,26592.918577974935
105390,11358.897309866536
84137,6852.477188871546
84643,8753.845886391699
94173,29357.42685231627
89789,14293.695082694105
99329,7542.198413058161
107125,10727.593096662407
81011,12700.189617561427
92062,56272.13597681956
76630,23039.069773439645
89022,8637.614017478942
91463,28768.025012028444
101563,15907.287775998868
104307,28935.361899239524
95572,19378.68513036864
91019,15218.625564759976
76966,19466.49879614816
76916,30616.67392926295
82319,25060.77611799855
93863,21346.666179244563
96798,29908.832505713806
87072,17401.88097617969
92771,16513.484691710848
105915,8233.276728689289
106830,12779.130365952386
88798,19775.570495849537
81750,11890.299587919055
90415,10867.50077409382
91110,27412.2047130246
82187,29659.45945905813
102386,12766.503441646848
103517,7010.001148968994
86270,25174.019423678652
83526,13072.24710329016
83728,14693.688759695362
76878,9341.359544116896
99712,13467.014408322115
92556,9323.808018443206
89879,6789.262910012362
85276,6840.341329020551
85272,13492.128588524134
82645,10507.412963922277
81445,14866.59547066408
97841,14398.39576871512
97088,16481.998571891996
87735,10046.61173927039
100748,16061.978340349599
94315,24900.08015919384
105218,24010.388991057865
79295,22721.237032049303
85482,11265.272532308485
105112,10912.281654395998
98458,12095.851410455678
98177,8193.654591056935
92392,21777.560225758258
106885,8669.103032196297
94239,26083.89187744769
98355,5815.777310934203
81111,21617.831847965033
101464,11730.588863423509
92070,25563.49599345897
98707,24464.718315239432
91095,19336.02518613705
84486,11693.94565636179
82898,15974.400932453722
108233,9859.358012210016
80001,28481.477665407438
83538,13912.187458551247
88563,7666.407548775815
98871,9480.498016765563
80645,52983.989160700025
82054,18580.01263357662
86397,9930.786651722176
97865,14248.82647794102
81700,25077.98105784385
100417,9096.961127243421
91017,19180.358066124158
95218,23914.160271340454
105519,10385.764278888222
98097,9354.327520375564
89232,9992.53825279923
104997,12910.16293835264
94952,53922.282877465164
87017,13025.14573735529
94876,33982.48249027716
87741,15736.475850569299
82776,10498.656020314387
106221,20411.722547083034
100602,12634.02736839813
105337,12548.997988858047
94476,22062.581488228632
82899,11067.42259989936
79145,35414.0317337981
90481,17130.724075295508
92396,32867.70850723895
94605,25836.112915915368
101668,8333.49902505905
79742,9865.024000825726
84465,13114.315014896014
86828,10751.41667397316
84944,14726.367405190738
93680,32568.78740088952
85778,6996.435121671917
82841,10581.72022455707
96597,30218.80484271208
106852,10536.159463533735
88003,14568.472921190145
90461,9031.42874458064
91184,13221.730087979086
88055,15476.016609294964
99180,11003.143757284295
87766,15520.825794378132
86691,13969.982780086102
107751,39574.6394748212
94882,31683.280000309947
78637,27355.82891066806
100601,10567.058278255861
106271,8473.922758575125
94355,25638.720643191198
103261,9534.868398324665
84449,4420.0900669838475
79799,23594.590563167323
78481,12263.479971451858
76569,30401.768044672317
90516,19903.75138475683
91054,31102.194275327158
97435,8483.533917865325
91203,16149.019894681413
86130,4014.8700024886266
93768,28594.342471731597
95494,28755.611704921317
94319,36600.57796520004
83638,13800.693751139095
82289,36389.44533530915
107990,14989.575187176091
76261,13102.48609500188
103466,13909.161118578026
91403,22092.73316124584
106025,14374.918772687111
79465,25109.938295780055
102871,15158.221550300314
108446,12336.283180779492
107305,21863.281349999306
80190,27802.37389517302
81649,9265.199197476577
104611,13110.213650743563
79821,21428.251493926306
106756,9520.198650238006
94209,30628.707381911747
81524,21154.16864731781
102947,11291.847823866074
87868,11363.71105243319
95933,19995.030311053004
86850,8428.768356407618
108381,13744.501889837367
88771,6277.320424942733
83105,11561.206944209223
93264,41974.52009525484
93240,25660.197350876708
94060,30690.417869187044
95003,10504.318887551719
105812,20923.81265674514
76675,27336.750753347427
91421,16010.98544337175
102047,10471.625536877313
76316,17018.245403501845
108385,44838.65637920408
80043,21297.328489766303
80122,12099.53777899327
76885,11422.927287744065
100765,12496.409899563218
90748,6965.91877777478
90799,14992.161245130992
98792,12327.346886033854
90085,6651.750370827547
96967,13165.181465948646
77008,25663.091950218633
100132,13173.333397765226
90720,16419.812705771197
105966,13359.293825878663
75981,14858.91110176509
83312,14419.180061721283
106478,14909.130515813931
107800,14072.916253898531
103769,10818.731199633234
91814,19044.08451523706
92683,25430.3513604833
93319,26811.319660329165
90670,16921.38952542869
105982,18478.097610466557
96565,11218.348728739493
89299,20244.969940610656
87406,9843.312268098158
93260,42775.32179703232
101201,15792.975888744533
85414,15983.02720783214
87273,9420.212292272203
77653,17030.17964580853
94848,24694.12892232886
81983,10923.452823072646
98927,9168.221210866437
105078,15999.474454279634
102825,8335.78211729619
91211,18532.84260701491
83862,9099.30943653513
76624,12502.782356080332
96502,7594.515848125459
93149,31743.4531577794
105761,17252.601522712685
81327,10950.876351701409
76688,14706.065080851347
99302,7564.770107900144
89052,34566.83650744658
106892,20414.695624205433
97157,14041.01296740667
87715,13707.109368441168
104669,19976.951115762615
108522,19619.451666721387
104725,28209.414423890496
86473,12072.758048882692
107402,24916.262212925976
99376,22099.878717384818
105473,10095.479438819364
101761,15776.11798690739
100229,6019.686013219982
104122,5372.908239818431
103433,10516.315694717096
95259,27425.7547007963
76691,11079.326949325927
81526,20564.494891382223
90817,15311.268222191205
106577,26676.63832104558
105900,14265.757019813109
86342,15778.383103121781
100902,11879.176940642526
84715,9417.450322116583
90605,13751.754851540545
80255,10914.286141019114
84484,5615.504573565906
82894,7184.926642705613
86148,8767.902534328496
100981,6103.664727775037
104559,32337.553243848186
96603,8834.020638753876
79461,12569.626079191126
83864,7111.332878892817
99364,12574.491929780663
98182,2415.6050940003597
85145,19341.44339872959
102591,10806.826122625638
91416,31867.357372443286
89032,16744.309122392766
98530,8678.670573443154
98214,10782.155779634908
87931,8580.895070350442
90835,18970.895614794983
82398,26643.125418397638
104749,8426.732775136501
90735,12967.27661721406
105444,18628.06266316052
90324,14427.319509280147
102500,14552.716056673113
106702,6545.842953641183
90727,7564.729670676217
97427,17622.34076609366
99844,9153.512953007574
94541,50867.84767475234
84483,16473.70950762639
100773,9646.025440371799
97910,7115.971858928183
97461,14020.024184779797
104846,8527.738368548315
83951,15486.203397220477
90276,11466.931364641703
85508,14043.686502513718
90153,9808.126564483026
89830,21598.10100884256
89708,17722.73877377871
98504,22578.09436657528
80397,28771.94272168427
76172,43026.04663238173
85446,10773.867618295546
96732,11705.554896981846
90781,7755.836008962715
86208,7772.04484895403
87814,10002.112744906788
90938,30633.052955959763
91231,25155.13564300959
80979,19034.38487292593
85098,16003.19178269421
82160,51495.05488564463
82809,20165.279275589917
86468,16973.16580245318
104758,6136.167238801344
79772,30967.686316701496
94343,19915.452746373954
91304,29461.114025826177
88751,12609.933096345225
108437,31952.89070627566
94059,30167.08161753054
101856,7717.924391025497
76319,17424.22585249847
77918,30414.22898260039
81976,30061.36065116158
108377,21967.591702914233
95984,31680.17055703904
102208,10374.251308231362
84420,18458.361326935035
103716,14813.471036163091
106428,12640.181064237491
94602,16076.217044251942
101119,6645.799732795453
77387,15133.667362834793
107227,13926.974143375675
86164,12995.278737954714
85096,13687.284061721366
108198,6429.189893801299
86401,9112.429799739244
86386,9854.206840106071
82726,13873.805186670099
91977,34017.783700734515
87805,20258.7022777287
92810,57073.06669458881
92387,32561.44054123528
76117,14694.71987996046
103862,12058.46341930882
86962,16064.293801763139
77023,52951.43758079481
102863,11542.394917689284
85375,8928.329294977282
84363,16742.106484928023
77485,16308.43473835924
99266,9504.634411467194
100253,10443.062967508784
79037,15660.99161211321
92228,33716.90322849151
84144,15107.134599174848
96577,9544.90463499296
81837,13339.168092102123
77791,19860.859476683836
80717,17785.14656942204
88865,11795.795930494765
103611,13533.502403378858
96150,25999.36339007748
98071,21037.862981411992
90964,15994.762326749571
108523,26304.400021743917
89431,12143.75004709348
107595,24160.42707076513
94778,25338.305245358657
91385,17786.05612977813
99288,20263.986081738138
82885,16283.140419666715
100437,10715.638044529365
88938,16564.515135449998
98801,15249.969897186216
107023,7466.288881688817
88675,19619.596896893378
90159,13674.65035651328
85804,10776.628717922913
80088,31974.24592503138
94929,29798.35820005484
100421,10374.251308231362
90603,9156.81525059311
101899,10841.6891726927
83201,15931.466126687566
96023,9772.853649704644
102019,10567.058278255861
106863,14693.584288094846
108263,26361.233077890003
100605,8465.595350957185
100998,8285.328387637546
105544,22065.857972693313
104343,8633.537426498577
89692,6528.86241698058
106309,9672.166880304187
86065,7096.0462768485295
86436,9758.65091938001
103991,7733.940167847557
92712,33528.59983191402
89709,13503.02699488388
95415,24662.131463858816
84959,18884.962848231575
89069,15346.202368972625
85580,16276.000422896848
100728,10786.121629721636
80638,36367.50422428295
105713,6974.906692706074
98494,9993.125438830903
94819,29771.533269110198
83800,7040.309632287086
91085,16925.382001763413
102276,11034.517648517656
96111,13086.028736380431
90891,24946.978303255506
80010,10699.792285400652
99501,8755.987452109033
105431,13423.250746514183
82161,9342.98031048684
97426,9107.727227010992
100242,15747.183441501056
102470,12271.199614823896
94769,60927.36419189547
83472,11514.017776828403
81138,30223.041452408303
82719,16180.66443909098
97305,12423.19012118276
77744,12582.09240074979
83536,13126.66066487567
85355,9465.784930968297
84273,11770.2524886956
100061,10416.683003470383
78109,30113.482698906948
86119,16569.42190894332
100274,9565.02011202533
90390,15176.189021874143
93338,36311.78616135768
97460,9234.782108969668
87833,12844.82509154927
107064,20846.977611454524
80942,9974.706987722799
87473,10861.52652628553
105869,13295.538608357474
91776,26904.015973920814
85853,15736.147191176296
94909,23301.32871062882
82407,15596.17411844481
97633,11520.01783442712
80176,22386.666926194775
88572,6067.981908538368
97971,47934.83209516451
88633,16713.52811478299
76234,20253.985983912684
98579,7939.309322072146
90034,15185.2119619765
80857,26980.158244619553
85633,10509.753054066416
97760,17971.388235834882
88831,10353.310643738383
101303,7849.635664167473
104373,11165.191284282979
83512,8361.078328024763
102692,11782.255897470197
87092,7439.4755046477685
104305,20425.670269826835
95344,22648.325532100855
76629,26062.514940379082
83699,9450.332202647589
99290,8175.461913886558
93528,32946.54993451805
107251,7604.796809660745
103980,12599.606092507924
94469,27435.781686533188
96448,12371.778942806786
93511,21598.004437387597
101249,18432.649356325946
90543,16724.1351732551
94928,21219.757950091247
102623,14110.300536530385
79505,13445.618347414393
90175,16769.552373197665
77417,17500.835972182504
80974,24934.270862813875
78874,13430.948695077414
103376,5921.2760414899385
106490,26951.22247143573
103267,6205.519445959772
92434,33325.341386192915
94016,41262.6711173855
107217,20039.671780457888
100783,5740.908817582977
104306,10144.236823292267
107691,41898.481401947705
79101,23606.124101081652
79607,14940.672982298134
96910,13817.701723591294
104648,16589.065597395547
97752,6563.97665307716
91917,19387.970379956318
78307,30752.730560533957
77462,10721.717123113158
92958,84580.30543554385
92148,46151.984304851474
93317,26791.358856606676
77824,21466.86120786211
81043,18139.719036699626
77339,13193.220202081973
95942,23122.951539571233
106865,18062.20076538629
100781,14527.203055034528
82907,8190.3875561711875
98541,28835.1151526597
99032,8801.376500536144
94935,20676.018742690005
88567,14665.444734059856
103765,10070.972378384762
82436,10996.198891234557
87940,9396.624818946173
83542,19231.374789809233
80229,31242.093607799805
99988,15177.343682896217
83379,13270.96443216787
100404,12904.399116184648
76340,20103.855658506563
104105,8462.123754727616
107460,21266.40678695236
83058,9454.975444915248
87987,10610.835296055611
105926,6152.9435627360435
92263,22909.014117977007
76100,15544.797803565029
98059,11839.461288578646
97622,18536.487062632732
100124,12172.921490360175
85132,15788.122948575236
90849,9308.433925363168
89461,9727.293702195868
104144,32732.624071733375
76429,37012.729377633485
95660,38312.181767292495
93649,21018.967381276983
86295,17869.971363191817
91313,48224.99512082193
77778,42061.76838243326
76003,13132.229693264371
96131,10853.273244491278
80441,18933.357199832408
107065,24525.55653316225
87237,8844.378577517902
79135,35446.13653352858
79471,14059.328011139673
88444,9769.929042397991
80954,12082.755171728642
87030,16404.407135885853
82803,13148.004689966107
92307,17073.45188794109
103846,10788.27480120897
81505,59497.67031461918
96454,9772.841709233418
92723,23764.7916653388
85406,9714.84920752984
94692,22688.670006064018
96459,10773.018561514831
97045,5315.7183885067725
88125,15386.569026967225
107173,20018.489699123227
86708,11963.478656567597
104799,9529.161065514158
99726,8549.594998864923
83300,9244.00159631799
87117,10105.843049376836
100398,9151.033616249808
82731,15509.958121708209
106322,29218.842842586913
83937,11530.60190870274
76509,28239.119086243354
85158,11439.60695835153
90411,15648.39057881768
79751,19118.074090476493
103864,9166.040862371254
85183,9631.115707940367
83429,9465.292132604858
104401,7265.328290378815
102908,11833.421601176799
82107,19615.46936963848
83546,16409.05780612554
101326,7917.003962025814
83489,15664.062705088172
95464,12872.560238711196
95312,19812.751680642694
76958,12530.451434557777
87284,8298.64125650333
93565,28927.149923026125
91521,28767.187674375386
103751,11826.658646695165
102806,7775.569915158755
83404,15930.847894918059
78539,19667.981155849797
106376,7954.289112716134
84742,19387.520066658395
80991,13747.027911803145
99185,6608.538286836222
81160,27072.798695103465
101309,8308.870574367893
96620,22612.631564345786
85514,8984.992950699221
104504,11027.363445359098
90442,13251.749418948726
78824,17497.851540525622
93907,8632.570766600164
92574,42007.094304099606
87966,9539.917116953915
84013,7698.967933139963
76192,14490.448737982948
101039,10737.054977747377
93377,26599.936490902226
89911,10582.34648418028
82649,8779.964365016203
92244,34930.69504670082
79456,21912.69166422718
84577,9228.89628204456
101829,12611.800761607892
82454,10414.73688803394
90738,8480.039256761576
78614,40168.23649718417
105723,12407.593814115178
92281,7074.399846214831
83361,4952.210080519186
87484,10942.768004966056
94268,30616.89592491125
102791,7080.529772768487
80098,44061.18676260724
91058,16061.567177085293
94029,30012.510203226364
88543,10555.471118645979
81670,21468.101810259162
101579,10127.86528092187
78436,16937.054722183122
106875,12175.977173369069
87655,14150.520537349057
91929,27194.522849428533
91251,22005.82194593579
89471,12756.388008162494
97578,7374.049971378807
82672,12542.600917292331
78444,21993.007760403892
100808,12046.423384641463
88869,10913.08644564577
85357,9803.836742020812
89167,13501.20419957152
106862,26144.667532180298
91281,52440.13730248945
87788,16424.705220184347
95287,17291.65521934828
85680,9040.629286045132
94781,20745.583474755877
84268,13520.18869039647
91867,32941.7068846858
77714,22097.893419952154
103499,10797.590134912436
83996,7599.185317260931
84187,11832.30975278129
94237,24903.02872679459
86917,14830.751227366918
99891,17143.10057317635
100901,9123.17136491527
78556,32838.5018589212
98139,21211.904286470915
83447,17808.34284714254
80732,20510.117212298308
81168,14935.973715429274
101789,5029.9831849460525
96183,15071.460604330143
104888,20024.186241823183
79944,60900.43612461592
84752,9187.200226648034
99274,4407.020472446389
101601,11838.647076265905
100509,13263.119333712875
83579,19029.44016365744
78657,15820.511864554952
97894,7647.081097884169
98305,13787.340813077933
81298,14075.148070960158
98132,13959.670057716368
83681,12705.6132216707
103875,10567.058278255861
96447,21652.173832046523
105060,20841.961151018084
79150,51426.2365563958
105628,22016.268293823145
84027,11299.403831108431
98984,24915.47685834393
103343,9533.95922748688
87304,9698.093704724937
92483,32092.171218815092
78555,17230.93476428896
78697,45189.47576627849
102830,11800.130174258213
105192,18939.288876188777
88749,11299.403831108431
97670,20102.68032352785
89034,7474.933838673007
101691,11288.612069156732
79307,22113.143583161796
92856,15230.06698255922
85540,6888.271081174807
86841,11236.412241702526
78144,21609.942811762267
106175,9118.827723262064
101199,10567.058278255861
106284,13029.072455430192
107920,4951.43515484313
85677,18165.542021677524
80672,26132.733663202576
87751,12943.151778956279
81660,23930.983418827476
104608,13943.694919937549
90356,12509.898496303846
96037,20511.642501670904
85376,8048.500340314249
94596,15072.135774455135
88457,10793.231641473843
92475,14951.520384326077
81195,16506.295778690244
92529,38929.47948482083
96471,13666.16191482776
107840,9619.676364699533
84210,10760.436645027436
103192,14015.345285465353
101468,13847.394071775238
105529,28768.78467105101
97367,10091.940539814887
86100,5231.513866907981
106778,13953.750528782819
81881,24289.75762882653
89597,12644.702132565284
95589,28318.811123393316
78552,49372.35183976039
105240,19380.778524307814
83448,11475.407574871962
83290,9791.155243058634
93867,36726.226497922864
104187,22047.472346136616
90760,16406.816689008047
89599,7439.113767727184
94415,14320.76959575973
105080,6502.1501698073425
100371,13178.49563190259
80360,40981.13952678781
101046,7527.790760080445
76264,16664.650252287443
93041,22209.219076785957
104160,12116.909677030317
78058,50850.914429310404
93770,12483.087085363348
101223,6880.612568117252
101983,7454.934686039313
98730,13399.715742953553
89800,9209.972783343204
88196,12446.870306963316
97641,6062.307807755956
103870,10169.666067209742
84704,5886.324304734862
77526,20640.052669835437
77738,22144.753273353683
90078,3098.1606179105283
94292,27286.075141414454
78838,16726.37961383588
81836,29648.9642844805
80276,26552.428968224383
108312,18668.746182879368
107467,21941.00066144333
79713,18059.187506880487
93468,36370.606231968595
97220,17318.329962065847
98297,9335.834430853545
91141,44739.569425915215
105107,19582.55266480247
89334,12489.691672375879
80077,27915.59272972674
85326,14234.279067019546
88677,16060.773652828379
86517,10602.407963603695
78770,28846.37387195281
82840,17001.33726413703
84256,11417.879391607543
92318,28381.909030145933
92119,18829.78525602399
94970,24397.951178977488
76714,15880.200180477725
89170,12650.309836312828
90548,14353.551496746826
92194,30951.292834387066
78522,25624.410996916813
83527,16930.2871906975
104239,8817.333121011448
98128,25959.4191319791
80712,17388.669907991414
80259,15504.045581325923
78469,32254.055975005413
101923,4694.672280299799
103655,9067.908244052214
101481,9942.764266545411
86550,15779.106669417137
90289,12035.530799189544
86255,11823.248396252331
80411,18418.95833206156
97263,10665.85057120958
91086,7421.920432057614
80675,13529.958625424333
77800,25034.819542154106
76613,31705.28149765422
87002,17180.327467794436
104952,12129.951960278737
94790,40331.68518867484
89888,8710.560991446391
106268,33632.74968455947
76926,13625.127832993987
90503,10469.93312158833
89083,19356.008333785085
92741,11161.543693522908
102911,17437.848079806845
84601,6941.258292524882
84846,9761.599024654739
87884,13913.644532327471
88305,13350.199759876117
85335,11279.232699596374
89396,16751.39450581148
101992,9004.604086913774
90693,14622.056064079023
83262,13498.079068119549
81620,17958.66306741886
88435,14175.15394643346
80013,36758.23577732898
79539,26292.8125714939
85226,15225.33323605046
93522,34102.964288515555
77175,45459.456477249885
104947,10407.82292333682
100869,10157.693541551744
91575,36871.76933552922
105880,33300.009058315416
106564,21031.60446082731
100585,6242.273188304546
107332,10417.181496479685
77295,28515.698260285648
90575,8533.678852967872
102261,7068.246879915921
108080,13963.343623874827
80364,20668.42933706794
92476,10194.853434850194
104078,17742.721228109265
79184,10697.019261759631
107575,10617.996217224849
79281,17468.145299308428
88560,15902.295537294844
84166,14453.130698313344
78054,11434.275534614213
97324,5444.892681057678
85558,13871.557049234125
95710,18257.05536613838
98600,5401.895389298725
89622,15865.163531401417
81838,19792.457823945846
90646,15092.365014476558
88110,5942.2258641973685
104085,12560.25680640264
98242,12664.638506509997
106226,11082.470615740593
87500,8289.227339238016
104807,16252.986246045222
100160,10133.015682951433
105379,6686.259875259325
96754,21705.174586832123
84863,11918.25824783324
100130,10951.506908552201
93462,34521.33531094552
91640,10164.650800074842
95922,36201.03379452242
81137,27024.60663430453
78194,11099.354414021627
87308,11701.417052319035
106775,9264.270299150447
86629,10974.996146570971
87659,17546.75223446363
76404,19850.406469789956
87258,16019.543562592362
100560,12422.759873517976
78660,12471.144927218975
76485,18382.68228897819
99545,20239.5990321677
103074,10499.157665084807
77874,19484.803954508312
97514,11850.654560526436
103308,6759.77695506454
94753,31864.010720681916
80045,20044.32369384239
107089,28358.12270712132
101236,7360.211529095543
103264,15745.275898600295
94387,15556.08622021325
91926,15387.382636696488
99972,12866.39502031538
98651,6920.272357629416
94873,27406.239253890784
80722,9594.012197806209
95907,47618.65693182449
87746,15822.754764246676
90574,11854.38589034385
85387,13010.7806571547
84204,9834.814508076037
80453,18239.93184207026
95244,34412.63817316636
79952,14414.964627163017
105770,11026.424413204137
100419,15378.800403866888
84200,9449.775613841819
88059,10010.804661343931
85615,5806.976675349927
90795,8431.074872647261
97219,9397.42375567919
81380,12425.373444486297
78928,16990.848141302435
85613,19117.589708427164
90529,13256.860544431735
89825,11545.374789268737
107431,9994.569900580625
97707,6167.775737170081
76203,20234.135948052717
107808,17039.830134596516
106497,9570.800226942056
101925,6436.805059232972
95434,20286.37862580953
103718,13732.294603288812
103544,7028.359002126569
78735,19108.210661986694
101803,7048.142495908225
106491,20934.87021591231
85594,10478.911572196836
99930,14196.06606278088
100927,7663.884737147135
76097,18690.245320256457
89406,17876.865714180003
103773,7248.281322535737
107843,10185.496216995341
83507,17408.22123938377
89693,8138.692588261593
101441,11511.251113976394
91438,10355.372966829244
82189,26167.661367849458
94224,29812.718644432618
105046,12985.184020349125
105441,11570.510245786169
97014,5125.802444681477
89955,9582.302791245662
85532,15641.479252184774
99916,13076.781281032816
103336,11165.949480966967
102567,15773.344116939503
77309,12079.17774017546
95074,24950.783572942557
105279,17535.981878313636
77443,40257.380159480104
100797,15745.275898600295
97954,5815.652558305941
104854,9935.777918769943
77615,10679.81157846374
99982,11958.754382114757
91956,18092.359056501493
79467,25119.797289887698
80293,13690.61211922136
78335,13828.631824040887
96252,17826.674952204758
94301,26149.4223346151
97832,14078.407785161075
103557,12658.55535387243
86997,9743.5670472542
78106,11406.767916617668
107176,11834.254609364678
102079,12231.851552892856
87624,17067.64785346058
108178,17453.058207521346
82226,12752.57578084892
85709,14347.771259311448
78061,43898.42852356065
98092,8691.405402410825
77846,16706.080592212442
91751,21551.58986064816
89344,17524.0100895214
78458,26552.430269887573
90444,13699.440327055276
100411,7300.056923103203
76272,18275.155840559622
83891,11065.704655939033
87391,25174.886165489926
83460,8832.961022355003
98018,7996.917980902087
99334,12701.155758992021
97352,13922.269559501445
85704,16635.957896973894
80151,13628.45608744479
83044,10745.080577199114
98476,7878.792204650826
82495,23884.683478179602
100766,8142.387127360478
87429,10827.37160950968
80457,15273.174189057587
97923,12626.809623966816
84002,7746.350941905397
100461,11942.98742122058
101414,14137.979783944082
86834,18144.9530329149
79455,30061.071931056813
89913,7406.785984946918
88592,7032.306244610309
90339,13668.657336330505
94894,32775.65139233887
76725,24075.497862849475
95859,26216.91417548328
92694,13197.012493284885
85619,10232.284434631074
107634,12153.142094915489
101014,7148.5681038092725
91174,27326.03131230686
79521,17692.362359033457
97334,8948.084482665852
80761,12805.308212779917
81867,16141.721113565547
96925,14188.825806195433
89478,8147.094052764496
104606,18964.81530252572
77120,51108.67838552172
94436,16992.024132868835
96562,8834.679922461699
100076,13711.939818815028
100900,10752.511832437409
87706,10806.830599133425
84868,7820.719993048329
77447,9602.323265442448
99633,14572.109247197892
107182,45500.00237428509
103805,6922.095760682455
79968,20791.834784556428
106861,23055.551453431926
81356,28778.92694077155
90962,29511.593295853603
102794,9857.870064207209
102702,14790.089753787972
101649,9657.634018268853
92766,9783.397893912761
95750,9910.71195667064
102296,15746.690124921286
106629,12822.04558467799
98746,11893.738634317635
95417,28912.226848120405
91178,19713.603228427088
103915,7628.97064708304
94148,28209.788606326205
92159,22841.214083124392
89562,9502.45147467675
84575,6402.959903580586
98654,7477.094067894519
96212,21246.884006993605
102653,7632.65915431984
88269,13980.68862019161
79684,31337.236823249576
83922,13472.98234274111
91288,33588.022815983924
97422,12424.602808202717
85223,6125.226910453724
101422,14518.630794597884
80295,17379.76957058523
88778,19776.60671651304
102400,5221.681786242152
106858,16979.606417833234
91510,28358.511344673196
79257,25251.98914817012
106694,33316.58627293776
86646,20357.34965836349
100380,13361.04637823064
79631,44033.31139899003
83337,18203.73782342569
92866,14576.20659181707
93764,21206.43407201239
100701,13189.168490540977
85085,9911.757753498512
102731,5451.7625041276115
107928,21977.75305232602
95668,23464.666728149805
86229,11506.182320921393
102872,10244.710199494752
95063,23756.49184448513
86474,28439.971301105048
80950,47759.89229749453
84432,7923.677496099854
78964,8170.809740997932
86914,16171.562725140773
97272,24089.419024218536
99757,11475.864373979379
92235,18290.805242497114
87764,10619.447148681178
81233,5091.116067242311
91506,36939.71211156709
77920,12827.677179434562
104487,28093.11184063086
102823,13911.205253960381
96590,10819.113845987698
101069,9212.973418658277
82549,10448.548681241613
77585,22425.010087664134
98854,49541.34324711915
82501,12717.739882493324
101386,9892.846905388658
86959,10540.90225078987
105135,21958.82475601747
100304,13579.904216097506
76999,23608.191120571366
93936,15168.987416806534
96755,6184.559769126588
102115,10193.27996857157
81953,10050.790199497767
80238,50440.13772942309
84324,9545.188224201087
105850,12435.032983107893
86327,8186.351305783541
87989,5617.532111940972
93530,43177.80955309939
99610,11091.048895064527
102129,10093.34613015642
100985,10973.913585484193
76008,49535.25490193887
77703,21946.830729570218
94691,15640.822506408858
103293,13588.021844726618
84439,13861.268082277458
77444,16808.2862726778
85455,12742.334009762564
93989,63567.092505069035
85336,10648.532850990681
100517,14837.138310380173
108179,30900.522697748078
77395,11132.859572950043
98462,11766.59906736227
84943,9935.045723485651
78028,31195.90197047142
81596,23421.324048423252
95852,38421.262768294204
88816,17300.521045357127
94448,27460.395823087158
86470,11928.242903363134
102503,9989.514076501042
105474,9504.802990198274
88119,10518.941215470613
96141,11228.978876784255
85763,8138.647665894362
105011,7314.773742274103
99747,8000.7379394056
108392,17240.330302911512
90949,14404.125745920945
105446,17604.723259569855
95792,36728.83493398066
94956,21721.150202054403
102277,5454.139131238611
77366,28658.158026178953
91112,20476.71655601706
76355,21696.29347527275
79142,22441.546835253568
103859,5301.064434786104
82352,16176.590510117494
86826,19170.071638612833
86754,9468.8443436884
104363,8979.227702443133
93154,28265.66477023841
90930,20093.150629113137
107269,19161.693253242516
104109,5542.956433824882
100487,17737.848387406335
106527,17389.64698542841
96225,19829.809219815317
89925,8739.07997009546
76775,28426.42707789582
83082,17155.979314149958
105115,30568.522532222338
103481,8547.568156140334
105642,20012.790691527567
92703,19088.206849614653
90864,10427.069015479923
96072,7282.614390153271
98628,11305.141587774275
102378,11380.761665660964
85185,10059.608956074257
93707,39389.904856156645
98795,14024.797322071076
97577,7213.313088401213
79804,22607.472936863032
95541,13452.274027904432
78568,36139.38016029362
79608,24244.311276470697
103860,10071.09748852517
98449,14329.157947820126
91377,27415.50176967336
103436,5980.24942722712
102582,12635.972425366364
78381,8982.47756014275
90999,17645.88255769199
89764,15791.110447106526
99515,11140.837236445435
89133,6092.466664333992
81859,37676.62382067982
108005,10806.237736524958
103733,10034.09371836887
105155,17861.85092707582
100185,6896.503795730245
102347,13280.68416194134
107943,11391.236372668567
104445,8990.894788354808
90149,19211.907408564133
106593,15802.331950494992
94733,19973.02353136489
91481,30222.377283542435
100201,8229.563060069633
94149,19729.419078223993
101639,3638.778861946296
81577,30508.051415305763
80120,29769.70305250395
85995,9813.385762765156
85199,11082.772729861528
85909,22774.376840257413
78676,22815.96140185819
91948,34347.952011720285
88041,15104.6371869415
92848,26164.70028149688
87598,10233.504687945535
83613,12577.044668638431
85054,10711.940277030171
96903,15413.102642191696
78725,9226.940097477152
94869,32509.310515624045
89121,6684.199606125084
79858,74537.30609902742
89079,15753.144404612522
77639,38095.8806676939
84498,12346.077067791592
90431,17033.375474023876
80553,10942.693012669111
90257,7493.961824713561
91607,29199.518699697797
82794,13011.146626482969
79243,34897.738593180926
93687,21650.376901928736
91774,31568.59705519584
104622,6601.1424895878645
94152,5254.949909787837
107441,18984.139230664237
96359,12351.381755981443
105873,19057.972784106554
82415,11401.318984564248
106807,9339.446945544218
82732,4332.352176997022
105350,18718.47545479174
107206,12718.92841267494
82693,10568.122087093194
101998,9852.50882783069
107032,23674.025557505414
88200,12959.940631194302
105801,12906.557337529306
86649,10655.041640827383
104334,18700.844204562836
101972,7965.278969391473
99530,6970.38539301619
96201,14069.425597265697
105972,8935.733570712488
100425,8858.26971194089
106763,26756.977218295786
90434,6523.427200804116
88690,4893.492121703646
88747,11272.502094561221
92158,15870.244675467928
104298,17853.872763850788
91527,20575.76900654328
91731,19269.90983313065
89575,6793.741340162249
107525,15439.691625162366
80805,19885.667806712878
87001,16523.913739299336
76256,31345.948467080107
106726,13907.980523587852
100912,15430.283741613403
78223,20241.04139218623
78232,45167.685636923765
79424,20910.700105896387
83551,13956.007748905722
98945,5688.921393766898
101673,6562.457978251759
108525,13275.87886120004
92543,45650.8008055121
92373,18690.826433632075
96994,2895.8382719497895
80957,25779.635046506213
104185,12347.747939668103
107318,22389.168439356905
89348,8009.216979632314
108046,22591.60842014128
107385,16791.04287827385
104247,24029.493538829884
79675,20492.945277507264
95374,21357.639678842424
108422,10737.828651990352
76584,57006.72406655717
94645,15324.19234787106
87779,10679.45431931145
76043,17400.22260974833
101605,13452.019557626374
83501,18134.91407705619
95444,24066.9133994983
92724,41650.263275411664
101099,15740.079937926666
105469,7813.72877873634
78289,31580.1910993876
90064,12860.762479560863
93527,14366.908749594932
102951,12097.41165702736
95138,18576.57178487438
90436,18646.21195072742
86900,11712.902370590777
107779,18585.779413824766
98096,7072.587970004852
89305,15677.32006105688
81735,14830.527655096903
91537,18506.938813759458
79302,13361.023771115462
106769,15284.660917742875
105306,12227.444257256013
106670,14561.306706200716
80113,32055.67958962424
87168,18770.243722890566
90710,6729.994139011912
90995,14404.651325368959
96388,13948.281051035214
88029,15155.392561601604
92389,17659.250092937793
102649,12657.329540250415
97530,8386.383957290776
88501,16333.069329420974
80998,23171.6291368466
89624,9161.752110330399
83063,6791.419060937806
90128,13308.04019346496
104897,7216.633264885788
85490,26454.606233617644
99453,20614.400690257702
107743,12171.691486593158
105662,14643.042915716513
89186,16186.18375778592
93355,25878.78601104445
100497,12671.77104793711
104389,14494.821389357001
104476,13176.045954404
94822,14945.99854748412
102639,8727.315988243694
86493,9260.904968709703
95602,30645.338734920402
86924,8175.760222522519
81852,10141.66698424275
102319,14543.559044682956
107863,11119.986562218644
82938,13145.829602741876
89666,6998.176107426489
92812,31782.765757395013
97393,7991.906940396502
92386,31144.078493863497
77152,8354.626144114394
107259,21731.77402318228
90094,8098.904296413941
103704,14261.825857109097
107194,22451.18358225905
86326,9049.360419611809
84993,11609.548105943928
83853,4910.360822935884
98484,24383.540102653955
91880,24626.414661350685
89715,6467.183932002179
101393,9008.836867157184
87375,10449.765049280028
81722,16009.32042214079
91249,17146.173971893306
103603,15125.299025582679
96576,7993.854215482608
77094,12833.267098256027
97706,16554.88041121676
76932,11123.627863022473
86648,16742.449665951677
95671,20682.940094574173
87831,15429.846114826018
82577,10575.978579786366
87475,12280.5035405427
99557,9442.836584202332
82882,2889.6494619687815
97798,10748.420869270189
99009,33275.06795302622
98120,9972.80173577397
86637,9077.62121568219
91310,16797.585095722447
101677,13591.276633887073
105146,11020.50387625268
99727,12544.042734528624
84169,7139.96823232162
91121,18876.8397851664
87151,10941.844523751452
107732,19354.70892203667
77136,32262.440885734497
77148,5021.560236145606
104946,12290.267015919613
88249,8939.651649276118
105127,17823.65062679747
89504,19448.031524302638
81927,36150.795604809224
86452,16411.58920277159
78250,15847.44429875774
85921,28088.824955661497
81378,13153.492124060393
106286,17179.564253656903
82085,15893.642749504143
100957,12452.753760236299
98903,10600.136092213683
93994,28594.616799153384
95727,44657.96668225548
102483,15914.844182749921
85566,23354.171838152022
97406,6566.426929742347
76120,3705.120052377958
101642,9341.840913529137
86245,7900.257951362002
82830,17204.942334487947
85386,10989.665184708385
102072,12815.970552388195
81015,16126.474021890039
76016,22963.62815353955
103157,18759.77462067016
85980,12233.994565068313
107548,20555.472570399717
83411,17375.437228287363
99745,8685.503409609517
103338,11386.266179005615
100366,10252.239757239951
107718,30521.033396286002
91888,20432.387177820423
106559,16384.507427144566
102293,16293.677212879762
88007,16206.086240727274
100545,16201.319254093209
81498,19915.87671089926
81632,57403.05979104585
102626,7773.839073856487
91621,19163.466529366295
88591,3921.8033604074053
87743,2044.9126838481675
79289,36293.062955856716
79813,33008.999772133255
93561,42737.20032207416
99218,8439.026335968989
83575,21260.105462531697
86909,9504.742241647007
81952,6996.126118323259
82101,36925.69796018283
79912,12536.459453531477
106129,12362.599210613684
103614,10691.572231164042
108271,9879.8735153156
88813,9133.739828379204
105533,31140.20635125611
97693,14103.220021589977
106423,7873.042757093787
88858,12617.0361554629
79568,20814.961005308145
78667,52760.793505077585
106744,20267.453028682077
79183,21667.27862875882
92329,19342.228934314528
93551,67789.39542894512
84807,6270.832391802495
106251,20490.068823967424
86816,10336.740767589774
85547,8703.577124019705
101577,10650.768056590721
103281,8077.000569300741
101919,13008.946522062335
97281,9452.591309988142
85353,19329.742984546527
99143,7252.959295587162
89606,15908.012544012097
108144,16941.237448269952
94628,21099.423101866963
78418,30820.6686982682
90238,19811.906137798236
97412,11264.10338732146
95368,20717.09003343662
80945,31353.88453552879
101657,13549.23736387507
92454,34215.23903984483
79075,11734.843740071037
81257,15004.345997168557
99019,9204.695849237743
91946,10855.750836308936
100356,7174.2694164462755
88464,7197.462615741262
82081,16069.768827695014
97199,12288.823029317815
99762,7692.54884682128
101497,6805.131613622642
83716,13252.61282924541
99067,18655.49072885561
107895,18213.657097015657
84198,3529.61853206229
106770,24295.164793062995
87767,15680.946122646961
102945,10367.550400918692
95956,21318.593617737755
81644,22177.85152746491
86278,6328.760617201272
79399,11958.673661491886
80474,14139.787703128588
94588,28430.624432497305
108471,14135.154972387949
93417,14946.080580619599
104702,20698.14339578184
84151,5586.66872156191
76589,12855.224736714483
104490,8826.197905356077
86365,9241.829116743122
90620,5907.93187689
81071,49575.59609939425
92311,25672.17785756525
103019,6303.746609564885
100231,10971.004348413473
83298,17995.228735426223
97958,20380.68163644448
95436,24721.063739605615
85413,17095.301495545766
104619,15383.287105582336
84835,7157.997822489703
86314,14757.787101635979
91780,34927.44492119748
88338,13293.185340816754
98012,9905.841473402787
91161,21236.785656829972
108156,5772.319901775243
80607,18620.070693855923
105607,19640.89358586102
106586,10240.323771175657
93442,10772.312712154406
101779,11115.394366017063
86324,10786.608182566391
101056,7455.853270148119
89524,9303.702717799919
96619,5676.619231666976
102914,2402.4105932995835
105085,24195.814926955165
88414,17396.19699377595
94174,15156.99597696159
77296,12209.67413210795
93567,17382.686978999893
90823,11200.716571423298
83440,8536.595907784811
91053,19183.615070388147
87349,15942.60426342762
93853,14897.26693535063
88334,4733.973373506749
97251,15139.494092880981
108429,27305.00305980944
90331,10783.728155644016
86234,9832.949670212187
102632,7369.659708500314
82553,8300.815399499195
105227,18970.997735258523
76476,10176.919910932507
99277,9221.829287796425
107214,16196.659500636886
101622,9109.471550547314
91446,17724.099635412804
102009,10540.935421786977
87852,8492.821738480165
93868,21959.83482725543
106100,22025.372172618903
84477,15954.255706481845
90371,6169.932303316741
101643,5187.737670579014
92270,32119.90970684968
91036,30011.53311442777
93120,11816.813983327373
96986,10297.605689207725
88712,12503.971199511445
107673,11072.151867154116
94689,50871.17922024602
91664,29879.613109246256
101139,7435.8911621661355
100211,10890.253924922537
84843,13743.102820237793
99077,13160.155976307873
86601,10345.266250368928
82207,28448.477782869384
83457,9719.125419767706
78306,33897.24843383968
102397,12094.156420328398
103423,15050.598604127978
105818,7216.419730149015
97146,14312.429889513944
95680,17578.359885402588
102459,6857.165991645029
107092,13398.87932384081
92734,43505.10003162173
95647,21729.825549778
77576,13008.902561531897
101530,13025.378185016603
87264,7435.347484862082
88978,10833.117582141698
86197,8151.9443077407295
107810,23435.736132430233
81681,17962.39250318285
105951,10877.30274838426
103476,12799.501429536858
100268,3408.471321849529
92647,22774.11364078361
80498,19482.99221201591
90634,23689.647805468645
86670,16855.512572548127
108110,4968.5743895938085
83881,13972.242987975074
77006,13281.632646974753
83528,13270.618390295152
86178,7452.300821903052
105430,8319.626853126905
84321,18562.629661685456
90491,12673.405886903884
86339,14312.215197903386
92286,28495.288712188256
101926,19154.241208651412
106776,17484.156842821583
82619,14100.420535718305
79817,17810.235064608565
79626,15074.042090618857
87043,15148.722076712666
106571,16457.084916259137
87059,16691.61103634214
97729,11877.41822540387
100298,10893.35120612774
98256,12417.123273355019
97907,6941.7197660307165
95953,20009.264343684736
91657,59864.085500953755
101343,14987.924716961128
82111,64674.16535063843
108388,13651.982068281346
88818,15633.236905401714
77029,30867.785418053445
104074,20473.16768116876
86201,7970.1515212783215
81545,17577.295998810307
87713,16136.801499937064
92371,22599.45802547774
77156,10291.369145464612
76880,23375.6357724006
88282,12635.924629649506
96654,30255.48701173057
97866,26104.081012079638
90293,4400.685500829337
91292,21371.622267916537
77320,16099.796075189277
90383,8026.907596157777
100241,11201.804682702648
107973,9580.846576343349
79074,32681.600265932942
92862,18513.832909387987
96379,13791.498081004565
100683,11362.157640206808
76236,29238.832599203273
99113,13409.032361550619
100305,9227.948089405341
86570,8528.896553731052
93251,13243.075696121643
95890,19780.67445014128
104632,24400.671417962407
84213,20388.96618948227
107818,22834.101042637063
101521,11498.798019223539
83053,15732.889535651155
92890,19568.16819474313
107449,12651.464604047536
84022,8978.650852315575
90915,19349.1395161034
80324,50432.433115707434
81352,21472.743273470598
94642,15951.730966069745
76123,29457.688814382283
79202,28252.117120538158
104174,25722.84129984152
91030,25265.374258081625
107033,15659.23717519091
102759,4880.373452866605
102192,11459.229852634739
101885,8379.581422391127
97716,15410.627309682073
81631,14395.825579604478
81759,28083.56073139561
98702,9214.09470335743
105784,26313.508720238882
81817,22726.91283425831
86529,12505.314147868954
97857,9386.914015878743
82820,18980.20779198847
79072,24022.354860887564
92301,26206.093429724187
80309,14071.579941676973
102835,6403.026943756001
93599,17967.41371773645
90253,6664.98970661435
92875,24979.59942989684
83698,11437.709167822108
104398,50732.20553702307
96860,25200.167953064898
105925,29250.984212612384
97861,6520.074949914282
80226,23804.35601526895
92699,21421.24819315319
85949,8023.835680996937
92215,27559.943687437106
84214,11689.649829564667
106157,12980.13246690542
87047,16245.646335027017
102413,12172.71733030256
97955,12139.712119219705
81441,30822.139809896464
101029,13134.006057152883
91634,20746.053450398915
84859,7658.486387931616
93328,23683.125269766933
97318,8448.889231585741
108048,14665.769172669567
97815,6873.214441818301
101921,7054.383233493674
96260,7321.152400455696
93491,16565.85178499628
95257,15391.209946171235
83326,30846.382402587053
82475,19116.888490138506
107393,10618.671724803278
94132,21942.06476054166
103233,15186.593723398948
88140,11072.60588357432
88395,8943.334479257846
95094,72837.03856576515
95939,20824.980502287093
108234,18368.98886761405
78788,25231.33968295383
93021,20679.730146466172
98301,27161.50778747507
104221,9725.434161354779
92384,23577.622797263062
76288,23995.004023791967
99805,11933.627187402515
90900,9716.011775273437
77888,30313.45628810358
100126,8062.488186023634
82197,41914.2450535678
90987,13751.247664487135
105383,21246.7096673179
100476,9115.194660823397
104238,8414.849336415888
89211,12834.203028870448
97794,5422.599688691171
105692,30031.006885323386
98699,12050.584538441837
104212,18503.694951975223
107544,11596.665606859015
107748,11810.198804520012
103427,7584.6807282446625
84063,7509.94741851417
98384,8216.207747313443
91209,12328.893908717464
101379,8216.041426058406
78090,57029.661002724315
88321,17643.154417572252
78786,18126.424974243255
90751,9215.89432828206
85706,18036.473476885516
100853,10379.306907961763
106131,18100.610990994806
89397,12641.140916267352
76263,3344.3546528626666
108441,38159.14951891446
88221,13309.349688601056
92526,22461.721997061515
81169,30310.126038555987
99853,10622.065384207763
105516,9463.075929714356
85227,10754.820557006175
101567,8620.841193431355
84331,15836.338368516534
78187,28469.90869994888
94441,16337.672370107137
100067,6254.010538589891
84660,15858.404226367937
98951,25038.23529038224
93815,7873.934441166674
76848,17120.17288652698
83378,14479.416798325585
79966,6742.543002694229
98219,12341.578610516717
89076,11916.586087789927
86619,15840.183162434281
106225,16220.517134555634
76793,32449.19261404428
88351,10537.549138109667
107927,26796.15634757623
93374,25145.268371015456
84067,14990.790645221972
100355,14414.990538067754
82099,37789.06448731972
96457,12179.641260683948
103061,18313.558060933807
89169,15052.410529631583
97340,6887.391180251763
82912,18922.525745334537
82266,13246.783676726578
78561,49048.20927325233
100839,6073.995424464965
85302,2887.2326152137616
99375,12306.99583243837
99881,8247.674695775033
88083,7078.56659546096
86412,7389.862453459598
84852,9727.82602551984
89087,15843.399612558018
77702,51473.91839367836
94308,23989.47404000823
100896,8037.089227025522
88225,10398.243320393138
89796,4080.4925625092737
101985,5226.371742147671
77360,24527.691390133838
92220,32979.55972941285
83866,16828.49744953048
103140,4716.6773917896135
78348,13819.450774358093
95353,25485.019042325912
81413,14893.075078108532
77106,22746.977477963766
103700,15672.884950781554
88524,11506.585658500668
87461,13215.22146805993
78565,32901.595372594245
82507,13248.914318297106
95578,4297.244709977187
91998,18161.753420771143
98342,10054.938120279081
96413,13708.945228239778
78273,31559.581685570207
105735,12849.421658983823
83640,17429.91207685711
100599,11205.784250999162
108024,30804.8688060317
85550,21731.88949432887
82875,8169.736503601166
93272,9115.850790662702
87870,10361.918052587176
83279,11629.29170952368
105742,15269.785018681727
96152,28522.625439757026
97215,20720.225754700874
76322,58521.832228424144
104938,16739.024443143564
81197,14747.45110717445
94638,15266.314712513115
78474,32577.09503339942
78282,14913.41021415367
83765,14149.646141625708
81798,19340.17662432922
84877,14617.999535518224
107924,7778.208033194332
107870,9227.773236705903
86640,3402.631776808195
90317,12213.190983030616
90787,13749.537520768747
102045,7427.849894670797
95893,27518.415220679388
104067,10688.709478143854
83702,8926.651228573945
88581,19229.017161832766
76140,19857.009789412983
87782,15963.064703503887
96924,27457.862657959642
81993,30446.90705534859
92440,23913.116888996712
97803,7204.76404081727
90468,6693.332690691578
77617,29437.716767196012
108325,14883.17903371841
78387,23363.98258773831
93953,78772.66490753628
87120,9283.943520836032
103344,9558.668225419926
86899,11272.710258379924
79585,23553.64524390428
86908,9823.784829714134
101362,16807.437134662687
89150,15960.683735825272
92083,17425.248088053668
81913,18846.702884781644
86370,7833.924115374212
78733,18999.3155667209
92552,24693.758453191913
89154,18526.6482037857
97775,9964.079341384699
94930,56885.015886259935
79476,13365.729652771955
76220,11688.589544821649
98869,12910.12333563359
97474,15154.791341231881
99008,6899.391800160427
107702,25164.555076808138
102495,14069.912891920347
76423,20337.799649386183
76460,10740.977443059
83918,10861.67577634643
90937,25503.546688966642
98893,8564.459200900961
95015,61896.357078426816
94231,20373.144069843427
107866,19123.639073653892
91935,16435.262833713117
94141,25452.524079427756
84712,11123.286382768883
85125,15152.728634990868
102606,15856.229690800319
82305,17614.911655019758
83086,7980.318637378409
87329,9203.778008561196
100213,9213.590006886308
93661,26924.85690315455
95973,26164.70028149688
103243,6932.940821903991
77036,12462.378164982254
82262,8560.791048956706
103648,8965.44526330562
91920,21425.78747420774
85960,10998.629176460188
92632,36929.468603068235
97381,11803.450057074626
100466,10114.7561935408
77087,15214.172794470382
89734,14831.062216311115
83766,11276.62705366675
91812,72311.82972751385
93927,45312.9841651143
93439,13544.134462966664
98318,10616.395729653665
86863,11022.058564905352
95233,18239.568228576718
78974,14883.657571996619
89793,7045.249923443742
92799,23170.660833499733
91635,22726.004328321662
78414,13598.0869413678
90596,13449.006842331479
80519,35890.66543488735
89515,8234.390895281565
86481,11610.250272438147
92047,14716.870159913879
77635,17622.186677041507
98546,7760.424609970172
93556,13481.833540189056
76764,38099.873460181676
104600,15310.688155845553
107170,25821.512379717984
104809,9712.93967447232
104957,42566.02308496374
100565,13053.723550960358
82733,10444.893044702101
90487,5585.993043502576
104778,4046.1894299588007
106916,32986.7764757358
85771,9383.002959911033
99896,10205.942154842414
94796,16646.697696276216
105856,16995.872903921252
85845,12959.0836818477
102590,9493.77491787536
95913,44263.72373798526
104395,15595.793746659945
96422,13619.865597070528
101279,11772.064846027635
98041,5995.637024860495
90702,8402.38749190525
104988,12909.842102420615
99996,16326.238507544958
103713,8984.655335581503
79170,37017.19360910667
80452,11858.55254063111
105657,28097.604128925745
94986,22548.851585832334
106339,11200.01319485887
98568,7923.074837880643
88304,7022.341221877659
87628,9997.838029158342
92003,22658.200355309913
97111,9867.269620978892
98892,14314.28556285142
97778,10350.60954050296
95960,28647.346812377396
80575,16887.98400079935
94709,22610.18083870933
103647,10050.31744214944
87784,9725.641399450968
77344,30680.48091620903
104068,13028.93993714114
94747,23159.681781843083
82797,14425.694157116175
77079,14562.814785397379
99217,11161.973599096495
84624,9545.132302926737
79999,37233.630746892304
107791,10760.254230832083
86274,7601.391791531114
92407,14579.886314020236
98109,23754.113702505107
104428,23401.622098474687
76693,18087.323677902248
96321,8209.304588802197
107222,10861.051826300296
80693,14351.859989883169
87795,10606.664631137617
83814,10353.822966629496
85548,10101.91336725973
103252,8710.177644811927
104453,18617.175002995333
80578,30310.329479686327
103826,6265.6431284045375
103199,6927.994580258063
97338,6613.714652629986
107287,11436.470038695714
77059,34909.621894695396
93965,20031.50667771832
89513,7395.10626683198
83064,8016.100542304725
103490,12244.882094232535
99116,6668.199209455412
99690,11508.410572749488
96405,9614.749402639967
96969,8493.41643412212
84317,17378.692442332132
86480,17703.718826452292
78305,54063.37031134362
96458,17963.757724390198
96847,11331.703324275764
87888,10261.83692874629
92753,42423.411988107175
84191,7156.531765360822
84830,9930.08441683122
100910,7801.011870350441
94969,46946.810419064364
89103,7722.4524804132325
93092,18988.67178419601
106511,14255.92600150777
100549,17370.34069540959
90741,14749.904281568648
78118,16570.40686220704
94087,13763.476588372763
87584,15532.783437184084
107254,12698.829868345425
105985,20956.328438071774
88323,13879.24620183672
105221,11307.681548291543
101901,13572.2824619367
90944,34639.77874366547
98634,8692.997286951086
94057,18512.62196712379
77391,10741.573857952257
77284,44441.66512180274
95838,38742.31598401888
105720,11699.684227497806
97257,26821.56061706237
96339,7033.417820188822
81848,29842.59446871041
79581,27203.155410825206
97762,9617.690222743437
101710,7413.700145045466
104892,8763.865691911808
98689,12048.856969854683
102340,9547.640153867813
103335,14691.013602587904
80348,18974.14297647581
101717,5732.16610921815
84797,15738.666843535786
80101,21544.255648857612
83224,15743.456843775608
93736,13810.239726982081
78612,14148.503355485185
80009,12684.765337584426
90246,13748.240789924608
83348,10095.391430595975
102263,15726.856469339134
84153,15761.470881131341
90556,15753.012540924867
83726,10834.90711507841
86153,5406.168150943945
99219,12366.040450658911
79008,21345.46024363611
76574,15745.606926785902
93345,10144.229246892233
89271,18536.167988384404
84424,15677.647037646435
104788,20787.327407961628
96178,12940.903087010136
90344,13157.973929354352
105532,27655.842143955146
83994,10698.419134031497
91151,23272.32571335532
77889,31624.84761875144
76382,18372.920887764158
97738,6297.57460545345
86371,16000.495301967898
79800,46502.77260559259
79323,22898.60618618588
88652,11045.90119843378
94397,19832.42375593495
80125,10918.857746272566
103621,8893.159833272994
103073,7175.744375082176
104977,20670.76507485907
101232,9900.063231801025
92921,9628.121630667869
96524,17758.929159507083
108206,7316.491370789301
98011,8951.168741974909
82282,57101.919566118864
92162,11183.800303546574
91162,22687.72174297706
98222,6330.991070266426
106388,26254.7225426729
76194,13471.178332375592
93165,15704.428525226745
77080,21111.633986961304
88188,10095.54857792707
95987,11253.077567878328
82919,20347.872284544173
106334,9401.651717959609
92868,31280.787808716406
83314,14514.33364142174
83498,18005.054171494583
99081,9476.675255050312
101875,11733.27965608825
76353,36858.55953208944
97969,23917.97723569733
86292,19855.76266330272
76622,29679.43173890054
103480,18838.0336762843
85818,12372.63779054237
83971,12923.690710629162
97382,14591.585246675786
101439,7978.311546061767
96661,12673.361297762427
77795,11794.681513625972
105731,22078.413581832527
91696,12580.309440459601
93939,20922.49831328917
97415,11856.979303486376
103354,9793.841082140954
98909,21182.495703478267
78125,20467.241212071414
106866,9251.6276394577
98910,7711.515021927492
106208,22604.242750260393
89885,7253.94095753056
76580,11189.838423483618
95892,15851.421878200677
91957,17661.909176942347
99645,11654.059413657696
79562,47775.17380028881
82838,7258.036741800368
101076,8010.93892566315
81361,26261.501327682865
108419,15090.516284472102
93085,16766.16361061588
104426,15791.446370936275
88313,12107.450632616652
104866,17697.545035148763
101788,10057.160914036349
103172,10864.635688476099
98374,23295.769476507503
107111,24357.938329700773
93480,19253.844409534573
94099,52469.859380987626
100358,11586.772495723366
82106,31903.624705127266
92783,29247.23867920558
95978,14501.060462316455
79394,14705.287238413635
81521,23148.227731516745
88260,7233.844408504787
98649,9440.47882065106
81422,19105.384825565976
86500,11090.62652993439
92997,12805.679308312625
107940,8686.833504693312
80225,55008.408168964226
94805,26989.207014800115
88709,12435.755654148366
106470,10500.322680272195
78835,16481.05697579191
90721,10350.894107631728
105429,43497.71850026654
107998,27596.755645596735
89287,10855.357289422434
77311,12245.867814230862
87200,18275.291729682842
95348,14450.075199126484
83148,9828.589511626486
100616,12660.46049346648
81487,49910.602582868276
85031,11685.517082190208
86761,9358.061505028383
108219,22166.417041279048
106290,12794.069352031456
81428,8858.7132971209
94572,31048.794652271754
99173,11251.57084217642
85760,10196.76038543119
89013,26955.468939426915
85726,13256.564369989068
98647,8808.372300621393
76300,37926.06088113687
76204,13538.056474560435
99199,21363.015119737483
81833,13695.94109547853
79245,23021.607206471537
83196,10715.810750006747
85013,9588.776353349293
99200,9820.513572757054
96238,18548.629132924507
96548,32767.85122580536
104251,19649.8600671933
91169,28322.84398732306
91530,18048.592873682373
103143,8697.503740757244
106804,11019.804676912812
108066,23903.022659863866
76048,51116.653120995674
75977,14764.624918330264
96347,10752.54765304737
90190,15754.284073381925
77081,29113.802442782355
83861,6199.719245839773
100546,6927.013794751862
78182,29076.87462082145
89589,11337.677154100327
85606,7476.804596416994
78359,19542.297059988727
97559,14536.433657035188
76721,14622.237255800499
88097,20903.190880538743
87435,5461.327698148997
80798,14379.484710847988
90537,7028.784572283358
100528,7639.592635661533
106401,21654.012731815827
81910,15809.378166004437
92691,27127.074965567386
100615,10572.813788997859
77234,52397.12123019305
78332,24793.302664332194
77572,5107.007195114479
90150,7254.0574699638855
105917,10284.817176560264
76449,28104.595883626407
93412,17703.731949493795
86269,15574.595336817709
87995,8903.158119930476
100075,6604.619221966241
80021,49582.23544922542
90343,12834.176331173132
106349,9577.805519813664
87255,10991.975253047925
85507,17167.314193925056
76232,12163.484173965082
106308,14044.642376031781
92289,18375.507745428902
104499,32668.590522560098
81788,8507.141377628343
100405,12468.402124022663
106380,12950.538739343421
81018,17545.17761041253
83259,12721.097657100107
94489,32707.776744529172
92430,25336.232057903206
82401,11831.55191801653
79510,45435.60293560208
84456,18620.002821834336
98445,13813.81470560777
88466,15876.661575172126
94340,17795.89953113778
104411,17234.495358443517
85378,10806.013514694461
93363,27749.745364898077
108217,27202.212550693654
84003,9128.061830538276
78674,14122.338338351965
83754,9456.102870386489
107659,38285.68351001492
104134,10561.252786553503
80428,12635.369861459234
107034,12616.611818609583
105024,21852.356083374798
105501,12373.449532576611
100183,13830.73152442336
96262,13256.159704369158
102419,11722.52207754917
76520,16150.7759469835
87564,7477.022870091551
95034,16327.747217919206
102071,18892.94951008959
92236,28063.113619331023
108245,14747.357978185019
90472,5326.172455069054
91733,18610.186837704703
86418,13771.957317859922
91544,16010.396251642587
108294,5891.469775496919
103067,14971.802089449584
87683,12332.732148024128
99427,7136.264484557764
78592,15333.11363325672
79477,29759.684108090452
100575,6672.350224466847
103629,20587.360078555135
86341,17017.65098128872
87901,7571.508031772315
100467,11405.0358123445
77769,13625.285520656835
90466,10110.20108447998
105120,31565.924188227582
94434,28842.95429716793
90333,9302.122782295106
100483,6318.921069633758
91083,21836.116889918983
86536,11137.737337940936
108361,13336.300472884837
102652,14215.160686064442
84120,12715.319699369666
99541,10655.791750230053
80658,12303.269771605406
96028,21327.655734067182
82478,8505.550670945771
99296,15121.18162219844
92923,19112.030441162937
84564,14462.95755132867
83515,10832.664786671427
80070,31161.86587523192
104027,18583.703843881678
79391,18952.278493262012
108108,8979.192894672748
99156,8462.112714246336
94668,20278.48200150488
107534,11328.064081416283
88509,9915.980097172836
78713,33794.319225522064
95033,26760.88533843467
105878,12706.633455758001
84590,10920.858440949974
104297,17623.15276236639
93140,23361.658701076452
95943,44259.3550578694
87298,18895.58789052344
105774,10552.112933512271
98658,7187.247783103193
87070,18803.453613063753
99465,10768.052075323969
105845,7310.370182140203
85369,22396.725019805464
83600,6979.6494738607635
93030,32698.42116466956
82159,24595.29609044969
88527,11193.286403880127
94866,12712.310045978333
81680,26157.903981782474
85293,13270.680295408582
83020,11167.337684543156
92112,9741.732738266002
97809,8904.145596550072
83970,8124.866850234052
86745,14724.55418718866
100652,10843.83534826018
78837,26284.099346605723
96354,9215.54311958711
90084,11074.52913869572
84838,16435.206934710954
90416,18453.11545001868
82908,6504.222191970644
81469,20145.82610106116
97939,15341.473871157172
84109,4912.299049149657
94042,42896.440502975325
78843,18803.82845230317
94386,30182.401199570966
79961,45816.624144779904
98556,12428.002081138258
78323,15980.688208966523
98349,12304.61203683591
104599,12275.186951923346
92804,16541.971617867926
81485,19088.26736295028
86984,12681.371786636833
84902,10848.227360901541
87230,16668.765930810798
101698,9357.589123661963
81187,29898.875667253757
91728,26739.336667895775
90136,20154.59899415637
96483,9291.771842132675
103424,15334.27055642043
85712,16276.902006745822
85509,7699.515867440828
79976,18999.780997925616
93406,23909.982974481143
84108,10409.595454875562
82598,10373.883685891617
88086,9882.147217058257
78975,60843.658414505444
78989,17261.45411579971
93597,16390.87318653419
76707,21971.326741875277
99370,22035.99952183416
90372,13336.926538249083
97227,16064.586518917286
93053,32987.7332311313
99724,9756.016392702313
101261,11709.973127781746
85273,7235.636635666755
105019,21035.930422102727
107234,13176.908644151536
80816,38639.81327778131
101175,8358.115598451592
105866,42176.29722318788
96858,8167.317420396724
96226,7243.293697049993
97454,18955.86002445826
94540,27417.911450564563
99937,13433.211369120616
96637,11212.259628012911
82607,9704.277297533496
107708,24365.814672131386
104404,21770.12200951264
80758,17342.73828136668
99346,12805.467104032741
100310,15616.244274810593
91670,27675.294011795493
91353,24068.24938566772
96061,10949.765545370346
88206,16699.899278568573
101814,8368.827577507296
82298,9797.700349755014
94958,20817.154339229415
80444,29640.96613794389
93957,33530.293022956736
100830,8053.087718689506
82523,11390.139597548268
96073,8973.845352918315
87933,16128.000818278535
100553,10260.071348223679
86623,12627.305659780606
87445,9379.12140415286
87890,11078.224053437616
103149,15745.275898600295
102862,10625.406712063586
77553,22548.24074512467
104728,15762.877193170438
77884,31766.770375953092
85105,18700.338165885973
76064,51905.49577088525
86071,8939.406863520668
97148,21617.492844742163
76161,18257.690333302704
82950,8137.418845614798
87334,7656.746124535096
104120,10706.113193458808
104591,5494.941370184148
106665,15350.164721736912
103766,8399.202926477086
104087,9642.708261340335
95947,38025.17385524638
87165,5913.100040592002
76294,22702.02280054107
108455,20589.71095539303
85399,9269.012259064724
84698,10900.692922083883
80713,12317.516901252742
85799,7658.3071965064955
100254,11151.797598568937
80264,10440.110359253618
94211,9591.264470108596
98839,21842.13399605764
99631,21577.150433339495
81506,40193.93846659724
76167,14519.865327821975
91308,49747.598452278056
78803,16716.639613321935
92010,14525.290489456587
99424,6734.681734135835
82042,15810.31882741187
89760,8445.034145972675
78489,27892.339584177127
102712,11393.933217829997
90935,29678.156914749525
102912,10651.192498356404
99041,7695.196322940566
79903,44169.89920286773
96670,9123.029495363382
76729,32905.10928453998
91107,29025.244233836474
87286,12764.874586032909
102303,11853.297354618484
106623,22277.12364622758
86955,14139.780540598986
90173,19959.94009095092
99829,6502.433564039869
106155,13815.593915609566
95426,55214.23989032244
82218,28383.625886911217
97534,7261.603527058084
104186,16036.575655106719
94450,21629.15428871314
77720,31514.529776425486
83278,12132.720021066127
90401,16400.9635849234
95842,20694.526966713358
77025,13325.773383583226
88288,9347.148197904704
83552,17979.441664532034
91467,30312.90993959197
78417,24684.120273645716
81312,29242.44933871408
106656,13911.351676147666
93396,22329.186485674414
89063,10152.740272151992
94830,18460.01639185502
98183,5291.116032339239
101338,11602.685852428614
86784,11294.83159541531
99315,9188.888827421295
100058,6250.4403547391785
89181,11026.919916204422
92271,25607.561001461443
97562,12199.221451375828
79601,12731.26800941624
95361,14764.651610572508
82021,17420.284939390927
80766,14410.881864486324
107591,19180.257919679145
97689,8348.480593705044
77322,13776.341739715432
83942,9816.774926753002
80703,40031.406410541196
84304,9279.698039620513
92976,22099.058566601892
104652,7424.193201505952
81684,30307.46291799321
90189,11422.756863182063
92960,38319.31818310897
91335,19123.191709517432
105310,15543.291152964513
97940,10031.572852937448
79726,20122.277393629454
97677,14785.94525029843
76868,27882.209909607944
82008,58734.96704908767
96078,17898.476644161532
87835,16739.754077967733
79247,17259.239646219547
77781,11084.261483408598
83214,13434.058156443854
108215,26919.868313211653
93824,30428.280237408464
80787,13291.52703193394
91615,40386.517355261174
80389,34227.66822479942
103596,13206.086684344376
105821,19791.115693721073
82476,8841.942547092565
95265,17841.912392634345
98399,22929.01347727817
76238,17511.49627431558
99100,6030.072076768467
104714,9378.298480718386
90919,12977.14949294546
83623,28240.516319949114
104865,10958.600684136263
82002,16382.247189997926
78910,22444.957525992897
95502,42791.709698848295
103857,8854.330668013168
97624,13355.260419509892
85720,10981.467673285195
96531,10388.113604226075
83085,14114.690289579605
107580,18729.673805616378
100283,11456.484687474716
82635,11006.654069425096
83319,6257.082273288413
82752,21699.49708609821
89036,15269.39018527143
83309,11948.877177881704
91103,24243.648138001023
78064,47570.40230524763
93250,38917.19974418492
104512,14989.59407826192
79857,8426.342703255132
105526,17664.528468470344
95901,32068.166646392507
88558,9265.67440898138
106352,20352.33574159746
77802,16573.481120016466
87315,8552.196592789196
78742,28088.35934051402
102737,9373.280504586139
102515,8560.671984792776
89811,6941.183458236624
83376,17398.796616336753
81478,26879.065318808392
90640,15778.493773106038
77782,10808.88936459145
95954,16674.35769254613
102593,11042.847003344274
103795,9955.561163534114
90806,13526.232171131156
89657,15818.643802377708
86003,13849.891121742881
95380,19665.063591757687
105152,13933.162996664934
89783,9050.659015516889
94941,12059.559436074504
97059,12208.754264039237
94104,34637.29786457924
108398,11563.100034520017
84930,8940.929496240802
107156,20518.71607255354
95687,18679.62617917614
97033,9647.887060851812
103036,8810.516366563685
85849,10967.70780785191
103638,9028.917853895497
76938,29784.030692954322
86884,6606.887229975914
88711,11823.932207394315
105179,24362.55012399299
103858,12553.820172816046
105362,33959.14285862316
77038,17009.613269826117
98935,17215.241853122894
83763,9947.781330357813
106254,21044.22171897645
96326,20080.370616487482
91225,33279.15850621702
90336,20434.39611100595
99070,8058.042768869161
88213,16200.858798536501
80925,50924.51282485891
99202,12438.488996792157
98190,6380.2170384067285
93632,13245.553876517279
103377,8977.246329755657
106788,19962.260676877104
104266,20571.552430312888
97957,9040.594063039827
79055,25964.199859901022
99963,11605.905005188608
104883,20323.5713685458
77565,17508.118817128256
104641,9068.856991496325
92456,20940.6937367516
90989,34620.541600724486
96336,8970.22509005387
75990,11805.950908645857
81685,27128.496882194027
93610,25806.502966008695
92156,25564.497178182442
98823,15399.93341633357
92141,40225.436548426595
87756,8774.558346503954
87211,11832.550277085997
93983,31040.322619728522
87098,5431.361868519697
88453,17524.82124297076
78408,15187.250680447467
82661,9277.050491649432
105658,8937.10300751744
82377,11592.582629343395
86738,11064.819581045567
90498,7677.106522967437
96128,16362.85270588335
81136,22636.114184459824
96840,10091.636470418689
104970,20973.30820548133
102228,10060.275672180114
77466,16718.03180524964
77981,10216.904854003902
94406,62507.26143688876
107110,12238.606766161935
106442,20912.67993921673
90593,12933.10605353911
85731,8469.4883423544
91243,23727.735388264133
88327,16445.68580501377
101596,11788.10577700737
91216,25806.349053337322
82093,54457.25073480407
106882,18464.96005963913
89713,12492.98860328395
93144,4636.409189536597
88299,17837.596955794343
78242,20741.833815806982
93200,20697.952495236554
97874,13072.483161984435
93836,45479.59449578624
77774,31521.397482439115
94322,23966.451952807947
98230,11973.588558256004
96006,10007.067571626634
85959,16132.62686792277
88398,16538.301243273378
99305,6021.994255306694
86936,14635.923081431542
107147,14031.194363393388
89432,18082.08887063118
104475,18616.971257448597
93164,15202.097297287251
77276,16650.983908679293
107454,18002.64094865195
89979,21477.92750771263
105360,6235.244889987467
88586,10650.754790913383
84105,14293.343782406722
104625,13390.482356045692
78707,22675.37852399058
98962,5560.122398638775
105679,8158.751882333284
107418,13270.34572885618
93072,57528.57337730941
78519,17017.669276959245
98281,20235.726476016305
99872,7210.556935255972
99188,4414.6925244621725
102719,14622.912063581438
107129,10674.150867915061
86785,15646.940225346885
80533,18703.17532404442
78168,18741.839827712636
96300,32649.22012902323
85605,11024.990628322865
77676,15513.438352440058
86360,9604.383530410749
95177,36197.84180603049
77263,7516.208214629797
83488,18315.18190352067
106949,20275.86723543285
86400,11670.35811999376
103763,11258.361506023828
98495,11231.403022319866
94363,6982.7190561165635
101940,8819.8610042801
81366,18000.811033672482
99546,12377.02637927795
80651,14665.579970616498
101196,11863.266946042706
102050,11637.973226165566
99804,8598.711707100909
87153,8300.847788971769
81225,13746.453310944153
76181,21855.66188480992
98469,18192.748299608967
93979,12305.204932190447
87480,16913.284436573937
76369,14775.703929093639
88375,13564.577917956407
79983,14436.884117699788
87393,14554.800046068987
88732,9931.878612789216
85383,7522.936885724454
101126,6136.235697987291
95928,18467.18653807499
103011,3421.963245750817
80083,38837.05173482894
96118,10359.833315175285
85674,14743.773144084962
82917,17632.431822728424
91143,13902.124398562075
101645,10857.668235450714
92817,16043.813689281144
97402,9417.729558599063
83885,22104.556160211396
101758,12343.555899999215
98594,10178.0056218571
102018,1909.9263261515562
77568,17269.45945781054
92202,21187.552602070024
83954,13555.288450383838
92567,10772.407251921855
99006,27983.655348354554
90732,14141.011927446352
81955,15431.176532395733
82585,11508.594644230323
106285,11310.649539694217
93620,19818.02250376366
90725,15207.284784982074
92088,13203.93580425998
107174,5878.181844563089
90304,13957.92187169358
104127,17549.639403340847
98880,8552.751562263347
83303,6194.400562926156
94770,30292.990729286197
89074,18575.424493842118
107549,20113.596376925587
99624,21553.10230458393
105181,8536.43222692967
88189,8178.617692976515
76455,21907.1358674453
101020,9487.397979146277
76745,14292.117438786969
89568,16921.515156960773
83478,9697.828125614022
85747,15818.36507277079
106272,30451.75176313606
82872,16620.434908300027
107532,10032.62416703177
90049,8906.369974630235
81364,12613.798924442064
98040,8825.627139927015
102958,15420.589641342522
79260,28609.349755504292
92243,41854.98235971837
88478,17796.44613717776
86621,20098.855378329008
104072,22261.38671325415
90813,14040.520470470216
107620,18868.635100148957
85958,8539.98665647484
91758,26901.097589725156
92388,36478.371875329445
95940,17433.64956397302
95423,27630.627360016006
78205,14910.39000442295
92781,25780.490415072185
76964,17709.021886098573
91309,24052.561569228837
87312,14470.541991926022
99960,8989.13442270006
105615,17611.903726349
81777,14372.108205709645
90088,7607.456653770631
101916,8121.609965713761
102032,12206.162126948417
78757,39683.4121452211
85089,10887.193346806616
107536,12301.195567385941
79554,10959.932452557116
100053,12925.140557553885
102087,15772.394601065585
79180,44093.1074739484
78292,10794.386734039916
87547,20357.34965836349
96714,10063.440369401009
101388,11575.762819752485
98889,8227.894747343642
90037,10577.398382520461
95831,23540.88860595974
101678,10056.307078379
77780,26994.344493376473
104014,17214.211570065745
105304,6618.049580506837
77837,18077.984913511507
88541,6870.55966778151
89143,17782.543809185914
90294,17557.43836750941
94097,19788.374285760492
99108,13592.679769321008
107044,14441.388634203442
108467,22530.733773915632
88739,21164.2466151608
102441,13770.205297984443
86183,9702.356791435597
106346,12619.500565185414
84130,16173.698898464776
107757,9390.323533590506
84412,10904.987521368628
96522,30133.224386711918
79372,20339.580449896905
106945,17708.23995883954
88312,7465.798337383578
97814,15031.278936756224
94724,52157.15417276314
79892,18293.91408871506
94500,16295.766015825066
102161,16807.437134662687
85073,10853.779420458703
103316,11054.285404832324
81537,14688.049672694828
79187,31432.219789019702
93646,26412.550113276113
84942,11490.168282032942
105305,35070.39018711531
102440,8394.400496968572
99694,17835.72464443385
97189,11963.641994145744
89680,14454.151039027603
104471,11055.066768541521
98066,5061.853270723067
104541,10624.786985288576
90039,6927.128771490897
99640,14076.122665658231
85034,13255.723588294995
105699,9519.01387158865
103097,9208.641447780865
79154,25475.358034712746
79730,25399.385602038903
93954,19988.62054520861
106821,15982.247452509706
108129,10985.075786329086
81433,25569.153416120847
106810,10090.778727230743
89340,8223.824925155866
92137,29316.55637990745
89457,6842.917876230864
91797,23298.50938493956
92334,21006.382390980645
99141,16319.610367280126
104901,13937.004897152869
98189,8453.1601300021
95071,20650.79300945358
85149,15997.806183102904
83164,13836.948474730982
79589,4973.377967735069
96533,23159.381198304305
79514,23515.974092571178
97024,18984.118628585296
84010,8068.362246332565
77716,38988.931523379884
99999,7577.113258338632
91937,31085.179757166392
83222,17035.67068197131
83874,12274.952666966181
85379,8304.090690841154
80923,28252.018505237622
87263,18229.483090078666
77648,14084.848574699547
90784,20322.392639474252
76092,28883.15443529429
85877,10327.790722573905
108297,10113.090296813576
81020,31204.254629589715
80092,26018.57721082183
94008,19463.910198188405
101425,6862.163865265406
81218,24638.68017086716
102599,15578.947737382743
79959,21540.381288357174
88223,18229.77816746432
97792,17984.680238837915
98438,6899.316066727387
107986,37137.42087725606
83947,6516.900961344781
105867,19397.240929616986
107403,19453.069045347376
88885,13959.794899546747
98450,10350.874667415223
83554,8646.055929057104
92398,27429.535778722668
97238,4982.8761873294925
79115,48708.9063714604
92394,14772.776215097096
86813,13627.78397925272
106364,9402.005066275884
93974,25498.095900107302
96921,7508.317057343768
76493,13803.43818949526
76358,13542.947162052238
89895,9620.578703223116
91354,22561.3884110931
105589,20126.562156854052
96412,26883.95062834446
98970,10500.681066758652
103020,9657.512342676051
87261,18554.757169702374
76112,30507.255176282295
96166,14049.739690998485
90696,14251.519429489968
94089,26904.666924231275
78422,17173.77833678415
106298,12953.670098774692
105489,17488.853377152907
108304,27727.071852723686
102353,6727.696753268571
76411,18220.535952553793
84847,12303.49016764172
91646,12733.704073362675
76141,16377.03131815138
90730,6159.079612170028
100429,11504.046491918858
85989,9596.307738925072
105539,11592.72079079609
79951,42011.452183174384
96676,6979.125979891248
100762,6727.58396481148
92509,30232.527815464484
79582,26387.00746459488
108529,20926.950765798898
86542,12150.670108517048
80669,20802.08349996496
99953,12417.433109266038
93023,16067.897282252969
102223,14560.680974767845
102167,7216.428439068193
84525,8735.382576262846
76654,31527.659477427074
96998,13700.823794081463
94337,18394.418775215134
105106,10038.578068147435
77494,25273.228529749078
91245,23172.24432395499
98303,22477.293957810176
96838,25287.80651250529
82064,16789.99858611384
101129,8312.422533946316
78108,13208.712477795762
95497,19292.329175464256
81175,13231.518220161483
89631,32918.92606838778
93976,19022.50360931767
86199,19452.482747373786
106842,4775.679116224989
78263,11327.684638302253
89187,16687.26964850806
104396,22302.493795079732
87198,21316.073314006844
78994,13250.987494864401
82655,9699.779445711712
76432,18898.971593202074
95404,21798.143182454496
83767,12336.576602279783
87719,10297.58612576375
105980,9196.133188942362
99851,18644.669313735543
80432,8627.664400453734
80344,29717.304494682747
83694,21399.391796384745
96247,20815.800374735853
86395,20159.521684709955
103276,8535.709797601836
80262,13131.146207074271
88698,4095.5998053688263
101575,9791.812228743405
101293,3507.76457415525
76732,17093.080253672644
108287,22329.827637861366
100140,10021.43803388798
85239,11146.270493346792
85252,13980.94726285672
77174,10013.639988814071
86250,17988.848825436402
101740,11853.509370002781
108134,7256.299219463162
82406,33117.11060037909
88667,11614.86020789204
96978,8753.793701335047
78635,14714.721085692145
96572,9323.859968844314
87841,11016.956561200624
77951,19782.30900125001
77253,10621.483183111424
99102,10505.992726444601
105959,6604.067873868973
91687,27744.47611859557
83483,6581.575152330628
80361,47359.4410233976
94647,13228.958180292437
100857,7875.523455033222
82465,11280.36690107761
100672,9016.676738853963
88369,15542.786434168109
89345,11751.56245347192
89610,7178.144797220281
108452,52574.867427910285
77913,56073.461113604535
94990,32965.25353421422
78501,12791.25962563961
78393,12636.286408503282
101975,7639.331610364447
93585,40000.662097711895
80079,23109.250241444075
92292,31714.955594272185
88595,11935.848002847115
107865,21732.361426434793
106687,14904.23624456807
101741,13950.131509563033
93999,20023.366258323284
107722,14653.474195088078
80167,27186.92575943642
81844,11584.823756498712
77048,17979.688480463137
107873,22516.394625324057
84939,9903.039208900873
106486,18860.446658386558
84683,11626.111259160436
83721,24934.045806157763
95371,16566.300864033266
77370,26307.41684128108
81285,29915.416079459734
92306,15564.09900808103
107739,23535.06859177847
89483,8424.129289825261
78832,20845.278339654753
95190,27266.357132568013
100747,7099.900464464537
106957,13327.948327230639
101143,8144.941300143531
92745,31897.479766044795
96890,4641.53922117584
76809,10616.734480193221
101202,9676.009469162393
98845,17524.697103910545
106599,8329.653335457562
102195,7517.696697877652
92630,23798.500133713726
94558,20718.857320229716
93959,24995.846603824015
77993,32212.952361046624
105814,22243.982073247662
90144,13700.164628924147
102474,10594.156943811804
93582,43846.08151811749
95183,19915.897291149227
102451,6775.493133484087
90109,3670.0905150970084
78889,15196.64318946455
94338,23775.091014576155
88104,17224.83007821274
99955,12807.267676938947
91274,19567.027434749478
82254,32214.609047630423
94279,20270.34456191484
84677,13285.156056667873
86814,23811.114035787363
107316,18859.344299484237
108497,23055.551453431926
97403,13643.063513018402
104859,11192.705945676249
76106,28378.946545663028
77307,30126.24630162097
105083,14615.819993143963
101644,9193.194812551417
75980,28513.199484784265
80678,28379.89579556629
96987,8662.731470051789
84261,13671.113566774291
103391,9565.021724361084
84290,9378.318532547217
103179,8934.986542343277
92887,20875.93491323786
88486,11427.890641281116
95325,19940.449055834062
108122,4747.522645283487
85364,14599.333274927252
80688,36964.42357936244
84356,20224.902989115002
82717,16724.492962424527
95166,24949.865526590278
81154,12087.185380163313
105294,25032.568061923714
101409,19041.008139932175
90808,15124.925016777343
91000,31317.63682708273
107931,31925.932615863247
80058,19749.17169228884
90511,16490.003686387547
92525,30834.47671020799
90057,10702.056860654822
80266,13231.923842926752
84467,13117.21416538679
90576,18022.734759119925
82575,15765.953912768668
91601,23723.145867544055
80196,20275.407411173273
83418,13073.162438905472
97121,16710.062426425302
102024,12881.836154740862
85225,13444.447245091042
107001,28500.643781804592
82592,15618.096288783325
96681,12209.398442761223
87462,10256.122160405239
96787,14700.163756196054
98868,5853.288604677087
86472,18594.669675392903
91250,18686.8284777032
84328,11397.698572046058
101840,7787.919536427585
78225,19934.504304739436
81026,10472.154182474447
82325,10836.29805627702
106596,13344.921039515992
99810,17622.83960421768
88054,18407.509961464773
80041,30958.650418094756
102577,10767.539512514955
95870,20731.701435407274
76937,19349.1973134495
108359,16770.69233333234
102482,11854.34439992205
105228,21364.190693471148
94110,43840.046537573566
91022,44609.80337991003
84243,8471.966784496637
88868,21418.937686754893
86994,14990.39638703349
103924,10076.763593343994
102415,13491.393334902219
89954,13129.079102104373
98212,6880.645670310743
101117,9934.843595199804
103865,9996.987369569448
81944,15174.00483443967
87371,15015.438054295375
103778,6648.851618847568
84310,18509.567313220392
78146,24535.020662541596
83910,15464.990786811652
96498,32065.23012253431
103937,3190.09509148121
97439,15275.906336557042
85156,9496.397373629954
93197,16694.35017361407
98573,7898.95663948831
96816,12784.22434339481
94610,19037.538864563096
102536,5783.526109234891
81021,14297.541941598041
105037,20676.100913712715
82891,16473.292148710112
83601,14703.701120766875
93413,15570.47644555233
84517,10176.471018468155
98296,9475.068180655813
83442,12723.106426434353
83641,10376.536439726522
106454,27333.537310799
88540,6364.677988195562
101350,18320.94490614587
86741,19823.1950106638
79411,43253.45733660209
81400,19094.393344877488
92460,14625.714540265992
76076,27454.3826749638
85593,12154.577462695159
99476,9349.804622419178
99991,15271.271599004898
80184,19190.576830249032
91365,40898.7772120439
87967,9860.812431539785
97960,7521.907418955658
106216,8957.87898255683
94470,36394.24527469006
105054,22538.821436544906
76801,19781.87949796712
84376,13048.231862299728
95818,28516.235242627117
101354,8594.678372350674
81184,13956.049222041684
95386,29238.05419775762
94813,18628.633671088224
100188,11410.55870637741
97816,15977.70785585703
101948,6843.475160816606
108229,21700.820356635122
77604,22950.739524333054
103052,15809.915842753848
83998,8415.818790033847
103163,9615.469303450871
78407,21393.128973057643
106267,12992.798852024906
84808,17666.85758350036
102176,5349.8941709829405
103807,10794.471438536582
102936,9678.432421099951
77803,19603.639503583236
91153,18710.89887193585
96806,26334.420938437557
107797,18827.44119661941
92654,9407.977923723023
82110,38777.65806790795
92570,21468.362532643085
84350,12523.667388006748
82022,36029.41684707094
101036,12666.920185202449
93012,18168.810081953226
104053,9431.908946616597
79339,19321.3568657103
79767,7982.641112694598
97252,13854.588127072837
95098,26578.439567054484
99791,22071.79028756399
95121,20428.84155781077
100598,8335.695454490191
88806,16988.13612346376
93433,18079.217993317223
85064,17965.571382926155
103820,6698.694725751116
86190,19507.628165095874
96438,16704.51298717917
106282,9578.40003607706
93667,18939.233580388795
93191,16268.928818681981
103899,9839.584967947867
93568,37595.913244947726
104546,24615.40822991264
80852,26461.93876139428
91782,15149.750694890936
100867,13502.789778877797
96727,8168.869193172493
88787,15915.3087889783
80175,13220.226997583226
106215,22887.2238457825
82884,10094.024308723974
99701,8834.018860170796
96972,8996.489310492909
102844,14303.34450137466
85912,7524.412971865808
105580,15165.08323026528
92949,16644.081089018197
95794,27050.017443735465
81410,16551.794463011447
103413,8953.111018021635
94880,24245.962814013157
87634,7519.578611172582
94036,24630.1659359979
82130,14582.954109503547
97256,12276.89782160704
103817,10691.962803526942
104456,9226.546689085466
78003,14514.76093569652
104097,12914.883334019849
98797,6926.457112538914
107315,17952.732115480794
106755,29938.502178933853
81147,18965.630424214945
105271,5572.589751764021
89017,7676.498037908858
90194,20390.74007518266
106608,6997.386625424324
106146,28577.13964282961
105471,12097.921723429918
104538,8614.272472328788
78198,32685.084333194187
104720,14695.492714874785
94900,26940.415245206917
94045,33810.16536562511
100816,12647.27242798251
85400,8381.836363023762
96876,26064.20564003391
93515,25709.92712006458
94077,26751.457416827085
87247,23276.63974206835
105067,25803.31360406291
95538,46430.42749959367
79301,14794.739411369399
89679,15608.57651454373
90677,23036.074182851877
100348,17716.235344580997
82373,24621.871949944085
104030,14383.318965453542
91200,28132.00937141911
108132,10138.417563623263
96587,11327.356390073226
92498,19035.84145152118
103409,12002.062656755292
91232,22286.60272926415
80016,20417.494084196212
98705,9643.079820302284
94058,48139.21625534138
107248,17423.852845008114
85165,6279.925039361678
87202,14255.830364993566
84291,10995.55056764856
96682,25312.786129330034
76451,34438.68925796145
91004,23269.8769958856
87541,12914.873037273499
84735,8459.341377895831
86029,13136.72780372678
87675,11037.035537544176
79434,31348.216761534342
104691,22628.061013425297
95401,13765.298549047311
103975,10120.194280376838
106441,12444.045234983896
105335,22243.520496823145
86453,6265.557359950625
84490,21448.78145666974
96908,12562.688087031704
87472,10437.348125678182
99908,5568.168837311397
84898,10264.17912529485
87539,11557.728018644071
100666,13780.50663876104
82231,18229.591801724953
92648,22624.707629363835
84694,9311.030745545862
81594,8814.904318483002
82685,9142.96318633777
76620,34312.030879113314
76943,18965.298944319784
80231,23544.606180117382
94782,13332.013423089618
83815,15500.009426681649
101713,10905.479109267771
86358,11453.388708188633
98701,19588.45152300944
106421,11156.590792126699
97920,9047.334904716612
108072,17303.722661940887
91315,22102.483285406168
98550,11580.73220606808
99263,5937.558745285544
95373,15781.077050459318
80445,11025.944615802018
76982,16874.048860037256
85544,10594.384103457449
101977,11803.458789153981
80279,26431.062910077235
102808,7197.0548018266045
107325,14646.337243915452
79988,22376.751267291478
83473,6185.303895845674
80074,24232.180782151856
87094,12003.58617125009
80523,16931.78480392126
84129,14940.970145175455
100159,9690.062595963673
94256,27565.907186948214
79199,25591.19232146029
106674,17877.821144932695
76299,14324.478492141145
82217,37678.960840824555
87294,16980.715583337475
87361,7788.153268439587
105782,11139.342007045469
99109,12303.490732943194
97733,22134.178727516206
80963,27294.595286538555
105129,15449.545005217775
103322,11157.847482038562
90068,14499.836778454048
93845,18497.802309247458
104956,24284.951597962994
103473,7099.703778432784
78167,21601.598981663283
80718,35365.44927103404
85621,16581.96283011844
88490,9812.59361558647
105456,12176.434533654134
98490,9541.152773009388
86488,9994.26066809148
107303,21206.901519566498
106463,10389.298581489304
100403,9259.261849871356
86991,19485.1932688227
95381,42158.49758432122
85219,9506.010045350378
104635,20956.328438071774
99004,12098.31207543021
80747,26498.396176912167
97854,29304.927810835055
102646,7853.427256225896
93364,38452.59818843338
101209,7442.068746876777
89140,16470.33845612927
96244,10242.87883608919
93727,14135.987947678226
82138,27834.201434168004
97759,18018.211299677783
86015,15562.779560004246
81090,26955.131927378887
106085,7967.146255193325
101600,13789.638522053374
94831,22634.878514136526
96566,12072.727424405462
82361,27580.16703027943
80479,23485.716194900284
82068,10861.254642439724
104750,10332.296477302996
93539,17305.37416429599
98127,9690.306682263372
96971,14127.864160267274
94105,21710.344533191103
95326,19139.456519112973
107438,14536.544946361868
100536,8844.221181579313
92659,16797.078674790235
94809,33320.51376688919
84186,6180.510834820853
85631,8402.270751160457
86381,16442.636937653526
78721,23216.192541363696
91773,19677.15381038743
90453,14742.4655233383
107225,16467.523381883195
89949,11874.301873518109
104531,12264.05541197329
76979,15701.385822339751
104743,8350.079965097751
87731,9186.647711477346
79915,8400.447377627279
105072,30467.703154560506
99332,9364.814929655033
88800,8182.129230429794
89522,6799.877647163192
105361,9571.793098619268
96528,13564.994264865067
101546,5698.605101063915
78680,21788.364178944663
87029,13610.815467055201
80591,54911.68562848564
79887,25721.350071657725
76107,32979.42297689795
78272,15359.719241972343
88116,12518.501534417965
99644,11871.408090087334
87595,19552.635370875418
79324,18004.2687686403
76408,44226.14106896943
79173,14204.527016390404
95084,12284.604734193887
95455,24230.3023211661
83809,12489.279558780334
107320,17551.556838441025
78828,24653.584258446517
76284,15843.96491447818
105622,10885.185028719587
99344,8330.99775493874
79395,17720.56033572436
86906,11779.871236283192
107576,10735.897031936454
99418,10750.502439575008
89050,13149.284961817802
83758,9283.914871019819
76289,27752.653618344197
95798,29410.05341413193
76119,22555.82367244165
87583,18604.459686328813
93110,18444.642042326926
92911,19787.907674711325
99758,7501.218360134577
91697,30782.62607382454
85260,17823.80115274634
108475,19962.48262882733
84184,10267.315029726642
95737,21401.580370860345
105286,13909.736653105854
105354,11781.382759369824
101587,13045.289191833206
99526,11972.313942427429
82328,14567.593814346385
91052,16142.09156341385
81332,47768.50286153549
84562,17433.180521791128
86175,19179.70442451948
94828,27226.145692626153
76792,34228.043593193026
80436,19095.267430946235
88143,10213.11631397163
102644,15818.051284702104
79459,25756.83319222345
82225,14436.335784033323
83772,12866.398284268558
82109,21294.98803433233
102803,10876.08850924285
91947,48340.50772632137
88498,7003.59398306103
104204,17016.5205214719
103303,15795.853667437685
95989,21414.760601755414
90917,30241.38423755005
104994,16467.554760327803
91408,21889.165941765725
79084,24155.455261927884
94840,10841.467996121715
103127,14537.699156760129
93504,16620.14933274742
88642,11556.854355177635
95535,31985.11269307479
82775,12190.790891445076
96490,8124.3023210724405
77545,46526.717705852236
104939,7216.383772078862
97679,12280.216975265681
95462,15108.011188124929
82601,6973.955074141187
91541,25739.12509646079
82997,18787.466380946516
86757,5745.872110509297
86498,15963.064703503887
78468,16433.013242591318
98262,21923.655741890874
108488,28518.495933557537
84813,10608.100116103878
84965,8742.3303231577
78478,31077.53049978055
98819,17233.099599198897
101543,13923.277958461953
82061,26097.040972752086
101359,11570.841622943422
107203,11121.7186073186
98811,28846.001993317666
102982,10074.544528634537
89603,19790.36244134973
95083,56862.06037482499
102426,11444.29848824911
88264,11715.301226719472
87119,12673.919415152726
86554,15786.174586759098
103454,15809.915842753848
99382,20851.135543106113
84255,9110.231465075047
101580,9066.176436639882
82690,25925.378267046162
103650,12115.276031785299
92587,81314.08879701741
92831,13974.913625552916
104410,19081.731972671994
89264,12724.303393089622
82865,17314.020789811315
76984,21773.304630897263
94265,25539.40553706682
76786,9395.440012548046
86379,10948.387545026879
89735,12138.719265152895
97066,12956.73763768235
77007,21261.424760281112
89137,14476.029116847512
78243,16293.39897942157
76669,28779.40302474359
89281,19407.099252186526
105621,22704.007063003737
84020,10800.804148061734
90142,19981.42314144835
79677,20839.135877547553
101025,13435.949523043679
101821,10534.77379813778
77424,15321.39646495052
80188,20686.459617869845
94655,27444.04849516569
85282,7660.369025887099
78763,10886.448548159025
85774,16007.300870443005
79278,9204.299703362421
84460,12034.885370084998
81489,27710.450141829522
90788,19430.37179425237
90191,10894.060281938824
106772,33060.55684231324
108112,20910.287438284984
84380,13077.53397225737
93636,68215.15827875875
103749,8690.968807906567
93435,13268.080954412868
81394,11752.870709957999
82146,35890.73730353364
98362,2912.262117401217
88250,9925.901995534214
107041,17325.46550742868
103478,13479.587030005026
89273,9289.433379608117
93583,34725.85493386193
92107,25579.72354309771
79557,7683.278006755213
77861,11126.154226519218
84591,19509.254705653577
102756,5768.5687099917095
91798,22083.006883244085
100309,15809.915842753848
94987,21474.65468925426
89991,14136.480177103105
81523,24903.916100302296
82815,14260.61777708867
84366,8809.554361792116
105609,6974.341170118704
89695,6513.3541644587585
86242,15997.61269400805
82477,5919.141895519647
83774,7627.462081524115
103676,8875.238880724912
85371,18213.989281748523
77386,50340.29214950552
93572,9581.779581493322
77535,24297.89992745085
97174,12474.44331243642
78330,35446.13653352858
94032,13301.822317674307
97537,14628.565062940259
93975,14041.253850093135
80657,29006.722007432763
85971,13703.662534648962
77536,13718.96549889543
81757,15878.889662592384
81232,27797.455447302327
88606,9635.286474317914
107709,10181.050898544141
79596,22805.661716706218
85671,17213.979938207573
93617,26164.70028149688
104211,15980.225886459115
98843,11849.081165160273
76153,50827.47507449413
105258,7952.826645973441
94812,26908.958732581348
82892,18807.19226040637
87816,12658.121071348323
90058,6996.6318882194555
95471,10176.973182174808
90419,12201.06336724683
88777,13766.054069183936
101559,8304.292893906926
86808,16226.840272899777
93637,20403.829217268096
81562,14889.422371601706
76442,36157.346299587276
79967,28078.185468434942
88683,19157.69397460588
78139,8881.812568255473
86530,11586.931923309825
77000,29503.914739676708
101915,10916.297790257951
90706,11464.79517124099
77396,14495.918748287653
83475,16763.42821345093
104217,15194.922896170634
101461,9379.616927157193
82676,7552.861916396859
104438,13331.75064173936
94757,24420.37629826757
84916,14931.725085157492
85934,18211.982229904606
93051,17690.541992740527
85136,8167.5993247420165
86448,10329.138971938342
102828,10071.540644897044
101564,9011.572372383956
85740,21794.4513865373
107725,18265.840007853065
77165,20994.92635504026
107859,11713.932972606703
83065,8004.7441511978195
83470,27936.418622796285
82147,22082.445802720154
103691,7745.601662101862
84024,13135.632562379378
99630,9615.199748446461
105243,17729.16278276843
103804,11408.697331912466
80130,10089.633926833312
97317,10676.97566235773
78532,34516.65459289897
98989,7406.778478622758
87716,8358.83214944982
103640,5512.09887041281
100541,15510.442426830197
101428,6033.202230389161
100899,4678.854915756166
91739,26557.82606997522
94502,42973.97837275872
93919,27619.22530947898
79707,51231.405519681335
91516,35812.26901434831
93156,24884.91373608233
93340,29004.669295139392
86892,9836.454362723294
80420,17862.084808213836
91660,56080.18289704845
104006,11819.399312733107
79833,44606.74061829477
101663,7519.218396729001
102471,14367.279243690647
105380,8700.868001769459
107076,21671.239451382702
97009,21226.083405658377
78577,32502.879727201773
100281,8453.098815324147
81075,48496.147303174075
105712,30051.972411232553
90807,14863.638871983097
84240,14679.95990401845
96951,18152.359855838302
77270,16348.05336588976
81760,12823.856332487641
92040,41849.797719071954
89339,17340.467005161547
95256,24400.01895572293
84788,19042.08596972574
83686,12017.900865719208
98633,8126.139993471483
76608,19356.625510194863
98918,17704.531585797355
100264,10298.285138511455
93998,19012.702758678322
90051,7614.3661060933955
100506,12988.406908391604
95747,13540.803475390627
91393,12120.917160898602
101051,12876.220957547139
107844,15626.160911457946
105479,17676.53819324104
102468,11601.594913355915
106785,16165.04404793821
91577,16939.36231769817
80832,9918.04509696317
88616,2633.5947358521016
78897,22123.16575907382
83228,14789.066332521379
90389,7752.979633235933
90154,13324.537560113107
107664,22044.072067909423
84602,6901.195548087754
103155,7337.2476900872925
94290,22783.689941148325
84292,9508.810547994413
82455,27920.155135625882
84453,8037.8843027109515
89161,16690.557138281973
104207,15001.856123968335
85660,9719.753555194926
80032,35095.66746616633
75996,20708.607475264584
83712,13382.09724012261
89784,9927.197076959419
101364,3977.753668597672
79099,17684.182087861693
101423,10239.365699153537
89977,10535.357840317078
87688,9100.27202048511
87401,16016.990875358782
90723,13370.886449710322
85875,11682.085298817008
106387,26644.68147316321
76002,11029.723621942312
99436,10696.945772545409
107239,13365.091805936181
80251,25209.06669196743
85127,28587.791768152478
90351,10184.877013059073
95526,25235.131043385274
79335,30082.57799815
104754,10750.588896094629
91081,27244.206143724048
82005,14526.254145468532
89414,24615.73885672329
102366,9260.31601826775
107017,9261.07031834589
88810,9186.365526634547
86694,6461.522521120001
79641,8658.96745195459
104863,16563.058473112244
100526,15197.39834586045
80318,21824.745384014772
100931,13624.535976910984
102375,11751.158153929837
78617,22489.080076313498
103552,10879.110317654917
108268,13640.178858310199
77842,15488.071479398603
88774,8041.981548043313
82323,13431.596495110443
94125,28196.55438058983
98661,9156.777033728253
100997,14605.20858769853
76933,5428.8431073776765
76957,35870.7781782507
84347,9825.754795170746
102000,7186.211186422861
84626,14276.659083333161
82214,51707.87200700841
105909,30935.75476721039
107442,9284.07152250384
102342,8326.603090541996
104461,19699.874654236628
80095,48721.240169415396
83558,15090.511344692137
104376,19988.28078192952
105494,13003.105271302791
81702,37832.53898194059
108056,12789.043968882592
84131,18075.728173416363
94242,24491.29226465202
102987,7096.144780671633
99643,17098.280115585152
78954,28594.412073213065
85511,18320.11487008175
85380,10240.387407114262
77232,28626.094433835446
86585,11734.06744383444
99729,13141.837068097548
94946,25809.94910999389
97768,20122.4614462643
83855,19553.644367365818
92397,12786.399672842013
90311,10910.502003080985
99324,7607.956210589505
81167,15031.049806853418
80030,32579.553346871828
103679,8560.74191495825
80164,11800.640477736937
103198,6598.269275983593
87658,10559.98875829238
102090,8574.05271236585
92710,13037.63776349069
88551,10386.253970829226
91001,23786.49278003717
100653,10432.129529199612
106050,14716.670470123301
92084,14215.488308789772
77402,20416.820649852358
101296,9228.134694507731
107242,16160.190063758268
95646,19382.26076653776
99126,7522.663849061671
90982,20720.462262705223
94896,27946.276104724242
93011,15557.641947833841
84607,17725.41053404045
83352,6812.212140631
86097,17378.880070926745
99312,7283.100281604694
77584,29605.81610584033
97372,13691.28091007713
107179,17764.649450653025
105835,14730.32543589787
92924,25201.80208505808
90798,7611.730727808848
77487,20545.664756611797
87523,9549.403915817506
104328,29468.87630786387
91404,16481.678499548703
105702,20703.590539705063
86051,10278.800559478714
98136,11376.311719992931
91149,18645.252952085826
84015,11332.622694423795
78227,20786.24856167519
91810,42901.51845222275
92345,19702.682600958597
102647,17581.632836931578
106549,10600.874678373215
97007,20660.06216414419
86887,16424.1489544843
103983,14662.501227039578
89554,13246.527098749806
88066,12231.001123462314
98778,19454.451941753057
91459,31487.44387510817
79659,29275.284843314028
83978,6765.506393519633
88036,16829.932522639334
80483,18219.677081779693
101770,2509.3525733277843
98220,22189.695653879684
84427,10832.664786671427
94491,16855.966706487536
83782,11875.278529231164
101945,12192.288279374518
96613,12312.041299792583
80126,49247.5095580163
83381,16591.48112514512
100263,9959.680981771691
94953,21135.64485188099
84413,14085.165638231168
94816,42459.87934694964
78578,21771.583496996318
89766,13171.72223641681
78560,32054.337712067805
106444,15180.114781928598
100883,2712.2876652007094
102769,8730.541985534172
106426,35097.13507610768
92404,37525.56407123546
84800,8303.367527081255
90714,11070.161317240707
96274,18116.617679689392
88259,9060.889561365044
90683,13410.562536533094
78878,11927.872212515882
78675,11087.751450225434
102189,18098.927073615236
97959,17849.562761385598
78324,23903.394916148813
100397,10656.367981867332
89808,12089.739655062021
102920,9150.308161207156
77724,10990.18179632164
97183,17030.129213938624
102360,7604.284800086419
81748,19712.699193038818
100225,7534.210879785818
101411,12103.37881031364
93887,25224.912646670586
94437,14853.771833315855
102317,7703.545610467931
100939,10305.643115572953
102016,6744.911483532325
88651,9808.938528623938
99340,8207.418287675715
107078,25560.44116455815
100937,10758.251259185748
86922,11432.00139841176
77864,27551.735757649803
105180,14404.036895573365
85599,8027.188284935823
94556,44695.86340711183
88368,22025.327739287113
81005,58802.70700303296
79083,30508.750086673033
95200,25846.514521186808
94374,23374.4335190421
94160,22996.985354322893
104549,12554.647017788173
85933,16533.902643950834
104848,20229.96091864433
104424,27950.08018178269
78183,17624.241767497904
99280,22603.99844790657
97928,7352.54218470336
93122,13594.720756616824
107991,5274.404615713525
92468,29217.662092784292
97451,8742.682924704335
94463,16933.994378667492
77629,17746.021081718314
86008,12431.291513506576
106210,29984.082960882264
106181,15161.53613633501
87485,11169.593918106135
107645,10432.78696925915
100084,13315.048357657577
88201,10413.306380770031
86236,16894.21160503544
97090,14671.535790846297
83909,14853.406758432135
77686,30042.278767142256
85505,19810.166535717002
92046,26859.002723958092
76681,13864.896918678452
102648,8441.398344872954
104998,45813.02872140606
86349,10734.290243394815
77229,16548.090924224725
93379,19457.575123999057
84973,4149.366769447087
80681,41532.062257357844
97876,10842.426757475285
89330,10544.699846470177
106836,19683.728411162705
96449,11138.354924469699
88765,17613.668531416173
85710,7281.136976391518
104002,28188.99666928778
99224,7182.002726890849
96767,23027.85684016602
91035,32723.665437606414
91531,11982.17497086297
95857,23518.22295145397
81338,21200.11396303473
97921,12828.95056859937
94040,29518.230765944165
88240,9660.538950633849
104643,12560.78373127141
84702,8459.206660077807
79809,15132.88373074484
82171,16269.361775233107
102481,10869.035683296637
99514,9657.529376658797
76656,50363.135941662746
86176,13757.086347952267
85784,11184.141211996264
91529,25381.955886719108
96184,9667.470641585722
94982,26164.70028149688
89887,20385.326396851502
91306,14059.69620962381
94801,16965.61169081259
84873,13451.859372336732
105262,19309.260870349994
78755,18478.940398480026
105378,17115.104178879123
107314,27187.79398582364
88401,17106.86624602855
104523,10511.3152866716
95968,15970.244467578674
106940,17762.140095174305
85854,13063.708883615416
100090,16807.437134662687
94299,27322.564228798827
95815,46586.8225534158
83336,12509.97149048604
93357,9952.655778169321
83671,11646.211348010864
95352,16897.29334564828
81447,13839.191039579477
82530,9779.068159073833
84072,6679.513384395444
79590,38539.26862027846
81072,17768.38086223155
100894,12456.612452586724
94501,26782.153113901306
98410,16524.137114265595
77356,33633.35663226056
89008,6746.095182780006
79270,74152.55633103628
102768,9478.49440204149
104671,15427.169246379264
91482,28991.80406984682
93496,25866.032793797305
89699,7399.34842025026
93711,20732.393896122332
92768,24818.423839450035
102118,9752.695967628953
99410,6622.680467017374
101552,7599.787132962526
105876,8821.872060220507
106386,26154.851518970077
94563,20613.828729519555
95860,15837.36776643445
83636,10413.332401209082
98837,6072.107750053717
78724,9057.577386870049
92579,26579.90640958249
82223,29300.296854697175
84289,8732.285450308129
77579,33352.2044966633
83896,7127.727843446574
87389,7456.563965032159
88139,8779.646207219745
106790,32305.089694153532
82260,36434.41480393963
101627,9603.324019456462
81876,24475.5466259353
91029,18940.827265041673
84583,3558.534696909143
108158,11276.741708771755
108203,14609.448561376385
98582,7924.787284856189
107003,43546.28593599757
107777,28496.777636132712
90308,7820.436170960265
76799,14508.741576965838
101387,13999.896079128468
79964,17845.395567821997
91606,27596.864724788906
103952,13765.645211046625
88622,8566.238113190928
94559,51711.08280929697
76143,17599.143375380794
94903,21038.69680826368
104486,20074.164850583256
87551,7628.309777550279
78063,49931.10370471535
102556,6159.973055663945
100052,10567.058278255861
107074,40320.27673278692
92069,25694.987948144986
107850,29959.112986826767
104540,13565.796413925995
96846,22194.29814640808
92391,24947.83384041155
84659,18426.51027359929
84117,16497.112589810873
79120,11838.049931609965
91389,13429.26142013287
84349,8293.121777501881
90954,45132.67158814602
92695,14315.32144437772
107811,22073.961748658316
81971,20068.39916107773
83450,8059.06654155095
75976,27947.77663684184
102965,10143.898582712682
90287,22813.813745022155
77605,47463.95503624438
91214,26872.39564034308
108303,15257.058937277592
94860,44998.87906433913
79366,22247.9729210798
106091,12486.510595984913
76439,34722.64941807687
87417,32764.64260129328
93478,14850.239815554476
107216,19460.303213334377
103764,13915.107602830345
86879,11502.801636671576
103625,14542.46890872856
76402,11312.923270488647
80311,19242.776559384034
80391,37903.09322254484
100880,13287.355520094958
83171,6490.771528192535
88078,7651.685662558726
84318,16650.64478032004
93526,23439.642250655143
94190,17999.318279742987
97052,12084.304487071764
86101,9050.181647276231
87543,17547.925402048557
85029,10767.723533598168
83740,15853.976959921409
100089,5948.449299769406
98227,16759.606596333593
98248,6676.896739520228
107138,38147.13063196214
86854,10040.964929854721
102785,7857.084043922929
87839,13023.1753241514
93906,21688.068009385803
84661,18190.320792126273
87432,11397.5933868719
85654,18604.707669808322
90678,15062.631185259506
95299,19874.08905734832
95236,28321.333321546765
107608,30308.06745235187
87004,19731.721862321578
100566,10334.606865209093
80665,11677.42356918867
88010,7528.412035903012
102663,12160.791468957046
85485,10859.572565197763
101269,10119.493877719968
104674,24449.31233709515
89263,16464.868119444905
95420,19467.583412522574
102691,6732.5051565625745
86663,7651.685662558726
106138,15987.630224726747
91571,23781.932646619047
93819,14322.490075392481
78571,16465.967551547914
94985,11972.954445894937
93301,17980.80238603835
106718,11372.457524543255
86771,16631.555714184153
87704,7796.115495755038
79666,18482.91775909552
107584,14743.99285720674
84895,10356.00307175127
108408,9943.937230354544
98171,16971.822854342005
83310,10474.701209267168
86673,15844.944478276335
82853,14656.765464467917
105650,12999.311142637118
98670,14855.972663105338
85066,5266.2497874399005
83794,6225.850653252524
80583,12139.224730626309
88130,14073.058128953464
98999,8764.479741293895
101330,7623.762047903058
94984,19453.78442898467
97990,8381.468632293767
86985,18244.30722161121
105865,21149.32385847604
108519,24653.15019831426
85264,16220.862924930516
99920,14389.987686366952
79757,24464.513348823803
102991,12116.264269366182
82734,14504.384121396874
93798,27170.03934046525
78739,17191.39103958499
94102,27375.594643598437
107720,12473.044138016023
104818,24032.597845660446
105035,5223.967149917919
78882,12836.173668884861
106768,8658.072961858275
104488,18067.40752409217
83401,19593.84447142975
96513,11728.918943966733
103742,7396.090219072853
85746,17887.13214413887
89503,7173.094880167785
86162,10505.981841970086
90081,11130.960230516088
87809,17312.68277334554
105903,13614.157739898192
91476,23199.64950577713
77323,22659.23532929106
79344,45439.64788064288
86967,13087.578298902206
87631,13263.841792589317
91478,22085.481809016474
87477,18214.01722880497
97456,24972.5288796822
91210,29846.47922921667
88841,21398.4135819436
86262,13763.47246306532
98038,24559.740138869536
108461,17728.21906248575
95645,21607.083239821364
91233,19469.395481984993
81480,27802.116818316787
82671,17676.61825063918
105275,10932.251480222098
77852,16232.007438027986
90565,22085.559790852858
89172,10673.095912891227
102384,9499.897536356277
88944,8361.666268739693
80531,19282.326343094795
101795,8126.506027380151
90744,6247.164207363198
78179,32669.330249635394
94388,34462.895294036585
92546,18705.12150516475
84282,14262.325431842499
87078,17329.272835515327
93190,34949.465225393484
92014,13633.957428468844
104501,28306.281800293964
79523,20297.800936083164
81096,19356.004530633203
78193,29821.33861668468
94720,37955.02616323115
97242,10085.169616124716
103784,12674.631596966736
100186,9328.947750981286
91494,13446.146956831202
98765,5849.491495131453
97370,20547.759108273785
76295,26079.477385590984
105840,20028.186888685916
100641,7587.611226915425
97160,30516.310979657435
96440,22026.550221975464
84853,5748.144947938064
105223,10645.68518023685
105879,10174.943805283978
80347,32319.513658761563
84534,10234.836911873266
85045,10956.416417857068
99348,24509.348086362206
105487,18447.03635674029
101906,6307.6428448513625
84905,10935.494271162925
105810,12110.329541522224
76346,11543.207743714724
104163,9766.408358669161
91997,21229.43141487189
94182,19197.813592834485
98583,14104.882748692704
78048,20841.1077862433
91650,16425.547045355575
99045,24413.747362210404
90167,12576.101408683251
81936,8162.534439089398
97322,8185.101628507475
79506,17370.86624914671
101689,10130.711183434554
99677,5216.984508313831
104364,7613.861364312397
104493,21030.184709460504
85811,11132.222781256798
76088,20054.42404652795
107014,9810.830449562382
85517,12624.159206592403
100065,11513.803971709842
100700,8628.445259658567
100178,9471.69741535583
86072,17702.53472858146
89071,7885.408745899293
76027,12094.80713006964
84394,12358.651787425268
97989,17368.78259065435
77527,11084.242244727817
89342,10322.104944075625
94118,21699.691640310808
94468,31346.82663189639
76061,19484.806463608897
85744,8916.588951100843
105185,8547.891180956489
79043,15279.971642444507
103948,10830.680452763561
98325,6750.069300266751
77056,17802.63494461279
85262,10604.65366566217
94885,28658.706576354212
92436,74995.69599846106
105339,9688.541966017765
85288,6475.917940295142
92944,20061.020890936394
83145,13906.109116909767
87905,10330.255607839224
89188,11799.32058672608
90245,14803.996598173284
80370,18428.57852690888
92165,38647.41553835841
91638,16319.265132419201
103657,12057.81883309057
81016,21732.101245466696
103792,15328.505266688398
94815,14488.053769257433
78957,9430.800619185635
83141,16506.154562616095
107365,11949.31027815919
95563,26767.85377509793
76918,31273.77952206676
87215,13637.54758919691
108328,11125.899906210965
108027,22367.007835503726
79325,38814.24152470406
89545,13383.90429179416
103967,8370.070272407873
77530,34286.30825470612
95330,34995.82229632781
78671,3454.3543467100976
102103,9426.58413549121
80024,13279.085358772163
89481,9243.102553129465
89138,11105.532339699854
98762,6921.088264494869
86166,17930.489038641255
91396,15265.82417084115
94749,40953.916562398794
95788,16715.38169285029
99730,12212.261635381163
102801,13788.303682323001
87208,10033.424404897267
83098,10516.674058308086
96015,26083.653807928702
107970,24109.673224715778
77471,32595.94720527667
85822,5964.701059473931
100518,9919.17296018874
97282,20233.721800485862
107193,7961.210446612287
104825,9787.400286965398
82687,28464.69218980588
83026,12230.796895865527
77470,13226.51533079706
79254,13715.066916899807
108020,5343.9002982653565
99103,6623.746530232278
78665,28113.023893629947
86932,12777.842132649872
79269,19822.98931800838
92024,56456.07553754138
95652,29242.98157369843
96170,9424.118024634192
83586,14703.444944063796
100804,10757.109145961645
100758,13211.916118431667
107628,18826.081954477817
108337,11090.298873554038
83175,16320.392318643611
90838,6684.553999845603
102741,15400.012876920304
81263,14354.487554682308
97071,7603.846141999795
95004,19664.400994438394
107019,17428.671580558643
95503,15628.793693516076
86249,13067.790604766775
106921,30451.75176313606
89972,20752.81586417796
77660,29765.010115635603
77328,28038.236687364344
98264,11477.102876903971
86800,16013.069161607698
76661,18998.461090184323
81734,31732.104930277324
84741,11967.12315091671
89926,32571.019542631515
79502,12090.764334667045
96963,11903.453644068264
97855,28699.053824015904
86877,19049.42056463787
96814,22608.848541266812
94648,36498.53426830622
103104,7242.940514875223
77999,22465.623208868994
77500,24374.642805790016
108189,11612.410380842857
107124,17334.960619807247
105320,16505.571381120542
84589,10724.22530918794
100502,5098.664880141963
84272,19105.576565174368
90146,6098.158278538276
89016,11071.10189959539
92360,20319.59059308712
97341,14035.570396252893
99635,9952.793563073905
93758,19532.623386927167
104345,20873.574187897928
104346,11937.960686119517
103219,18549.17704388263
94240,14870.334059398583
100510,16669.677979744407
97788,9794.414587518928
87877,17573.80846408806
83993,7968.20600073836
95268,29165.360251744893
90857,12195.24415905037
89897,16938.957101480904
103642,8499.272866659554
79712,30088.265610489507
84733,6434.207607258272
103510,9944.301822521988
82151,14439.071678011152
89275,5954.370398888894
97022,22027.074313032277
89964,6752.8573580908105
103169,10567.058278255861
98586,11879.398388807847
78199,10200.5390307082
78507,20845.76419239039
88856,13654.390584697047
79309,19106.117313976687
85685,11183.318602722273
76527,11651.53851301275
81636,15268.728830538023
86638,13247.4710478775
106517,18087.84944607934
102023,13492.694051440232
91620,53918.33696184279
101886,7081.427302024969
84887,13546.835173186426
84751,8432.440675195185
92613,25869.535192638967
91825,25298.448185563768
101895,12448.777297694274
90560,17624.618371256693
105545,8875.085527295732
78700,19366.960145919023
82886,19520.770883895868
105649,11036.759365085964
77577,15259.650862880702
98003,21458.04761514796
80537,29433.410528822198
87387,14727.319637896457
97626,6185.928132050526
92948,25276.99812754986
104000,10879.2539684754
78385,21420.859464427118
103301,9528.70809737624
100102,7349.17112145399
91401,14967.26305050706
105726,9505.36751142963
108002,12103.431446497321
96055,7790.180589570328
86533,21634.171879471425
84966,14268.60712457344
82750,8626.948143391955
84780,16324.826033719184
99760,9458.069048285937
96353,27264.27626813749
90252,18358.215573781825
92114,21506.389218057324
85641,11322.783134617915
78846,29479.76532241405
97479,25487.112412946208
100657,5905.646913390939
92553,20408.417105249042
87684,7749.690080302611
76579,20248.38007442886
104441,7250.273596824105
102915,11430.996757300642
98255,10415.246911664944
84716,10758.16982116971
85426,10752.916012374402
76829,15390.876783838803
77899,36595.573655358174
93875,17799.350889179368
94170,35592.868493102476
96206,18363.67724388171
82777,14682.56329933992
99399,8781.400673867733
76017,23722.106811990783
78785,15038.058527223124
104195,7256.795425404499
100767,10257.834872589687
93500,15133.719002815098
103248,6641.724926571533
101828,7885.576002677315
93209,22646.560883537073
96665,5891.137162908055
94208,22001.19115810972
81789,46365.12110933857
92578,19043.119629538294
84750,13189.38597731775
107543,15706.092337273434
83294,15983.02720783214
82408,9230.875529130411
104836,25742.99640519836
87366,8888.768628106885
100488,7654.5078054304195
87296,16347.758213148325
99820,6869.538416268916
103856,7392.0023653593225
80536,25322.704439012756
95407,22633.755724072023
78024,20788.34192361426
88166,17681.926246728464
79046,13007.918176476742
100829,7723.590925428415
99250,9165.113518042885
107164,7706.14320351831
83857,8497.997782308054
90031,24280.095340354274
97531,29701.264149909926
78237,16673.153187251704
77205,20151.935044677743
84796,16825.678144664133
79769,19073.380627226856
79899,12001.97383530342
81570,28321.12781799863
96209,8220.52191375735
108012,12389.809482881177
83784,10835.0857436986
95293,28851.482875505684
107894,8762.326167509533
90118,7845.770138685237
81548,16091.609602830755
91246,15249.753578442624
106066,31401.941550406256
76349,55897.75573839333
84792,10551.84285083667
94792,19040.809077111033
98772,9837.855534182892
81023,30165.687476189934
92760,13606.190763051067
81049,28728.055041761934
103697,7761.59652770095
82248,27455.123991391865
85475,28281.07114356426
80927,27678.144518006422
93520,21727.711351897146
103034,8518.92754929579
88006,16290.976160165015
80697,16535.996358694396
89565,18893.746031410094
106983,16043.292539698032
76042,21635.298622137143
95214,22376.626072983272
77712,17104.289341643143
102226,7552.825247425458
106128,30601.318576737976
94347,43384.72844689973
84176,10927.95409819119
92633,34156.842535588316
89147,11650.447209873322
76200,16184.42236653552
91972,26840.17265208577
95624,15699.17489302209
88237,13132.614037010548
90626,19031.346288168443
79402,29809.40557454029
92751,17950.525287271186
93494,27426.50124688367
77785,32073.78530414035
108502,10229.947232507056
76356,10813.209622561852
90256,8394.589167261705
76286,17848.492411977764
98835,23928.230340869482
78799,28477.086044281343
99864,13070.364430646236
89317,20362.17605026447
81235,36979.38801118011
82980,9502.081703287162
79032,12377.565166800905
94549,17572.012390449767
86872,10324.852028287603
101730,14160.609495147133
82684,11144.708965018006
99516,10857.74069708637
80017,7333.550724352819
99863,12729.091272364914
92792,29576.121117218092
100593,10541.95958843268
86135,6558.697447833893
78870,10006.179055583172
107586,23718.278996606903
83757,12276.530249052583
92765,22826.047320536196
84890,9494.372365019175
108290,13890.499855880591
82893,27013.08438165697
89660,8035.632628391096
105543,11937.165964584254
106368,12348.849455338612
81799,37638.648825913464
102757,5718.120738130647
87520,7963.218619018227
85172,8005.015959629674
76593,16818.314939412547
99431,9002.235465308848
104403,18192.965956161155
102932,10246.184087316871
81998,13079.809097861487
81391,8761.423067715848
108151,13084.230220428411
100164,15745.275898600295
77950,37000.56283286426
100416,11071.512125941445
108237,13003.919657664563
93464,19474.45424191336
83899,11934.424851434334
107184,16377.933902589933
78001,29201.56962059662
98816,7014.103290978551
98737,22568.93098897355
105432,20536.31666100748
99160,4588.051500344605
99195,2327.297646838942
90337,8157.408006117072
85546,16424.705220184347
107128,19557.657003704357
93327,32492.26931497973
81501,30222.254386467866
78485,16800.606090607987
98491,21260.735418713626
91265,24496.71435588823
97185,14486.72316761835
95708,18290.948854619768
92269,22719.800321408024
90122,13479.320706430506
84219,10314.38222232402
95920,18276.51996644864
82679,13350.261518844061
105174,14973.573419376175
90879,11400.076471468497
77507,41189.74594456002
88757,12412.541641149342
101256,8556.253611983428
83426,18342.587949734312
76075,29032.08706435723
76871,18966.856843464804
77695,37113.25765445418
103555,10602.468171549312
94893,20716.63188045237
95836,17420.3294284162
92061,12989.747140608377
79710,11033.481838421772
93899,14347.801426219276
83299,10144.133068140007
95620,31996.22155663676
104279,19520.517709206735
83705,17021.11955540684
95472,31104.545140257847
106260,16176.54561132652
76886,14567.162475029227
97248,12140.11161156428
80660,15013.460539933712
101333,11751.220029147978
89360,7268.175223002914
85450,7284.30227360111
88836,15899.389941440259
77416,27857.141211047525
79577,22389.28165802787
98503,7568.826950952128
76778,13515.82161575908
93681,15132.431352354639
98418,6634.39893597847
98615,9665.11666462942
91857,30729.202139954017
85059,11063.230548810625
84064,14214.221019606628
83511,10533.608891528545
87961,11136.26090675996
89756,8396.104995565858
106904,12196.280519085249
78218,25738.521919782062
91503,21061.125218158595
77126,9801.4014827659
97801,8576.980435389554
87474,10893.197553253407
77057,23944.654498551357
79478,25074.874690839413
90041,15196.11813835107
83374,9988.983215513617
102094,11013.8915080869
103780,20340.80389761161
105079,7694.077162760926
80462,27095.398171507968
101705,12059.288287997411
105756,25158.35988526839
88993,11456.50277948987
89593,7999.4772851527705
86338,17225.059669312763
77853,24568.0358027005
92077,29177.043080596883
102494,8406.625806416116
92534,39566.61877813879
78971,28486.65372312301
84687,18428.88367701277
88376,10317.546174492569
105707,14182.993424766215
80939,25759.195239956935
82258,22578.474799390693
104917,9109.76861331208
95086,19780.63115464342
79275,14438.077209278481
104721,9604.691802267307
107939,20261.926528571614
106703,8979.929667882445
107820,10356.970369085891
79947,20920.161624301938
89961,11108.165507403599
106451,10620.173549663616
98821,12440.883353628247
77748,27450.57348435368
104802,24829.625689018223
81481,50477.62425043676
93544,17558.279364934286
89611,13615.027760181869
79850,31631.003949345584
81466,23841.821930691956
90668,7281.464229376064
89743,16085.423893389014
106672,23807.261523577687
76030,17458.925038006804
97231,6099.997855558493
93484,30904.394447247607
81393,13645.544367899105
94369,17035.503558790508
93507,30309.27102851869
100752,7711.049374314298
95565,25307.92379497301
98749,14572.18383586639
99634,11710.595088103442
86127,8497.719945637751
101842,15522.799335758582
108481,10622.320651590479
82863,12109.860974023255
90043,9560.086755828035
76857,33135.49468893855
83241,11468.761606459462
103197,7969.537845623858
95458,13900.194019105886
76515,4526.802383441046
84987,13264.464132434485
80199,18738.207670096275
77835,22989.235157427138
80809,12658.37334681229
77245,25195.205776414008
104828,15690.285095202742
107338,9309.680462640485
78811,34796.309942860775
76708,35285.29042344288
88559,12238.351005135331
99380,4843.005178461256
89411,7433.195545291766
94532,25984.693349816444
88046,6235.888128543751
99155,10931.67016253573
80986,14885.90011821607
96122,25167.78180882236
78618,19062.57490782212
98205,6005.141558097679
98995,25580.34620689389
102432,9500.311372493976
78709,12779.497375037787
93586,22769.99414815575
98147,8682.31209377193
95468,37384.220949930066
95425,16332.573356677975
89106,10705.020141391664
85764,9077.723921184455
87674,10852.045219528309
106365,37602.23019645436
106263,7163.796413168869
97423,14269.247024986234
86855,16246.36615874628
101637,9180.901108993156
100129,7524.165147222113
89346,11414.126288508362
80037,7700.596757861844
87439,8784.22922868282
76329,53536.07902491316
101234,16389.036825714757
93715,25284.479831213834
96728,19829.15392722006
88023,15731.690613807614
100289,14623.39378668541
93685,11624.136744273777
97301,12993.827388320364
100588,10519.49883975915
78240,16397.389972948742
91194,34026.17781171809
78088,20369.93040103271
103811,10396.993761039048
79852,20174.233094648233
77718,16680.963923304604
99968,6670.46708590416
82937,13656.126347722695
106774,17837.51627368733
85107,9770.648042664943
77329,25217.62515013645
106498,15499.25737216515
80946,22373.928578610805
89630,20826.34821161133
105995,27084.156024674747
79926,49089.10881628083
93982,14013.12018118844
95152,40328.190561189585
102460,15389.667974227143
86797,17913.685086965244
98696,14465.228508682196
87491,19971.951955528348
93185,23380.387853797623
90910,17601.14033580122
102510,6516.148550532418
99707,11807.535115570363
106468,10229.867165601303
97505,14307.541474786773
85240,17084.477496987816
89795,24361.584373675054
78677,16498.889411057913
94311,20936.618781037956
79406,33842.04206837117
85528,22211.26124692651
95656,16405.877618533497
102783,12045.16767901586
76191,27334.710690496497
96193,12678.84820469945
108352,18702.556260524503
94226,25348.799874083856
94472,19933.958643837756
78628,8386.55689531536
96861,16770.542669299855
89698,15004.20556346623
89021,14623.141547181862
98919,12067.510819675783
107511,28734.116646568145
104317,13047.57693435878
105587,16898.046388750812
89244,13787.265554368329
108221,44896.59568319143
104558,20635.20171592458
99691,11878.736036963946
81153,22448.631926959046
83019,12766.080339408427
84699,7949.019681771599
92354,45438.59574674049
77258,33479.277057198524
81991,13329.694682597197
99191,14436.743130522327
80072,19235.229019952476
97195,26289.82538479925
83104,15253.852921100204
104712,11137.728275037198
100443,10017.964783862873
93443,27135.350256640973
85543,13993.953612660067
82977,16930.454146272452
92597,30219.037867735846
89182,16879.51828523167
89737,9406.369478930312
103093,13372.813876307639
103417,6537.506756462965
78550,13680.205533067345
93081,31614.277968291874
80992,13259.543046034858
83725,11116.42790960186
90755,13613.219031729837
89727,24604.765172758285
82723,13636.638515744158
85046,7263.370822825278
105507,21278.234850943703
102497,11161.478209355966
86897,9099.30943653513
81522,14518.001648241876
106201,22874.482470894643
87615,10711.882785501954
84646,10446.018248475313
104296,26455.717582676865
84433,6653.450039356966
101470,10923.878291144745
76641,20968.948441255197
88265,8669.168715772163
101728,12283.280711198015
83541,9567.36610514128
93807,32711.961702646946
83873,10502.73368187044
76785,40693.214944878215
83629,10105.498443274573
87576,18091.692360749792
93395,17112.067131329215
95537,19102.359046861595
89598,6924.2501340443405
78074,30431.64264495768
102980,9637.024846503886
104929,15474.020775136742
97395,12482.525360459686
106751,21391.46651010285
101628,15152.609925448785
103613,12534.477320029351
103641,11342.1046210118
95834,19445.413594282614
101797,2318.2649808667134
80042,23810.98586349631
81608,20360.412584695616
86535,14412.258920603228
98235,22588.476615463336
94784,17428.121192174363
79342,12815.66664733667
97906,18610.066306332
84622,13311.788792646115
85948,19548.00389496055
88274,11822.66286101091
92480,20588.854910329737
86378,17037.329389888313
107558,11254.879350189574
88531,13270.821433818544
103681,12569.795845083918
103559,7249.161669997953
102821,12653.343576804535
77372,31426.03550609159
108078,10516.920581117718
96014,9112.73200295022
91072,18798.98030260665
78981,16569.117104546476
85860,6050.792137379662
91538,20202.368054590883
100904,14484.884525501722
83903,11647.351711599897
89075,11414.985337496702
87210,4477.893110494666
95405,17021.623256810763
101957,14633.287288412424
91384,24584.00765715495
91816,22329.692469421414
93271,19072.30935809772
106951,19152.85319614375
77457,16046.810017405927
99216,10346.407779807483
106683,7398.200756123558
79593,14045.570211395627
92575,15679.551470489358
106332,21720.9486217026
99751,13599.800015782394
97844,17415.29905161947
90776,9151.787968542292
107788,33422.05630738353
97552,9845.073998397946
85396,8395.900708570582
90072,7004.257109662013
104380,9800.452271737408
108171,14371.861628495264
82534,15906.198346646754
77917,23468.730506546763
76212,17819.70912599245
77975,16471.998576385453
96718,25822.685274728265
101250,9421.206286331344
102875,17559.69533028337
97385,9534.218871663174
93943,20969.898424236508
76389,18008.447752633932
104653,18951.757000648005
85000,10834.453988611085
100844,6113.740216828805
94384,46754.80633115313
91625,19575.574459584666
92124,25467.04819355382
100983,11598.025161393532
97669,22798.704947746384
76674,19946.010254840447
104012,19220.87773475153
100742,12657.019460366022
97937,8802.229202740426
99509,24290.673662893347
99834,8540.329203816844
104037,14784.325194168763
96369,15065.542574100002
86125,9559.719764145977
102999,5271.916438484932
85473,11159.596030109513
90508,6934.254157808073
105281,30597.13164656222
90368,9870.994195542471
84029,10186.14955512788
88603,10800.201081002622
102423,7167.637608785486
105253,21974.59994402479
76230,18026.66310501541
100316,11400.219107809397
102553,10011.897405050731
76308,44751.8509132848
101348,10562.204608902272
105689,26892.269756169633
78347,24913.941312347408
88127,18748.89580858791
97320,12122.108122106627
98421,13568.755085181398
87422,11826.789973227864
90886,5831.71124246617
82580,7717.1135636990675
106420,8275.595402955294
80218,13732.661905001924
77197,9348.869688755292
81116,14161.836724053705
103847,10060.498752387852
76611,27357.019183420147
80677,13241.907625974865
91546,16266.434373095077
83706,11603.369070103696
83288,9789.126408870614
83664,9928.214113168593
81103,31773.405121287105
104136,18164.47649031252
79754,29001.189775666615
80794,29447.46233348144
90027,6193.098080955157
99186,11257.726741227725
79957,11043.588803942068
83420,10539.57716466672
106971,9621.85572402252
88929,13671.344646621365
79354,18674.117106361162
104624,20892.982866679624
103631,2327.1130182856914
106329,12118.50965078425
94466,24586.361391924394
79495,12727.93037471382
92262,15909.545024163617
103626,12397.345562246765
102620,9652.74476425187
103026,11537.564457593793
95440,25477.076864924013
90675,7500.032751218616
92169,21034.297546587208
85598,8329.157942595099
93980,14095.283647558292
89884,7856.273323926724
100361,9666.900156009033
95314,20099.013604587533
102984,13062.783766034998
97290,28940.488299328616
88702,8066.2688982033
79250,23924.70665232453
101218,12135.39197707233
85994,16100.065682429406
91181,19067.343707505985
105974,10992.13704906301
92222,29103.723426208686
91691,28218.210157972488
103472,7415.935575875369
90116,10303.014726244524
94185,15464.894973686616
95705,26585.792543070966
92442,7210.657934874089
83759,11810.255911871496
106311,26067.194326451223
108531,16185.847145208696
88487,7853.852962916764
88956,11354.698445059938
80477,24846.693850983953
95422,13716.999173984377
77410,11210.668818008613
91873,25602.50283082026
95274,22284.494172735438
90023,7348.395062628779
77204,16328.861431943447
76504,16305.156461664048
105902,5025.516009911948
81820,14533.058683250503
89405,9559.297784395812
92206,15609.930986351277
79328,18951.444021099287
94971,18805.2145207757
91185,47935.567074024184
103332,12108.595377956346
105983,18654.71132451233
81775,20230.350728008325
81946,22587.51042483605
97846,24500.42331229638
103884,10505.065465108293
105182,7950.334943435113
76148,26153.63065475488
99255,19975.02910676937
87785,10861.67577634643
78903,12323.309257955303
94578,22961.819760534465
107853,13122.948006205183
76717,28036.801300245876
99052,9162.85758187377
82390,34441.627999888566
83676,8582.904587884374
87748,19659.65581221285
95443,27049.665643704786
94430,15879.117306241054
83886,16703.713655727373
78492,12952.059794798593
97540,12268.04985251741
103167,15931.598655610487
82621,11068.481216395585
88729,21312.501285152895
97779,9648.784878239881
87179,8167.293679892606
83693,10594.070171812147
83068,12979.13034201508
87978,11752.466375834952
77547,12433.128663520803
104135,9471.178407704998
91838,20462.014261200497
81044,17066.273078479382
82100,32374.272058108774
79196,12487.397870374829
103420,8887.255404320535
84430,12383.618594887696
95116,27726.971314919287
88758,9845.78718657047
102600,15615.27918668663
97943,21051.196980855813
82923,18136.267726805323
84173,14689.183078215226
91455,24691.41230515182
104107,12544.26717999266
84031,7506.645747389587
103307,4964.753619285568
103516,12321.957380444774
94534,13703.821326461619
89498,18943.770829360634
78100,10551.444743038704
86728,9851.103841067972
89787,20945.17095213464
99604,6404.23684149435
87920,12991.359399735304
95679,29223.00773950905
106342,11411.166714968393
105013,9095.45081547986
94526,26049.154937286803
79217,14837.166131731276
105206,24022.41785954212
80930,14461.812802933511
101748,9619.146734598376
108486,12149.505121950684
93949,31578.57322981269
99658,24077.79862934588
97561,18456.970314072656
101617,8263.386412190215
81330,47321.265664296894
101771,7134.071377486215
97270,6227.107100856932
101595,13838.0290421055
98215,10714.738733552249
84007,13442.751538352768
92680,23145.8162106192
78992,16061.989613799664
107596,22474.79600319712
77206,13912.01876909098
82743,11685.015380734378
83701,16281.849252834947
99165,11984.170270564473
94432,22940.3663877358
86548,13718.183153829885
76397,20913.56087743549
100070,5963.078359979515
103513,8656.295955712138
80091,19237.163209396724
76782,20845.49005938998
100886,11017.167517383816
103951,7745.7244432477
87351,16089.609242189586
85974,17467.83328435586
79314,24240.556347378617
102475,13021.824903910338
101614,6961.613447316228
99033,9604.173066524845
97666,12517.688988880716
99253,10304.274458850938
91658,22490.02295740495
82007,18946.26752262113
76687,47825.471739893444
83921,12403.353659480272
92186,24360.47544514594
85865,13958.245908443503
78521,8438.187473603039
77902,15486.060809585058
101697,12589.506129406722
98102,10767.795388667799
88037,10482.360582347485
87226,7132.356771654763
107492,8925.296671390439
100723,8454.467825073949
78581,13517.131214641407
104777,9062.300488298237
95606,15495.208036824002
101145,8251.625563463982
98544,10792.362940161407
96417,24162.666190576154
102714,10567.058278255861
85830,11282.60137230478
80541,26314.60222851309
88142,13415.889729067307
95553,29872.378319388703
107711,11592.78595035137
82572,10559.695451489897
77820,59651.26316120367
94456,19073.873991644134
90433,5546.164764656049
78161,29131.68638289335
98322,34201.141060300375
101884,9716.143713274749
98723,9190.898936970587
100828,9975.810701012482
100612,13046.821424791497
78754,15846.982706217312
95053,48658.55024118249
87293,8408.209628748398
83679,15963.404944756168
102810,7234.476247569523
103021,16260.133512477556
90497,15306.66705511709
106798,14207.628212905947
96234,12175.710483586447
97962,6571.028969014161
81585,10345.943877539457
101255,7252.011052768196
95824,17625.114158498352
97053,14549.936146787444
106657,20956.992049384444
107453,18326.680680948175
77979,12120.568059493819
93717,18321.608232043312
100424,10048.13855895977
105579,26200.260049187178
85608,16617.88979393184
107878,25854.22311296591
83229,15760.758260983139
95478,25967.948434435417
104405,22719.673558844286
86681,7636.572050556436
81901,18477.158778094603
77806,12740.120595338409
102650,10054.893260627407
80845,23003.565802324425
77445,16475.678820885405
79206,32614.07359062799
105219,18442.583921990936
82665,2766.5644753051847
79532,26947.254165421913
98125,6245.811219913758
77147,18355.965742274206
84836,9722.097206650193
105376,17205.413863907655
77343,29239.861601571527
108114,15744.933255832602
94994,11712.528283602272
88610,5985.679140516575
99609,7064.689054914332
107243,21514.19764091229
98829,13863.170495180819
85362,15735.738114318896
87409,10782.750448670518
95322,25507.938817373237
86185,11391.911547331907
81792,33604.85264371281
84113,10937.56150110718
86139,15229.541075446843
84719,15728.633570340298
85120,14633.118941825369
101693,4945.753622390424
77413,19234.613881005935
77179,17002.62223223185
91580,56588.15968118506
84116,11992.991079283833
93025,46749.40152505475
105224,8606.168017337643
102854,11001.449284740509
76237,22882.688838242153
105595,21396.97350599967
80155,35040.31081250672
92056,27768.35857657656
103229,14369.795428545516
98783,11819.46307165716
106357,9314.498166072452
92305,31036.996139695253
96312,11145.440124259045
86890,7923.899337290764
93354,12845.307365877443
86898,16683.25026517592
76058,18311.096416977594
90555,8757.985826624797
107136,11035.622851618164
107052,29845.22431078553
76384,48350.54545353572
101670,13931.257433041077
102438,10789.181343105829
81063,18211.542798953968
88254,11178.066459314106
87041,9812.992325361816
84909,7964.8461466166855
79053,19213.746745163902
88187,9287.399312698088
85814,11680.697158934072
106396,18743.50404563937
90460,15805.266504755795
79261,17341.875297730825
105167,12741.32261070479
84047,17299.0187700075
96771,12484.403902307766
91074,47386.391108899115
92357,26192.079500699176
99588,8678.811223180908
78138,32024.35960329133
94328,17248.8081570902
92019,12991.641070304682
77557,25256.819581242293
83024,16395.995998267983
94888,13964.533970743674
94193,30602.33493281538
97909,18601.83107048011
79111,45063.468665698
97936,14195.500713955087
95276,37456.15665264298
107815,16886.891170114453
92806,22900.319131001597
91317,19374.37364394078
89507,19479.906332661463
97462,17819.243883852538
93693,17306.899259447644
81331,26508.991544328033
77260,52451.9087131721
105287,15110.636566126657
86064,6138.761333320965
94906,26362.113707894245
94965,19003.499421984783
105863,8775.231024520212
96962,12652.90198733315
82573,15687.492206039546
83271,9616.615694424723
94624,8920.106450587635
105014,22482.251104388
99965,10567.058278255861
98009,12032.928286542543
108442,10607.804710094291
78211,34341.13186817499
87609,4078.525794316436
95639,16236.676113393765
83389,12395.218670405917
84086,16362.413905288597
105956,11055.066768541521
108384,5516.298884230889
99053,8246.615930118118
85503,9921.14169798788
100879,5564.428457489167
102238,15414.610430461276
107311,19470.70655577226
90740,8171.729483948134
96463,26489.63519195584
96521,27168.29097832809
100020,8048.546411679354
86048,16409.39109495108
90310,16860.715694588776
95810,12975.785482548963
106809,6961.275790242078
90420,14698.492158922043
77189,23307.40178188775
103940,12422.10037659733
99054,22574.959704350993
86669,15551.342697657477
108226,8197.134832221012
107731,16045.034300109013
102410,6767.08203882793
107012,10672.999964031103
85117,6321.591892526465
89298,8580.643247365255
80880,16715.180238498066
86954,12019.735401259455
100029,14415.453095145687
98943,11093.97858660611
81089,34559.589161302654
89148,11175.042405484248
98024,9372.22117848948
84621,15958.526424922597
98748,21414.180111469403
106824,19003.05405499723
106049,21671.239451382702
108266,15252.833203211674
98763,4647.578543985013
100238,9297.020349982322
107279,10577.122980150418
78188,52478.9710287367
90443,14363.801348097148
95384,3225.898707401291
98928,21644.168388050053
83992,8401.15088731049
94914,18186.878271717138
92340,13163.625889597752
77677,12586.536327252123
90840,16912.95011573211
106434,34681.03717966456
83736,17074.913758683088
90022,12947.398204674771
87633,2730.577145476866
101312,14957.980323055464
92614,26846.63888617951
79410,11891.735756384154
83220,9583.887342614411
96064,10404.911750516114
96470,9420.634993580683
77247,9056.782394105297
102732,16616.4511354806
92569,22271.461575125148
103467,13037.308813622267
102976,8299.786843743148
87220,18974.40089584535
82183,15325.748750942845
88173,11922.001389128976
94227,23136.88084246212
83048,16505.205296291962
85320,15995.999959067009
90217,15826.521733437308
97112,14320.71193136696
78246,10680.389880770357
82000,23107.497193168987
79672,11903.161076434117
93499,20154.69161616721
103355,8047.368299597004
93334,30329.926273692003
77302,12813.989361902824
87100,15115.253594959257
92568,43337.32713695031
102148,7708.79557024165
81098,22457.04109193361
77544,32537.279391322474
92644,31436.327139099423
95996,26856.326431240246
79138,14010.62072402987
97082,26352.794840536913
85843,8121.883366656452
103831,11060.62653261409
78047,29460.091224737538
99184,12297.243451619866
83023,6610.329258732236
100629,6832.8519593452165
106087,13630.143046723828
87161,12595.021442372372
97572,9982.439903592862
86106,17958.01361016215
90163,19928.718339842613
95623,43952.39532414527
104349,14303.546810898242
84422,9083.31976347766
107061,10813.210322260427
78175,35689.42518139078
87468,12265.160698240257
87136,12674.559572056784
84238,9379.26228347339
85432,11360.601860454874
85363,19137.305348579306
105017,10128.898301071158
80633,29989.427417049254
82273,29069.553597480426
76668,22409.61801790357
100970,12884.572030651452
104985,10282.33782023243
76457,18949.715532003916
102241,8998.906198675642
90884,8358.511381229308
79706,21873.3758006136
92608,20203.386547111404
86284,10848.72385751886
103990,10514.641581505692
106152,15910.976711861758
97553,17181.91585636701
106477,8735.727866343386
78423,23821.773129291298
82766,17286.775760900116
77477,51756.03785226254
97680,12242.001805377118
96346,14274.187380602776
104141,17658.270786613743
80807,24832.817513841845
100442,11077.340866981043
107029,17476.198608330134
90213,6481.451604315674
88434,19091.325140541707
96441,9719.599284454902
80102,15833.902410960285
105520,29812.530400807424
78279,34099.917611402176
95023,8338.521432596084
76739,20579.407841684584
76776,31885.73161103528
89754,23340.0107090265
92585,15741.806724656715
83197,9045.731745932342
99947,13301.230421957453
108399,13053.493950031443
99140,8481.451700548243
91454,11334.35074513923
104130,5878.108767121829
108320,13657.602079966593
93440,30995.84839268236
105567,14292.099325011182
89460,7885.3163086804825
79662,27940.459930552122
88491,13651.353141590209
77034,16045.201477510878
90404,18706.769387459033
76014,12636.163953166808
104971,9841.01227387298
92516,13903.419741255635
86856,8608.38867024666
90648,19047.458131249037
97201,11235.526345296294
79186,21562.700096616598
98204,9576.893601056185
82568,28173.19855043758
97595,8207.054556974776
101703,10238.002986414082
84202,9501.438070354681
97310,7208.845371467239
105498,14178.56627491481
78896,34456.11660919506
106029,16078.741538292123
90047,13826.247908496705
83277,19009.02508057105
103503,12171.79929742883
104327,18909.940258141458
78026,30346.07625032321
80909,22398.547016481385
85733,8763.344607260104
103986,13047.566626916854
103236,15745.275898600295
94181,25476.79756111193
78518,20625.936580719455
88239,8290.510108703851
94503,44921.630875116905
76074,13492.965744160769
94424,19907.151455295327
97663,18689.820347962126
82357,22164.200752688692
92631,27570.931211300518
95482,52099.38126302489
90697,16650.179348523765
78798,20269.09921536216
103348,13634.328961438507
83659,10910.24721807367
91108,14462.810273107289
77916,13048.687833480039
106086,18736.753480760573
81928,22327.932300180903
108406,10068.597886199308
89731,15320.183913659992
106178,14106.037386834767
107719,23158.61271485715
90633,17523.50040472361
100003,4005.85604098181
98978,12901.765956173916
88009,15414.313263921718
96631,13653.053638730862
93628,20053.506254297703
87288,9362.17906865828
82057,27736.815525848317
82925,15328.962271561102
100038,10835.631409923231
78420,15312.521201696296
96271,8688.379319519981
97966,16705.425814979382
96110,8813.471872058903
80393,14335.753103355672
78706,15905.235229862528
107484,18828.857550939436
103084,10370.349446712129
99792,6931.9737759448
93476,35005.81663558074
88975,9827.142287760593
83981,14137.810101468542
79492,15697.058442582867
76802,32931.942333356994
83781,5952.695851599559
95719,29033.738409646558
106177,25841.53726888094
80626,30119.024558541663
76158,12863.726987042417
91434,18238.300851874374
80463,23126.392567142168
86263,10455.979972269315
107666,22151.676027489208
94262,22433.017340971946
103501,14261.90474321251
89996,16127.057035586307
87306,8625.015295144332
82265,15390.948534802728
106825,17536.221266386554
98851,17999.13548355742
80547,28682.140595640973
100440,10650.097739224148
103194,12955.199733128546
90394,32438.85114098645
86111,6598.372622246918
88528,19003.65125670726
86857,9997.932778777888
78099,8241.301543236856
92331,18071.04062120152
96016,18920.994972362467
91750,29254.764705955928
92459,22604.215500036422
107321,23578.792400045524
87091,9960.40286921925
97925,3783.0077388390637
81737,14654.806305962955
99093,9241.52657856517
99531,11692.488041753866
84423,11164.525726900196
76406,24248.230149234554
107350,18772.999239497643
76326,50175.48046626872
84338,23981.674633896568
76577,25634.667570325495
95385,13949.134661260037
90391,19518.817209953115
107624,24113.4372848912
99241,5569.833695214832
80248,21015.405083235662
85295,15510.212192286639
96343,9398.08433221589
80926,12645.137020207836
94027,21424.864669775707
79544,20847.2759819213
84425,9920.385505590586
105264,11657.415137765842
82643,7194.486497638767
93474,13929.32638364327
107072,8999.490009549574
83519,3232.745243995447
85962,16958.75539161694
96932,29816.207828347953
100759,10240.742786572246
107022,7816.555188881116
77012,37088.48227133947
100651,8699.863936442947
89430,20512.226405100108
88981,15816.143797400937
95740,23881.312052402704
101954,14464.02385852071
103408,6232.8545198922075
81304,11129.639158602802
108421,23465.994447973968
93532,21558.408602042993
101576,13846.74330889378
79931,19418.473243829794
108176,10856.341040125037
84455,17877.409802923463
106797,30561.75719261651
76513,19311.17869090061
89674,16210.737022882822
77722,22168.927595889007
84754,18261.751741094347
106492,10778.033146201084
99242,8424.610072646305
107569,11624.036697390753
94320,18086.874182065203
82637,9945.316447857445
96550,16199.116246178113
105480,19065.096310373054
100624,6854.014919343588
89114,11807.802437383734
100866,8523.688697131183
81896,16985.678310388485
102689,16272.135831058073
97911,11397.467189313991
97099,6524.8689617438185
92071,21407.941632677288
95849,45002.16650745762
102903,10392.012835978196
103725,14938.39876732903
101176,11598.025161393532
103887,10309.208434306016
80921,27550.58450732698
92266,20258.903945934064
106467,7152.177461537446
92139,25372.774378677284
106826,29661.734938309077
88193,13429.506171040233
106211,15395.619414486946
88612,15985.548625956775
89179,16538.13671985936
80004,27717.42753341203
98225,8858.374981646517
99856,20473.590711607747
87150,24133.19433159533
94786,32043.12674664039
98471,19588.45152300944
103319,13439.815948159794
89393,7687.926503827127
85789,16278.797483856595
97761,19335.56478956153
101800,11021.663798090269
91588,30966.889327004563
76096,9937.936370399862
77378,20877.259086933638
105010,17172.039624476227
93587,30049.565208504482
90171,7807.208404711133
90438,7576.886333536442
91148,18167.008410609575
91323,29002.68818961504
98577,9352.649583383094
77741,15120.149608652546
87789,15215.047651644018
94742,31891.271411687954
78295,8788.67075691006
104797,6343.990869941387
77425,10999.026854435846
96208,18090.44983463452
100731,10068.915870364273
93163,33919.911021218766
85915,8431.042371808755
89993,11218.475525367236
99626,24448.351397563645
78228,21490.831829889994
78779,10860.669436322172
78654,19655.03479030531
82947,19462.929452016608
99479,5856.2066714442535
90585,15516.773779489286
79933,23751.811053054567
79287,24920.790571209516
92899,27444.968212029573
93755,27725.508866587934
92117,28422.84084525665
102417,10753.792492316266
106587,27947.41615288999
108201,47799.455612739956
88442,6519.330542092289
82673,10508.966444906422
104223,11041.369482366279
86036,5091.049052279259
93425,25057.149325728824
96693,10390.817366637375
82050,37320.41702529386
99460,6915.802340019581
81829,34364.377015645565
83925,12829.671584514459
94041,32477.32758024164
82035,16635.265788848443
107368,9987.504815806262
105591,17619.93734520493
107782,8750.206845267607
96340,13271.61088006606
97566,7961.318707599705
91719,15663.096565439238
79210,17657.41701472603
89898,9367.473974767054
106642,13305.324012030056
93485,19160.7386876164
98774,12075.517741397836
90967,21632.685835808377
89550,17535.587195676264
99247,9767.613400276046
99897,6867.162058869875
91394,22311.30413150295
88135,5691.5119238441675
84111,17192.670469695186
91479,27698.063110998326
82622,7958.261667038325
104106,29196.750293937137
77050,31484.92248106799
105631,10738.637139784565
86427,6836.735056013578
93552,44635.709839391
81830,38492.77076320798
82034,19764.838898395476
105857,19585.45262761244
91623,19175.041150059013
87886,17150.01384065129
78123,3361.5964521315627
101951,8381.769772808733
97543,10047.410817833128
79462,48583.45641628121
90234,7164.439973791236
81860,21719.674745601587
87045,5378.609125964306
107162,13456.272562997567
90414,15216.597010587093
78353,28814.270565944695
90940,17382.989422201466
104123,27561.378574451217
88330,9738.028515734264
84769,8234.633722539123
108396,21555.885278747497
89556,8752.452090736731
91348,13528.889004107295
107687,17630.204834079184
90777,14119.708624853902
104801,23246.164754674377
82951,11325.392053557991
106440,18774.09844523546
83562,8818.450924017414
95283,20034.451654716988
84042,8843.82002333194
97883,10794.761047512928
101997,7872.122853044454
82566,10419.427529547089
87497,11813.543913408348
79697,12857.311158422479
85723,18632.885360013457
103511,14520.66766522788
101075,16218.00093545484
108424,11152.413426161627
102011,13764.93322187743
90054,13041.017875440502
105933,15715.983446183112
83807,14915.6385362951
77338,30417.10055283187
96060,7411.472583123192
103133,10266.574911616322
76548,17123.036728909658
79177,24306.13942644014
88937,15801.724075102655
105216,9204.834280648318
80415,11741.71273104061
89404,4426.278844166278
99503,12267.986596506678
102640,16293.677212879762
108003,31197.341603789
78038,12131.920827364287
96267,23875.463244810184
106361,27747.95571372049
90046,5432.548360744594
81034,22842.505477874172
77832,21520.778171821676
76482,11156.058998777324
103687,7885.838139922168
104148,15590.422415608517
96008,8897.196960663247
77464,29429.624003508437
83612,16421.62481258733
88727,16960.80057258971
92881,20892.840510201648
78787,36215.93906564929
92593,16505.967938160622
93216,12355.342791508308
108447,8466.719332405615
91746,28748.33164320964
78670,17335.453268143836
93142,27380.232097273492
103515,11300.399775827218
101254,11421.529450622764
103532,10946.87329977504
95650,22433.15416041476
100251,14915.168943539207
82597,9714.339618590591
83045,7976.348089416914
95764,22637.692735495802
83685,10508.639328995157
108088,17276.30262918086
99800,8851.813480636854
104273,10506.72927149916
86860,6491.526420769066
103756,7540.997233710347
90038,8235.440938021713
81692,11270.930192648635
76875,11977.432960748038
82474,9476.011442769683
84165,10500.677190688815
92416,19341.305826645697
76486,14532.775993970805
83332,17000.022584826445
86362,6306.241401522952
99000,13601.997470801052
79474,9857.921091586406
81625,18149.01723698359
84416,11026.50486064037
107026,45786.62899506309
78888,27611.267210029797
91402,12540.302147926104
104996,14651.899825969409
108161,22303.726155678207
95547,19408.46879283675
81861,14150.41146843205
77574,35407.146239085836
88480,9926.543801136298
78311,32340.49608975792
79130,27922.315149617134
86087,21105.08447327982
96083,9427.001031356533
102730,5502.582380106869
93459,29197.582238706596
103121,6761.835841978649
106519,12193.783303838041
90685,8575.179063343443
95357,14282.174300012015
104263,2410.869580977888
92978,26605.264957946758
85290,10868.573420813844
90632,8866.089716853567
105283,14572.258203445044
77070,18451.98653818948
97304,20318.6148008385
97350,22798.891662968894
88499,8397.922050053605
88773,16767.776770958888
97413,10845.681392901208
97795,13658.55922950721
102571,5587.949942420719
100395,9346.890171038873
83692,18828.264398677653
88058,9951.723733564846
88108,19786.30255706203
89818,5776.533578152792
84732,11753.334511725645
79794,14493.331603961109
103320,6131.159690717838
91794,15338.377988258459
83061,14086.153294142314
88593,13388.256558104003
100252,8537.494133713672
87177,5869.233217888736
108018,8424.736787587784
102667,14335.921420206316
77541,11830.26834553192
78985,34633.051694806
96495,11716.415443437581
91698,19385.939400289404
80282,19988.19654280459
92825,27261.86144447813
92684,25361.089908827205
93840,43894.0559201251
85266,5942.101547060193
96656,10331.853550337903
87600,11499.733814325695
106994,8770.293721194976
101405,13121.116088966575
86756,3926.8534553821246
91439,12123.183749003552
85088,9080.349101898457
93892,16665.87149513511
108240,20217.17204743655
91934,25688.73471020163
79263,20758.697049323822
99012,13543.25501865519
99507,19292.142670317644
104775,13852.185939532848
76783,18827.40051758642
98630,6016.4245194852465
105799,11526.903326409847
79687,18249.99037331259
102242,10180.012362089792
104987,13115.900506329688
76197,15682.568725915447
79819,38079.99276741203
105059,16385.275522934546
103748,8940.943416110165
104789,20684.459087307663
107740,20012.360422325088
94310,19989.6264791864
95974,24530.729076859196
78991,23854.79551345477
85346,12460.633692616533
104905,20964.258058352243
84858,8030.72074954997
95021,22919.976006996323
79234,51122.67695766255
93929,28290.736180305525
93964,22071.1692085724
102327,17109.41934091292
93930,40407.768411899924
94220,39009.56621127389
97355,16060.770575569397
101356,11432.49208542175
80132,47912.017568269
96537,9156.1060841141
95767,9632.995017314548
102780,12020.284043920099
98549,4931.4301415268565
91031,32022.43876695822
91922,19449.534445111152
92327,19946.95567749396
101273,12928.69364107146
83564,9148.148366816744
93121,15068.970012637514
91848,22578.020782644504
99112,12205.975409400633
79484,19916.249700622753
83792,13100.139154619243
88337,20134.364744240844
98896,5831.269562992103
82576,19487.48953557461
85186,10678.448531302134
103570,7475.638005870049
94806,28104.043776232676
107394,8901.669520285388
106891,9123.543190839753
77508,31912.860990740828
78851,45950.99200512967
81113,24964.18525747893
85437,11849.369208203896
82280,10904.564438784439
85886,15768.934917982253
79625,28524.742211607452
95239,40671.09842946953
82313,54998.69053197168
90789,19775.21972297246
92484,19721.089031330783
88349,6483.027796762947
87936,2463.4859987659347
96057,9672.880688318604
102286,9674.88017523289
97187,8641.86668129654
85499,9006.918239670005
104015,14241.531967056713
99732,11661.046255356705
87915,12489.262936280707
81687,11797.918153630784
86009,20383.790689327314
97444,8757.766300299492
102004,15912.612692795334
104458,7068.283663652864
98519,7155.245065651
82785,15697.172639983502
103479,19499.47470610711
100675,12437.651566196613
102764,8439.401735251278
84770,13892.022599977332
106124,7068.223903777664
103447,7895.3640408490055
101681,14424.207633834894
97714,16158.250020610614
101446,14304.609146817767
108526,16019.645009618373
92403,17781.905580502083
76218,57509.15872984346
81456,10445.264287280008
81297,30594.372268009687
90637,16573.51648127678
90327,7911.42218288679
95775,13636.185348121691
89328,8246.637467994457
76281,10422.418874573774
105285,23789.882817183534
97967,15827.287154888163
103677,7291.750597611552
89371,15791.414693484961
93864,10427.60113258987
103191,6798.230981610403
84138,15331.69880527818
88931,27394.18791596961
83174,10681.44015400615
96700,15761.823264309854
90557,7234.9874849889175
106224,18184.670297602217
76032,14602.833052924312
93904,11354.5726573759
83233,9851.612931445126
97166,13690.626123286673
107008,11783.390990994416
98411,7997.693941268553
76898,12937.686215562439
77335,24534.156731487732
103661,13361.449268908555
89251,19352.364901504472
107278,10852.233723772664
76306,22075.409610909384
95821,29845.841547145028
93738,27523.070575189056
102085,13605.538092286122
87697,15066.575080923883
95925,19349.786843183512
86432,15842.919606620504
77843,9009.018995196542
91784,20748.939196512867
101658,16790.213753351036
77139,29160.561163288705
82509,9533.266659239316
92105,26953.093437887517
89714,12515.374019290948
104701,16956.771876304294
96529,13199.899489267938
86466,13148.30442327423
91745,14548.317280396699
89336,11111.615196217062
77392,5408.723411178195
107821,25406.96687942302
96431,8032.306420920278
96177,9569.525709653639
103091,6756.832332770455
91003,20306.63206781318
95781,19086.734998163105
96216,13301.778981089974
78178,46069.4291264049
108259,19727.293683024538
81909,9209.961963912796
87054,9509.307834675292
95949,18867.1162247029
84912,15660.2885845746
106750,9863.03797673505
105535,8129.118829520161
104790,10267.37440077744
82394,45075.77817122197
85536,10459.043397399475
88663,9796.925287093887
95114,20594.751650364055
87720,10552.98607397984
105355,6765.922279769179
82633,9184.573132741552
77178,17738.96929797056
82650,10012.744193736089
88354,18317.89272201398
91594,16019.03377699874
106838,32105.35023014307
92201,29371.17421715633
86903,17211.11551100802
91790,34338.11009931791
89435,20970.742485252857
106192,10354.626572399571
100291,7686.126490805134
80263,19810.578581047524
105259,6652.6738503676
90581,13369.91213592606
82168,15705.648969659218
78900,21359.119058226137
92927,20028.21802405859
86035,13491.149009824625
82812,5789.191965293958
90960,15046.729491945935
80564,32682.522115623276
88136,12987.35360284929
81598,11529.069900805436
84515,19311.432887774645
76559,20952.31928875607
85602,13164.0577477584
87221,19168.710022314433
103271,5360.023823040969
94627,32443.01203382799
79016,12180.851946087589
89875,17033.457615562696
89037,16369.61864539219
100203,6009.37446502535
86521,12977.574590037415
100287,6799.101181873553
100028,15441.95649076053
99993,12328.34905068728
89572,16889.096268953755
89439,17648.880919335174
105686,9189.688233851002
92939,16260.705182122161
94055,29866.527959997187
80380,25349.075266275628
99967,6274.633182458665
95543,15592.561840696499
97455,11531.788918321216
77160,13136.224495483126
105212,19111.336503123643
100236,10100.928143944651
107291,9625.026698520282
104571,10079.59992183709
107474,13602.056598970785
93115,36233.90678971053
92068,24301.340782101153
101225,12243.348170874957
87087,11928.70586645856
98133,13750.934533660251
108494,23305.308438966218
93501,28286.909056924986
99785,9309.591240382035
99377,10563.350541791584
104791,22307.6381933169
95521,24878.933115707543
98752,23199.81545121765
100191,6779.425319146372
86298,10960.486632472419
85617,9291.012908219998
101651,14994.984528843479
93014,16489.796230456694
89934,8143.8075498014105
85334,14986.633162475644
97879,14701.661593022003
79690,23165.73641853263
108126,20998.055447997955
77117,45428.97983307313
99027,16813.81213397942
102822,11939.353110554624
80603,13556.50012627616
98014,6615.8780948497015
77131,49562.34927546817
93449,21537.059335489404
96996,17331.068300976996
86682,6242.1624322797325
88766,2773.78146309979
89860,5341.432771329349
103646,7188.900118359513
97690,17656.100949638316
101168,8651.611073999706
106415,7465.649445546557
83711,19766.128506409448
87996,12150.2665619392
79855,16777.24512841786
105266,12756.983806918026
92717,39933.40198823357
88833,13943.020205104627
100290,5876.147927277109
79845,12645.035155403162
102781,15777.058343603874
80780,27551.423739736958
95643,18786.34920452601
90478,5714.3897697239745
78919,44623.474863268384
87599,11992.602443367825
83576,11990.288202951553
97582,21154.033891850973
98560,3375.595672558521
94839,14175.757880431025
79584,31210.210017954767
95009,36047.6271190807
86194,9470.687763342607
81291,15004.525892563292
108264,8073.064192920066
91618,26591.20365274087
103987,3035.9531897457105
98687,7702.258624174761
89683,8718.989554607062
80178,14493.169338102043
85041,9121.46318136738
85795,8433.774883812117
92667,26277.382621709585
88648,9225.300392497797
81003,24114.575040751857
89530,9618.757468975182
89343,18911.68786165675
84383,11191.260704928645
95447,22454.80186850539
103195,12589.180862706986
87916,8770.928315305377
79701,5997.15834798723
78939,34193.154810719294
90700,7415.089116808759
92770,25562.561203597794
108076,30363.426296705384
76716,21170.23145070439
94223,16344.268144118776
97551,21308.128405401145
92126,30659.932627415685
92616,29616.04684559726
101680,10793.39741378878
91237,34768.79381875811
105108,11286.385431958715
96867,8141.391043327268
89088,12084.496699796522
92402,23189.23336945376
94049,20188.790345373425
86720,9534.366483971358
100554,18300.04840016748
102551,13187.735339560197
88297,10274.812759772205
85365,9818.975837990467
82994,9021.54342211661
79914,13109.729066558068
108258,15076.278138493773
76068,15360.012057312497
82252,10339.818457038962
85769,17618.295682865188
90927,38735.42752327589
106917,13984.60462215587
97051,6963.603858452077
89757,6976.0753844674655
90517,8841.754240359267
100679,7407.745694465445
102698,12636.375184455803
76935,15115.97225185117
94802,29648.84277079171
106017,28225.071076859556
105400,10325.322267959431
107120,13199.375582120832
102046,9997.415510009725
90067,12192.217720869297
82781,13586.266290575699
95277,48804.817735414785
95689,22750.87134949039
105027,22757.62161544992
85236,17108.45467797923
97380,15500.370871900343
100285,19640.021739631593
98812,12978.969128549987
96265,22867.895573346585
101336,9836.28635526589
107335,17788.223961072992
96385,12690.87383262285
78322,35458.74456699215
91805,41757.91507448055
106808,14433.528161338374
91272,25903.069151310297
97409,9778.468111222444
84801,13632.430733572712
84783,17485.581527660255
78594,23918.894781952706
84618,11675.012069774695
95162,16858.286495389977
87803,14407.416963214508
92565,12465.123210177337
107155,21253.076846581924
93075,26765.490613880404
102973,10221.673570500418
89247,7457.3140005489
79555,26633.87026157437
90326,19073.809551034876
107169,17654.84009922319
79268,20235.57272260854
99954,10082.676048804982
80374,31674.91947160766
101695,5194.11023332242
91260,62769.264244790305
78376,20251.106741280106
105554,11028.633236995789
106897,17184.82119652701
88890,19288.420811016556
85043,9001.388957574336
90014,16973.567416152
99924,10256.160286913717
102210,12475.425529966853
102041,11063.577790490683
78082,54986.048246645165
106653,8503.81995976079
85042,6881.204335841496
90502,13923.63997829191
87396,17580.096799330993
92489,17869.79064268841
76383,12967.781871272184
82522,10414.82020572555
89906,16561.885520851916
103260,8115.739445510576
78162,11054.970854516012
102594,8416.511067916586
103841,7460.033594542322
78789,18020.206320052846
106717,10041.41322890915
88775,7526.895940337221
88109,12758.326476202696
87997,17152.583811707384
88027,17308.08851674434
93890,13640.657241097453
94101,23339.654769791363
102675,6265.706030023917
101475,10312.32925254074
80558,10157.853213416032
87171,7636.183924262858
88266,11455.656097744386
101850,15029.941245368442
99649,17205.634984313932
105512,12052.66440111081
102290,12824.548960488379
80390,23248.35611799219
90266,6733.831543990434
84938,9733.919228289515
93151,49840.13998165575
95267,31637.68428728714
92188,23985.58380867713
80014,24819.772271819416
103390,12309.739228121252
77627,24914.672589500056
104741,7129.145050079162
107297,9676.989321063844
93101,24978.308139267385
94142,17757.335004106804
93814,25798.260137061396
92300,29648.12616705113
89616,9244.899471344437
102876,10954.436651360198
106731,21511.294702377272
97653,13263.036151012411
86484,11091.057178447158
97041,10839.589628740914
88263,18005.273384679815
79035,17417.313481214424
85171,20580.72950705436
99949,10580.311267838233
97528,8278.010238571997
89333,7382.362901723556
108420,29734.902974425353
103545,12765.228470530337
87578,10950.418579000578
89794,9014.515661805086
78220,22389.511570626008
86074,9588.536403424747
82330,19288.809444380182
77108,12851.798191059677
90682,18462.61626763216
105643,38438.14320684896
104819,32992.89773983172
98722,4562.525880897556
82464,11423.339201755756
80687,26830.2884756137
101340,5960.010975403299
86763,16393.287303621863
103549,7003.9633291229975
85520,11216.171262583743
95658,36803.60827975375
98745,20089.937884638297
102751,8109.259950695591
86044,18631.638039292677
87791,7220.596776514508
85907,10268.61649536909
82976,17228.42441947869
87738,17717.75512789811
96035,10034.468270755018
88577,14454.614843635565
87932,9016.319222831382
100197,16765.750960755526
87983,19161.47910843978
83455,15650.054351229082
100627,8547.568156140334
108491,7146.385803395582
103896,3581.104218734194
100166,18512.951876162646
84224,18231.22556023101
82279,15519.701367886744
102695,9453.836281775613
91730,12837.495065261232
91520,16831.324311669712
93441,20233.22369712547
104061,13781.323074945072
85328,16278.791794961398
78431,11140.944093863764
89987,10658.470958832715
89785,8426.762007359244
87524,10769.372376900103
105313,20973.355052503972
97204,27483.378975418585
81190,21439.218345419205
106185,25574.001991090583
90483,11461.930013159636
85436,11840.17881496666
89422,14771.21517940288
94943,22650.244399547053
84834,9623.00714321164
104864,12088.138238838483
104593,17496.590972113743
97614,8293.695674618684
105794,10224.209972384875
87647,15807.929203282913
79445,26187.738433730694
86179,10257.407990600712
80653,31681.90538407796
86987,9013.547406143654
94399,14429.582333941857
85016,7656.657667016368
97822,9752.709238348069
78119,17407.54591045958
100744,7291.977024205658
105979,10599.898903430369
99994,7987.7080996194045
100774,13481.949748849589
92935,21067.183796330086
98288,12066.431039720257
76583,9392.975644864793
83919,10715.581199523924
81696,52474.092096078115
82491,16445.99052550923
105912,7796.138157152096
81324,21547.598049864457
76616,27639.368720645223
77437,27898.482889430616
87372,11104.66603594788
92668,27389.432961834435
89936,7113.13409485831
103228,10751.465878878797
97587,10184.37784587921
101465,13635.536753885328
83831,9851.567272439048
106127,15686.248359248375
81306,34491.225781454086
90977,19941.161279384374
104439,18140.93792430092
93212,15969.577547911778
102209,7723.960194298959
100072,9190.159512759526
82518,12848.88083773431
103988,4336.340987715071
89788,6957.295451251419
81061,16441.477402548608
102430,6148.136157632962
97938,6628.312931989192
82243,25976.332271320676
98210,16079.423119942598
108342,20992.247354739968
83764,10998.485623999766
106233,15220.930868326664
99659,7617.966927885691
99142,10745.445373793818
98655,11008.75100281471
108449,17242.75718655211
104515,9722.943780745902
97931,11068.79359645284
100995,9134.198657256371
96070,23885.618153405514
76333,13539.376802790313
106307,11139.32061930474
92092,18287.72485259188
78883,8402.15038328687
94921,28892.988954840086
78172,30535.31267509566
96430,25019.788646025983
82844,8121.175288049984
82378,4051.416734828548
105297,17103.166825375018
95050,25629.442444974757
93124,17777.629254069816
80112,21373.525500914686
86478,10679.519649938926
83917,9491.043765402152
100721,12630.749944788415
94123,30763.078908388357
100693,11888.47073270604
106688,12906.878047683012
102131,11174.524438929902
99935,8381.201926310947
102108,8657.641248631253
82729,2681.4683461283084
77495,15896.736244355085
98827,11574.578117809751
97526,17652.237869267905
104954,9260.914352572567
78155,20435.381635643753
79469,12255.081916282084
98055,12002.290791472169
102443,9045.105242356613
91468,26922.995253609046
96944,11654.993645604529
90974,19853.46379947557
97294,8288.786464393019
98347,7087.516716956
96505,16396.634629679083
100542,15386.780544552057
79348,19107.01823786904
95285,23403.160723614754
103440,11168.06801596673
91432,24585.13191351112
84815,13016.848217107676
88959,17698.59481836696
96017,24826.57874772315
105760,10526.734921474887
102874,10196.359965971373
103528,4962.334848277637
87558,11075.075740565138
95691,23576.33115795285
106122,26708.56498434162
92479,8545.581859054024
106673,5249.879463373926
108143,30160.029614947434
88298,9900.84298295925
102149,14885.472764374303
87765,15097.427936335818
90258,10223.022657031195
96940,9190.597052306814
108032,7125.694290123746
77733,20526.856761806957
90186,7139.69374609878
94702,19031.67348771888
95120,28281.9128679663
91144,14269.424037111676
103053,8262.390012213438
99408,12994.303429988799
79533,25043.53716253211
99369,10411.555892692526
105062,16874.646353192587
102029,12642.75646156964
96368,19274.653487921874
101066,11179.906437798994
100088,6135.504356508498
84869,14017.479428228713
100736,15745.275898600295
85981,14643.884883575369
98872,12248.491564482754
84037,9506.770371208222
89217,10773.811112595344
89775,21251.86502555121
88379,20826.790163964713
80011,25741.316447319925
80836,20274.409210264443
105215,12006.357295054113
93719,36960.90949029466
107968,16301.632111777953
98967,9212.979836924085
85591,16481.48471583528
80478,11629.3405830889
92882,17586.14541807268
89721,9433.890661123849
101878,7815.516842621209
102301,9667.879796948533
101408,7050.878326254824
81446,13878.68659260517
100045,11798.28018004528
82986,14672.554755888827
78772,21862.766235019313
78208,17188.962305471203
81689,9208.074623944958
96791,14704.05043779475
79141,12923.232363422465
84271,16306.21537564696
94879,15929.81311156209
107759,20556.698624609344
83675,9937.092217218664
88258,13758.386771472395
96976,13129.319410603373
92824,18545.34848747329
98414,7408.785731071867
85028,10483.035501817729
97506,8868.22899355594
92767,25185.514764579202
100210,13700.745673374604
84470,10938.252812465123
90627,6942.686234104642
98768,4696.144612742138
105263,9804.566169254787
81662,36145.85485129375
93787,16325.497961083134
82688,9718.599036270565
88923,8476.39803199405
97463,9210.063468404893
93008,13825.519179529794
86807,9862.72195348642
79997,22445.546756270385
106742,16759.369873432086
94777,11927.001137392283
86594,18057.741162220664
82991,17205.945005556976
102203,8042.639942332323
103539,14747.238926133508
96264,17194.26903490479
77721,12786.421105534813
107801,14071.040000414863
99511,9666.577031607138
92801,21634.663657773686
82658,6352.176848775015
91732,15210.805577304614
76557,19598.844769305426
91314,37118.65985833407
82198,14623.501350629424
100607,15196.843121216403
80984,12289.96240581294
77901,10930.028095409354
95736,17506.569932849645
86809,19357.208871783172
78288,18011.23436138974
101339,10323.88887227932
87249,8148.221917864274
82143,35675.08408519388
83850,15313.844262275972
106952,12163.043491701148
106504,28169.338589340674
87341,14843.960889469714
94165,74185.26568853251
79986,22644.518341297528
97235,11900.725815755697
84860,9761.139511504796
94913,21968.525500124608
82439,7652.91974518104
83066,10701.382352551536
76993,28541.34813410068
88803,15664.982696177554
77506,26609.177820369587
76456,18985.09565853553
84599,7416.437245092815
76680,25373.946075032596
78685,34597.18080428182
80310,18874.83951492248
107412,26630.112689617163
89792,5972.487233009832
87421,14540.02124346616
88821,12102.318094281842
101930,7681.568017650262
105822,10890.907561873399
97642,17607.643070062182
107339,10431.49545992717
76550,19671.459741019564
88272,4808.696190006121
85777,6502.636589268641
104995,14569.094530639642
82640,7330.406847842381
80887,14083.792751817939
105022,18673.640835232556
79920,18507.866468208766
96724,12006.467726193292
87654,11616.64653170792
80242,32812.03493472404
103464,10621.872829283431
99537,9739.228413927452
92524,29334.26054707254
83634,13756.557657923157
77597,14354.075114407307
87830,17377.4056342474
87700,18170.00193821433
86513,9676.275379604756
92891,12703.505689060345
79513,14797.30726709577
101087,14102.967510544682
85729,9174.38653574058
107672,25181.75195999724
77549,31389.719716431697
94307,21103.802357050514
84500,13285.73225543796
98867,7688.423126724963
103039,13295.714137036523
91192,29528.72099258085
82205,12892.83355199995
100369,10957.521074573955
107529,15619.355860743583
106073,14304.153649922122
87934,8377.755163272426
99978,14565.798650682083
97512,20328.85426898505
78085,22645.155384824222
83329,9850.234870172602
106679,20536.935708815767
102680,9140.054733894056
100260,18772.562492534515
98100,19137.96946873413
79452,56112.69970821363
94814,27239.983141517903
83431,9859.150882799398
102298,4583.564653267984
86411,9478.426682632022
105783,12246.842202154314
79588,19957.18869003802
77976,10618.374485739641
103387,15621.091754326473
93070,41385.83087548669
108393,22672.502887480958
105094,16299.347582953022
101152,8709.294041366595
87464,10833.117582141698
92410,23122.904619843215
102395,7861.520488875302
98531,13366.011150062237
89945,10109.629249397749
102454,14425.453281296213
104729,13219.150681039864
89493,10126.985783317237
92058,26811.319660329165
93884,14581.5236986038
87594,7675.283718489858
100891,12057.228350625554
81535,23225.732628745256
80847,29208.610790465045
90120,8837.961890314411
76004,25334.000573133697
76670,18153.732890394378
82018,7972.978471804182
90007,17152.14399186231
76604,11909.094017466148
88324,7428.043200366741
84260,14439.732316409865
104662,18405.72391050715
80740,23381.892065088217
94973,17432.129687470737
89099,27135.00112654236
89528,16102.926336374616
87947,19996.250199793845
76967,24069.44699193788
94126,24768.56991771842
92187,43760.2266891059
104140,8738.21716545734
80573,15607.028383621453
99372,13580.430165707307
79790,32945.85716393483
94392,22116.6337491739
103573,11569.461308278202
96538,11740.58726248928
96774,21694.55875393048
83631,13471.614663812543
89532,9820.460102085694
83991,18115.114823255848
95769,25931.576958473153
83263,16239.768739711631
87065,9792.683929583578
107642,13635.895748739102
85968,9131.083511908932
77321,16229.775568886196
79237,25622.431830539008
98975,24815.429518566376
95590,25980.615851280483
104906,15848.526887218599
103289,11968.713178461503
82134,18557.359845765655
108432,14531.404070700257
79361,14501.697871888375
79283,14749.768410889299
108270,10194.789258087736
100333,6240.181771919064
89059,7380.579673889993
96852,7748.988827815932
89651,17428.087827012092
82856,5466.052919393387
103072,15579.811235859765
108315,15218.956443738889
95664,17323.91082503311
87882,16199.333738036765
81682,24730.360167791372
102981,5303.172816636758
104776,9116.409522066988
97621,20504.930697073298
100451,11984.421320018508
94393,41848.104411895794
87416,12171.166099631237
105999,8272.806584577298
91075,2844.835617214058
104390,15338.72539167157
78471,69434.64699926281
91077,13972.726215080647
81733,16162.166660031446
81475,22131.34085806189
89546,15441.254915361895
81968,18344.994236432172
82201,20107.131408233246
100703,16409.102321382623
108173,9300.816598312413
99283,2786.0178111064374
88618,7947.9681603992185
77172,18588.34042754992
105813,13375.535276800627
85410,8819.674691171
77665,12968.153698213522
106427,12914.49890896819
100684,7541.476513568998
77682,93620.80322115355
106196,2588.5610209431425
88627,25159.35495780091
108029,14388.258218236
80142,22730.667939132614
101534,14984.425673954753
106737,21201.18582228955
84776,7998.236042926144
100686,7683.189862542326
100393,15308.150634993444
95593,19864.718653519903
106482,28421.208762117312
82594,16870.93379016117
95052,19686.420643731773
77581,31892.10437630672
105894,15109.67863636934
98981,19856.896239994534
103791,9895.566032177341
89035,16344.243894069512
78988,53277.04608218928
102284,6588.015369659605
78961,19566.9865102592
100824,11491.461782261034
80563,19413.032187705387
106006,26946.19645306058
98874,5864.379035401141
92004,26259.894591403892
76541,5732.963633815988
76087,10160.8429043171
96383,8488.748416049595
89403,10612.589141559754
85502,10349.722468813792
78453,15956.579527367488
105672,9528.401960512587
94086,30978.301948631783
103223,13412.066269596708
106894,5336.829176914833
104079,16692.058094557375
76659,51858.15308470996
78970,11454.86659863936
94467,7588.763816126222
106317,10877.30274838426
90990,18953.914899057836
85168,16123.849879693886
85329,17187.568599042883
90573,18668.334529736625
87552,7146.643804621202
106650,8676.8984525921
97658,12217.762842901333
103443,9957.469407823313
108293,10187.339390609077
106230,15344.129823573536
90762,4268.078740210545
90385,11443.46810467236
92892,31051.952839065438
87166,10903.263160457107
88217,17846.101816712977
107357,12104.017532705082
104588,14678.805562631213
106711,23932.00764574672
82117,27084.85509316314
76811,20616.5320870493
96629,13436.850672351467
82497,13725.373456896275
105204,10289.404457646178
92020,23384.342455459522
103534,11114.445990051237
87801,13330.763512297732
76388,21648.95218293036
101512,6457.743934303018
88523,13526.817707862525
82847,19918.14562661941
96295,23784.93664520586
104555,12871.522162098374
82459,7956.416461940464
88896,11252.456733216251
98912,19999.0533328603
87904,11889.305754646306
97899,8569.921100139514
84404,10318.482476162968
83628,29000.696985516584
98240,6860.421241182433
77405,49826.098300050246
95241,20192.493405204234
86588,15045.515627731176
100568,6901.369142581245
103330,10362.062924195776
88168,34813.86187045291
99695,7497.364610255492
105415,27977.274190783766
108291,9557.398090903083
82483,18637.38725818235
76215,13392.800757281415
95883,10215.458032768427
93944,17363.760331872174
80545,11878.518009453805
87133,13827.049677714902
107929,14536.706232023453
103594,10358.412437413985
98090,2968.833117245391
85950,7805.841325086135
97817,22580.950536632543
80349,11642.153030973464
92065,31032.95870121697
81419,21159.726702628846
103547,15796.087577431974
82647,16727.672631980608
103287,6606.010877759675
92620,22836.077379646504
97818,12532.928677994058
94762,16108.84208364322
86986,14751.19838457132
80244,15111.466569766515
81808,34268.076512674204
101955,13699.122698859686
100277,10236.420886621909
97433,10174.189747126396
101701,11528.145383619536
88891,17099.185507440605
97998,9050.366841286048
84676,5978.324969742373
85102,11612.139767889665
95997,24239.733586986447
108269,18761.73808503523
101745,11445.095220328552
94167,24959.56415585765
100965,3477.033414426883
96695,6319.432648765878
84077,9055.235956618297
95666,31273.265798458007
93525,23772.935023041704
86442,9583.887342614411
98856,14433.136275607987
102762,11285.735097603623
91868,23703.724599594916
85895,10115.351778580249
83837,9775.20865721525
97933,23966.8448356298
77159,45497.226406631744
86267,13675.515259025538
102669,4107.906749423742
99058,27189.708963482346
83648,18086.067339796646
90586,15885.839159433563
96303,12470.856277827994
91599,26923.888780152385
104830,13601.444016366411
103867,10567.058278255861
103352,8202.463569876527
85911,11302.564399520437
86215,9510.809811324696
100026,9351.176653892133
87347,9257.241800950971
95363,15969.147450977373
105922,26656.35617512189
100582,10725.460960009059
90707,12947.392894138826
89442,11037.705150583894
107455,12624.026311761312
79441,34784.13815664537
99119,12296.361093691981
84855,10969.387103121166
95694,24177.66825247867
98802,19998.09148992245
93759,25486.04589498798
100855,3335.8066761595305
93601,30897.30182379344
103425,8105.82201770101
79810,33793.72965513197
106082,11927.534820369896
96555,12233.589903895596
76273,14447.716062358018
81265,14145.646372971787
76722,22946.604075720945
87080,9521.346431248883
85477,13631.325105805814
100688,10060.516010041982
101612,7411.678532939514
107135,8373.32441612217
82754,6706.349414284843
77167,15834.020344991193
95627,34407.31629322918
77685,21083.15096603563
81835,21411.582249235576
108459,13963.318902309426
99976,18976.002224765874
77873,16173.337683918764
91574,18814.390161296527
98487,13658.022326387296
101067,4930.887273809211
86888,16164.002160044132
79051,15558.213936486402
105704,13617.981479800566
93009,24106.91171076703
79182,28784.344223199183
77226,18925.680185619516
83439,10919.39946319718
106093,17585.075262109644
85243,15705.747238214397
77181,16079.095061585684
85451,15957.666077043492
76412,40404.40865243166
87990,20231.306231053197
82077,32037.749721861954
86289,16799.72274197907
81566,23390.436853825304
82864,11421.523640996254
99130,9425.370667515741
96176,13427.838852980774
102269,8028.044740125772
91841,23776.658234498183
76041,22432.660346752462
104840,17869.975047379008
106253,18237.159061979764
98245,23518.728241711564
77039,22430.779834502027
100730,7338.991930211428
87739,4779.987591688663
107559,11802.876549692646
103282,12878.301825398808
76646,24509.178246188454
80252,12618.124137027145
103895,9265.904383842275
92491,27312.72075568779
89765,14821.041180004417
106652,17862.362160682143
88005,8154.422490371845
99470,9315.461697791987
77069,18942.540521550185
77955,28521.697246872587
90809,7742.888810631189
91610,20566.814778836786
102774,12854.031497721935
78231,8596.741613098506
101171,7541.171214191423
94420,9836.002047133099
91378,29911.72644807667
82771,10665.94975049047
99918,3146.4577365007317
103574,14779.304855338272
86799,13316.34657719946
94318,18435.673482959042
76950,27818.44476845854
101720,8765.256626877754
106698,21891.63114942646
103488,9727.083332608594
99153,17733.144082679093
104945,21151.538106799147
82708,16880.32275167772
80674,19203.115503550198
84122,11196.180219665763
100375,2453.1589228679613
89456,14493.616131120118
82974,13607.29616501628
104716,23306.52989645498
88124,15837.872480905728
101244,9202.90492332636
82069,16274.214154157346
98606,15092.534209649079
94412,31036.337508836317
106030,24862.113104722208
89877,7407.0737434560015
83349,15336.474570322533
84253,13451.357133432093
79774,21971.66178113305
87259,10695.708776910735
81587,9928.12581129262
94407,19509.062226627728
105889,11740.946537166841
90829,13737.38914998163
90286,7862.064073927186
90162,13386.373560526607
86022,12269.73497522682
108101,22570.379643237327
76814,14680.562028253276
106162,22153.8566304802
106605,17461.823105844716
99590,12513.176561520557
102676,11425.03134096675
107658,11448.6428902446
82396,14124.531467246388
108051,24886.362114929136
92955,27799.768404682767
83520,9614.119644548677
80338,16847.469489642004
89312,6126.379785807434
80751,28414.377621291227
90622,7008.716190056826
79431,22776.569122386725
82870,12493.266630506183
106446,21236.962209879006
96223,7826.043517572568
100491,6827.30662524803
90125,34595.24781603954
107869,17751.412347994577
78278,27318.800149213384
104244,11831.011332302147
93810,25775.188518845636
90911,26092.408040716946
81869,30594.332957682822
100472,16059.136420645582
101927,13383.945048298505
99713,16846.507111348426
108184,12179.799957239526
99764,7014.25816123768
101286,16153.440658026773
106534,7974.418270014047
77461,11543.406971441353
108272,11540.486849882367
106010,22515.970626540067
89193,14753.435076685311
87761,10467.551406391514
88154,13045.652990663664
97789,11859.018122972302
98271,7205.30115115513
84160,15868.783080428426
80752,10112.194571243805
106107,21206.017596664034
87260,11310.072242984977
76549,4551.891396168343
106619,9518.27819414258
93849,25319.07378065557
96045,16912.559148505883
98306,9454.383606228444
91896,41720.72584788415
94048,18821.434331448887
104918,9691.923289361941
97720,8235.24506116237
97482,6232.241781105473
94156,22064.79351038927
96469,8778.349367586761
96918,18436.302997927854
97241,7731.272373822788
78150,11586.57183155497
77808,36006.2506350176
103265,9885.68920604678
99485,7798.524233810873
77860,14481.296070216431
83834,17703.226656665458
82565,5600.4907960322935
104344,30327.768589672356
88984,9207.78848118251
92161,19088.268172959673
102199,18044.362254132735
103723,9801.60092043334
94677,21032.273582630743
104806,11625.102348674778
87148,16402.64497487407
78411,17605.12592636488
97856,11044.716452350727
80535,20586.77705002217
90156,10912.713714609268
82176,21231.22869307832
76790,9461.879431517847
91762,33354.156588701895
78650,28199.88542329471
82763,16075.076865914176
82678,10706.983876756345
100137,25833.64654898704
78365,30416.063854058353
88768,10424.055938690219
80346,23021.31778565466
106682,18079.59047600116
97171,20421.371167418216
81701,15612.655863570035
84073,11593.006352115204
79549,7119.519905284231
100269,8188.853058494746
78466,31853.448545892108
80489,8701.04025037898
100009,10492.95785615553
78769,12933.271692628943
96821,22045.780371401077
107253,8958.636325984775
76045,11938.44432770381
85567,16158.293000118781
104651,9683.155226055122
94428,11299.351204757368
90549,15128.176321952631
100940,11736.301145045156
105608,18876.676303220844
105280,9897.388467874103
92200,17900.84191386438
91082,9086.61203877564
77298,25822.547754527535
99432,9718.190953974086
80426,7434.265292508324
100817,8303.295403883003
98552,14190.119672372102
102428,8434.177863571364
100978,9173.63830926748
96371,14020.944683286909
84334,6961.125026729439
90196,6815.545628622593
102540,10946.165793515545
96914,6472.418134354136
100895,9697.40617945508
105296,24175.9751287118
101888,5968.615689795142
104077,6709.943346354184
94267,32337.274216963404
96803,21229.03079834794
88905,8493.84042359696
106132,8806.07015698092
104388,10402.741946554557
92704,19787.331204899918
86345,20480.763936988715
98326,51536.82642957696
98572,24482.635973192813
98754,25090.415065533783
77794,11120.285227726112
101082,9042.70963234879
98455,12364.92589581265
95796,16366.68332732146
98861,19783.81741559237
87570,3857.851592461349
91904,20522.170969815314
84147,15058.577364076007
79470,32837.41161675491
100012,8379.626587472632
78698,19878.376619507526
84929,11588.941012330535
97808,15082.422260425952
85299,8520.861246339633
91297,62552.79775178127
100772,6485.762137684269
88500,8196.211170766552
86077,18186.64337288815
91891,18020.703501535896
81059,19332.188962403485
91023,26611.379364097662
94693,30955.72117912689
83779,13232.888063783768
102323,7477.005692724207
86078,9540.560650008909
85595,17880.87509885363
78582,30236.447800177637
82311,34924.59742622132
107228,26609.678601957552
90613,15479.877351749034
102643,10075.805310763133
87044,15641.011456264043
94680,23068.951780603566
86222,15274.264654584156
92844,23946.532396652863
107625,3155.0350848471608
98155,6885.596127182403
95145,13997.556766822516
79545,18577.04558810316
86312,9831.400865430869
106466,11532.523006716552
102721,6896.540664169024
82720,8633.148831161812
89908,13214.186502323295
86593,4411.124072080292
86930,7930.391771189001
80460,16950.650990926788
85235,19123.104403846122
103331,12834.963915804423
96526,21246.884006993605
93359,16102.621946965128
104761,10979.01098242521
76684,30248.394260255885
76697,19743.562820274565
92488,18286.560980239
107148,20442.861793146374
100685,8696.45419392586
79407,23915.823906299327
90983,17846.273149001052
80435,12289.848842840076
106658,23280.01925389877
76894,33602.559868267526
77367,14976.584283292153
80301,40933.43046655739
81032,20643.14267516578
107900,38217.25467832621
83046,13739.106865379124
102331,12646.837377711967
94376,11696.843099018995
83559,11846.328889847935
103509,12461.450006758172
76553,16825.935204572517
85897,11113.816414778512
91644,16499.36324667417
101598,17497.75406510138
89707,10573.030458638026
106964,15831.14308853924
86117,8292.802594653478
100179,12758.148235250808
98605,27233.68299606197
99719,8161.605681851715
96764,18201.326224000746
97262,8589.888940516277
79645,22792.323353981395
85785,13362.716240288559
103444,7366.9396667941655
105639,14374.523407512996
106379,21789.59375417576
94283,13115.100215032058
80195,16464.125799719168
84709,17702.394615197583
106270,17460.816254162903
106321,28625.60011480971
102975,10053.236306901556
77231,43798.852333104434
82488,7233.088119144859
100406,13522.10399976637
79606,9013.034005397643
81036,15287.76346957009
95806,28980.225606249216
97217,17804.084146172347
93696,22032.87141657325
84438,9254.866947499995
108083,14410.545186907695
94109,30567.268081474747
81873,27294.585953703187
83535,10979.509435482376
108253,9079.946516420005
103572,6747.707816062162
97782,20077.03695677482
85759,16821.85624010615
101313,8497.483513007035
98905,13876.499656243168
96344,21186.343260959893
79144,16327.100671294624
93593,6671.906869635181
99886,10451.16137403443
96085,6942.470325464251
91717,25705.07962428751
100170,13846.584675992062
101760,16807.437134662687
104762,29750.078217148348
94364,16292.410030942248
81819,18775.856319644325
88720,12931.72475235725
76810,18362.940891492617
91505,28426.31622143631
91740,30829.322514979678
107115,30562.10180987996
79860,21600.726322166927
103392,8932.121202710472
107926,7385.493975160335
98206,12075.850123129077
91551,43193.365751295205
100331,13007.73928562482
76115,20359.425733566553
82255,16404.71255071966
104007,19220.640809183285
77667,7301.132966172932
97247,12894.76985949737
104182,45381.931548949855
84802,11409.717306815235
82517,4740.390031287667
79978,38400.44042020356
104400,31317.642672140726
98809,15299.110936143705
96889,17396.540537054883
106291,25484.35718830853
99347,9514.251023309838
101462,6985.055968416436
92841,28100.930575892537
78210,68323.51461380857
90440,16404.882983644184
84119,16442.74873134181
96872,13332.449665432363
99411,7414.163810025935
88399,14792.775041678822
93645,17813.29467567393
106472,12902.840461057043
93223,16720.47417958697
100761,9476.553088116563
84396,9103.671943896106
81694,22928.669591286907
91499,53891.26639476315
86428,2596.261775310651
95718,18153.57347329809
102532,10453.908153790642
101976,7973.605422870424
101696,9037.195718582467
98887,7058.851034292063
88660,16038.164129360272
88640,14851.5838348665
84379,13080.94230441082
84581,15968.204054026215
102278,8710.279660936218
87590,11240.922564691502
105244,22589.947211757608
85140,19468.596284658972
100212,7249.085934767291
82463,9303.241426819552
89649,12068.957579994985
105119,19749.589595948426
101138,10592.05666111628
97613,13460.644186321424
106323,13039.909804895236
102910,8099.354217457754
106664,16632.72941063464
78285,19886.989036932813
90102,11274.663986513502
96386,8136.636507715835
90800,7812.390801223588
98566,19602.424969467593
101815,13402.464099502768
101798,13538.247719504596
97728,13696.190369687223
99174,13156.854284600297
94250,18432.360001405978
88827,10163.771337334243
105493,8715.205971503921
77991,28371.9301913621
106003,12739.735721341056
102938,13796.651068508649
80815,19160.683545187996
102775,13521.368166040038
106108,8909.123864473182
86213,13144.50436434157
97119,17032.17107242274
90341,17199.80662651181
81713,25085.59004168211
99887,6977.461543674589
80067,49743.52207565448
104710,24758.060773543617
99374,13464.529080288323
102685,9586.7097001263
88454,9418.183240322078
88121,16734.16164048761
104607,13220.638267703602
108321,15909.497091015703
100788,15765.816116098737
79504,20604.567452065075
108273,18081.926738860227
94291,28644.332105430214
92974,19417.448339848568
98506,7388.969756699899
92238,23994.198372942097
101214,7446.921162246525
92872,23659.914119273933
92412,15154.98778818371
99487,28907.385633233484
95246,30205.36039107828
83843,9680.481907707448
77705,16818.3405403922
82903,17099.522436289095
99335,11506.214692981288
83112,12918.672919441547
82946,10658.19475474821
105777,14647.196795002601
87013,10222.90438333871
96752,7110.495925865708
106136,19471.010824249763
79867,34175.34732772002
84377,11260.317468549394
100807,15430.283741613403
77327,34991.608354873584
90531,14387.195984227434
80907,9959.942755043232
84019,18000.76950944266
90542,16453.46841379907
77431,10271.908704801803
100648,13798.643473294418
86836,9832.33899184504
85657,9936.517619370064
104881,20191.09186876271
87108,3618.861373257727
103909,14834.534463427652
101363,12049.98344919704
83894,9874.903613895496
87239,14739.626465910253
99880,7012.90431289455
101105,9031.248759559376
103682,10374.251308231362
84580,18513.225893542975
103278,7472.114929858552
81972,9748.90229059754
96088,6287.36293951742
89815,7923.327111406031
83189,13395.269370019667
93790,33547.73968158929
86893,7079.64034390248
85632,8132.458597709612
84891,7215.140934430123
81765,25789.677695697035
104808,10206.159276400886
78274,19983.657312939362
104323,14244.277492317722
104215,25094.972860354115
83258,15869.780992873535
85415,8833.246536747674
76352,16650.630875032773
105843,24452.595461631085
79923,9132.430906550517
86788,18988.63519466637
106140,11057.577946523317
107298,14787.504839354548
80097,63399.989247681224
84584,10531.175039018592
97123,10282.911748462891
82024,65269.499496933255
80482,26174.01762392906
85092,14212.953380583247
107615,11310.492956184245
83158,19027.862781545813
98377,10346.1659482756
101038,9171.182496891883
86398,10812.00604391979
93257,20001.301658720906
76372,21913.04311820236
91976,26336.21417661572
89914,34669.51374203424
102249,9947.713693476891
92223,23025.670799603417
96162,7961.112407720447
78476,41080.6032909045
84032,19778.753338320283
87790,10307.950436654495
99047,7046.439565341373
85743,15556.226763068526
100359,7710.182962424048
105381,21017.12599234511
87011,10380.666109625903
106016,22574.042079509043
104246,17151.255292200392
98535,4433.502982786809
101636,7082.930202677815
86057,18198.113552517563
103082,7341.865613043573
98076,6384.2616445298945
83514,8608.73996572518
103770,7492.605452276327
81344,16662.091722917314
95622,33252.74035251272
103797,2353.1212200806217
93056,24365.524513295986
78395,19046.088506949276
89628,8433.561591020627
103060,4408.886579428812
76440,21969.10254783708
91172,38306.03155692978
92399,29371.2718243003
93498,26577.679011614015
88211,6408.891516344405
101974,5879.0265384594895
92110,14694.38227502088
108282,10392.459082691272
91046,16847.736090741273
87325,18048.195713628447
91442,17531.542849984227
105058,8774.655966539509
83755,9847.76107360781
84596,10731.637131434
86642,9607.905589501788
104884,33370.3763745211
99464,12024.845407609115
76380,16760.08089988547
84398,7926.234413668437
86695,13286.328350510821
84967,16768.63584224745
91413,43138.05903714152
104536,20245.65124680074
103653,11807.508267745989
82660,7540.18370055616
96278,18219.639665452112
104281,9015.554754091969
96493,12012.47477295601
84816,16687.309716141244
96248,7897.737017972903
84910,12949.929024159323
76150,35231.49533095865
84168,7903.002742385473
91284,21405.503703566254
95359,15784.119671471573
99809,18158.131841790324
97478,11807.87426692373
90354,6994.42260938172
76268,21665.287432088782
99017,5673.785414368365
92966,12702.299485191206
98031,12316.549028829842
102949,9858.16274653665
96793,11546.018296793196
88706,7518.512888083121
100609,9830.892555501647
89116,7715.425612420227
85861,6748.599394432279
81217,25499.206747551845
93134,25664.868583033214
93383,22314.080388010898
108417,7180.53211980392
84549,11897.632976451341
97741,17804.07362241032
82038,29458.031180244
104696,11660.117733173198
102985,11140.905038461206
76015,34247.293087517755
89233,5373.814834983735
107693,9067.135597439108
79543,17111.836021023635
88941,11005.114408049232
107133,18223.26197061001
84262,8566.112484044144
80022,13213.03509268508
92947,2988.5491181847115
106355,21390.460643030925
84561,6797.96742493417
98987,19429.243392108227
106383,21028.952018964155
81784,10214.692038926722
100364,13016.347332424075
107310,41449.75534642551
95690,32596.322029088242
76393,28716.977322857427
99698,11090.613793488244
92142,29738.457670901633
83931,19048.884975130077
89216,7661.590081176951
78447,12885.022085702763
88380,14995.608347508745
106609,10545.214887953269
87906,16829.721145273183
107946,10582.822700744586
98084,13608.63754507355
86920,13723.444142479817
96738,12439.122408569727
90639,13778.572509866792
85170,22806.188518535546
78613,21609.942811762267
105247,16375.121903995861
90641,9728.463227184593
103803,10044.02425742282
101871,7215.393184676765
84737,8491.389674614207
88357,16344.81848319311
76060,21267.824297811563
96081,7148.9557903965915
95771,17673.062102430893
90465,11829.271678265473
105795,6499.819494289401
99716,9658.677847729621
86627,8762.635331953608
76452,31217.366207390078
106972,17825.180218632308
85032,13026.795344655575
92339,22365.736177652627
92906,31897.184504994802
107476,26293.404771164955
98693,7826.117387400687
100745,13263.760357470723
93962,29282.442226750874
87071,27267.843681699276
78456,11126.318916943412
98616,8362.828749802578
89502,14627.333670693446
84812,16985.65149198217
99278,11055.224652616704
106760,31335.14293694338
93843,18011.42838244989
89686,9523.852400606516
89459,14223.556734761944
86882,19180.14637661884
89055,14098.032637882437
103280,8075.597134999126
82388,11593.007357230645
84322,19756.330314436862
99763,9530.946952081753
89240,7801.488348372618
89369,8808.206965317
97845,9378.7913197973
98505,23011.39155641411
83594,9773.681443398005
76879,20631.07467917195
107542,8860.200137062631
80047,21456.64553577421
103396,10417.23522310906
91511,23294.60565233554
103680,8326.052675179051
90952,31851.75377645962
80329,28470.97694037944
95213,14212.7778845247
93454,18560.18917789251
98790,14156.350178356564
90991,55134.07062586193
103576,15836.572595467922
95054,15603.416490996811
91254,40407.768411899924
78354,31199.573661918752
82354,7884.067872875244
88849,10845.945955817788
89577,3797.8081072897544
92417,19340.361543673407
87390,17795.538694640596
90610,15216.264942744274
76083,27034.272148151762
81716,13186.394393730678
91781,32744.75416247638
90138,19203.84379825406
82651,8364.395165206475
97872,7644.008304013167
84809,16037.73005832381
107232,13378.954900711053
82070,13448.099854137541
98299,17855.698934015272
108152,7103.954885554243
81894,14254.969468828027
92170,27868.346584112987
76815,10930.818688499612
85318,16291.163935705852
101609,13897.51201374703
85681,8409.567493035998
90628,4266.802938112045
81278,9144.958208410817
85022,10465.53385295287
106237,10499.384955166639
99060,12993.334955501237
97068,19197.81945266593
81590,27078.246032100833
87125,7479.752957171431
86034,5918.1460830637525
92154,16599.0449869413
94085,18373.852586571928
84555,18322.780787266114
96138,18834.99904747382
87289,15658.467424250466
96099,18209.77022948111
92408,16929.91102870075
79885,25170.370647817585
77403,21934.2662840404
78502,36829.40357202944
101012,16841.77183265079
87470,11132.518541126927
85394,16528.440577941077
90467,16376.131752710922
101768,18313.558060933807
82421,12812.408933244355
85707,17101.13520656109
90630,16503.19077714845
83619,10122.611552116552
102793,9703.151745591565
78299,17641.126833404192
108074,9433.689508902085
80894,47585.316752404695
107622,9750.405476324802
89930,13744.454622395853
105194,18068.47225307913
87228,8074.036285546049
87821,20190.015375788746
79921,16138.135247089202
85109,16607.41197150283
104039,5966.612886153146
103523,14224.748671654503
84724,9575.118017175724
101351,10059.616821480115
76444,32145.13784303846
108202,2731.112597892075
92774,40072.13759969445
97279,13151.76110987676
94079,15584.713719873502
101938,6120.618392363586
105071,22697.83139075927
91761,46577.892816718086
79296,29669.663750106058
100769,10638.805762369095
88597,11146.484385997293
85935,9746.05192385163
100302,14413.145927685406
89081,18861.233480925704
86282,7305.3264683893785
107202,8793.734870999531
101999,8459.24614078883
77135,21605.611264641186
99417,10273.075043478799
90406,18387.48808147757
94752,15431.190618762128
83342,9194.624363132212
98973,17783.497524115992
79768,30859.010706290588
77192,10624.96883305392
80500,11932.543600455929
76835,34005.99348649982
86983,12183.361002070013
97069,26423.42547323071
97193,9388.814336965197
105073,15748.64371521799
108405,6695.637223094273
90739,14255.175684862514
100079,19534.436427592213
97513,18521.35500515236
108004,31357.9862833391
100330,10746.411092386425
88508,17721.140785628457
81325,28440.458755915657
105920,17240.126259390363
81530,9073.258418927078
86776,10622.290006829482
80384,12718.262579279923
105020,17870.508595089446
104228,13142.96874913166
103926,5878.727307214086
92044,30046.972347135117
107049,7987.635053576532
107408,19782.580922970814
97280,15010.028140382732
84121,24316.915893811438
107517,15919.945233996565
81847,12318.917279318788
93671,17439.7290782593
81276,21253.870604583764
105034,20626.94047897011
82559,16046.1797932542
97468,26100.071022869026
101227,7848.2358197040485
84614,13078.792153502587
76259,19794.93819905952
81329,51207.11339561711
91999,26667.04547007795
83557,13840.946633998283
82819,8811.22247118321
83735,10284.919044424465
103607,7473.105004558011
93256,24842.098623307407
89255,12327.148996662681
102147,8439.305616091964
86853,13191.941618897466
76266,14141.62055188055
85025,18310.606801647915
79566,23170.11061466604
95663,22067.79205111178
96600,9180.180957340783
99798,6065.924534219125
96922,14480.809855969117
76888,45678.03430709667
78701,29818.06664373994
108246,10123.100787283629
102309,10595.269958233057
89158,14698.85189581893
95309,19719.515631574137
90997,19180.780186380165
88930,14732.962849501633
86235,17067.546746624892
86159,9090.031553138653
101049,14019.529052666983
81773,33472.6458318598
81389,26653.739538275106
88802,10476.726589109094
85702,10412.486850841224
98780,24816.65861202056
84786,16470.362836123688
85683,14961.779336430087
77857,27065.212534361228
88429,16752.408766919783
102069,10649.622322190115
104862,11534.692928041137
108204,21314.956982606313
105476,10354.736638100578
91778,21465.65844240413
100851,11590.73789606476
82960,16127.921644379961
84799,18053.681983319744
86912,11113.870067283748
101533,4715.7467707085325
90657,8426.767538527876
88912,11677.935709485591
86715,15272.4170047274
87508,17233.770624550052
87984,9581.503472253282
94852,10005.80434371085
94905,21228.22628589041
76632,22138.02420267007
84100,7420.233691404793
95802,11596.755747259613
93740,43749.62141225995
98565,10448.11444761988
104153,10635.260409570134
82480,6823.680766918005
100660,10249.29770768233
76089,28532.93659343697
104329,7080.2696713534215
76434,18803.621846091653
84061,16045.870826911108
92097,17430.2241205039
96236,9772.853649704644
78908,10482.475136938048
104602,11990.815671946342
102750,14928.511154880223
103394,14457.073486461899
88113,8579.798286974858
95654,28081.658618419926
86372,10517.303078647163
103110,12182.071800672682
88378,16669.447751364445
97704,7013.849984376967
90821,15911.33926714467
84901,25354.29089735789
93956,17482.888070395704
96320,29350.639783035418
81148,22999.100040768364
96461,24248.660032602344
84615,10665.462476519895
108104,24061.402266679732
78039,16147.873687324749
91425,26518.216393872986
77044,11146.719799121087
83049,17980.210331467708
99803,18833.14785289083
77693,20387.08478991938
95508,42791.709698848295
101593,11206.101642564017
101499,6474.488157804736
88319,19288.814160611233
107344,34078.20606272968
88590,7757.628747135767
102740,7804.038079708812
85931,11769.098426080167
77210,19131.4048060148
104732,15091.898479378831
101802,9041.008009046971
106071,10837.998706184677
107867,8784.488876609013
103449,4610.2468945545015
79433,29229.49374048923
94897,44131.838840124
79851,19453.141884867764
103779,6599.924649236047
84206,7147.04980531136
101707,8012.149107921134
90924,14881.39136331465
92910,32496.879073526125
95774,40396.19878515777
78551,48400.8514542221
97038,13838.596570955862
107852,13010.464110439152
87639,7894.460582007826
89958,17589.142805013278
77096,15492.832014406873
80491,19757.664567302767
97835,9299.946510687922
88697,8193.31333775772
78196,50154.235346883834
100662,9458.935061179647
93739,7696.447060456039
101433,11713.663600236407
79620,11239.47091452901
98914,6676.090250588605
86750,10051.949704461485
99223,8580.812894318577
100046,5516.313838293861
77452,30029.11253695582
104703,12908.023253734425
98198,10043.43255168604
104049,17868.699942289644
102264,11051.773650668225
104967,16765.869680540785
82009,20893.391203912557
79345,12873.787275982282
76063,34756.93778630013
92506,18588.08863905823
105509,7235.753009135082
87958,12064.704221889693
104150,18336.497933047824
76395,22102.48611014034
92933,22467.477585342796
105564,10250.630309718998
101877,16028.122491490001
97863,8847.644880964257
98886,22791.56368018526
108166,23699.328903026395
84870,18144.7899175773
105095,14552.673730837898
91461,19717.453020954134
89581,6729.854612804349
79917,6057.4669565814
86396,10720.867327702075
77190,25490.3654271028
81287,11040.305797741234
103138,11081.15078472051
87123,10812.155990719008
103793,10763.09225305737
93077,20103.911951388534
107545,31294.34038978373
99055,8543.892416307834
101183,8384.335315613263
100713,8029.208574433494
94948,25910.409814410523
104333,4025.373775842932
99987,7665.297983057028
85251,10873.6658311554
78966,10967.13974883305
106038,20310.683148518
80139,25777.16404109799
86167,12245.465938024188
99261,12731.664188652743
92352,13031.350457761837
106505,17986.823378985122
100845,10892.157407639716
99620,12840.358752847278
99159,22591.253539066172
106476,26200.632066736875
98980,21080.31806191409
93289,17964.95999528862
108209,12742.715868598352
83126,9259.828227878768
100563,6647.29825544634
105255,9502.579015354362
94179,20674.52405006425
90552,8226.099802425575
91267,10919.186560760225
96812,12321.813312681952
88257,18619.534980680197
88718,11983.712188309919
83854,15407.120127361462
94902,17448.62688947064
92523,12712.984092881064
89821,15575.822345735001
95400,42677.645427713374
84369,11553.496696989108
104199,10787.672997218762
82116,28268.64746949485
100708,11798.785278163838
82790,12779.581476246209
81821,17184.34069988437
88277,14460.890595380672
81500,34204.577262012965
86835,15976.092940482456
79378,33282.7200069523
91295,30109.348985894583
91973,26318.141346467102
104856,16036.235635678946
77543,20561.999422675053
108162,8459.614995775182
91217,36272.70715432848
87896,18456.097753065773
98107,8713.576978798215
100169,10567.058278255861
90709,8893.152299463105
80086,34118.622369005534
81299,33597.006807572994
96112,18029.702863467428
103775,7403.757247991371
95669,28897.570699195556
78443,15898.461945875037
83136,15551.99423655102
103945,7005.453393261152
93010,26298.441535663995
91906,25988.694935310385
85113,11145.781410537631
79454,17219.914897191655
95079,31315.513671748107
77330,52986.55855036881
83798,12143.036461506115
90237,7367.915310452821
90782,8290.521903533765
93557,24312.982053819655
80716,20190.009770228997
103222,7994.170909629304
88529,7576.937099767034
79327,21336.078488419636
103525,7593.771241515837
77294,14608.201655654882
86934,5724.853356027699
83687,9833.057002201449
101179,10240.716137804111
86285,16471.18383181538
108225,33767.56013295105
79458,20629.742368835243
79962,26236.539210386763
77878,29415.353561337422
79980,32957.49472214365
78111,21947.370720417843
96878,20538.786298324365
91368,26164.70028149688
85298,7058.34152994138
85082,17293.625891020245
91369,22116.155713606575
96485,24181.098967102193
77644,13255.749534130959
87187,16611.455357179064
108438,16579.772101327493
83884,14163.93585144049
79694,13052.893561194693
83581,17912.255717034826
89661,16949.38250646022
91756,15514.011107031456
94344,13177.19746621995
104700,27431.972730508787
82382,34441.46613129286
107594,42467.68291209731
78751,22759.218404809886
80127,11672.132167395812
99586,11498.574721411089
79871,17129.270568220338
107372,16924.885137930454
108028,23138.760180346228
85904,13420.072274506818
102788,14054.505064412704
99942,12783.303190812661
107103,13196.312940074948
84087,7587.701594562934
97292,11356.159361384432
104542,13212.531923332957
94429,22999.147266524305
86335,15993.010612507922
82367,13180.620879178106
86457,15240.9605152922
107346,13150.954460860818
77766,60893.71317549998
94768,43023.03388117208
84426,17945.652896251806
104173,15862.212360631702
80165,35167.18806996714
80521,25115.665017549047
95028,30190.026707230347
77278,34897.94916097777
104940,19668.556936207475
76864,24026.82913278847
87845,8883.313774132028
86391,14192.487889340873
85488,3651.3840002630113
87274,18908.51236689314
102371,8136.676960375386
77811,14287.686836308238
80166,25341.375369944704
85693,8559.691469204257
86192,17706.662242350227
104128,20469.79377026729
76805,12540.228870919338
76360,13572.5616872566
100706,5768.6008375184765
101318,13442.663784098062
99579,20176.015744323224
77331,25218.126773674518
107340,12438.410699362312
90662,18190.389752756742
83565,6903.420294394987
89664,17884.704781769764
78421,22573.152499663305
85006,10004.057741120107
93876,34013.06731757382
97786,16719.23142191654
96174,26315.540969084952
87729,8333.928649031772
83280,11295.51877319276
102207,14544.898778160434
100949,8041.04310630604
105703,13344.77045460402
100936,4719.593398421881
80419,30387.53349911096
85990,8709.686496665818
107505,22260.366357466708
81337,14127.032579993955
93683,31546.983148654235
94646,28791.110154384856
93987,18997.531008232367
80512,16212.255421361486
76113,20733.579462568676
106835,6519.785280884683
100428,13868.949289759823
105624,24918.287632195177
89652,11874.506183750154
95108,26662.393634008688
99206,11986.276429641814
76036,18202.543162099806
86230,9109.973481448582
84454,18349.09460158045
79349,14680.920205900804
85609,10317.496049817926
77345,13281.777817252287
78726,49152.362954808494
94445,30806.442385344897
107695,8679.848454934647
106991,17154.56439024995
79308,12959.643945758447
86486,9308.653336975583
80429,38582.86302945144
87107,17914.83081658125
80582,14470.714685085466
90386,10082.496299191478
98363,10698.422557907043
76705,21102.772876955518
104824,7223.232550221942
104154,2486.0943263010577
91270,17716.718112622555
83116,11099.577748243235
105710,6136.167238801344
95042,18701.062376395545
88001,14123.31743187466
85212,10633.650041899169
91875,21961.658274168873
108248,10014.974807241511
106378,15300.233648598196
89950,17795.494577869926
108165,8052.470392061732
83958,12942.030950713144
101582,5939.530012197005
106377,13597.402367584378
104057,9763.119648121374
92245,32100.557323773482
91187,31004.08869752364
88022,17123.064033682494
92561,18660.77604028758
96757,10417.202180309452
104597,34051.8908072319
101485,9062.193750239187
88381,7455.433040442529
103776,8243.310081009322
91215,30188.97354209891
103022,13619.663599361971
101933,12617.029112173777
93174,28778.816127123035
105945,8225.604435427964
78879,19646.718425627405
82065,11406.4984891003
99235,24799.876847630047
81250,26710.649959340037
98942,23152.917501887292
82966,13473.197728854866
81141,20207.228867119058
101325,15335.622071141686
82470,9119.017050843213
79063,34401.99996815673
95324,40335.16182208939
86407,6420.116025707579
94026,83514.1723474122
106390,11690.086318467449
105069,22051.798497046966
88045,16879.121046425505
85356,13700.611726674442
80298,27926.24576534686
78479,11845.317121622169
98197,19467.75277965167
76490,27876.96823099563
77678,31363.77023155113
87021,16297.833958221849
107215,19304.410809707944
81404,28622.558535141194
84641,13401.259055844706
96328,21671.688045039966
83845,14881.502565847246
102745,7571.865899333138
105081,10057.91738281637
92135,16319.03712641171
105888,22168.76027391068
103985,9380.655013060757
92091,14950.252257449916
88090,17157.871763617826
106712,10363.808485502454
83446,16630.844390781207
84263,10431.69100294361
87277,9460.142914796688
90625,7151.508774190506
79466,19649.916726660427
77287,7724.060086519903
91628,17801.049615224863
89171,20424.584941650075
78750,22112.89941405305
77085,28079.4697351188
80877,24845.612147096497
76526,25796.938369704778
81085,25758.999318826383
107918,11183.54227929089
89072,7722.3636113282455
103832,11238.122425769996
90495,7301.30574879676
100430,7823.705325284246
94346,11451.501375114978
94350,19353.440597678135
85431,9081.714094484116
105851,18647.09076580543
106969,13371.745794943477
95370,14450.371080766394
94611,21564.07581195982
79129,5914.064153540908
76596,22437.654340603898
93211,22331.59502473676
102753,11182.270823874791
98370,17452.57337343917
90773,12100.958464724828
98298,11284.081610137011
98150,7498.139077814118
101220,11856.395062602076
80802,32523.20750315031
91398,20257.174650467852
86010,18765.71286412473
81267,44673.72736746806
79745,17978.33975408421
105864,22658.737017423693
99245,17761.34450506645
77308,16011.611244770833
85341,12925.7119420111
78845,12153.61666409454
78542,13169.62983626931
95408,20240.343291382625
99562,7492.10491812576
82748,15846.955255388651
79419,46028.41276573797
107846,12238.851843356764
90929,20586.987927015838
77964,19668.590306824295
95902,22641.268799746955
105576,9709.789876860355
94067,26882.19474921487
82322,14934.462963516617
94533,12811.1772250702
102326,10280.919561782515
97048,8926.87795869485
84908,10952.118745820644
81143,17045.905852259504
90090,9141.660487544857
93029,19889.485416315576
85943,15592.396762714105
95392,17683.16729622052
107057,13686.545024146568
89067,9196.175218511173
85202,19657.923875267097
81457,38685.9184852622
77074,11131.06821093615
94378,20680.48244419473
78921,16129.418859770118
80414,32781.64936736686
78653,14361.759559050393
87185,17201.909883139655
103928,9450.08731145388
77930,15969.385414136796
93057,28304.709507945296
81986,26543.863136283046
87505,7505.691590220922
104258,5153.519183148056
100795,9544.968206817999
82702,16964.237108829308
98156,12048.623584940382
81155,26652.871285832014
82204,9649.478063229837
79859,17827.826872668276
79501,37361.53463166136
78998,15323.371079493338
93846,8666.31991154019
83490,15702.44723691355
81890,31576.0320928931
78672,18293.90091738509
79310,22436.020287314255
81889,35337.87584014078
84975,11520.022078770937
104001,19264.291986572924
90374,24697.030306944784
76586,51458.08289566567
80099,31011.741416254477
78984,26167.529747194596
76198,14675.510345848263
106595,18714.89387606336
78327,16486.95691213151
88954,9818.84071607632
94710,38759.23866286927
82380,7398.764181500044
95780,29210.765286655438
80440,52295.67977542641
103715,11005.545198215546
94371,28069.851453229538
105793,22864.28980958931
104941,9368.368017456865
77499,11979.517697143925
79776,17166.708791241526
102456,5004.623576831735
87034,7406.919932142836
98570,12669.854548504703
86294,11601.127384240459
86579,12561.269991048575
78767,27441.552881228967
101407,11251.946336090152
90427,9428.05368733442
86604,12937.653837340724
104481,6549.830240456781
102055,9097.55279952193
76565,33230.152829113256
101769,6969.886782352279
86849,8257.615277565288
89128,11038.199869800375
77119,10857.308374616681
94623,24695.43691619174
94988,26692.957610588346
107071,13932.312744427636
106724,11537.21118588637
79938,20890.587250377637
98217,13678.175769824327
96660,17198.754025341095
82817,11575.258126325383
89810,8437.737249152246
108212,11152.402081930859
82851,19535.53665476877
106739,18094.67429205589
98224,19958.6259687727
79457,30206.65967236905
87381,9282.788817531837
89127,5684.992879503204
79388,29501.043610233824
100705,6002.212107501811
106385,12154.177619778238
76142,26700.06234558475
79007,16595.803925739412
95972,46779.511599736696
100737,7816.62449088253
81958,28696.598730771133
100805,9971.39817407517
81226,11341.76541302356
94857,19272.769901193587
103193,9847.194546829487
80622,27393.313114574692
92116,18506.057130695637
108228,10434.508805746422
84744,10019.982892568061
90654,16134.371822003242
90551,19054.03201212901
78428,28181.528526485712
80781,30151.91243271813
87118,34807.54950002032
90187,10529.46586542041
76110,10709.87361610375
81102,21003.387180540063
89957,10251.005470392942
103585,8821.78134661452
95786,24431.70779964871
90883,7631.41461976315
94705,49358.450438702916
98890,17597.074441508394
91766,35973.60920897175
95207,10417.00903121771
77002,12855.61743630753
98428,18703.640656002426
85456,12977.038055254083
102472,14409.674080917015
83021,9926.834249885846
94063,16425.34510918237
94665,32083.687277766338
81432,23926.269500299728
79825,30010.094032618523
95008,27081.80214528381
104634,24305.334081078385
89960,8243.698127873553
99162,11697.600546164791
99269,8696.9936981265
102221,9238.817683908152
88075,15692.413962950981
86981,8628.709257890845
97144,10488.997659247083
95073,26080.972167675674
107794,11198.752979784364
82837,8671.786338019674
76265,27143.34197732771
102416,13554.684140259646
106292,25877.74560957703
94162,25307.23081250303
85715,7421.791882849798
108484,27573.060919641048
103120,7840.0538917333115
98178,7543.484376578794
92208,11253.977393091505
82800,12979.48720263953
86660,10896.91137876532
94811,18881.090065799905
95020,13264.547071116744
103339,7046.876834129417
76719,16899.00220868703
106391,10189.15939514852
95855,38569.72555739115
107989,14043.243347770665
82154,23602.190759912144
77767,17277.123910408834
102776,12579.70655571883
79642,30049.679113692393
77306,12864.868206991612
98007,15071.326810229075
105538,14437.504380539656
84076,15223.99325492903
77749,27982.91834239044
95734,21235.0200013212
80602,18604.857076120657
100988,13527.275951505264
83690,11447.38241849929
84882,14063.325094733797
101699,8422.744798641917
86025,15277.694860883148
104331,22340.878120445686
93789,17341.25590886226
100427,11473.798625244108
89980,8269.021515729124
92989,19965.92093470052
96820,9547.205883908891
76354,18665.736427391326
93143,58628.695049677175
95045,21025.186471059493
78135,13390.504816930727
85841,10821.897795050156
105453,16317.556438747562
86843,12612.107730756947
76450,53792.46144363548
94878,43839.861600052085
85792,14129.20372358892
92518,20291.792074665787
91382,22308.21500521047
91966,45137.15728529968
95486,19104.35119514428
108090,19747.17634034986
83588,5034.289403617794
101240,10420.833053205457
79797,26477.20121599061
101978,13937.73826571573
77559,10419.762726491963
84171,8539.953775589236
84012,12280.007289143765
78716,19109.16957481316
100485,8973.555227196812
98908,8883.024754739206
93238,33073.16559717118
95809,25298.93539294013
107070,24467.501201370498
102546,7889.819812087177
104507,27525.69049595812
92943,29787.594834406475
90241,7686.8439651659555
79542,24567.791994055613
82510,9069.474179521423
93255,25498.97748719834
96559,11888.733110953935
108483,18839.605709753137
82288,23351.879335786663
104480,9754.658720480309
92328,29360.548773107996
95793,32062.611958245
105673,13575.812114417513
95841,15689.36688257141
98338,8032.49740350918
103579,5703.830267870454
76861,21897.57231957975
84414,5573.809784988149
102508,6405.305503861069
83622,8396.67549144341
98822,10887.102722866093
86291,10261.929748322622
84831,9313.8364335771
82626,10306.11145610404
105508,15558.28913419192
77130,28866.300545211074
94652,27384.239806703677
83243,8668.984750271566
80908,56281.0086491325
106139,19391.453084276993
91617,20530.931069508406
83524,11919.27943320689
94486,26687.346141246908
106044,13105.045479170183
87195,10322.251598386987
77450,22434.65418453514
99239,12000.327305411265
104813,20901.071806982858
108254,7197.311526409001
105150,13727.55326065219
88390,7967.509477247822
97902,19704.67890429142
101186,8066.126223597763
79116,23723.159804845276
77214,23018.93499264916
79298,7387.3477128085815
91370,25300.917256869303
84827,11815.578027728303
107282,9762.313495958972
97678,7740.722047663755
93570,15149.153753311159
77654,13125.907939818564
77227,23446.330699870803
106789,15993.333200533163
78869,20320.41946092986
76531,14463.092458271436
83469,9497.55859230624
92278,26746.16281288181
105949,11774.739651915572
89026,18915.105263892496
102066,10904.908554336891
96352,13354.394375669992
77819,32139.91190867149
79655,29747.411376682176
84059,12427.783664487495
96541,11819.521281977222
89319,7124.965596178269
107795,9426.310419249976
96961,20683.32233558047
78158,21580.510688598948
77428,22127.49894462233
101125,10513.71348166102
95105,16532.510031027796
80306,9793.09465879439
88903,10765.883396358444
80574,17524.81017885785
76321,27259.58072717729
88786,27261.88452215653
95682,17527.56389878274
103135,14401.937846968676
84241,14335.421654534292
77809,12639.412892268416
92926,33954.72559552378
105895,29593.553277599265
86247,2785.986752364166
103470,11237.714347749197
98865,24664.52997683771
107363,30572.371948219326
76516,20472.285455530982
96506,11851.130226397754
106306,13086.451734955637
89093,13784.36826521952
108123,10366.30848237927
83510,6533.160993166784
86792,19555.93785453376
99984,15218.864951527865
76508,22151.98976662247
86580,10276.331597468525
88428,11238.802336686327
103922,14971.475368058347
96703,26647.226944899954
107626,17863.577061325017
90100,7109.440389707416
101987,8592.984077662497
88615,12913.146841492773
100138,11510.979619110423
83743,7565.751651166506
82321,14873.5884410326
88594,7699.629496369649
93842,63156.5168060287
89350,9774.649657940348
87643,15218.396389293657
105892,11341.888582302014
105711,17196.7751724229
95657,26559.5098412751
96330,18205.55290147315
96906,12339.967880925135
82247,20631.951882723257
97125,6513.577511998474
101306,13027.95691249098
96708,14980.59119386238
77250,17570.97271065652
95451,23165.419809750932
99405,12780.496374224684
94758,19497.953509797615
101101,8779.931931811409
77643,31180.58842547947
90209,12054.6950130297
90312,12905.71462240811
93955,20219.504255774264
76334,23522.20182366971
85190,13795.212897999538
97992,7109.213071587489
92748,55551.9320760796
79843,23175.055977125703
88769,10173.89268034293
97453,14397.44758039937
82550,9011.518410991279
90775,12913.908206680579
88190,9698.109615025176
100712,16977.880184346905
77237,34857.90771123718
78997,22625.546426069
105656,20157.269504411364
93368,23445.966890578366
93469,13678.378930319648
98426,8495.330731955006
96832,10520.774940226069
85322,13470.263053698998
97139,12170.028836362622
78678,18476.584641355043
97821,14260.317278663691
95410,14506.808747083951
107358,15870.755284471998
96750,5209.488907533538
102529,5607.4230358625
76433,14702.634368925326
101626,9841.5753419687
77790,19812.419905965566
82932,12029.324848638076
89517,6786.670704131931
82905,13517.461274656398
88552,8268.98794550942
103006,13282.509958091696
88811,16509.577390944294
101734,9871.891229223611
99230,18359.522267463242
106537,19284.504971949238
107114,17535.013973970952
98513,15218.811254298547
92795,28724.218274449715
98563,13769.372104292408
78599,8193.91248122359
78911,21466.473095071316
84652,13002.99001121388
91014,26467.322829874855
90901,15930.912540416095
82041,38478.403332721966
79218,31327.906348643955
107371,46002.19514388056
94767,20476.301291855343
91910,66871.85309993592
103462,6808.916860111562
77125,18652.02631554147
95567,44463.79584264122
95039,18675.832401426804
85065,10510.794250872228
78252,20588.3897080961
89580,16523.36312523757
96742,7158.3376092987955
79876,42505.7636161574
94674,22881.69115075282
107822,13813.248707665325
92586,14323.095109367314
78107,21793.04445740276
91241,24176.416520443378
79077,7563.80990687937
86212,11813.002885251153
107527,16320.623927504017
88056,8194.45261481287
108480,13820.193965844348
77620,9819.855326003317
97188,21067.372228257216
94979,20813.791143121605
105541,18033.466865639704
105852,20283.27981647535
99182,17065.345146599804
91355,45028.67755369372
88516,11403.307991490394
76101,24942.963952309878
87097,7138.645212439972
96299,8838.20197090232
100944,11030.436026369403
83995,5355.321619244469
100407,5105.453666227158
88255,9718.17884807974
93935,22160.624675456616
95442,25673.479142912114
93571,28309.064005577377
78642,60038.66465946284
94545,28718.803325416942
97746,7632.911850079224
96419,26146.111922057327
102851,12452.671485063733
102356,8960.34574385566
94962,26068.253033382996
89175,11847.34022638167
104139,9979.980294060322
103395,10477.437641616074
97017,6567.691505701389
101358,8650.321361272618
107417,9771.258437820286
97977,11455.87398113038
86765,17578.265072445134
95743,24187.832572072974
97804,18059.081082104967
87010,6327.170997829836
86791,9791.617871731258
97486,13178.530851632402
81124,17947.848596777992
105391,19731.984232602274
90275,8251.773909452975
104855,5375.22006288727
82804,15353.983180587913
94810,17592.193832093497
79517,44221.0721477977
101826,11553.170581221813
89848,17898.25517644149
90432,11755.270999601127
83070,10951.486623564164
78270,11013.922693387865
99275,14251.569865077763
92424,27543.47648387556
103334,12021.623225218133
79160,21448.001959787278
98830,31627.100707636044
87956,11670.745412063776
84523,18534.664371606472
78157,14679.865302245838
79460,21050.4030919475
81918,14177.384340787048
98433,20479.696627397818
104582,9934.47593622827
80046,45443.59543228964
82135,20551.123140475294
89685,15462.27237294279
100990,12739.373037505804
85624,15773.778637966969
88293,9265.186555111626
82215,11246.472515083504
91261,31869.24766735991
78018,11096.131120882681
78266,17130.662346801997
101074,7712.841848799732
97075,19606.04943265399
81806,15676.091082292482
80743,21241.731170647858
95234,20171.726939624226
100410,17475.494484526298
106840,22769.85490797123
89637,5928.973297313079
85382,7051.548909460481
83832,16129.298547568573
108331,8030.232819555204
82026,14630.312224134945
108448,9993.349801795688
90028,15560.226767407836
107663,27129.575578397562
107477,14949.22171022271
93709,11685.765514142184
91327,46759.54167884919
98548,4105.663915522336
79064,13051.605437647084
100670,7331.853508143588
96494,10889.756741237128
89974,4368.138935741357
96107,10814.148314177823
78151,20527.955335852363
79304,19460.35269207444
92842,42924.5799898657
87813,10183.646754836725
88762,18391.962316873163
90399,16127.406220474517
78756,27400.15257973414
94019,61109.59580994003
82073,17606.16725600844
91846,27437.21182352921
97414,29133.413571974226
92758,18359.896033390505
101342,11745.71066981414
105987,21257.407010944404
81349,12586.37319261156
103712,13594.312308328617
83627,13914.88461571166
95247,13883.960054308594
92833,14869.96948870694
104587,16092.509130332475
93265,20043.069033104206
90518,15032.186689112572
104256,21406.13779062061
80882,23737.822129442164
108148,11903.694838557612
81385,13851.1080750971
87860,9794.35123513301
107638,11672.811239240324
103947,15859.425735162355
91049,44609.53613471582
97916,6586.9738460235885
95433,26092.564809967054
95871,33933.58458586016
85779,9089.638713684506
103360,4538.585299430879
80203,29255.96124039892
88511,10667.199928724105
101672,11722.068317933234
82992,3026.0560082028755
103889,10323.57185505768
103630,7272.341786630305
103366,14686.825092604751
97200,8030.979851034326
104563,10121.439139395685
85824,8260.29791217998
91924,4982.076976342767
96499,13145.255313957834
99026,15413.566390438595
81965,30940.234067089834
91604,26713.73942787103
77552,27480.02769182449
93750,26870.572793753276
78941,32058.338732383934
102717,10109.487941004947
100534,11415.48512281525
99036,25038.937356857463
101961,6247.414246070387
76940,16288.987931307656
106310,16912.52952378271
81520,30476.588222229562
91800,5085.36629874939
95707,18197.693380645323
96395,9380.72982715022
90505,20220.11358432624
95284,17303.887684178233
98094,21758.276136635995
97884,10218.660562406325
98933,10629.923607231816
77664,38866.25587796645
93941,22599.88639003832
87812,18331.082988104885
81266,21521.287588190924
103825,10309.455756980688
99494,7083.517681793603
91256,13183.159452357277
91703,19079.05423827059
99971,5532.8913784893375
76631,22882.688838242153
103612,3340.121500976195
98611,4548.026119293186
94591,28921.62367757022
80518,26368.80998023739
94000,30883.552719494222
85010,16507.54872886672
87369,8414.100057662732
86714,9569.442045268055
79985,12901.621499844474
88051,4110.484002644318
97065,6936.595763669008
91307,19106.98709962763
98365,9103.283504130468
76522,51686.368122432155
96638,17869.793641886197
79703,13026.922947796364
83107,10628.889367328973
79104,18593.868005344044
93563,31150.793024443723
82599,7237.721349557404
83486,13145.829602741876
92895,17153.094193319
108343,32449.63711190345
101774,9023.629808863572
82612,17384.327643816167
86861,7302.075081202719
101902,15593.338549113692
82973,10563.515066036141
89872,5655.415243057513
105616,12567.087025745577
84876,14253.77299832596
105133,10903.09259890341
98877,21595.78328590536
98515,22366.901843204996
98327,10992.442235444365
106633,13156.046974491624
82505,17627.74751430095
105007,11512.963755364653
97269,9509.605309254526
78140,14102.634258571665
82318,17309.512750771133
92993,23177.51556175341
97743,12420.413121101219
87763,9491.42449381086
104942,11480.28758410404
92045,17392.745335955184
97767,26365.11625036008
108348,20353.51888382472
89665,21088.206799359697
96862,8232.343407652937
78597,14767.995503764689
107574,24791.188217772746
94460,19310.0505675852
86944,7364.98671453504
104505,30146.01089575786
94837,30750.688479852284
84576,8396.900893096776
82427,6804.788283140966
80054,27746.25828640255
103504,15683.503820310583
101400,14911.323307236402
95904,24974.45449239858
99877,8891.900743184291
87554,8018.157677540067
81180,17274.649442388745
101239,14254.921909136217
94258,38312.2826418833
82942,13633.24835949729
101204,6687.819983380754
98516,14522.301942113152
86925,9387.084042114138
104724,8038.818982596475
84627,11535.497162817213
90133,12432.105191415523
100320,15568.897818497835
88358,15646.218206302306
94280,12307.458010464123
95334,20231.540696324322
95899,28203.35367788002
87270,17718.945201349983
80723,22373.075409474826
80469,11631.49520223595
80280,22366.339610217823
79493,10509.908235071594
92221,17023.610720983484
88547,10403.77411789855
97994,9222.263621712385
100047,11998.588129120044
96172,7356.840390328703
88933,13729.847636419141
107059,12699.853268900693
104280,21938.330491033837
94714,21722.833027021272
88671,24822.320692048776
102414,11007.775155858328
78051,37188.10205782569
89512,9558.201619496785
98524,9060.797244804427
88047,9154.158709038975
84441,9178.47155623043
78156,23525.728388932966
78648,13833.23684909198
78364,11432.929323904604
86764,14102.83228717099
78495,24377.510383869172
94609,17414.75122377711
83449,10996.198891234557
102392,12189.632749173004
102455,12634.885616519952
83713,14769.790778822431
97475,12214.87372951256
93371,17133.083273923305
94199,34045.025263415584
85023,10694.86357356146
95338,12361.667504774223
90965,41413.57009191966
77195,64390.23025521574
81875,11444.44576295597
104416,19822.9917943331
87203,14198.941048579672
91239,25475.614240415085
78127,13167.467996595153
98386,16609.023841475235
96497,10259.25001863457
83232,13632.621828421461
107692,30379.469438901262
100734,7855.695772466843
78271,31880.40929320564
100136,11051.201045962129
86004,18902.749402752514
77776,25595.99340141421
84950,7511.654999905438
84323,10740.961747083424
87033,17504.82122112099
94088,21846.535209275848
100594,14938.338530374454
103071,8622.053044301028
89791,9380.47752563745
97852,10235.923052845354
105601,11004.386293366524
82003,15616.653642504136
84872,16439.082573787484
82701,14233.101196765405
92469,33091.506054574624
92873,20616.201135457457
82114,30384.10565914186
101316,8052.1646079944085
85697,11497.532787977796
100885,7870.833167091148
95305,21402.15856688744
93741,11486.120553659468
76178,21190.002138258853
84999,18988.483881291086
104143,22298.30487890255
105483,11441.22966197494
86136,10238.961390397597
99292,17926.77613033514
95024,22772.067592876723
107831,9042.593706694848
95035,31522.697222056806
86842,17966.327545699878
79511,54218.76874599489
99852,8179.744767111091
92478,20927.426424709916
93704,15054.865370377242
101664,12343.296300871327
76931,39269.77235338152
81674,19865.24649473276
102597,9075.364889634557
100630,6149.985149743213
76978,29273.90692993418
102490,9778.22873291133
100842,7986.6333388531
102990,5149.122744308452
105412,10612.390768977815
78744,23783.337340522303
76082,13825.353904665793
82773,12497.803421825876
107285,16179.693170394867
85211,13564.536000234555
101093,6571.373421305073
96626,18665.143937159224
103089,6567.275233527516
98149,2412.033492642311
89290,7816.826809120854
104295,9582.531264357187
106958,33819.1513271079
102661,11087.01616525336
84082,9836.285749117156
88521,23249.950842509625
78312,29958.729060973554
85481,8013.687054311857
88961,10833.86240013125
96432,30430.027124355023
77539,10829.835825480664
88374,15949.376304602443
102919,5503.386362842772
94335,15107.919622555662
85305,8255.634568987985
96360,11882.630931249394
85471,8738.674642226206
104566,8387.390574014556
102100,9855.036135373488
80170,18966.797148622714
103347,14782.01031152976
87487,38174.97437893255
84090,15836.39869465072
100034,15653.644050795538
86825,17183.35146460167
80018,49807.40042667028
102611,14479.777631292505
102665,9668.028615457844
92920,22394.431561536927
89381,6520.180790526574
105151,19752.475863613883
84039,17614.651551623603
102217,7578.156303508245
102388,10420.562595896019
98820,19782.091586040515
100665,10715.425329724027
90384,34776.62231192615
92859,11174.735240159474
106356,9716.533025819366
104723,14153.933474009338
93244,43016.185956982765
77449,21492.567259682197
107911,12111.546743312341
81721,28023.261231041746
85237,8258.368911999862
87601,19148.31146294303
98578,13167.04993157249
80704,31690.133894150484
89078,7806.5950567807395
92042,8753.59015932926
100450,12475.203959941984
95304,8424.959513423508
76023,16553.97358104245
90609,12693.478855103218
95170,18581.068322639552
96870,9684.990690345023
107247,27886.34338799076
100484,9916.763359455943
77659,32476.527335889226
79832,31841.027693350854
91419,5450.8240795774345
80371,21121.311736444666
83386,15658.10881291588
103919,10935.413881821078
95201,12913.927445923347
84155,17416.013936942854
90743,10063.986652755138
104381,19583.681183513814
89097,7103.941182199412
102033,5828.238877964401
91725,24090.65387480024
92999,16851.826978071003
95835,19315.509078846862
102206,9474.285850908635
101763,7184.160602232847
81377,15018.72437470876
105683,13701.398062605158
91033,33523.726752830175
103314,9692.738000290434
105070,9610.155690354988
86950,8893.867140977056
79171,22288.974311181224
81227,18546.082371996516
80197,14110.732539996729
92037,25825.771980714297
84688,12650.783681700028
101952,8176.382558276199
88604,17051.423099438325
104058,21125.217361767856
106274,6392.443995221779
84985,11533.005940228757
99085,6975.092824619474
80801,18093.546970347885
80233,27247.83658229905
81000,42815.63574651416
89057,15943.473889411915
98382,9892.509557931036
106493,33312.401022785765
95057,20043.01875290299
84556,9078.039209626426
103037,15809.346262394334
92174,22445.925489903388
90920,15269.331885387586
93409,32024.249923741834
87113,18896.54771039837
104981,44875.09752908282
104556,15024.832828685567
92782,20549.34905392888
90546,7112.996553033287
105506,14606.587949289224
84787,11246.459803755226
100399,9726.205540928788
105911,8738.813323156186
101920,10451.853683739615
89224,13959.647861876942
106787,31273.03951116306
83083,3619.220966472802
102399,6951.755373600306
77196,3592.653423696373
104889,7017.441190900196
79598,10114.303198819658
100540,7646.9189566067635
107792,48640.02302804036
85758,12899.792852414143
79333,15820.026806754773
99351,13370.325214785467
86706,7705.635248284864
89547,16129.252310907244
88092,18497.05258595112
90348,9035.736014456063
96125,15926.96010566291
86921,16304.321819057055
76903,32911.871357474934
95539,11331.648329959073
89841,13856.075988682416
102771,12628.783252800047
87174,12541.154885733193
81975,52090.81617660637
95289,16665.61956769993
77318,27063.662589164822
76955,13637.475431518786
80996,48636.702922078686
87707,5691.640749911467
84519,6016.964063430461
96833,17846.82712156189
97584,7590.459959072371
104697,11356.556499177987
85510,7772.206535058471
79758,34574.973747151875
99502,6065.551796355649
80725,19042.17520743633
104108,10293.635710201399
107802,21755.520595743492
84871,13418.541982586365
85817,9424.320519908502
95473,8445.87739389034
85629,16754.51620095843
99641,6956.856844302114
82356,12587.774452502867
96335,22238.903885723674
103623,10319.63090398125
84233,8971.314173470684
93708,14284.534459311988
97947,10691.426334732714
84368,17772.911198612124
92108,11276.401739100163
86099,15556.208509293452
95173,25289.66279430823
78389,25776.820809232708
106219,13094.748439940286
88823,15999.949494281169
95608,30388.732078970374
95876,31302.90410280439
86433,13680.550453121616
95515,20627.67152560109
97503,16026.824822006995
89163,14871.554896154723
106479,20262.764642173417
83722,19051.225850393523
80644,24537.699045952955
86002,19623.859332718854
86783,10265.83985228139
91928,31655.81804325371
102142,13214.196387784534
106024,24997.605186905577
76022,17328.514673341608
95221,13640.058391229022
105051,20653.921344772578
99939,9649.414585582419
103202,7225.807703777237
104770,27844.761095285045
88396,7877.686396884803
93666,27873.316619564353
100763,8961.245467762159
96842,12608.614114105689
78807,29801.33874457354
85559,10470.316982306322
84384,19222.699412565707
95619,27194.901821863114
104008,23449.878925988698
98379,6508.515626229328
90476,9505.715620735764
88845,9879.689391073562
80296,10017.463861698365
88294,13246.14904090291
86733,10733.810778942445
101515,8360.2003623309
107440,9850.851673228392
81834,29883.97754914923
94764,25236.443038351863
94968,21152.38842225185
88218,15672.966661453745
87863,10416.437547555159
104019,11348.06448790052
103369,8617.166099004595
106979,5556.639470881057
89717,7034.550062458324
94504,4124.243011753892
85722,10704.185600236493
85311,10745.83198221361
103162,8671.457248339797
79834,32123.95513374858
102283,8356.3511874585
102686,10709.245607082174
85834,11161.60372308825
83633,10435.888043769763
101178,5946.4238462908415
102859,18807.047972989098
97691,17126.111427937634
99575,10546.315207330614
81921,12362.259745358488
88114,12974.211139607321
100101,9038.59973217967
101736,13758.759223122097
92763,16505.261510097087
93514,27263.09929584647
86322,14481.442289871586
84924,16742.892776150937
85898,8362.553991330611
93419,28575.918730144618
88784,10837.178055052505
95012,43008.48798975273
81858,20641.149305903768
101610,11760.437531889973
99190,10011.304931566536
87530,8607.17076047309
86979,14115.254366558842
77670,2709.245746497824
81123,12531.07093539316
81724,10341.098907924126
77870,10943.390677828012
84193,15679.376696799016
105928,15864.796342231883
97607,18854.907305130288
96063,26110.550380644174
77962,13753.605766182274
81560,33472.6458318598
100204,9551.512489175911
89185,15369.763268651623
91744,15139.235636088793
91470,27625.68829170944
78412,11224.287910757233
96222,15493.569863789291
95148,26077.534715036545
106039,12700.937568094721
79352,11578.426168155715
96602,6525.453571424679
102798,9521.974311211461
107301,26521.101125188292
96147,15892.395871309323
87382,16185.407489178893
79907,23402.739828046455
102924,8102.5098921254175
78012,26270.166555337848
78333,16822.50162780205
105989,20884.532092380312
90607,15911.036240982981
86110,11525.905169742826
81540,22039.386547069553
77937,19822.622588539445
84630,17545.866931890865
80988,48363.75426254164
92519,25183.8512423309
95795,11459.551328613203
86837,5757.196312407342
82642,17635.22628986285
86017,11585.004192485922
84772,15604.393944636964
103962,10883.725261378351
106264,9781.989422524233
84934,20678.28511879173
91598,30992.244206364452
104102,9890.054406207857
81261,4960.132742043834
78425,21393.766583934757
96508,9678.757503654295
98668,19166.817625279662
93948,35035.53521979436
82909,14960.758747481836
91514,24720.545109408995
100969,6781.048297572327
102102,6451.896971276381
103465,9482.924728500853
95072,18632.64390268745
87535,30401.719838697474
107564,6328.456970717985
103297,6268.922342483207
106528,9219.29592547447
83748,10201.53446758413
98195,6904.816438323809
102113,15625.48210747885
94277,12561.157618096977
93160,21507.192809073418
92063,25405.82119332116
81037,11440.007788620791
92602,52881.43009262688
93096,19115.76000665832
97243,10806.742016499571
78019,15333.77127242142
107604,8929.941346999256
101438,15582.557242498942
86439,9085.83398289626
82300,20763.161666886775
105142,11602.916624050613
84429,6303.237065292688
98958,7357.059391980263
92197,22638.094563392933
82096,28207.10927279172
81536,26878.248016442994
101623,14689.775187402205
85596,9910.792099922095
90600,9465.214850954524
80089,50500.12007697196
87224,10026.418993079646
87685,19076.97608852092
90958,28504.428473896623
81004,20522.56713618047
91667,20271.48332614315
77877,22648.53710404537
90956,19288.58470615062
87744,13516.454213615985
96817,11126.376209600588
97163,10977.856228553866
102517,12653.49627934386
83356,6317.657075235403
89415,9484.644926182602
100153,8540.831680347032
96024,18495.462830411023
92043,32418.660507719538
100495,7548.401901815009
79653,21868.706303954736
88149,16834.629990059417
98022,20327.140657214764
84983,19962.295314756022
98394,18817.31622233004
78062,15384.998691606675
83656,16613.692364453258
93963,56400.27346510872
81988,31207.188734001724
95992,27485.033590896455
82620,11180.780850250987
82149,16016.030754072284
106199,9851.517149710548
107884,24005.670686495258
106607,18880.393505368465
84212,2717.257304047356
88234,16099.572084478948
96712,13984.433817491577
101058,14202.215765623107
81149,30720.965677143075
92670,21977.90554279233
101383,10032.6873577797
82563,13268.42704047841
100600,15729.018989643611
90826,14240.182736012493
102364,7865.040078412709
80759,30260.403690694657
79628,15931.963947916924
86113,18416.89921672786
96607,9154.20050978023
96462,18358.77250035276
88668,15153.434311196152
85575,18109.579888463828
97718,9352.613678311785
107322,30683.378277330772
79948,53032.936986153654
84361,19125.60633923655
77092,21889.931502032076
82359,21782.593107196306
87495,16808.410933361527
102966,13616.423343382115
104309,15863.954186937997
106312,24848.206617911663
85152,11544.485414602781
80835,10896.905010075061
99488,8756.765396902421
101023,9667.463860241509
82295,21503.902944426212
94330,24265.5079197198
96446,20872.325049653948
99608,12580.07404500387
108305,15280.537492543033
106512,18824.23670315449
104003,9268.388051922992
103550,12104.718291972722
86253,6657.325461041441
88355,8446.852884911548
101629,10860.72011526722
101460,5353.938464730183
87820,11514.10683475967
83140,11051.369129695546
89804,11773.106231755208
101738,13047.061922788545
101121,16487.75591196715
81810,45611.18851585465
102106,5973.289063328216
80437,9040.192988258279
101463,10893.35120612774
97919,7031.777343998615
107407,22512.210475710104
76258,25253.066823662044
100626,18520.638604695876
92755,24025.82122029855
102655,8472.782127243134
89223,16711.36202411
95180,45241.25091131678
96372,7109.213609198135
84089,11419.033697877569
82203,32737.22964086993
98785,6798.795355478521
95930,19475.526407828616
92151,17510.43968257913
105149,14730.025151857613
104517,7675.274944435205
85727,10220.452090013412
104769,12179.327926267415
106796,18724.115439257173
79021,15842.004301530169
86121,9457.317516944635
103139,8416.400162112272
87918,8927.963483902977
80634,46639.38998527613
103033,6901.713464413224
80019,16725.529691776585
108035,20196.755144670522
77891,7958.381797378774
95749,25312.54235559384
86617,7476.700288532643
77709,12127.081118803382
77952,14242.135725923205
97083,12784.416141921422
78040,15949.33210022017
96041,23653.8808242616
101843,8275.13737120715
103016,10192.005238144124
86049,11609.548105943928
98228,7006.917579892141
90554,7090.145461202011
103311,4966.67079098519
80418,19718.148013845752
81866,47570.073801942446
101259,9893.275525615069
92909,26178.5360119874
79034,35536.31649600004
77129,12028.858540200396
99018,10699.00455179827
107391,12254.29249887162
108170,18058.19645215867
80664,27926.723381763422
94438,36633.20259420007
100436,10605.826270833772
107031,13027.11713924823
103954,9569.712177809883
78892,12798.50865555951
88505,15105.716398280285
103329,11618.1134506185
88345,13388.782067067144
105950,10592.229920468408
98331,8138.859190882816
77666,15781.008610679231
95383,16974.24007657183
108535,12361.93274017365
78705,11250.507219102563
79597,11531.624071151435
97585,26466.355463623022
93832,24977.43091992195
97348,9972.379120120158
87291,16681.256525118457
96291,14910.143185736863
84851,11879.468837864317
105338,23950.710182885214
84514,8712.106671672858
105830,22443.634908753058
78819,11371.223729078127
79728,55648.19159317191
105993,21603.080945782218
104822,24393.78379649577
101141,11015.13617586256
82728,7482.879435370764
83273,3696.639846600925
107233,14286.229514174986
81943,38174.82432322149
105637,22668.07934816217
81203,14157.004287064314
95127,33308.18139552583
79994,35869.68719249457
96025,24734.064850169074
97390,29254.362240208146
107522,18041.81654116841
99674,3435.62831895237
83001,19756.330314436862
94573,20318.431141075635
91983,31104.545140257847
89935,15828.068295166537
83115,8141.857659979609
108439,18149.8841310025
82297,15944.263133905215
96542,13444.847969777098
78269,55440.408800463214
104124,11187.278529245723
90435,10974.002359718446
97520,22505.44472211591
85468,5957.116470924263
83566,10295.771217926103
106890,31814.786598130373
98124,6708.307201494478
85866,11238.852893855388
104379,25251.00663737185
99616,9327.960280601894
77346,26145.85594088963
83668,7541.544904279615
94488,26653.6728352629
87494,9013.126792126555
84099,12284.759003706171
78345,12658.948394483274
95626,17418.467785426063
91044,22987.960396103706
91343,18990.432478097642
99823,8808.073493542239
97197,13550.6709021368
76399,23496.772326524642
95484,35513.7962252497
89728,21185.39128681615
93866,12737.329321235587
94053,29306.545253234242
103190,11717.867785290338
76312,17709.021886098573
79453,25830.743683526405
99956,12824.795271723153
96811,32750.802427318547
100537,13785.747668401465
98142,3519.1494938886663
106900,17077.184892593254
89474,6870.104947757629
76696,11053.316757233224
87479,13001.564691258793
84806,10286.199801071712
85385,28344.881128165136
93372,45584.14819614838
92860,25086.79017998774
105267,29090.410456491907
86951,8666.900169241626
79622,9312.57477875313
95103,20230.2130703578
87138,10564.24156573008
91912,16536.19260239301
78932,17128.489732760394
106494,11745.958665661283
91645,25093.59127036708
76102,18694.77531548245
79636,24963.859277845964
99416,11908.757455346627
95715,29965.277254472887
81323,24158.518323452663
96273,9635.653089833733
95585,22054.36335828089
91885,22543.452949246566
80762,28046.17654960135
79167,9462.158665636529
87173,10655.041640827383
92719,24019.549955947532
87482,7425.962435089567
95215,22544.187149033696
104054,31015.688030460722
103066,9175.049308572987
102449,10093.139627362352
93985,25525.20300451301
99869,16303.916220904825
88347,13497.691598372552
77208,13435.41243275093
79376,14330.145822334549
98451,8936.319487549521
88983,16675.905636962732
106464,11398.139114710033
89146,16865.12454070393
105833,10438.634820740963
79242,22971.130046938346
107738,10985.075786329086
77626,12013.842157503479
77415,15995.498920282513
82458,9814.411175934454
80995,25077.957310924005
98434,11646.105245949195
106938,19342.214014924055
102349,10799.759797964027
85791,14913.239337983565
103622,10688.453732726533
108149,9373.322223342439
86450,20069.74187035087
107252,12748.658539913304
76034,8917.392209418625
82259,33930.233433904235
76581,34181.86969243237
95499,27892.664045688438
76648,45087.80531175102
75992,22986.54724021137
81407,18668.828923605124
105954,16732.088213031428
97001,8841.432520495568
96179,9732.271223889347
77616,16461.798121446845
108142,20160.759229794425
89107,8064.964242193737
108236,22217.11426344061
92520,18777.440611547278
93186,13391.560755550468
96171,13065.181215719114
78460,11725.264234920858
85417,13667.308529056869
100064,10891.728725756006
92393,16948.844833849078
83360,15727.599025564386
103935,11043.125911796893
106977,13018.148973013835
107965,14261.587498553927
91921,21129.540946374946
105002,10829.929445795326
93968,22831.822677811164
83088,6472.954792159866
92707,25933.548584092223
89001,16807.408260226435
95856,23140.410673400405
88962,21030.844932958244
99828,13031.979242872922
87980,10733.83961566595
103861,14427.889328985615
90588,10501.168729722853
91508,29106.920713958134
86131,8168.799457516073
97249,8646.603688423016
88232,14311.995071204215
78451,28219.89513133153
79773,18191.690374268557
82873,7627.040810751558
104116,21125.217361767856
83673,19642.079141589293
77622,33143.60577725527
94936,20001.934806904592
93795,18522.87135310637
96084,6909.883124591277
105406,13008.03183631331
102280,11380.100574202657
83867,16997.75763750015
83621,17206.96196159942
98536,7527.084615272543
101889,8700.948232468078
84479,12178.621529336458
77956,16611.603117371338
99484,4362.826835436119
82140,10777.985644537135
79005,34097.34334941508
77513,23236.309806255147
92211,22415.474205163726
85245,11117.931046354357
92239,20615.82926823765
97205,3809.5087097701226
84822,9373.706111117146
104413,10890.788567707015
98704,22565.7295455307
76724,17099.766165935645
101457,10587.234016525092
85487,18376.087794405274
107392,9037.008440988355
90712,13409.950962750754
105823,7964.582520844986
100345,11731.033581766851
104219,13359.513628012237
90297,7409.242596309169
77122,33129.90565529426
104805,23914.27947672703
94490,32571.591253686285
99948,8044.024083428465
103562,16594.542533612115
93378,13857.303356112798
92288,14342.99750668946
78059,8727.152189808292
96096,13312.54877327856
95732,11845.7460613393
87817,6322.066464965487
101084,9654.001458563667
90506,7556.094046305913
95676,14758.403469789213
90249,14442.925700708065
95932,33727.973113364445
103254,11519.41321189147
99286,7265.651211658888
84918,13656.374366222486
97397,9940.931502789035
88837,11866.859370626486
99212,23972.48248700984
86421,13349.657938666644
78337,30506.993104297697
76020,28152.98013528267
88038,11400.64794172507
91409,15498.005164262453
95205,9190.821693768343
108031,8230.068008077447
105386,9581.186277798442
100613,15245.861222493548
95685,22365.469096258665
78731,12558.043232934837
87310,17993.415602097142
101113,11425.95164081862
89077,10102.546693176912
96672,23055.0368403053
86775,4443.678569647343
79262,28099.930052113417
104469,13312.183820604232
98351,9721.112295141409
80728,20306.37270054161
97386,17031.0721559945
97417,17228.223214677462
93911,20844.697646541896
99842,6978.053246887159
97191,16333.732494853193
103152,6670.4837178662665
100093,16349.84515122715
104319,14609.448561376385
78419,23369.72824857269
106929,9183.98240760017
107427,10906.965237775046
93578,18771.831181330897
103404,8536.429967332228
77844,23510.727328089757
98068,13925.340317221619
95709,42998.31650530496
87946,15988.151463046885
76391,43693.20822462181
87096,12147.027321111555
77186,24009.81605565618
90698,12747.614869881036
93367,23732.111789555966
83133,10757.360840502124
97840,12006.885522395312
87605,14004.456910106263
78472,22401.401539435552
100925,5100.186882794054
99596,19795.142196794717
86081,8068.378860773937
105725,10580.872374377055
94362,17981.338575134323
88579,10472.782151351294
86705,12217.181734925894
80813,16881.04113305607
78885,9048.015099569351
95548,12738.894169974734
82342,20513.333369661425
77011,15697.367295568007
83904,10359.069831257504
105485,10308.416867851864
107922,14214.544306748432
90200,7068.157835993811
104534,11031.242598227864
88664,12398.472323002146
100499,7491.790753899368
101035,15090.29512778677
90482,14813.235899669555
108068,8192.498130148431
81709,37589.20309342817
97618,8507.383521901998
101931,9703.061501877884
100284,7526.118146545716
101027,14757.061374155028
96674,9421.07874977908
84856,15826.699117839362
105326,29476.997524422397
102491,11427.775879068327
97616,19459.239940409832
100667,15767.854814026497
108197,11073.593042179866
94844,29535.73946531578
104934,15591.222553460235
94116,26615.208522682937
76214,22540.119990891493
90916,20107.58982821204
106013,12295.47881439182
103429,15913.448012918012
93335,16660.529284059583
99260,16883.892613036234
97043,13508.868413077977
77925,71120.8223609664
86716,15966.916289569432
82230,11065.45075632894
77567,53723.19275290802
108496,32114.298713480708
104871,21700.820356635122
77957,10457.075409153995
96401,12818.066812418776
88284,11194.374830462933
86845,7399.0446374850235
101349,4546.232379056562
77015,13750.607215083193
94471,20414.809336064853
108380,21387.25916568611
92533,31071.500400205616
77756,12759.025610428303
76035,20996.87730510495
75973,8541.906758256246
94675,9706.83024878898
79435,22144.888476802393
106542,23355.637843496123
96546,11995.765796235386
95946,19636.809461088957
93188,23508.520314714387
78117,16835.740216634917
102180,6781.494146479625
81825,17860.782998083712
90050,8947.461341925462
79638,18753.358780800918
87579,12507.414613292198
108103,17931.5611686722
76578,18934.588734976038
79112,15004.251044612476
95959,22837.06017791539
78244,19068.472712740604
77851,30020.66771064483
87052,17947.234897938437
88538,18444.48789062657
79011,24300.195505920783
96381,20278.641657089283
105358,14629.332573057622
92876,18446.381564150888
87699,6191.099125539045
90203,16188.180110750378
77001,17750.31287349514
97974,7529.558063684604
89985,8361.037213569169
97810,10016.829210886759
107459,9414.299785276
104861,16760.496586296944
82516,9724.391789292271
83497,10544.689223100868
80194,56966.45661143998
85730,9540.258855731236
77914,27505.18628779754
88779,16468.11252573637
88366,8742.676986956336
104300,13787.753453634465
84300,11585.67234939442
79422,10046.063558970836
94910,28299.130430142533
108386,25533.306006039045
92708,3375.9774728961643
90802,19667.735799277038
104397,21705.631880826746
98039,13765.756180476325
107887,25319.57599373233
105290,10697.717959884661
102575,19759.035235734293
105040,8988.841504872844
98430,8414.0578579425
80499,24340.40450274376
101694,12510.595293152084
76386,30312.12960502988
98181,12079.55482316057
85340,16559.389374623715
90766,17554.375821298552
93472,17364.311932042772
79927,32045.308668264603
80854,21668.153503090864
100180,10114.078594673772
84437,3815.10834758477
83358,6702.823782750004
93108,23434.326605826915
104330,11969.995289300363
103518,8201.314613462619
89006,15783.968119051215
101611,6542.911707902196
92226,21277.99760892915
84798,9404.52806824038
92840,10266.320207090537
106054,12722.857062051879
78261,32694.280053129456
76071,16769.256606388055
92246,21796.631808951177
92296,15427.348705980834
89469,11139.70818908026
98079,13721.789367050616
81294,10167.208159572285
96301,4900.433379704388
83888,10878.588966827743
87403,8844.219499275614
92192,30132.748798299846
107592,17590.014810012617
77496,16977.681672796214
97447,28646.48286397828
103131,12671.24727349871
104590,25001.15881620372
97597,9543.636330434134
82167,24928.5822257915
91027,26066.67331932853
78607,34073.86149565299
99587,11598.359458617084
93937,12733.235439050348
100307,11491.3629163326
107613,14739.229081957339
99773,13905.69549386479
90044,9934.107291810915
85578,18300.32395692811
77103,13245.532345957401
91386,25395.939473454408
98955,15931.76731860734
95927,21953.335656289833
103188,5218.729276578603
77389,79660.86802652154
81822,10509.74571810154
90768,30660.524415234224
77594,13399.583708544069
107085,16646.72907456189
87692,10822.166718443335
77813,8460.938652380135
81414,14707.182008221367
102900,8758.79747901307
83150,17041.201685660486
92414,32209.120519831486
105321,9632.267791926193
92658,27279.155629308792
87160,8808.996618681254
107827,15414.456527618247
105790,17834.896836844557
87463,16811.28291877505
91532,39165.11602722344
77459,24208.09759711751
81593,12815.310899902765
103719,11195.342021230084
102291,8329.746168194297
77211,23708.835488020777
92956,19285.343925703954
86578,15271.64115301898
85882,12722.098586102073
82082,19352.3229507747
91811,30942.89346527448
82036,29982.777704251163
76773,17408.565004013457
99406,9613.779954489542
102289,9502.561272567054
94402,19689.68302004102
98621,8167.179421370714
96476,12820.979716028536
93410,13279.99374206224
84989,15975.689010411228
85123,16360.08484900827
88492,17772.080087563198
95128,26005.86794907104
93047,15725.418507227992
84587,13751.889501178168
94856,24921.85290572524
92247,22358.40732403061
101052,13930.06627424968
82940,4661.259539601789
97756,11108.285292524355
98444,22141.997043297077
77869,10131.148315670223
96694,14299.391176414063
107101,11949.31027815919
88276,10590.95306608097
84648,12766.718496382297
88011,12105.340762859149
97951,16880.295096759502
77288,25950.153816018617
104937,7406.334142987729
81621,10225.23495031972
82049,37352.59383349894
98553,9573.50818096004
105056,30051.163787374553
80914,30948.6017267114
82440,17171.2175359218
94927,25050.269095117506
84303,11457.209243595182
85533,11349.02565835595
97576,10706.423185850055
82216,22126.613295785908
84279,18268.196194430308
80976,15839.925648501881
106097,21568.542664159733
83074,12475.65799946642
87581,12267.712448856893
97210,17665.136320000576
90785,12924.292976305907
99434,14258.589431950926
89600,18399.42296097581
103809,12757.895453827998
92260,6544.678962223012
89667,10363.358567458235
99310,6127.9979621759085
90375,21740.01093445537
89468,11381.053615367957
94940,22841.845041850123
97747,5938.004132894342
97570,8118.136563339272
105994,24350.3709593344
93145,14443.480916832936
94100,17125.93317061409
103226,13618.969694412044
100167,14825.08733493433
98138,10829.367345458482
101043,8354.606601296444
82078,15966.480972248448
104748,10795.147443264952
103881,14985.657360100928
86774,19930.53184968404
89857,8306.980116348808
97150,12510.724654103547
107683,18315.495926847416
83708,18080.61682720957
78775,12842.872288085277
104200,23192.584303866166
107581,12386.635553561444
99756,7413.472098179557
90210,15045.147171540897
78027,33009.83386990796
97012,12913.844472652394
104010,9297.669215390884
100639,11272.163841251526
93792,13683.77470464213
85574,17648.16905519647
105066,11105.60901518536
97307,11469.900392821632
77243,47815.92465706513
100661,10564.814910695613
80825,19716.050457099496
85856,12154.372955609842
85793,10263.958507362688
107091,19050.59824203396
85836,24107.309278785626
83887,10594.661922817964
84721,16626.44750322058
77636,6007.009841293551
76905,45846.89110989929
104895,14833.883866814218
86377,15108.656369251812
83076,17502.0108890615
90124,4094.5498784526385
105661,13908.898639113895
91631,6877.084893571323
79760,50819.31870707094
100714,7550.272824774953
99231,17912.730564452875
82805,16803.17800148342
80714,31248.632813764176
93820,24378.319139883624
85373,9155.986876733166
95562,28956.8241483902
91723,28560.515661279587
91501,25577.94413686358
91222,15908.01632838662
97984,27086.694121192333
95047,49595.516235962925
101181,5378.5156443984215
88389,9196.249158320355
86999,28132.567347175347
85255,19153.49161773276
79093,14831.558262832543
82409,16489.4590540969
103128,11717.333295202407
107027,12879.261448683455
108081,14626.609640673732
85698,20855.83967634801
84249,21555.51874895993
101719,7034.26020865622
88643,7208.861849270781
80972,18492.72287316306
106047,16657.47599996905
86779,2466.488350747002
78587,32815.97979463608
90179,12619.735417281223
90972,10403.760098253473
78609,22397.514939057277
98324,6051.885032660976
76446,52842.993164129104
86829,13596.839897715474
87796,11221.879294091545
83650,15493.455602988342
81411,11230.96378414437
81963,30950.03328025633
96782,20171.709215346043
89718,8590.156461123004
95518,20158.799373048638
107293,9387.107119239041
99739,9293.201525318013
103956,12258.163503685995
85946,17158.068483704814
88532,17959.476139798422
85713,8139.025388059565
78184,19815.004153672646
100234,5620.336609937491
107715,10021.491773389651
106150,16816.145326801256
77266,12715.876600651984
91067,19748.802762920506
80869,22629.193840200194
81462,11902.599823197226
83382,7364.694488880063
92915,18630.617208899617
81139,15513.359464314402
96523,12504.947857531011
107090,31451.772705458865
108117,19564.41881864406
91742,4366.796627001772
98340,12195.5706045391
88371,16631.38179994639
101031,5726.438005079157
108430,34364.92705596171
77740,27327.090490514664
87861,10896.989365530877
84746,10308.92866646638
81252,28052.082784548267
81933,14765.321963836417
92153,22089.551749562128
95485,17553.952946339698
97686,14015.635425871891
107452,14371.861628495264
95477,25058.76227750659
95752,34119.80180867435
99499,6131.890817939108
81223,15440.145805238442
83589,28117.9912598392
81497,29077.632970139217
95884,20988.42462333149
87806,10404.784811711052
92330,19178.41358618599
84558,13139.48431898387
82990,9330.861667003936
90851,6335.144682474603
96997,33082.01819549254
90278,14643.964415925935
82417,10662.88395993142
100247,7627.820982399025
82239,28023.07113958339
76975,21813.18520523974
102948,9558.614188215084
96929,12109.620524072921
107088,14372.109256078236
94670,13390.05126563713
89862,4459.926364300582
94506,12421.63269905388
97696,9289.708779176217
82696,21875.98286695152
103767,12792.06922282128
105307,11914.098139009431
106510,29227.113179966687
88316,15891.629091840387
94321,18527.964798944507
96595,16990.621445919434
83223,8689.098751457408
85551,12249.027883274204
96007,11421.451572420137
90296,8006.862250050272
97407,10668.687300987396
93071,15746.604637254353
97275,7550.090331077087
86827,5246.870901302507
99759,6895.059728247253
106689,21383.752593429996
103062,7196.001527145429
99657,12189.587196700106
93428,29715.61286146256
88504,17616.68202025102
87359,11237.914706982421
81906,17716.050346194428
107446,9721.562208936522
78926,36080.26729097659
97871,6852.400678461436
94202,14977.905423964374
101216,13003.173443299936
89614,14203.48492111062
82929,4996.657465995646
78710,9812.232751683792
104966,18633.72839115832
88410,13924.111171383052
94382,20780.542479196854
106319,48414.36203596281
91212,18608.590711248213
103584,10030.74834548014
107593,9162.354161519264
100069,14694.421599086547
97293,10946.866212059766
97085,5836.202119832053
78830,15434.966456286456
80409,13918.342693950728
81079,32065.23673126014
90437,7735.784851274563
104169,30315.600121312196
83432,14169.803695824072
86630,15461.697530445474
100678,6113.545078196056
92564,24343.837334477586
86007,9532.95209223511
84102,8145.627714853887
85324,18103.596875236854
92796,12330.57114220642
78277,28784.71505731391
91813,14203.875119973694
107896,23300.300931980404
80598,23643.590482579228
93630,22762.66160110901
98016,13053.972443682018
79518,51332.28836991158
104016,9726.243964980998
90069,19586.529086608505
108485,8558.306445468183
105556,29774.78134264386
107276,21129.750137226718
86409,16506.799138032886
98131,12198.622986184042
95165,16473.185017259442
92954,19021.90266388077
108363,7210.964348602734
107775,16263.495614584608
98806,7123.804820015874
82105,17924.36488863475
95777,14166.813302670396
78794,20526.73378325768
77994,34274.345271231265
90061,6652.361165014238
98353,14321.508180940418
86777,12225.076252469566
107107,10469.778017309567
99207,11812.681509113323
92441,23469.902919687775
81253,22023.226099909432
82071,23978.87448487499
86304,9231.269032599883
78529,6115.477510267397
100606,8401.849923084203
108524,23416.348692869502
87772,18302.751580228756
83062,16070.166484581978
106197,18078.586010549763
105773,26562.181931356983
79317,20733.018462586926
103930,7080.260950398261
77486,37226.960725860336
76154,29322.56314934666
89324,5511.108307059833
98354,13007.546908951465
108349,8225.206649762926
108146,9217.767183037155
77826,22270.20971094894
91078,20677.303254081682
78136,25644.75799661499
107463,26924.03699293994
100749,15762.511247877275
77223,54056.91231560511
92513,20372.49595016715
99409,8232.553345563974
94380,26573.23533267335
84791,9528.536521141486
86042,16989.55871596105
79939,34572.55773412477
83953,19164.727644471088
103754,11436.202665827175
86091,13444.094867398684
83114,10317.70876232871
80956,13969.582073666486
96276,8082.171657693836
89799,16702.636245754224
87919,7893.03784128673
84054,18936.472935884525
102856,8518.024023948463
105645,9399.345697569834
81207,23052.468633204753
79629,23113.831555053534
97211,18218.932409476063
86631,5757.60140905053
93438,31916.011481972924
96983,18591.163829474215
93914,25983.277870516107
98470,10304.790647278229
76650,11720.799742992118
96428,29764.26845411903
84958,16034.225571961479
81064,12727.921676921884
82469,12194.993476450367
102139,11560.852556709664
97800,9767.734445844624
98474,6494.059792475096
107944,12268.870440720697
97401,8004.5362620487385
108476,10639.155941567622
103189,7865.057795256064
82987,10442.097192465437
80903,29045.54101067088
90854,10222.10853420693
95644,36330.3216674113
98728,8452.063040985457
94370,17959.880740929646
84537,13465.36134134277
89358,11784.858297548486
76221,11273.76271455882
84935,16748.64942332867
107676,12778.709324684301
103154,9858.191221608837
82600,17143.261358540778
104290,18598.68721187729
79972,20887.415935688565
89202,21221.93020098104
97253,8796.413166141296
97358,8232.264593512322
106932,10935.025543027432
101140,6781.453350536069
100650,8304.939701767647
99817,20760.742263642904
80953,20131.20200098423
93851,16523.707052453035
89574,4315.393197839229
91092,14342.99750668946
78214,24707.104978568088
80283,17956.284418709372
93158,18458.20980950346
78562,51552.05425043015
108498,13865.205550413018
100223,6248.249774319907
76976,9814.337523056878
81119,24952.522840902744
97369,26055.05485584009
95721,23564.624693547834
82271,16542.884371925535
102837,10295.853750866227
94761,22044.801543500915
89200,10828.074218924945
102690,9126.53198569701
101274,11393.169952368697
107682,24419.580945741007
108276,13009.200886982959
99011,12511.125534975587
94484,14674.685419882178
106033,19958.320176337194
89123,11548.162762693592
88740,8752.429326004909
90951,27913.132921499342
103812,5750.873366843584
100056,10307.16933447094
100691,13245.472111408799
88394,15548.24358683881
97620,7857.503896476306
107955,7911.574629640201
98144,19398.597399695922
106325,22638.873024079618
92867,43471.21542080428
85204,7690.83685188959
87062,19175.24863550297
81539,20103.51157195414
92009,34345.74945333878
108224,13363.570578473888
101686,11751.673033879082
98557,9068.565999277162
101594,12079.171903758092
100647,2535.141135449495
102401,9365.41663058169
86093,11241.520617373728
85837,13334.080035861218
86260,15216.17654296386
79830,34908.47920270681
100041,15948.288191940726
92230,21994.026582465816
94661,21160.03716576544
79450,19919.332472861402
101374,6865.318177354675
76983,33779.66122363548
99673,19922.70973367763
81336,17907.32051768865
100376,10584.426707783703
92756,25270.166827504923
87725,13367.611083224372
84541,19535.857796040153
82284,41200.386641140845
89479,6691.938533262693
93259,110373.12915055157
105648,6307.61600656545
99099,9720.812592718255
104543,22096.76169837803
108474,24857.738358539966
76907,20162.49416184059
93652,27763.238852739865
100967,6656.53963526725
94331,15631.458245873171
106381,9403.825791274276
83170,10444.75248941636
102953,9164.00474000129
103590,10262.64560679926
77316,17925.251401167985
84682,19637.599337430194
84524,12762.74209628499
76747,17790.367959569467
99049,9602.041823616237
105881,13994.810284860487
90833,6476.908578779648
108079,13338.371405964488
107295,13407.166957897378
77121,15044.70778095865
78927,39214.67819043929
103048,8627.999101929903
86216,14188.260708649961
88448,15795.193666003486
86219,15375.220473602725
87181,8753.496383903506
98755,8541.990654622374
76443,11889.698701397932
101149,7472.16123329871
104315,21907.251549064353
108345,10270.533713782996
100156,8289.746976370048
107263,14913.939399937812
83935,6804.649499852491
90584,9133.545807060047
105733,12434.804299685817
88332,11180.703096445475
81979,22801.92164563065
91864,47707.531573410524
106847,14605.396898644754
95136,16263.399672438181
96991,9004.954153060286
105905,10602.484952524199
102080,7269.510818416355
98072,7813.071099523254
103711,9723.103710080151
92213,16879.241558979218
106898,9717.673810521836
85333,16441.615430881826
84559,10668.770605681048
95428,30375.615970857347
101003,14485.911782118657
87773,4503.006935025558
100739,13064.146629365225
99885,12432.901924627971
106647,10927.451718735136
98019,9580.817957731553
92212,26062.45109878926
100786,12438.357612951608
85518,16177.765573663994
89849,9895.698375372574
76149,16180.627437963934
97490,7141.061319645865
87476,8942.169493459089
83248,19473.57598682869
99352,9447.265171943593
90736,8791.278631248306
77596,19699.11044873671
77209,3183.546979236561
82308,12984.245489697596
78207,14836.609310586753
104041,11708.351363582933
81125,15988.763977118082
81691,34893.996715208144
94459,9668.94020677005
79977,14934.645844757219
96530,18019.369180879272
78367,24044.680792822113
108100,35303.6492587893
104510,9176.552834009028
81891,13175.103040107419
97087,13647.906721592373
88161,9627.051858578589
101097,9684.434561281743
81742,22458.32903517763
78409,7305.137417771735
107496,16433.07951078323
99326,7329.258656601813
78535,9431.17807945002
106164,21679.08648061442
79719,27017.07524927074
90418,8417.892533276838
85844,12279.519980072031
86639,9790.384156939825
83745,5831.824205197134
77300,61169.249424439724
87702,10708.82840443129
82586,9936.027725999716
83769,10380.45834033431
81708,31733.539202273696
90224,11338.942200060039
100063,7595.437557541446
79249,12943.202411131833
78719,31459.421077966035
97287,8573.632010637559
84267,19457.609791836632
84056,8443.982701487439
101164,11025.360832408698
85826,18008.639612126524
93793,27688.276264913857
90945,25766.55552027912
98991,9855.49007434727
79647,14088.624868626144
96794,12476.794475402834
83984,14796.356656480257
96688,8541.441447048972
79838,18272.645282725385
105671,9598.650231507845
87438,15172.080403470402
85859,16168.560087904765
91639,16461.57640470458
81134,43873.38257355192
99992,13479.13749799802
91262,27646.584697244667
81417,30899.493415294688
90783,19928.254385153305
88898,17119.937237774677
76241,12342.758947925005
76491,17760.443196055578
83132,16297.643772388745
97757,15763.864455057132
91753,29404.869336925203
82333,24178.98402741994
88295,9650.828890293595
98314,10506.70570028276
86172,8805.34336223638
78331,21538.83755970592
81996,26629.492863546635
83315,2656.8866598366117
92376,15973.79065035389
103058,12263.238511948039
102215,12790.422980747922
104225,28574.135175995223
76910,16955.525847921308
88657,11962.968567824397
104943,19415.510894750136
86434,13446.893430801618
79432,13250.140842898865
103103,13907.6008411871
91456,31180.33583436706
89465,13961.482723677293
107774,10843.883770841358
80938,29133.970466701754
94883,17214.59409378916
94135,29205.252770049206
78747,17217.649028182153
76240,20115.18187965413
95820,39500.32085065083
79092,22771.249498136203
84393,10512.991796751483
94391,36616.33697551815
77183,21045.01668087981
105612,7829.786035021926
89046,9453.562101703053
90878,23213.333727950925
77058,14650.23308122976
84468,9762.066618092329
76713,24305.192852816206
85568,11489.07088634104
82191,19110.77958800548
84825,17383.51700645171
79009,52769.66021293016
93908,24811.664502507203
91135,25965.42200076933
94603,22044.118658025884
105887,22889.712385268856
103196,10562.063118386657
87544,13333.565512345787
99605,14019.91454233561
101660,10567.058278255861
100671,9011.975828723846
97839,27059.926474154538
77742,39748.43116510217
106144,9236.265767206422
79681,28397.727911335947
98764,9129.134595266702
98200,9633.539344946643
82652,8468.497879958912
83599,8737.351135804176
97776,13352.377673194072
83403,13135.346707382296
77472,31137.723742715156
79535,27290.42751394052
82632,15123.25678826988
98612,12140.86324199239
76103,23226.72509169748
94824,26212.917578539153
87424,19337.86453952315
79193,18927.091930863175
80853,14751.760860282791
87885,10196.652308549761
80891,26416.30372273906
77149,24239.47265760217
91012,13901.400301526894
99259,7041.848889544424
81555,25961.398896137496
93917,29850.000169889234
88089,17101.482008427418
100704,14250.825345837622
77798,33357.788587411735
87342,11165.230715544145
96013,9202.419786577815
93380,18291.926108461885
84040,13258.121937947677
88600,17944.143790376304
76133,16651.72580585553
94842,17919.63434361125
98184,6115.258458022418
88767,16624.878530531685
98741,22316.050257937615
81739,10999.194987241317
91321,29180.6188598227
108030,24546.607027537953
77680,20474.290522750125
78189,26317.361643159125
82302,25335.457861722047
78968,19581.18203301794
101390,8440.068495775757
95491,15871.750521589764
101687,5581.351810294888
76371,17438.06282006708
100151,12693.432972677236
92147,22512.774910969645
103385,13783.378297066974
86960,17053.18563705118
89563,20842.229956112547
98013,6479.433468826399
103747,5691.578198202345
107681,17465.46235169871
82686,7771.255539587189
79913,11150.26678864064
96545,21358.554056614157
98278,11480.172022614946
88916,13348.682219407567
104733,10934.62338705293
103529,9725.333344472534
100642,15745.275898600295
97860,9580.04068133859
88870,14770.829269242895
97563,18958.93210559071
97081,12496.219811960284
89544,7620.968567774178
96332,11732.326207388045
97064,6018.254258630119
81916,32021.160285489303
82148,52546.600606415326
102447,3969.1004856337254
103111,9018.840221945682
85058,9761.353069874573
76422,20765.03492551131
94546,18316.386007432462
96769,10935.628745894473
95364,13098.506781128961
101118,14188.531218288603
107644,16668.748025610053
104650,8819.828300477922
97300,8804.767296991296
104069,10695.67334086556
84700,14129.19138490823
97122,11555.267802589811
89878,19562.541353880773
82579,19158.65490760128
107967,9214.419428979683
82494,4877.3209527714025
104872,14379.03287208147
76339,21825.889789597637
90676,6925.186786029364
83780,16114.315122074122
94444,25309.862409345307
83532,3927.4979656201517
103380,6818.564197538219
90941,39388.75905840901
99845,16866.13491251848
98053,12092.683207121034
77863,54859.315235267524
81107,24565.144720793724
81176,26672.345899314016
93196,52999.41616805682
102895,5132.208651183343
107093,20508.316562077307
106566,39458.30258952078
88893,9623.705234912313
81939,55851.97698805918
98833,7807.550941885811
102812,5799.694765382638
95766,21743.397425628078
83556,19133.79260205019
96725,9476.227368875097
104649,6805.405179635098
98466,15391.597475463022
77661,22921.023743109974
99882,19627.747545575734
82646,10579.023867322245
94874,18762.99002245317
92800,12808.860544547593
80265,29478.603961718607
80587,36017.0992138885
92298,26262.627969458434
99023,24089.737165818184
88098,10479.955996997707
100928,14157.075425273018
106437,13061.952565586449
83122,10643.973242758317
86614,10355.23225611917
105454,20205.316701171265
89282,21481.412949466183
103136,9116.336448092845
104899,27532.167995372758
92041,32460.17777493832
80795,13808.71166201315
103043,9651.831455875206
90842,20592.829477006842
103070,10001.436819778884
91523,29233.45339342451
76427,23212.944766149674
86188,18228.973659432228
105618,35484.23475824063
82931,8405.814434723086
76137,11622.883171003008
88017,13968.335481218413
82713,12338.000530075478
76155,12610.174174744021
101057,9133.59597470632
94699,40950.446099700406
106794,19003.590966931424
97000,21709.99797596433
90986,23384.157665133993
92785,6820.755655183342
79156,13761.31694630973
107616,21013.010193462287
84264,6694.200160411121
93932,18377.885955100122
102956,10466.03090024748
79715,22410.267881853488
82329,20495.89229034779
86636,11859.705180580093
94479,28187.83197127928
84998,9861.20481054286
83835,9030.944813940361
106823,9167.709624921254
80760,20244.9845681468
83060,17105.461731461182
85872,9065.298778437582
76227,15656.801485653119
103460,7210.5351516006085
96989,13444.091361028259
107858,13275.096099934199
80447,10470.144128538412
108267,7245.660240176925
86584,13288.170049968012
96426,15352.61278824199
86696,19929.5243482445
88252,10633.305527184799
91515,54629.49904749253
98357,9577.493832275984
92439,26598.229906566605
92341,30999.937818565984
84739,10195.403840179899
76906,27778.43564848545
100027,8561.022970325474
102225,13890.890370271334
88476,14043.038972057713
81778,24987.257869140925
103266,15752.032274778949
87660,14827.065070333992
89634,6901.193608685396
93577,32531.311215000867
92450,18779.200517047535
99404,13327.379764235977
107936,13015.276936361679
86174,3940.890384242473
98273,9298.26456460235
99007,23577.8316035258
81615,16971.53053727202
91236,18273.40177289147
96984,17171.166029544172
92538,33442.64113809854
87039,4188.811837296551
84235,14393.229516604544
77010,19238.30443168344
106727,5316.294950920756
102933,7596.869410341313
80821,8403.472700592021
81969,17341.052625817145
93088,28226.55608885526
107004,14098.369072022495
79330,28764.221105998127
80388,23835.782316783396
97494,16680.310494297522
107144,21160.178677798584
93860,19370.448376617303
94845,16005.411297286126
79152,21575.425083338378
95032,21616.89696458705
108333,10767.138660280798
76925,23732.370282144446
93278,59068.04387817228
98608,7363.072542273564
87236,8342.581018559296
79320,25343.678221898408
83893,13229.017478192472
80973,17474.20414662591
97659,7140.337382025709
102063,9281.852804091835
96324,9494.63147269614
101184,9276.462294361494
97392,26189.23389139429
94094,16778.676426681428
95219,15950.942986021726
85048,18181.248760494957
94887,24269.39729470785
88002,17460.18271359589
99157,11280.82759974502
102746,10141.987096865954
89164,11984.611109711002
101079,15958.425650697316
94124,10286.248605499903
100161,12686.834057071403
84658,17307.198178975177
105603,15470.085197106779
90963,17987.732128841668
85012,16675.576191325763
108298,14430.888845306086
104080,4636.00682386646
91850,38328.92976917146
102713,4661.327896592536
83295,10661.86416261754
107847,13067.199177144092
105847,12967.6025988262
87143,16484.379066183712
106090,15252.883182296162
88925,9071.55177618428
106297,17829.528758802895
96596,13204.22578003318
99233,6691.883301486678
103321,15793.673315001164
82479,13691.253514282911
102734,15781.942933148031
107461,28456.553074605126
103237,13704.526785029997
85581,19240.603917066877
99196,7072.713610256407
79178,15658.059459250966
84339,15056.976739642228
92764,18741.659187617854
85498,16729.25824767703
100622,9266.808943602979
106518,30505.673665278453
82821,9643.070413774838
97628,18881.98966431267
90763,8350.589085040763
91567,25794.984830076963
107462,7646.21418975691
95833,23239.738059258732
102479,15745.275898600295
97555,12427.43853101938
80881,9639.181280866356
84016,15832.40119877605
94051,12846.09850435099
76277,24454.419094638866
88676,8279.03996379656
102566,10117.916539054962
88564,15108.689832378577
95048,26055.37143660243
82166,12489.731197150148
86227,25754.551196855235
83738,9216.684595028506
103684,11555.339879860838
79893,18879.867710791455
100634,8849.9108193558
96392,16253.3998830344
96311,17670.56927494731
85015,13355.40887061851
83050,18050.330439279856
81925,27773.91043716831
106187,10907.551964128312
83863,12460.547294339753
82048,31878.41701709356
100962,13230.028610752881
91587,18995.25821226402
104915,18640.083178267923
98779,15372.77879305959
96698,7219.271558311653
84701,10400.56457742401
92986,26088.07640101816
77112,24052.21562019396
90774,9831.016518982939
88520,9407.528407012445
88281,15976.7200245518
91388,32382.716401589005
76441,31813.119076860898
98643,13970.663321890363
97850,14293.0928221338
98344,3434.50422910679
99441,14077.953799469651
80230,27375.656447200177
106370,10626.861891040424
88901,10419.454505301048
76590,13632.884027531207
94998,14326.232842672433
77283,32181.377421884128
104065,27839.02016560954
107919,10877.615233935818
103743,4986.82482597335
100503,6714.40669338449
81273,11517.786746282305
81878,9120.297738079626
79224,28485.963449291114
90254,4320.010204374428
82712,9094.314963328836
98113,8407.317887825531
104562,14240.891762602807
103014,9372.828694477586
107299,25918.057384520165
99799,5579.125656311865
87952,6087.43174946466
101836,9247.067924593333
104896,25432.428346749213
107665,13691.652359814841
96182,25891.55653779067
84731,21104.523810341965
85565,11470.366598935421
83237,9683.263133376726
80785,26435.65200386368
81935,35475.45868968562
90932,41811.756038481224
99204,14636.908757822917
78802,29617.865102953296
105421,16709.35433032932
81831,12271.484140579129
100016,7669.336435000606
76262,34044.95406625952
85286,11445.275411267185
78629,14691.018670545905
79451,14755.159137671282
91132,56523.98321591379
88726,11834.891904602906
89928,16532.126859795157
84672,16147.175136858228
102127,9881.82663278031
78630,16151.85191234093
105874,11201.659474866023
81491,14309.25766407587
108085,12708.992154407373
99711,8109.876497625199
95713,26812.001638288308
79499,12551.186686517458
88373,6466.04899055817
106412,18546.70747200242
86000,10269.603403324785
77849,16528.99791713629
102224,13868.447866964514
90591,8009.615060400619
78511,13463.295217347953
83611,16662.711411919434
95316,11229.256457677344
85207,7300.247860637296
86755,13944.904063327724
91361,22889.65719668607
88107,6455.176343412614
99468,5910.127234056321
101776,11890.925628695082
97132,5506.264780876624
106405,11630.543182496398
83804,13021.766367157326
104093,20910.607876083166
81897,24528.15460320953
97522,12636.04651524665
78569,27214.123955005427
96486,29816.020926944144
99636,6774.748407411218
80770,41101.72820815418
91534,24812.95573936228
80461,28098.20081766292
102345,6676.686629727639
95431,30219.518286288243
76350,9741.272250147844
76330,14234.401964823594
101604,10724.32274360627
99303,13451.812855194099
106266,15076.716540361344
84697,18334.39161175003
86296,9070.161554522032
90658,14794.614903373136
102954,9103.611815782173
106174,22686.488639392686
81510,23943.74064941407
89222,14562.471269969476
104391,15847.105765812434
76573,12936.43722441869
78060,12726.062173028982
85030,19270.302824122733
105478,22920.100424528482
83477,11773.207309949268
101134,13087.337615781358
103096,9291.091075565635
99391,10788.77182202526
94614,15345.94614418256
100110,7678.3601788135775
81782,27885.329348393454
90292,8177.531507809469
86357,8900.141619615117
76157,10172.098197006355
80325,25378.858481058684
88991,15764.561919664082
83117,19840.41634782281
90513,16308.822321643811
82037,12602.99274285845
90066,9390.499797403896
92814,39305.19145948844
93991,38641.26127819341
100121,13591.865684008097
104495,10781.510459131572
105953,12235.964305024305
108089,9805.25264323227
84778,21156.346344404545
100753,13817.862425910418
107832,28199.239637760835
92190,12931.206800435077
82029,16319.374721423734
97914,10859.131504584597
105776,18116.110965769545
95402,14816.804320714778
99097,11475.725575757493
105043,8859.385259146296
106998,8851.508739310184
99567,11489.96444951079
85421,7395.886123222015
99161,13186.257974188495
89951,6745.760593853531
81358,29788.11312732231
100373,9461.743363121172
80291,37970.14069474094
88545,9818.257895213925
92994,20623.72070561311
90248,24679.50137646465
78625,20943.198555429957
81990,34932.15550971214
103075,11853.0948527138
98639,7338.500390809411
103368,15734.593381986415
95427,14843.63778012532
84503,5388.344868789887
82446,7491.988126506849
97175,11338.510065750592
101777,11047.452715518732
76086,13105.356801900147
106347,13552.004790640425
76445,48350.54545353572
97649,11185.814233244162
99273,23008.791469973763
98864,12203.451016337429
98037,21130.239856183816
107264,21984.90957145351
100104,10699.05053211543
81842,16001.822883876794
81839,13199.3523158392
100608,12653.817130174906
106588,8938.875863291541
107466,30633.828380959185
86092,13699.975456916927
92204,25575.105016296195
107905,43407.767700786804
76821,18847.9188950397
81022,11754.343490154652
105727,34886.32591858939
80544,51926.112961276674
93388,16496.949419646426
93775,19536.856698279193
93733,23018.449928391245
108177,15273.229076041716
79746,28757.1711464205
89285,14637.646963760399
100243,8912.989171116396
107171,19469.57661232859
93444,13435.770485376985
107421,12931.765830150902
94071,24746.141227094377
92195,42852.13598095926
76108,17059.120617023233
100603,8349.556838640377
95800,12834.768648229896
90708,13386.220249266436
102701,10725.621282885193
97732,12525.168161320802
102574,9328.552565278971
92237,31750.07888040845
94192,41103.5004667194
88219,7806.899375789535
88910,13476.79475743368
100811,13526.749555848433
103288,7568.758779958746
100370,9648.088947942882
102544,15003.65686307203
107473,9225.689412475336
106926,10080.103652791373
92514,20548.854968331434
78557,12320.48993009406
99091,17834.586800999587
96487,10684.787821055685
86252,13741.843021668676
84763,6663.089822627244
82531,16514.407974753754
79012,16242.575025009406
97078,16802.08203699836
96824,6066.231536708148
79970,21613.4206535259
98057,17309.206135433058
105947,23788.27909253445
82539,16305.673903414901
105816,20743.351987712842
93800,19918.979640431684
87079,7814.4139216114445
87453,11536.656808360663
92855,15749.69299965377
95805,19512.17950501354
76398,24964.63720940689
90724,13732.922169669158
102196,8346.782300408659
97661,11935.432694290224
105475,13224.32767731078
81241,10990.83854800366
91106,22095.397333130713
89543,26447.540666727236
94403,19852.921466318072
80666,19230.603558107377
99769,12224.456097937456
102351,8623.051035620667
102941,12865.17627058151
82783,18954.255823526073
78504,26905.767853971403
94715,20308.54132225104
92180,23989.47404000823
103904,11064.57375168012
102921,8480.047448180243
99685,13019.050071532534
93048,19638.442077761065
82988,21221.180376712357
93279,33765.79113803157
80084,31235.74548785936
101966,10535.549329517396
94667,31035.212416770664
76298,12003.46109856613
87379,15986.702270317788
94212,14217.727771407894
81333,17808.644224579824
85998,14516.008268065349
90198,10357.706264344726
87823,10755.779543494418
103530,13397.009971977674
106243,9114.331353019303
81208,13770.24416315825
105153,9333.662126647048
104103,23685.877698998127
89555,24736.74704780454
106042,20697.4156060848
78170,35210.3512137619
107675,14424.403168538456
106705,13604.306112197228
89953,7009.794028986128
101934,12728.054245170717
104727,26300.37307815232
87327,14085.027341454756
103247,13330.10448758592
84673,11883.289352576534
107520,39258.333558880506
76626,21066.084145397035
98638,9279.708467921711
102060,7503.536620200679
83635,20232.55180936002
94566,42829.29047907082
79207,38924.8413909495
98700,17534.50756813428
86563,16330.950930188794
86891,18826.004788371563
85278,7152.518967534765
91817,30121.472599809586
99473,11402.067446327368
102489,5306.752433962135
89191,14176.887512948015
101746,13960.179731892758
84538,11882.362760497657
78072,25254.987128492154
99832,12204.620900462944
103475,12208.342153249629
101016,15745.275898600295
100280,8134.923841744585
96067,8302.16675942468
104086,22530.689873939657
77248,18102.716446585644
104269,20874.400980317692
89495,7284.76600111097
81340,32631.270466546364
80277,21351.12641564786
76683,33027.36857124806
94847,12707.09385686667
99029,16313.510964543284
85874,14831.75691801204
78105,21501.211892297542
94978,21111.6209389324
101666,9110.338615576777
100757,8141.495842225971
86704,8248.13492120792
91205,26324.706970053852
95762,11683.503456500921
93641,20774.821634103213
87073,21587.590636870005
102433,10773.93032802553
104382,21188.07279339549
108060,9727.520740505823
107387,24752.23098879916
85027,11886.174208780834
86014,18654.205297093977
102602,15769.881570763744
107255,17159.697042785258
84269,12186.965457964747
85885,6262.5527536074605
92843,14175.453152693857
107862,12445.306334724663
98781,23761.522569780474
106119,13269.939613894323
101872,11965.03344191326
87865,18684.95502783485
84803,9162.188120103532
88438,9937.08117460156
80105,20917.43454714817
80595,20785.02032604321
76539,9694.397662966365
107236,9554.643930144106
84946,12646.077650037705
93772,25275.377846842384
87793,15461.479154433775
104843,9312.134438434803
92234,19727.643126676863
89467,13735.169469990085
100145,15757.653815523716
93382,55077.27801190845
101891,14451.65178733205
81354,21425.381402849405
99309,12746.026101694106
81431,16342.60722386358
102073,9942.545951968646
88468,17130.07561528907
101873,13883.624197562169
88120,13313.60812848708
105714,5407.106485287006
106015,9425.581617407304
86707,16655.64469098987
93107,19946.40278533458
89230,14072.566151380503
100875,8292.020606006963
82920,8031.733917248801
98114,12750.114608685886
87262,10185.933892546305
104436,9812.687631974859
85404,7156.88179882645
96189,13649.429882759134
93408,50253.3903896397
92789,59508.45518087309
77768,31264.255900925084
99414,19529.78435862235
82807,15399.214922475006
88996,12491.094785012208
90305,7243.937382001033
77030,16070.742089986246
86129,7576.879219781753
83660,13039.623209210566
78602,23868.72373360405
83672,7861.762676283491
105105,34352.43398461849
78704,34189.94408884878
80789,48515.93673111951
96633,14856.92529446198
86132,12256.368501190293
81619,54882.62320367734
104645,21799.65336436623
103853,6088.171434910726
96259,11594.94702299202
104677,17471.058977137185
76418,21585.47955669329
103593,10373.761364673377
84886,10559.106883319437
80773,9998.64793372111
94688,21183.607578118856
103823,7039.717594363367
98757,18484.20807533625
78516,8862.785571798375
80596,9051.843668418602
102855,12225.233636855397
95957,19382.684138223707
86440,10453.486129221856
95030,26924.590692660367
101874,14532.793634830594
84585,9558.92086311454
76257,11544.885364906955
76971,20067.213010535757
94070,26179.568404396836
106041,31422.542693499785
87346,14066.901346540986
80993,27175.048130372554
105309,19576.34486693535
92622,20433.124718911324
94582,37313.374740884035
83334,12459.262766667007
98922,6943.436399548201
77691,15715.203648442015
95469,12571.354854577177
90587,7087.065823901802
107411,10730.671860648421
97489,9816.99118128273
105719,17983.480984444097
89534,10707.946099907993
80741,21934.83264434317
105737,14374.918772687111
99043,17994.00769929164
80254,13948.366188757669
83172,17148.77705367585
101830,9350.964196234392
80506,8426.405256253265
105763,13767.41799622423
92507,21742.814326273965
101742,8105.82201770101
106547,34680.79273425511
98619,16420.680302546134
83503,12165.556418010689
80565,10939.579908010506
83013,14073.176861923475
85721,11354.247749302707
87556,9549.553413223855
84442,7293.967894549896
79634,6290.602954569509
97497,5964.6206080170805
84325,11955.910555353621
81399,9194.639213726701
96361,11848.050073855928
101973,2467.250361192818
78352,12311.491419400714
96564,12209.51164993911
94669,27545.71195576651
76655,46060.49307357992
76084,16288.323172846942
93215,19265.597592557737
105802,9420.915383160962
89981,5964.939958117873
84315,18315.572877671955
83297,17010.401070331154
93291,31680.96986637894
92128,28375.940388001887
101550,9525.211441286157
79384,15110.522508522112
103643,9680.205492959136
88482,6417.1033402653875
79950,28608.010513711914
79519,28188.00042589966
80376,18347.300897048877
83366,12721.522180558512
92250,27691.221326950144
87368,13515.302186041832
77347,15879.406548172352
107935,7573.084880132737
95765,26164.70028149688
91877,31520.446360718543
97574,7709.420855526041
95192,13247.61586528135
80288,24399.64333160022
96795,11238.574838968674
80851,31696.199971973707
93753,27070.035769316106
99782,4776.9228025733255
83153,20075.64919768925
78634,10961.656701836231
99463,14064.390612087214
81675,16942.89969820819
83093,10951.143096438407
82993,9811.419679378327
86972,15872.21937699524
100455,10271.344195493954
92692,25923.478232075024
79761,35957.81986377771
90624,11959.90560419211
93517,24137.612799379836
99893,8803.248940769452
85441,9796.324174674362
91552,21367.794637130057
81031,16513.332375096765
82232,4076.5156062834258
80062,28081.21136407527
104764,16945.430696216084
83572,8448.31145254064
100100,18313.558060933807
96649,15015.401761800153
99860,1991.3261170396602
81915,25473.801878710336
96284,9182.232991575844
89243,7648.239516179616
95051,16832.929656453565
101507,12076.987669277132
108257,17923.523590928286
90558,21485.582768914155
96913,15296.476552568936
76621,18060.547812917415
99801,11729.418176832993
95155,14693.096540896859
96739,15499.101333165376
90592,12648.746057677423
83307,11082.518822916949
101154,8051.566612989495
88229,10001.392656435071
106301,12605.589639277901
82193,23384.030198079316
101153,10129.572165600182
107721,15193.502236617562
104792,9420.26494707284
92322,25823.93804229093
99316,13361.214811242404
86404,11229.119797138741
79624,28401.757863609786
87122,14023.243442891177
96046,15025.801507236674
83384,9935.914532856388
79657,14848.350688983332
86605,10387.36885177881
91883,16358.040809025606
100473,10903.873034792292
96611,13860.16179510365
89102,4223.653498703625
103838,12464.955783584906
78454,18733.51242580162
89761,11861.36720282549
106275,11339.960822745397
77831,41763.75226891511
82876,13654.470917711758
96899,9097.007530533532
99945,12093.344033138368
83505,16530.668417969107
96841,6087.936584778423
94189,25819.312880540958
85020,10683.582922138083
101456,14562.023185058815
94155,31672.42512934003
77575,17742.831788843556
97904,19766.421998946254
102523,5535.356078673186
107541,17305.4685383717
87223,8892.164052083182
94975,10174.814401725234
104630,12239.494785273391
102538,7073.5563983127
90345,7073.243607169314
90170,7294.105073056088
79448,22762.809902396402
100139,11350.85775705193
97457,20055.199323344197
76291,43958.478867031256
83987,13505.597817526483
106283,45730.31476219735
101864,7428.162014538204
95757,19066.747925453852
107668,14370.246029296915
96696,10535.917011361471
83094,16444.112371981053
89521,8998.991415666713
98998,7418.565720669214
97028,8930.02994305023
95291,27607.768988593485
94443,23887.264221054094
102182,10575.271373633646
81794,19861.676738804992
105003,29082.969069434093
83041,12966.902576943046
107213,9114.934955034958
104467,11276.39493014576
93950,27438.65603326115
103790,8112.22085709513
89125,9546.055642995922
80748,27711.577955868583
84795,19313.954133360214
91105,23814.443697467264
86086,19261.634510896696
88522,10896.848542211583
84472,11283.407525603394
99289,17305.44292661925
88050,15743.422200655425
98087,7830.673072690038
95839,29242.357746777194
76057,25042.83690010653
89619,8367.28459486287
86471,11732.231666573665
97685,7207.222694349322
79824,29221.237323881778
91710,26855.078510826723
104474,32957.29376102887
104157,44486.01416188476
95117,35116.90875623894
96337,7854.444496489139
107562,14318.184091756015
107286,17284.80209039273
101251,8512.874503914594
97688,5992.953550841463
86405,7737.436776822434
97631,13704.389348855948
92981,40094.54020173644
79580,23836.668034708728
91562,14594.30981066272
87048,16011.027247778075
96103,28793.42546925464
101854,10762.135639310527
82126,18477.030618886038
105443,31118.327333271634
77293,38016.049736577326
108262,14106.994839806697
107157,11268.20469467909
99717,12877.992372248455
93208,23994.198372942097
81353,19634.995699981253
81790,16248.35475889553
82153,14036.874595047162
97223,13565.092288723989
82088,38443.32202772027
102996,9107.787017722487
100023,7985.436917495749
84333,17081.806712000372
102506,6610.023822791216
95753,26580.31254011824
77116,8947.735423091122
84459,8481.766939008176
91453,12477.924005284627
76524,52394.83781792581
83249,13076.527620510968
102313,6152.8402634588965
90456,9672.91314586993
94635,25684.178271526653
101187,7414.723382770077
100776,14372.668491341396
84563,8742.498981277775
107706,15487.404725497305
78776,31363.772336392438
77019,29245.720242684485
76122,24578.375900066345
79042,16575.168154896066
101851,9460.040540970322
84657,10349.717843843751
76067,19878.944381366277
83598,6107.317288164233
96003,9028.839749943114
77817,21785.645592984158
76887,36751.89398804969
85766,7895.227686758717
105836,21938.393419151143
92443,44675.03560350899
98875,27417.655675323156
94808,20443.735511419472
99490,7320.126174497617
77469,12902.526156122483
105148,5291.652511557951
91649,17865.773469727083
107040,28798.283552440436
96074,27089.6095659996
100656,7693.575898471658
90366,14539.32342038131
93981,13222.531522817266
80858,17642.353392600802
90070,9917.805758659577
86606,10475.22182740238
104521,9366.142384631636
83071,13822.588151557187
101956,8370.876090223303
83846,7170.237875417712
100982,14187.529798365316
102610,7825.806127539637
97828,13669.25353380492
99450,6497.771849045032
87521,7562.795241518771
96065,26484.679485516466
88306,10110.260445732
96325,12006.885522395312
95801,26956.953464388323
104248,21107.29593005205
98652,13533.240615810948
103877,13587.569996593864
107470,20624.900849277095
96801,13660.46232628765
99595,27921.640613723524
86094,18211.134597328197
80874,33373.62440810511
94606,22205.40961388263
96127,18340.72926336865
100687,9238.391954384351
81118,29166.541545165393
84405,12528.267908471944
83257,14549.60256310841
81541,17727.71745223719
77940,11243.488232058087
101270,9817.852557438337
85349,15802.62345845387
92315,12642.280522090985
108360,10584.720761903747
77607,30959.602460069695
95640,15262.999852011717
98143,10875.920919871609
102200,8905.826432272597
83375,13632.559506165599
102178,6465.086666324214
97500,25919.190624574527
85782,8739.023873499129
96049,6206.067943945315
102744,14675.091521341545
102560,17090.90590180923
79010,16882.173404126817
85644,9304.474736963884
76595,15040.222390792462
82219,18767.35909204601
76899,20821.341014771857
85663,19590.86387609478
92737,15346.693840709308
106758,2893.5016372657747
94625,23388.21387785285
96472,26269.976825004516
104250,14026.244232237259
86303,20237.556631746895
107881,46612.750780306604
101517,9976.224097978133
89988,15556.234664420957
92689,28701.794665325626
99002,10911.53383748834
90734,13208.86836957421
91013,45172.28676986262
102056,13797.109112774913
106641,16587.64268414327
100391,7987.760729993315
77305,12654.65036378061
85197,25582.661986742987
81122,19318.73029399865
91088,27345.88296441375
107377,15014.593984579828
86495,10775.074426679543
78661,13470.542364727065
77687,12040.419969729659
98480,10009.934047546161
101537,8149.689639869629
78032,11795.443653256561
92374,16560.338450763586
82010,16323.587257644642
84496,12075.888494327946
98337,9062.487301066278
99520,8067.183448713362
98452,19572.691112805813
79828,27388.60668138511
77151,24080.819471643827
84095,16318.707519501091
83491,9830.111897584136
102170,8081.510788176997
88063,13708.476226209157
90214,16053.522544173391
91980,24633.975137550944
96573,19933.168976699104
105573,33643.39252190664
86880,12484.410421095277
100420,8467.604669094793
86053,10086.940918786959
84481,18443.876280922643
86088,7219.586140086785
83553,11927.701662086587
101328,11645.523853828412
105352,10643.300101356435
100532,12980.172495044435
98052,6663.531188845639
83818,8385.378651865298
99576,6624.221882337367
91026,15476.095889650036
92445,28207.89915297321
106934,6903.789498802371
78791,19872.766044201468
93664,26434.22490433091
76923,25003.553196595127
81335,19239.186982866067
105969,27637.56402181658
92701,24088.81721860781
98070,8509.519740052852
100423,12066.906229964236
92335,33004.12413678927
92370,33881.62405192609
100177,7463.804880358394
100125,6375.8950939935985
82358,23611.14609610449
85557,4555.126248396803
102609,7100.364999769241
77612,11606.58816613952
81173,53868.435343329154
93689,14335.5718486513
89219,6104.06167779933
94659,11697.340440308571
82424,9608.378192112685
92367,27868.55922846359
95828,12193.364843823418
87894,7733.713399310182
88621,9883.210283428341
104992,22210.543205600774
98567,7326.441589714573
106250,8770.89865767034
102235,7457.518061184689
94841,25625.43556581043
105496,11984.453709528801
90019,7532.43104688703
95575,30870.465630896393
98437,9403.737686031887
90907,15749.555378855403
83289,9556.315169891257
77938,16473.327938017563
98791,12068.936606883866
104254,20792.8365221774
104311,26290.797486398078
96753,14948.94167765731
77998,25346.08049065863
101102,8662.195922703806
102836,6343.298648615906
85330,15740.640275345319
108511,15361.218169645
89527,14486.884764899705
87734,17559.915480343265
87110,3815.10834758477
80936,14350.956436823126
80100,17142.514186637432
86546,9637.05169586161
104949,21740.997071829126
83654,18890.556518349473
96736,8549.529396017404
91898,25109.702938307702
90221,16569.00371086738
96356,13902.251334843146
78901,18989.53308636064
91469,18406.148282449438
106591,30756.027002060277
77763,25608.8747672841
89604,7248.280214186934
90001,8795.230633486668
89947,11873.61808864045
108218,13007.091298444988
82927,10325.15319031287
107140,14475.045628453443
95013,27739.131026877814
104979,8716.05425363464
90521,13795.745890605873
108465,22975.665743166057
106606,9526.476460026892
82999,14157.866515972264
93784,18008.735421020956
82680,12586.061052508727
100796,15198.012934385739
96230,18908.58982147049
89110,6785.479771508607
88152,10936.85764488867
101403,7626.339495355724
77566,22288.66246767873
86366,15853.994233676282
80356,30130.818891645133
83500,21414.171362509627
76673,17149.82400046362
100256,15271.365767253232
101335,15700.776946871505
83416,8700.058424209423
104983,12028.798117777358
107300,21565.277202873327
87350,5409.764829084961
107106,20767.23712565023
90550,9816.001347432079
80002,24576.76995204111
90827,9785.885720454915
97480,30090.506073738037
88160,9581.448700202725
88467,5683.234664204858
98500,8416.87422931042
86587,17540.54765587711
76737,15870.161713887286
79089,14933.657411839187
93153,21716.326058786435
80315,15400.309144963581
76731,36904.36740889483
94243,19431.419003673906
82571,10875.866844810973
86896,1817.2670298871044
88404,8345.464337275775
108530,24950.190396982707
100573,7892.158478893209
102888,12131.04788907677
76011,31055.212358950226
79586,47584.05509916677
85620,4237.003345919215
93470,21642.719793262262
98335,9322.061715719685
87826,12359.614377346232
94743,21755.32153996732
81247,14863.17200744141
91376,23563.724845858094
83451,19801.31105398156
83176,11201.831472084847
78867,25193.62197094368
96786,8559.43195280284
81019,25920.816311407645
97316,8606.267882173861
80560,19724.170415972112
88535,9372.473023573402
94281,30581.62542300145
94309,19304.319991057087
93404,32914.77394251522
85218,16269.457165409172
82697,15265.195615744316
94919,25452.524079427756
80829,16688.218012012025
84671,15845.6106140446
108043,14871.555201659698
105111,24717.605878248458
76997,13269.201451772855
83545,13285.223796223181
82274,23013.136420861094
100513,12204.446068148596
93471,37454.69455696578
91627,53930.306634005785
78780,50453.15535101749
90005,19427.634353077792
104234,7683.181406747348
100798,8306.924258218665
101322,10688.405145996203
81807,22405.11891395289
84469,10590.694070953514
94701,21856.42819295629
96119,11968.829657008158
104478,7156.6615721262615
100116,10841.724098789402
85151,14813.490736427037
106970,9752.438066802073
106570,47311.582699703715
101472,8883.920202346128
98101,18145.590833802493
76225,10581.092670921038
82833,7031.3583038664865
81055,6450.461368801569
100048,13774.69967076441
90519,32988.3256161989
76484,18386.622755172575
101898,12653.419935985368
81741,33787.14661079717
90441,7690.345434405753
108314,13311.108544087057
97881,3653.4646049585435
79306,26367.49577104905
107116,14453.739341763996
98899,13165.368447633942
99975,6849.691939016497
84378,7095.672347094257
101661,10064.747842400331
100239,11755.224557146741
80035,24182.88386478431
85033,10019.314558487044
76723,11530.337665181572
107773,8731.223847802212
105937,11583.51677085905
78321,15801.03296078895
82047,61130.29598066691
95113,17219.195038928345
84907,10354.39522464416
107479,18013.330208708143
99770,14426.272633875711
86815,16731.464960844147
101558,12813.041849491749
102258,15059.647397202283
95963,18209.94504960031
91995,10607.077851725824
82913,20512.9154299513
101968,9754.586687252684
105332,17750.844996186006
108213,15458.867293724505
83825,10453.72828625844
77438,20167.332757390734
95768,44246.62369514248
83195,21329.684204129688
104287,11164.038947208082
103213,12813.933495356378
92744,15925.951846391614
81351,32052.909146603684
91555,17301.369561323583
84546,12449.952711134996
81270,12508.590113648463
98294,11203.83180939468
94278,18212.09596418837
103537,14278.82771405507
104284,16902.866760104254
76635,16592.172610758826
76676,27464.923642678226
98118,8664.36025331514
79440,51245.80538183425
78969,28275.95493721231
76500,15067.919452976617
106027,16680.12123247865
84604,9764.916441353442
97498,10272.455986235384
92641,49664.31481183561
98216,9809.293691801291
102453,9284.015193190191
96270,11882.447935920918
78777,22458.19989687997
93169,11906.10940024803
87621,16452.97541016045
76876,24237.355502368096
83561,18138.300461137766
84296,13677.807723196629
92355,31644.076617040904
90302,19973.817579381004
91387,13757.493174627554
89854,10949.323282085163
106305,19029.551747372687
98703,8877.973403383203
97929,19492.21097486657
105575,13966.448137447753
79052,17454.277215816604
82362,23322.999137135488
85625,17279.007708720706
90792,14028.970041560242
98488,9742.255697298606
106795,11508.995064886793
91666,25049.024254572483
101528,5916.656760095419
94739,12292.776090875675
80961,11606.559518297
91988,9998.626260136529
80335,27228.7210212514
77505,17395.14348802594
93280,16058.279819201722
91630,13268.712136494481
85422,10336.464926429426
104986,14421.029570598212
92176,68856.77862659309
89861,7623.793317374815
84435,16192.123062752516
100381,15190.310424826064
85651,11202.329358262159
96525,15695.628512106909
91383,21298.934032240384
99177,7546.274996029756
85842,26824.47986213763
79658,25803.8801460883
84332,21483.150471546876
101621,7214.755636443739
94509,19683.84202875011
87175,17135.75668064711
89394,12476.699963011008
91163,28878.890081739723
107771,16729.028318203767
99551,5728.369821482339
87537,16188.089422899606
76726,15836.523972501498
106637,44473.693437047994
85583,13135.098175587671
84617,8260.921502327436
86419,7793.996468228651
80036,33743.90291561193
83956,16345.755303041517
106663,10101.074071154108
98368,6676.859005822781
80217,11604.403963595629
98528,8103.179254490911
92746,32524.983496575103
78042,18476.87898792664
87314,18560.89473001449
78148,17542.035636554854
101574,12610.910345625898
84789,13838.063609849978
81056,9000.410123883828
91483,14819.327008501681
97869,13365.437168623088
89084,17090.764332880877
90398,16489.409191836705
91038,25017.699344378423
80326,56335.29992482222
88665,7730.501560786764
99793,12349.326553542776
107218,12265.768706648176
97438,10629.312702895964
82375,8638.229958520242
103211,5565.593991839596
83430,16431.18607224413
83717,8104.546086179292
95607,21594.6192169084
99653,8132.303969053421
77072,16145.69255311731
95300,14294.616321295047
86090,18358.336590472383
90553,22972.716685656826
90690,13587.866933313459
93608,17017.8257143163
96059,9941.274002896282
105488,15096.82565769306
102403,11623.95902717146
105357,11273.189414651632
81201,20206.209772140333
100092,14676.747317950878
105800,10487.95355310597
103658,6279.062622009249
82416,7045.77430945179
93007,22240.82384066636
103850,12856.531910803264
97328,11509.36318020465
99167,7544.19966223947
92788,30902.006488802046
90228,14740.300768967916
105015,23942.74019353116
77838,11348.069268372767
88672,3657.1342408156315
86881,9441.489334229036
90515,7833.479933256017
92777,36607.23138499194
103455,9334.317901465569
97286,28700.67488835992
104633,19576.678483746804
83548,10245.641956891652
80980,21087.822317760052
87954,17252.001358523878
89975,6750.894948263038
83762,16021.581642453266
90615,8345.668662288075
76755,9005.773195833784
103371,10322.444483972931
102703,10635.376372417597
83856,5172.215485821269
105099,8779.806890014275
79080,18584.582928053005
83898,7125.897529963006
88241,9857.076727877251
89549,14755.126744389887
79740,9273.216214132748
81937,27534.018225028896
99084,11648.603129517907
106967,20373.506667768117
80358,50817.222279148664
97694,12854.021809199448
87454,9888.957412205675
101943,16024.827638629302
105586,8285.855841636214
105651,18099.726655382092
84667,7388.2268605228755
99050,9626.444127197978
81245,26069.63642340006
78547,21825.889789597637
82473,20474.27074939499
85978,7504.504756011043
88385,9508.044182690124
95452,13864.294760311785
98159,6829.226261775345
107952,9601.267817800715
107265,8312.992950586662
99744,8244.319000451753
107450,17144.518983501668
108280,10923.767375529784
85684,7644.25363024273
90660,7257.490215650599
107627,13754.513319617226
93896,23549.78102256858
105931,21040.08585111154
107160,11019.174800533154
94644,18679.303511960698
100057,12446.493828247067
85053,10931.952904406002
77037,32732.571777539753
81281,11962.149821763198
101247,10315.382944617124
92031,31098.925865129357
83306,11296.160769467893
82079,18824.81790361153
85936,11634.742765122255
90480,7157.021985439952
92696,21364.96092823309
105467,18775.147036024635
89682,7093.62570464768
76305,30661.569956210715
79665,29675.476513258465
82839,10568.755191478918
93076,18701.04445531554
104369,21060.540421500304
107999,9219.30750174929
83787,13857.243533296347
92554,30302.66516487219
99110,19750.501776169593
82707,6548.014735687924
80261,14301.26001162483
102365,11222.141571686236
82760,15903.399706975644
81142,36095.75586703682
88411,15596.55168313223
97734,12001.928051694482
81604,48860.3521165339
84705,18615.450398638237
104661,13200.41606782083
87897,12315.846829028786
84651,8229.216583460515
82294,26232.32363514693
100689,6594.957694699538
105236,10542.311712660641
77656,13250.364482712826
94054,26065.761664024507
96367,30175.12825627971
99913,19022.60351695332
77083,21365.37679900941
104849,20614.10809596832
98172,8012.129699318875
98043,14065.660079267884
90979,20675.388058587334
93136,30276.55717413473
88750,8397.53038131705
88471,7677.314116824066
93720,22060.22593109948
76649,11939.882670453664
99291,6174.341276463565
89267,5727.495077580678
108244,9742.648244087164
95194,27767.482439448722
103998,29473.049630216054
103782,8013.519683722118
101502,12253.492243074692
85961,10460.520292774825
99073,14430.018718470279
106535,17657.75175529718
96594,8057.733969175663
76156,40872.91830238729
85484,8871.699461635799
79139,10139.070690208246
96730,12510.265603205278
101796,14884.215847726204
78809,31574.877270585675
101193,6810.715386036076
96275,12403.754917382314
98321,9010.854767998328
77928,10595.556727929528
78328,29991.388610561466
103527,10122.95393680227
89266,10243.0031942276
99074,7910.945625501657
97952,13116.891539452718
88220,15869.670564108595
90223,22940.893136343006
76506,27831.920552691026
104498,21620.71633083786
84634,17004.506075167756
106803,24630.245858879018
80608,13795.66310558947
78715,12945.903042718592
89962,19030.252952264305
88958,12026.667155408139
98941,14256.033140697697
80707,17996.395258097466
105934,9023.6437982709
106190,17747.35651287294
107803,25677.015218815774
87945,16752.0728183139
96859,7210.748603388241
84495,11216.575872443387
79965,33523.93080088505
89496,8206.751574026148
101195,10411.288231435667
97209,6509.342956111296
101751,15913.448012918012
101541,9063.93832856073
96051,13411.227935128858
85075,6906.720957160429
77118,30447.768548806325
80487,12361.004402668696
106184,10582.655246404212
96374,2424.011039078853
91702,17956.525819042596
77517,21893.090090423197
98188,12799.104022105555
91641,22042.159647746783
94607,25790.4903625743
86769,9627.597245298539
80484,53951.60974030821
86964,9825.488091898445
103086,9388.014552509156
84257,12662.240141333668
91852,15556.83525090962
87431,16987.13239334912
80439,26100.147969260124
90405,13219.828614536009
97647,7789.282993498112
108071,14534.429504158858
101911,20076.370610617978
82293,7521.307466808748
93627,9706.521431315728
92080,31528.57171376175
88291,9271.709964619406
97591,15589.375863070843
94632,14810.843718793798
79572,22566.89227346104
100727,13541.174802475183
77760,15927.738040579305
80267,27768.82200363052
106167,27214.707185256084
93339,23012.05071126765
98727,10544.243588452207
106765,16039.764527693847
106746,23744.733947547542
80012,26425.000163478853
86651,9732.156493285023
106616,11327.49714707822
88617,7452.049945626673
78380,13430.180522099228
102380,10875.093788064763
102093,17723.071913748736
79049,46154.531379250104
104933,15360.68285738271
81578,23390.46215025552
82296,28538.095128365185
102256,9612.501167905582
83868,18293.50357210024
101459,9597.803338207475
85014,6098.103927218234
90820,11119.420013927001
83173,8239.789495175879
91252,43544.771011251396
102307,8407.45085089959
95153,18439.555368509325
99149,8126.32604183381
76130,14803.856096309597
80049,25933.52330619503
84353,11570.813808896577
79550,10416.740230323157
106113,29949.615264776134
82182,17962.39250318285
99898,12094.84265934527
94685,29572.940795792278
108125,18160.908394037568
76144,15376.013792117299
82087,18100.727687927916
96666,8454.441247099063
105109,27443.321494798387
94341,35988.737788990635
80039,25795.00936317528
91350,22482.7861339819
99415,9756.809364573903
85832,15628.239208803567
94022,12609.024767275032
104332,22515.70873689751
89367,9096.46558755731
101420,9754.017518187222
99401,25230.305969529556
79179,18979.236341445194
81603,16858.9947209131
94068,21426.364109088598
98185,10506.67195044317
99646,4145.175986085893
83218,16119.615861378028
84593,11609.64192822131
93040,17110.023483154866
104544,13598.041022908677
98735,11870.912147674151
86524,7173.121803997165
102541,13597.212655311285
88339,12061.513966810357
92750,25671.984937288307
101882,9092.401577474415
78793,17674.30402361291
100625,11934.346833917103
91791,19234.41731636055
98604,8766.847914153124
107903,12191.36978342813
108450,8768.214766380239
101903,8773.725967481761
96190,21526.324433922353
77299,17358.53599441276
96588,24812.084865921566
80932,60868.94927507482
81221,34033.11805916782
107383,10602.164444745114
92815,26818.79554401412
98724,15055.838943851397
101984,11415.340446634695
85939,12513.054524084828
91597,27482.65915343568
82514,9659.559601780213
88788,9609.703512408574
101131,11116.821862127137
82614,21555.51874895993
101646,10995.272350506235
87641,15143.945101950529
103855,13204.738261054026
96901,24733.991961022948
101942,17583.908145397014
92415,30636.271271245623
96467,9243.183162586864
104656,32949.19666971135
84104,16439.43301484165
96685,27104.27379069711
93816,24901.50328076528
104925,8021.192933329201
82086,16804.44961680579
93855,20524.168118634378
85411,15886.532493855735
88743,15836.554942158262
107201,7976.932586492326
91771,12152.109255468771
81001,27152.757713927836
90074,8477.45184647499
82791,6563.666006820505
102636,2538.4023713257066
102722,13448.67106527024
94571,30743.215645236214
103852,8059.098133829831
81514,16469.877912205604
99997,6849.049718108809
85808,11557.518190243272
95355,11050.343404618374
101928,7037.236887509729
98862,7113.992482275151
87759,7685.005697137562
101810,8180.311712334742
104902,34637.935811193696
101361,13482.816632145765
81707,19149.11284723917
84482,19456.921580485432
87358,8012.401427669194
103589,10546.486150591989
103675,13970.013989102034
76652,17863.576938109185
104101,12851.077948674045
94807,18192.083651217163
77325,10781.810322572923
79875,22627.4908107265
83034,13075.464325897035
94997,25600.53214905298
85209,9637.587347475868
88344,11952.08278332135
98849,8150.312819335023
80527,33642.98941097677
87245,17114.215989153392
83783,15184.76477588774
96515,9468.754483197732
95110,24487.342304975482
92177,32680.23178407844
94690,25801.574721299792
80340,13990.872822726562
80211,20131.074512466246
87440,11076.98141465235
97742,8955.182920127905
86586,17226.26229445816
98006,8639.019453715826
87613,10375.427006584063
76521,28299.341459551375
105734,16003.7375801692
87925,7045.897582983283
94634,16629.970077956856
102227,6140.836053980557
85292,8264.530870903618
76921,8457.443674907794
95158,21333.95036635878
95582,22591.24761450503
105636,24945.220160918863
92793,19765.961146719445
80981,37507.31271092252
76421,13913.001727992902
87182,7918.449303055091
93677,26222.71057250501
92969,22482.29383401976
95005,15391.005927055292
85337,8938.543943427474
90477,15679.908636269538
83508,6012.328122652092
96886,11494.53486237883
104112,15447.731830378596
93923,26992.888595544468
83338,6523.684750671749
77100,24571.805028864306
103801,10567.058278255861
77772,25680.97268501482
94352,23402.397656939178
78360,21221.453120729
89986,9167.476961718878
97654,6149.877333051133
90295,19131.834968753556
89180,14258.057917270076
82039,24944.451212281077
79485,14872.504348767554
87606,7003.517703861547
99574,5804.644859362198
92198,40827.23367039886
83529,19776.60671651304
83789,16239.642095018191
106137,20466.381034661663
81731,21275.91213545556
82668,9590.714253269329
95865,34356.370114224614
103389,9017.154141776973
98482,9409.909948941235
83775,12436.733506672657
98846,24445.652465478182
79233,13060.429876074326
93254,32513.083332327773
84246,10531.493195720734
101996,14585.49352529676
96237,13741.33699836221
104216,14371.861628495264
105667,29767.686101199386
78813,13666.548986959666
99270,8701.006753803309
78588,19042.627279714186
105552,12147.122231802658
97164,20735.76700483133
84342,14838.480983833431
103688,19265.31510278644
77484,10091.846469855127
94326,10554.881840108843
81254,31541.71335836279
90674,13106.459709332326
104261,10478.898752932877
106636,16826.220056608086
83188,20251.6271305149
93725,18618.231586592592
91349,28401.091225608478
106973,10207.38117290503
89671,7320.809801414728
92830,23881.600066930932
105964,18733.05051181157
89696,24324.27754636646
99813,9116.792409639052
108159,45023.83133088955
84988,15650.054351229082
84921,11022.40107740637
93609,29477.204051094835
105751,11848.836023329488
92102,30743.339796958076
83130,17573.925510465277
91136,25177.618644302765
78276,6799.0366127174475
108370,24759.777967430135
100384,10301.914897644674
84940,10024.833130775793
91942,45648.928809034
94454,30445.97339730523
100909,7791.738200729316
87701,19049.96858832992
104798,19142.732544276576
95263,22687.72174297706
87121,10228.942415704625
93095,19879.170573571504
85642,12953.087907931684
92656,14987.226494057857
95617,41883.13049029401
78219,11897.80336712023
104179,14211.387195269157
106438,21211.876367845412
87196,7535.876780794309
90335,16894.4984990632
82059,16966.76906019024
92365,19937.603701604097
98309,8855.082243685009
77684,12090.94976372541
89823,10911.738190718357
76689,20226.921935155682
98279,19804.58613960869
99892,8148.488496520483
77342,32238.647484064302
81074,62155.74154864785
101487,12206.93169161933
79070,11458.630987381213
95231,28898.204206001745
102572,3887.7665992085567
99529,11359.313825816878
105996,10004.553818441107
100780,7428.686537973136
106814,11648.305126032823
85545,15851.988886213529
79630,18900.411882625245
91145,30967.333441823735
84823,8745.822993939002
84954,10790.329013029665
96658,12031.937798351792
91360,27076.88224181888
90452,13743.98644239153
101820,5737.147503758763
81605,22881.827054600024
95895,25052.319930217443
99378,6981.394859336688
89327,15825.209767386676
97326,8135.9118419705455
100777,8997.977746638242
87405,13239.905252428702
97627,19724.99189393789
107458,14572.947857601384
79060,17086.356501047318
96136,12327.773538139789
98257,8668.894658107654
102335,9887.552211549515
77850,10371.30052360759
102160,9749.975347698208
102379,5475.161897293367
104579,9171.550018643396
105614,17789.294656371447
100113,10374.342823350347
91032,20894.12636480835
84428,6025.618612444085
95075,13302.843082487117
103736,11056.467688611376
86290,14419.65828943723
81511,34718.55526030563
90680,16821.36917207291
108256,16798.973606087093
104529,19495.440591138664
105190,8568.91835128461
83963,14182.973273413565
82386,59220.549541491906
96710,6203.485352321174
83474,6536.683482815342
85539,9171.644928218951
106439,18017.40954641468
102158,9613.98075304114
88822,13063.708883615416
100881,9722.613028616062
76677,48347.0006427815
90178,7561.481788891036
93735,14497.195274354179
84662,11423.644510575346
106182,12978.367465068382
83398,12353.05662157424
87992,14004.106570233547
87968,8279.59363015105
103912,16278.175202081928
93375,21120.09440940647
101226,6722.425659384885
77949,32301.226187875694
85607,7243.211335545649
79522,23243.408759322476
77739,9607.62750120185
83123,6516.190079416695
98241,13454.105497554583
85653,15034.188251107353
103346,10700.177257984627
93933,25899.24737341026
103652,9064.408718110155
101032,16807.437134662687
95245,44997.59440422053
87397,10511.991882494187
104051,8122.659251178767
88815,13283.527976694559
78834,46160.5407575208
86348,11238.00006427851
102205,11076.383011442858
85638,7310.013250527218
84036,12716.987512620562
103627,10483.572436131737
86641,10339.08840972453
76954,17833.99582073659
96042,16160.127842113177
79230,21530.223717001867
81240,24395.89420928231
98464,13843.98762244939
93761,16688.720520628693
86239,16077.08816100389
106231,21253.43683374842
94092,33708.50212118442
93651,31756.235825161562
102239,15920.560799186165
108216,20274.48197974641
87035,13187.94944710433
77754,24433.778171694772
102892,9441.02321819095
104205,8741.850808069987
89539,6679.805746656974
94276,18724.305204243203
78405,11239.094054469093
82829,10473.907257491579
96653,12416.075538231626
107768,10119.081835905668
82557,10767.971457660648
79190,16094.463761931891
83639,19470.679137269763
106302,24411.354542838122
83161,8413.784907904335
101839,14921.938512835583
76769,33505.144901879736
92536,30058.521599827676
105981,11096.006740739533
89644,15187.55621599294
95175,25793.68428385457
95837,25500.348699193168
81282,31591.8828830106
92231,44054.44857767366
85287,16391.50889976271
82582,11621.609475769252
82666,14705.55801165544
75999,14726.817242525458
81738,17299.27926462123
87020,10644.962176756344
93066,30356.992247641563
88496,6581.852073150165
93297,48549.6158659824
82044,17876.810026689425
81673,28133.618306492168
102694,7584.628311604885
89509,10127.398599679289
95965,32150.85545384943
106101,20710.379190370382
83569,8439.06271485758
104718,22311.209851787622
99492,21526.439885252523
81091,56394.64441202237
91028,22739.472056039493
87981,10323.738426300046
91801,17019.89435472281
102243,5853.644540350688
82445,10129.52966573606
104094,5876.073272414987
94745,38723.71434494177
90106,13746.601931285339
89015,8700.663926621684
93183,16924.589940943828
84610,4683.016453758432
77055,21186.631614594113
79194,16127.203446201645
91155,27426.50124688367
86569,13388.818181503626
82485,6566.566896193161
88760,9927.598366633227
105923,7155.025978965749
78686,36783.89280518839
88814,7518.512888083121
82320,18711.768575400587
102937,10738.656834248
87116,9202.21752342911
90494,9287.434417742717
106037,10731.22667354025
81698,37102.340968961435
108120,21922.96113941512
107501,14449.574298925661
76407,22588.91681287356
98601,10779.21221376075
107872,14083.360063060138
78176,19435.818145971538
93534,47429.091207279795
91839,11336.176340487984
106436,15362.781400039348
82935,17051.959275733163
84674,18426.81720458203
83479,14350.89304016949
105047,24798.68024099726
103698,6868.504358023074
99614,12543.800610398428
84726,9358.969899399863
84695,7407.390217963986
91147,24881.179648884874
87076,17715.33705965645
106200,5496.859485423854
94496,22714.872789181667
105826,12384.622199723512
94976,16982.998371021535
86380,10550.055482151118
79211,12103.35101655821
83213,11141.67353654136
84355,10456.783420629927
108034,31498.22136665695
106948,9727.604717160952
94995,32067.035309621846
101963,7514.816181841918
106550,14371.861628495264
85682,11575.144305601085
98174,13732.640964803319
105423,10288.571931766382
77341,14276.268091071994
83563,13583.072389488867
80177,24520.266311633983
88183,13186.61989310548
77520,19084.848854849984
96601,11619.350786425022
91964,26571.05850042108
86685,12986.096181939269
83039,15744.74015769659
97785,8365.756642869379
95814,15279.963811685033
83452,14854.9783714092
84518,14730.806019270061
102194,10529.644414459462
85247,11454.08186912944
85418,6261.184059404496
77908,10351.899985052352
92033,21090.537131078843
80872,9793.251964278115
86635,10384.707059490158
79420,29703.44287491452
98251,16899.810879745295
77158,25142.72034177025
89969,10713.50658155193
85928,9055.648052682134
91375,61650.62853827832
80568,23208.859905659974
91041,20902.895773081364
89322,2815.4556808387397
88057,10187.226835511434
89486,6679.86576848349
105977,15139.770054348552
88167,11894.502579967204
81115,51467.16870593126
91486,13856.885291105895
100782,15033.014296274656
89320,13500.80105292681
79784,16530.942530687928
89096,15826.656502744267
78264,9308.642186642906
97581,21052.576920241998
79576,34324.87049756702
89259,10357.513847473312
106745,8239.441666747149
92013,25260.662461560583
86678,14997.039033710502
102324,14557.348525578158
77632,36489.72174112462
106887,10541.347710151193
78950,21499.137429176986
88191,10069.156210008963
88247,9385.675040542246
94345,12453.822053515849
95349,18445.38088449762
93901,42312.1389770121
100074,10525.682357570666
85164,8534.04765871933
106172,22720.30881394266
108479,16089.257752808635
101908,13735.682174068772
87385,21133.52882431017
81494,10953.526825719411
81977,6070.69186198922
108330,12484.59933889186
80073,15398.501057363424
98716,10982.828473892278
104170,9353.799634964033
103992,13718.196633766654
105540,18210.041832564286
75987,15730.912968933104
99496,9532.1286209546
78765,35551.00796897966
98564,7333.244798069943
81895,19314.992048295484
100955,12105.93617054794
77153,47556.97126773127
103888,8636.032864730827
105921,15305.45417518693
99660,13182.386271303367
78579,29445.92104750708
87023,16128.135480268764
95879,15518.241176693005
100433,10479.675463955857
83011,14019.60761251704
103255,9436.677240475046
75978,22146.90180547652
102295,9264.893028425786
92099,13701.610453571884
80985,30087.65340993848
99556,8636.16319587106
97124,8471.344529925565
81386,25787.98657724782
92818,28344.84101969166
76413,6317.992401148218
99585,16896.356289714717
98093,13393.111814464351
87527,7744.1681298548765
77911,30479.32421021595
85090,16658.58960026745
80843,14758.277588340774
107096,9251.23652636611
88042,15402.391944377408
83948,32464.58967672137
93242,24636.528584911845
83677,9653.286147448769
92864,13594.159120216756
100323,10567.058278255861
81042,17718.41096675569
89663,11930.216633540009
85381,10529.770810027889
96699,13339.541793768318
92422,31399.39311071058
96880,17154.358278346077
88530,9944.93741198397
81438,27828.6726387191
83484,6106.316429893456
83637,17111.901458786775
89092,12914.056069400322
93732,26088.94518207516
92925,20271.709784796363
105183,12783.663218347647
98369,9003.707733691923
100868,8009.999895337859
82430,11267.6113623347
97604,9780.8475451389
85474,18374.467766962553
90978,12497.68076648704
97258,17563.65662980195
106720,9319.956768107368
89418,10495.77725376638
83154,8864.463193783444
98671,15442.019959835827
105356,18114.13961197742
88880,15789.081386620759
84275,11444.149888243639
93184,10984.478787662478
99811,17704.41792744666
96995,12902.482889394758
89700,6914.7287506718285
99390,28638.86094889849
100504,9819.707524513891
80427,9369.095974929596
105125,22904.435924602447
105652,14508.884149290363
82706,7384.449264546066
97831,15171.75478203105
79865,39793.53680244199
78586,13346.640286617174
85926,9153.781341513433
83961,17669.055197421414
96313,16239.691873077803
77556,30523.02308562638
108155,22970.25782790313
77590,27905.441347487606
90192,14533.442567334252
88094,10437.05698868717
86737,18026.87078692995
107509,18591.8808710228
96960,25147.268060657698
85495,27463.405296239886
80902,19714.731020488125
87998,9142.96318633777
93672,20104.512719509323
101245,15607.673780013456
85802,21747.953912643425
76378,24238.727947961
92576,24791.06480532258
80096,16325.110009541735
103064,4757.508986809529
101782,14589.930247074666
84729,14760.5087503614
78010,17742.516721228254
76995,12521.161059385682
83407,12906.337947601698
86858,9481.859238336452
92623,24058.38259291403
107680,20861.04460296823
77324,15058.560519538476
92312,16287.096508203002
95266,17164.237943303495
86907,12771.203385985647
98403,8766.909763134414
77236,25797.59595858243
98098,11757.882201461096
100392,7786.2039607916795
80696,11994.510124185454
100083,13173.165574523417
107500,31647.64943706964
98415,12302.641136219225
89111,19106.550527855226
97813,12635.733765871053
86818,10535.748651285345
76368,17878.799118355983
92461,18805.436963792552
79280,24241.794153780902
94481,13938.372676890518
85233,10899.494379569536
87051,9843.17699256501
97596,23163.875564743237
84911,1916.8763588013148
84923,16333.76280181041
100105,12249.275520737068
100360,9657.698724703368
87548,18232.59749973435
106839,11807.887007435213
97625,10499.236543683926
87757,12862.003947204825
91686,19337.814853593452
98789,13780.849504077376
101190,7122.112454042434
88070,7319.249344566704
93252,18628.506434162646
99741,16663.87346758236
104820,9396.509918883332
88169,11943.251326369355
77198,10252.278708983065
93558,33906.84178461106
82381,18366.221150510188
99874,12012.231638052372
80727,21327.043353398934
93762,24806.890642551563
82928,7471.4978418296405
82083,30819.64103359318
102681,9703.904247777567
84592,7007.385161290919
90373,25694.375400951725
100741,12298.498557558783
80833,11077.16521312087
91415,24751.94763315905
98086,11359.313825816878
88138,12732.426920196422
86387,15720.980426474396
95134,62710.28735820394
86392,17773.761071728717
91440,23390.66254875849
79877,13417.796625107805
85439,11967.597189880582
88629,10619.095025333821
90541,15958.294148052477
94365,19944.350808369178
105625,43632.57680614631
100340,14779.673902878136
78761,18444.165054636556
89066,10351.831916297118
92418,27226.88010912745
90530,11333.051793286282
91595,28909.42143537485
101516,6841.227704181668
93518,13455.829314284101
93676,14489.418723668754
77432,27703.21504016914
94585,15151.990234377801
96358,6712.035784631006
78159,27775.946435062862
93872,12552.756217450526
86968,11179.807267249018
76425,22739.84645616696
91431,26072.329169620603
79862,23312.513544012087
86839,13901.49514241269
100378,11222.192379125712
87028,8254.754460831155
81612,21160.24206881914
80822,22238.91943332021
79272,53863.641427720126
76037,33433.42107553639
94336,12900.478906220678
95900,23349.01845209516
89645,7965.149568830827
88068,2816.7570711214357
78067,28371.459873980813
107703,14840.729733546152
106822,12848.49016034847
82155,3000.3067909773017
91564,40896.5938545103
107241,13908.604348108904
79829,29250.619810983335
82574,5886.8046467405
93529,32380.83600283953
86196,11107.342222630388
88887,16313.25603125841
103822,11532.244997081207
97431,20264.752663512816
80655,21017.71213149041
104352,9433.68784835888
95983,43070.14731188205
90231,8033.565559374663
91426,29334.26054707254
96804,12525.716981168887
91789,20633.442178780948
91063,32062.87585374913
95672,28000.766705855243
89669,8361.363874085342
105177,28199.806083233292
83317,5516.183418230071
86083,14123.446229303872
98558,9592.632528091635
98497,15878.42747142729
107910,10185.207611555872
101650,12675.56205295474
98157,14200.95722795276
99234,20639.850832517513
91943,28074.860118978842
99237,6809.430858284195
86413,16980.647765851118
85589,8023.431491802993
83028,10966.408207019762
84633,17186.194812545302
76000,12513.664192475291
100519,10204.734897847537
86940,8977.783331316263
93162,28201.261349930814
98061,8210.657471054512
99205,20718.879149143522
86507,7797.516154597024
91613,26167.494211653586
85308,10139.760315957818
105270,21510.941665717008
90212,5534.041134393871
94127,4469.522421176575
99422,22021.984234240193
105583,10190.967048365952
81264,25934.631566369786
96205,7096.5235887188255
105242,29006.508453554994
91770,20985.58370333714
101725,13758.47740976295
108296,24631.571212441504
82556,12419.47785220963
93282,13911.171146653869
90749,23339.81500442676
101708,10599.720648266873
98952,9305.780326871221
84008,6861.371989427839
104420,32011.927394007253
96406,8288.44403322633
83723,19731.357591895903
97143,26001.256450132507
97025,13566.572356439468
81322,65473.980736998405
102314,9514.754890753014
79427,8033.016501919069
107605,27717.65883588983
87036,6990.3243315878035
91115,52732.922091993736
107095,24478.89616667978
86726,7011.354886400614
89311,14171.726204745477
85612,6800.021915655921
78297,12286.838703365476
87140,16056.216916802689
99815,12069.108044309414
99814,10819.33033529466
79285,29308.653732912317
100846,13981.23326598567
83155,11455.38603060204
94858,27721.511826810784
85781,15205.85910827058
92914,21696.99474407902
98443,19519.60660166866
92134,14503.28428303024
102425,11108.201153836082
100338,7046.97131959711
75995,12934.897879056007
96586,6527.822832388756
76467,12060.181400657666
79386,23317.07534300651
87549,9813.456842445936
79953,14470.548717428685
85516,6263.991633643885
102251,16601.382303838967
86747,13411.805809294954
96255,9855.630968973877
102580,4373.62251934426
97573,12708.383319350109
92803,15841.088022824692
103185,9628.395302528494
93477,20734.880743202346
90488,16798.414367249294
103256,11940.752938612828
98259,11635.63806461153
79168,24463.418142633964
101416,12459.706123892896
84088,9886.93777783588
105807,21940.603745754557
107132,14377.884967667025
101505,14076.725094957836
96102,16116.885997852929
80342,22470.67479621433
83221,7471.672104816373
87186,17707.915278138484
89162,16683.801241109937
100282,8507.190016918608
95292,28226.21448494444
95878,43238.140799051
81326,13228.845056286618
88518,7419.4612846830905
108243,32223.64111620338
108026,6492.11146284077
96751,10671.319533346565
90571,12172.168761184697
76767,21173.491315483836
87910,10445.516469486114
108470,13966.139706278214
82634,6303.858402358781
92666,28145.89232363558
96690,16918.58796035868
102493,7368.839976527139
99491,20921.465976585845
94959,16790.243888829064
79015,24418.59654129354
93400,15613.34534157951
90577,19940.58925976343
83608,5764.413708107779
101527,8757.03817098053
99227,8767.319355844758
105333,13191.619579354157
98720,9038.273533225845
83359,4859.305708650839
95498,16637.19004229901
101019,12877.272957477944
86045,11222.648189391799
87546,11127.195827976948
87526,4516.7653896872735
83304,15073.97286566598
81244,23222.85967362529
76248,24712.80415590653
90107,9870.994195542471
82584,7897.704156559271
97783,8277.168409076794
79048,12037.010338960283
94531,19526.553477684298
83872,8035.514194902118
95726,25565.645495314126
107362,10697.739838605423
88562,6242.1629905929285
105680,9041.223705888413
77859,10164.733869678821
82802,10494.894422975465
100220,5816.216887979506
80149,23076.134900027624
78826,6366.95003860905
92081,18935.61020218568
90008,22934.869301654853
86319,13092.704715020489
93624,27080.95699633607
92325,25098.802665670042
87857,17752.79063535457
84996,7978.1788399097395
105536,8329.96827060024
86209,11979.996029519281
96095,20787.37431313677
78426,22790.615838712958
80287,19289.158003420005
98154,7434.4896259722345
84049,16835.08471603995
99005,13523.266942704175
101228,9063.232956243533
79488,41709.90525893151
95378,30815.889099873737
81740,17015.160092809903
101394,12893.303099919156
102736,9852.971007497465
75993,62866.6705098811
102322,7795.434688496682
106248,9636.580390228917
94377,27376.673766513377
102281,7054.416109189354
99028,9831.301670060944
88725,10435.232836512347
101290,8186.370212085778
101436,17004.990694046573
107395,12525.097024680115
83696,11989.204040982257
87319,12205.929668051858
77845,7533.788528779548
94163,10937.118381146802
89778,15851.665594678028
81251,11332.17911304894
88855,7193.18280176515
99680,8294.573046285072
94593,19416.15384406569
79028,41588.398134596755
100784,8011.284395545198
90856,15672.907150528601
76836,22205.303612189415
105944,14062.939562062604
76844,13296.125509263173
85377,8986.574015878
102613,10136.872676337254
105832,19303.78484291472
105173,13303.911419157885
107270,8332.463948899676
104605,18723.85439605928
93776,27718.545357602583
98145,15441.63342123744
105384,6022.044186568909
83797,12921.220190348735
78439,10909.176021183464
84850,17825.546743057257
81348,15742.46477538278
81586,55588.78189516865
97554,3852.043424611217
96691,6320.32478421978
100073,14523.22587917224
89195,11102.168385326331
95919,17987.74658649545
78872,7803.7494967341045
91100,27353.170726035325
80008,15040.407329297263
89155,7120.382630008165
79002,4639.041666190512
80103,17754.360555153162
95722,27605.291400727656
92248,30978.390944656778
104759,12354.100330458554
101435,12920.885812463515
95367,28978.802987119296
93611,32171.362182347282
95610,27873.9381188221
87950,13369.55804935903
78095,23029.982525852476
78646,15893.29012930086
82091,21974.086155480916
103774,15305.29052517154
102660,7461.95029490822
92256,26647.207886976492
102733,13856.33796866253
95698,16798.345713582705
103008,11473.791011702257
76310,35288.93524418735
102230,11601.036661882454
108434,5137.021850280405
103325,7778.835103004684
89871,11032.363169594424
84888,12916.2631694311
94838,15148.948224867969
83744,6352.068917508961
89112,13906.839744952345
102043,9160.417230030313
105254,13697.011706246292
77814,21535.97911003779
92390,9760.45467059316
106879,18364.30828138
77049,7188.978415445268
84476,11650.343267043963
81372,27909.17406549289
90236,7218.221353588035
92132,19301.698708899672
92240,19786.141550539716
95286,23870.12688660131
101750,10001.58561287265
88817,16950.513576462854
81131,23697.473241672316
84244,11724.1092094833
100801,11072.57384437477
95844,20264.629979736208
83870,10565.02993878963
88723,12082.408458204938
81243,24116.85693209003
100385,11604.528826805628
104717,16192.449311114131
91235,13519.698219162756
96520,9016.6932884022
93381,33209.85125893007
80691,34635.1284589602
92000,29635.804294548394
107035,26719.885065227885
102138,11970.797844902801
84605,7619.707469086467
79297,40819.509559777114
106336,26167.00681337953
94253,24892.45947430134
79716,21118.941123895464
83444,7661.225627726038
106618,10803.607435882126
96175,17020.187333130227
103007,10216.079778903028
83413,10502.08518292984
87204,14571.371042221126
102288,7617.471429094694
80637,31791.019344258013
102156,7280.340450991925
99444,5727.690017309216
88292,15157.793907647187
88382,21072.67883021401
83149,15405.596071977185
96173,14428.010520112333
104005,18943.346458765038
78097,16359.751935433116
79949,20277.368965987178
93089,30507.199489997278
86142,10584.770077668698
79736,12331.22888916523
76052,22735.876117975506
80534,12959.793581333568
86998,10917.805910089655
92690,25298.856780866357
88656,9052.6551144632
94395,22928.618131672312
98447,7366.409214029517
97701,16465.440284723107
92140,18556.50584546503
100562,7013.052149217778
90947,14115.638239062608
101174,9912.257556691744
82150,43629.53174241082
82220,13717.563651816803
99327,3443.426489130015
98695,15397.07601548346
81373,17725.153210938948
92571,11012.475918329461
99568,7275.01828146911
80774,30906.072425063176
88548,14897.393307374603
89214,15668.692146501275
104968,13616.558596548164
76079,19289.95495670373
106643,17249.59186707732
98760,13008.823701781703
79377,19764.809150976904
92075,33982.48249027716
83689,15850.641228420236
89321,9074.319109941922
101772,7587.538632933042
82498,13114.409262963334
100293,10193.276250480849
82360,23342.77687469875
98921,13962.921684259705
78949,32785.11238440492
77501,17382.98583019757
93322,25904.341622336473
85827,7728.632936380784
76428,17831.718681276823
105249,22525.846111406154
93940,24244.43916107345
85259,14322.759916188497
95570,32541.198532821247
87993,7652.004352631216
99558,7200.748879020271
91277,19573.725545694793
93825,19162.15176305477
107121,29128.14400647308
104959,16303.36143265006
96364,12326.58357622079
106601,18769.24790764294
106375,19626.67472874241
79619,10925.77496741839
76473,14347.896863214633
88184,11110.416138499704
92530,22557.763608704052
100669,9543.635648600057
97656,15609.290957101932
78071,29088.073704316797
89316,9053.513577497553
95061,22510.457481892623
86189,13924.66936736319
89553,17059.884573479187
93106,23366.053245931686
92968,13762.725622496395
84025,26911.371696585484
107972,10473.177648903717
100646,6911.145589054101
94107,42900.309251763625
93865,15703.893514576437
96199,11978.600183001234
107397,24561.957227986244
100882,12195.814161631135
104739,14636.11494403113
85360,18411.992733846895
85630,18243.252855651346
91862,25675.285517683442
107207,21730.895091932714
97162,6497.093592914265
80025,34967.42938163572
102082,10413.980640063315
85267,7715.548035593986
101929,15698.371741033516
101500,9355.887687036735
79709,17147.116041636265
93972,12375.098251823905
103035,11621.7261878482
99214,11386.102139057037
90020,15840.71242058393
93078,19501.262382581128
91474,25980.416614600534
104931,17128.547519894953
78728,25314.692930714977
79185,12920.870055674124
103871,6821.036510479884
91303,34545.24257674679
103205,16785.56543460311
102796,11182.463705473492
84381,5610.532088263562
80694,2481.7455912056357
88412,17989.337955561343
87437,7300.4149504348925
81938,25213.312920657776
87557,8198.677149731411
84227,18348.592549905024
94972,32527.311313741997
101329,13480.073570198643
80069,35810.41835550984
82432,5713.388157634381
103399,9194.116479999713
77538,26570.179894724206
83684,10189.956182495574
101430,7246.563173220363
104322,16864.57049160368
106856,13375.176975479199
83084,8128.121332063249
102179,9053.142462366313
91752,23251.515240463596
102244,9662.332592293984
100903,7898.306404997069
87128,12735.83983826902
104654,24650.01557510097
98265,5587.240337072715
101764,8692.309310072882
77753,12804.992348317219
93483,33514.74088814548
85586,6442.543497661887
83436,30672.10361555632
80395,15461.258235331832
78652,22415.30484068926
92985,10614.834347676582
87343,10827.604103799433
94390,30897.646576778596
94485,37656.20388985464
79564,20753.74598184081
106104,33412.53081607731
84557,11660.732060368182
105524,30503.658688371623
96622,22931.45402099105
85389,12876.589585194137
78029,54722.44899481061
107904,16037.559826619914
80526,45569.71383747654
102233,6620.774603588111
86058,10349.668139210213
76614,30419.220550583996
81334,71516.14422668818
95043,24627.848770034205
80400,13945.381431426367
100114,15298.885409205324
92049,26080.98666796628
104070,8702.870957349254
95487,10894.412082237459
80402,24930.02854978073
102682,12086.503245998718
79747,13322.82040252527
97331,15823.103682933579
92573,27207.99419490881
81827,17496.294892937687
99721,5912.068652738744
87560,20455.534070391906
101447,10930.728184795484
89027,9148.309815544815
100905,8935.461553399504
86467,11909.661505272077
90523,7809.461951103966
77588,37729.86116598465
79946,23305.835108996165
94096,19861.95764941206
106481,9475.184971130828
100694,15212.16703620437
91176,58803.29460181496
106878,6775.029839121487
99871,14579.030126676707
77534,10795.020660389526
102006,13980.08472542789
93356,23728.46983744069
85788,10017.1434627704
97108,19346.80868042354
93129,17938.444378692777
95168,43274.10597788839
96578,9102.805468379565
79570,13160.917548825762
96604,14972.383928015466
76367,7609.6994044411795
105065,12432.492041680565
90635,17163.749691179917
107221,12179.926281635378
80375,11344.98737791705
94421,22079.173962018354
104009,9456.319149235265
84804,13433.30031217265
92074,28088.65179633485
103678,5881.641599083512
102350,18413.37830000984
81690,15778.447450266995
101817,9857.914113552897
108275,23293.475677921728
78030,16011.958791889048
91570,24438.11232646078
96746,7859.722504609932
89748,21859.931530756392
107889,20047.727535390586
88402,17302.756225360947
107789,17151.59896073419
108061,26888.612093377036
105143,14196.196396107403
107488,22943.946969322482
100812,12446.018188432248
97830,10931.9440357554
100664,13559.540131801932
80071,25532.82014091578
104550,13376.1848766405
99466,9360.832243252686
93777,15807.006794692055
108105,10341.403697354044
90322,8412.050212174217
101860,14336.377731311517
104129,9319.416256517838
77381,17300.474966365047
76946,36461.14722074512
91556,14950.252257449916
87190,9817.417675494748
107647,20323.587592582004
84177,11562.569723475575
93266,28406.3620394755
107341,13996.117731465492
92693,27331.628517891786
101292,15419.859768104297
79651,18467.133784965856
81654,13179.2730959751
89688,5613.413217444572
107423,13905.60473387253
86626,13740.331584036876
101633,17904.600392803095
83827,10565.399189192021
106678,13546.08302690326
93756,26798.98573053148
84185,28167.513784645907
94867,18535.929871210497
101062,10189.188806803468
76567,32704.467940148537
80522,19492.988761341854
101932,9335.730104934388
86016,13231.472442139404
98609,14940.540766962362
84081,10294.32127629955
78446,10862.683465098893
82074,22566.359418928565
108374,30662.364866216067
77895,25671.58667483941
93416,18740.84237145323
89357,10027.481073506719
106786,10099.415314534628
102766,11191.055086855164
82233,12028.744000706294
84115,10376.397287754344
98073,10642.120432670074
106198,8243.353398354913
100335,15460.780980226169
82169,17466.663094106454
101191,9284.228543066725
94584,14510.391411572204
81980,16967.546096299728
93574,37260.72109248677
76934,33827.968474909016
104181,20046.710472946877
85205,13161.487697272534
101304,11729.676959726881
77927,50955.918208068964
82028,29245.55117477966
87191,28570.9886230495
77713,13290.287779766788
100414,4025.960930231044
94287,21644.31468334648
97941,9863.926106829322
93702,26655.508210908116
91433,26031.738549565463
92420,19254.616083613008
88433,16955.91722486132
91656,35637.94593780253
94313,29359.037911210067
91218,13538.637703849283
104418,15698.09311872466
86375,10327.272176390545
97556,14076.899424670119
94514,44304.38492261949
79165,36281.8576095704
81780,16988.93087523763
105424,17400.050174755357
77427,15609.203970285844
78626,20456.91852249259
85465,11337.702963002706
87616,10449.05344208586
101667,11384.074169005353
84226,13804.099127491629
104737,18111.512866953166
95041,33063.989128076966
84070,12332.128846833868
79071,14363.284453048425
98688,8705.501834724471
91104,35282.96012172462
95301,17172.503970130896
82795,6265.257672012621
76606,19742.801077636177
94708,22747.454077596518
82934,7320.627624050641
101243,4423.821546372226
94629,26054.300215432297
88235,14550.451983975776
78913,51659.83649578422
94480,22933.155435126555
77005,17387.080568352747
95511,23592.79872361944
88879,13078.675397579376
78396,10807.683442454652
99977,13222.870462524708
87602,15475.137461561873
105439,18535.63427002277
91094,19940.043566813532
103575,5577.786117971808
102840,7156.826880785899
105367,10350.367474597606
91884,21616.8406339073
84572,10476.462496460577
96544,8052.450920090593
94082,32653.691114179273
95510,16296.066223941953
85718,7554.58183591095
92527,18985.58410005472
78855,14758.320399728536
107521,16295.365733345481
98876,4796.239555543601
98440,15693.436854226311
98714,10432.563205886183
100643,11793.439303321244
89570,6786.670704131931
94168,39257.95085370302
93299,22988.488896241826
96033,19864.445257865496
93742,19934.54888879065
89946,13950.394102102127
107741,4719.911716978825
77268,18106.280840843272
84848,9851.770852271127
92323,31432.8544518888
82181,32157.94646973859
102252,6976.600227113294
100240,12032.978935287008
90422,15744.497302801188
103145,11313.108775532495
83333,9277.363732178297
97103,32392.060122898012
107379,31731.661565960894
94694,24728.920443761304
97339,30831.08852467318
93104,27610.812602134174
88194,9817.521667208663
81954,21947.337029590642
96391,15992.550779046245
76563,11655.741060596509
97630,17994.45198032767
80201,25959.327045857986
87854,2467.1293926149533
102312,9980.909231048672
93848,23480.425897265988
82542,6699.572143384135
102300,15781.942933148031
97229,11431.911388244398
98907,26120.405433309483
81238,13254.154680981572
101377,10082.920487000054
79109,12851.500569019008
88044,5273.962758483337
91950,31032.50365832404
103403,8763.530694677476
87611,10137.476931448275
98169,15318.352482357132
84352,13779.014707382694
91787,18735.96559264771
85668,7948.783563011129
91287,17027.550975770653
80289,18081.5557428679
80647,24602.330537167843
90612,20539.342350259565
84941,13318.77809694364
85955,9999.687140694681
95019,11755.71022872629
92685,18198.212222735772
87156,7888.000832114025
98300,17800.973957910937
80737,21676.358179111172
92849,26164.70028149688
87490,6414.463408358014
106168,17223.671566165634
87014,18381.058123909927
95822,19141.939072002864
76797,14143.70670506023
88416,18505.750206570763
99974,9766.946194027796
79248,9926.80043662919
93969,44347.45156143502
104746,23927.33737647811
101092,18555.63874472214
104076,18415.31424210449
99087,7529.687820214466
93808,23660.716016527134
80849,31858.655271082363
93870,39225.043997392095
97218,8619.759863196246
85690,13654.518362693125
82581,13936.02931530998
81062,14000.027498658244
98925,15136.547925451347
98116,7813.176706534811
78229,13881.47324629839
77717,3376.655044524406
92227,24253.58930452904
97525,10510.4784605942
92015,14682.665045749982
93168,18220.088431387358
76841,18863.733591166034
94920,12391.152938993957
95188,13732.893333393307
91909,48922.37167561569
104631,13351.816957156223
91186,20518.570611755076
100465,11401.755593999842
79253,18915.119577927977
97133,9382.060480454715
84758,8750.62556210766
83113,8461.11531350423
92012,25263.403163011335
97730,10746.15774392383
89579,16673.8753148448
89670,8762.512930559065
98105,13457.090283378597
79497,21624.44972011651
85954,13471.993858357824
90314,5414.845629464238
81052,7218.166502683157
78531,15334.629389581369
97791,13119.471913856389
77746,22059.40367235694
105318,20664.27742096468
96956,8802.985305930302
84493,10629.029770039786
102164,7813.95700984426
84640,15045.873007909484
83292,14620.010500072922
80446,31973.372332772862
106883,20730.934501276533
96822,11745.04389274777
99282,9931.042192597799
94359,11823.827302123927
105084,22761.12305320786
85908,14155.305779511309
106431,14390.686940796755
97313,18462.877939676513
101268,6435.193711380038
77989,17162.880309634358
87682,20009.923724839635
106611,33652.08823759873
107890,10733.131665837967
79578,22136.208364736034
92372,31562.052942497583
93915,22615.29747111549
85425,8867.900989862512
80577,7753.823059927765
87561,15311.241511233287
82120,16183.964922750054
91633,20346.210177869238
96970,8728.878211820407
103356,9210.843864414326
89416,15525.547791465373
101155,8859.16695522844
104222,20114.718404523563
76104,16449.265111633933
108362,11864.435903779742
80616,47709.83090691357
98659,7321.929673643377
76470,27699.634338556687
86501,4148.636920760354
103166,7717.280567280087
80799,10019.428566589311
103699,12070.293909361872
97005,21744.103354520492
89375,8485.830638619735
89434,9234.209657523708
103114,8129.674733118119
99021,26120.23357689056
85368,6291.886613372974
98207,9017.522426560603
88420,11366.066930137573
86225,10957.997016087867
107761,47959.210327681576
83146,17954.18093730131
97834,9500.006712706632
95729,28222.102838313505
95480,47473.18570785014
76736,25751.612010500703
103683,11480.89708468107
96410,21598.119485557723
101570,8115.46715580096
81039,13685.716756630482
82813,16723.527941329932
88704,15838.517103996084
77926,15261.064608747776
89560,15446.463910507919
98902,11515.973647715551
105164,31527.200608298437
108109,12226.23990073757
84480,12295.444900061519
98239,8858.62713159012
82385,35228.52001887581
91637,33373.12390862249
85732,7983.7348917476675
90790,6631.288143084343
90251,7289.5168875994195
101246,7987.689772009954
92962,21810.811322641435
75988,23626.269997088195
106880,18925.11160756209
89844,14276.239451777612
79925,15693.802301817965
76282,19718.851788298394
85648,6182.17381900721
95507,17086.889469971993
96605,22047.06701873115
90201,8748.513909510977
93506,26868.155963079298
78490,13668.264911751656
106831,16559.27833206508
78101,13512.941836626382
93059,40407.768411899924
106820,9045.694262904824
80839,27372.02338603226
76695,16345.306717905887
107678,10787.678660807767
77084,10821.918019262646
107856,14424.500766605792
104446,32510.01643239208
93306,16458.018934481297
76610,32279.488798262864
94451,18865.3789041429
96510,14493.228990062098
84861,17572.016551171557
85787,23225.57243226432
78201,13127.995700261035
83353,13270.024482860903
106485,11994.69131882188
98115,10393.696873849232
83852,13531.863614204745
91320,23825.804527987282
92427,6986.301413746088
83851,15576.000813567984
92011,14742.092747857989
96043,7596.342665612132
93535,23654.687424059124
80183,30429.67838792109
99075,15043.435188951906
107932,12077.18669940853
98968,17567.439001643444
83350,10961.979504650959
77983,18464.749156978767
104722,19523.537134501545
101213,8495.262145643825
99670,6685.9179190337445
86163,15507.157857888951
107969,11912.970466006469
77875,17208.424623971
86254,9082.72416968943
106709,12531.47040433559
79732,26006.61152429906
107841,8828.218098202286
82222,18337.546454867286
82020,14882.38441827401
78930,26104.26167314877
93446,13719.868895209707
82880,10787.845534518903
85724,8710.539946070861
97629,26292.071970389545
106635,22020.747430208252
94103,18212.115925032245
83051,12381.760255517274
85087,10586.562608439674
76917,16120.148648852422
95037,33969.98320034617
99867,14342.046721413097
107425,28045.047764623476
85753,19766.186754668037
95099,26915.404374644324
81950,19491.04028614284
87493,11216.181163564417
84035,10919.278957168313
98743,10616.950079013377
84532,9159.908737457856
106827,14702.21169456856
100006,11065.345855702008
108013,28250.69131758252
102898,10902.649017771548
93509,17056.600476893676
89759,8639.630256169126
78191,25757.253053881115
80286,7394.50008923965
105908,22219.042170726978
85325,10705.122636805892
86177,2603.7317612918077
86780,15806.757833906799
82738,10331.148638660474
78918,22402.861229934824
79161,30935.866291460996
84004,8028.837211328131
92541,32853.58287189411
86047,12903.158698507217
106538,15049.852465021753
96648,6606.997544182238
101018,8027.634706763218
97019,21748.40101206706
105288,9712.490556565772
103441,11939.088551683684
84757,18230.144202360378
107069,9382.25096371029
108356,27820.29317788529
84436,9899.577812210382
79898,20335.116374095956
84703,17839.114358576055
101219,15783.949407592103
99858,12318.510989833592
77333,10075.065061538033
81923,12961.26013988503
85116,15039.32809830396
106149,13572.928580485754
91228,20193.578413382154
91512,19976.091717042465
80878,21103.021786508823
91229,28327.21090100448
99181,6980.177212622172
97944,13572.381177195388
78314,15958.14501907414
103087,5251.327465240747
98170,8067.619701172963
86475,8169.150413009297
76501,21786.516021536583
87632,16586.803908876973
78342,23282.317051324084
99723,11989.00314575261
87620,16648.218491485663
108111,35784.20197583599
89385,9803.513718547883
78604,12125.165192116277
87199,15802.380970398846
106661,12621.05503249641
98162,8177.307954429167
95522,13454.307878029089
76276,10610.045951648139
80135,22793.30990988391
98199,7201.740273982802
97771,8670.413259835697
80509,49733.53858473488
80570,33783.03494227539
102070,14739.774769614933
87513,13003.607855408884
92822,15617.795665035743
85443,10125.861204900491
107258,16396.50140089741
90876,21594.147694913285
105021,23319.955898988712
106246,8745.67341493187
102213,14208.59105219684
102502,7827.717680684357
97859,13155.912077927329
90858,15355.070211981829
103900,9956.727093351275
101159,7213.497167914536
79882,10734.820720570335
107307,14174.200236732006
91892,13422.200048288812
77992,17402.48526283538
103300,7318.820440098463
76540,38476.37631654298
103225,7389.515260380048
93202,25072.962485117216
106035,9981.69827825337
80459,20913.607658647434
90377,8428.148692535593
94302,23770.613808731225
107598,15205.88931564338
97476,17099.048763926454
96871,17288.774434816867
78543,14671.953598208995
89215,10459.191598901101
87251,15882.598101866899
94113,17651.31805131408
89499,8240.638466827848
104785,12573.909152308643
87775,19131.5888499971
91882,24639.142496307646
79256,33221.61421880098
100717,10746.398118167499
104470,9957.231703921741
98732,14451.070863786765
82547,6386.601199823186
83776,8688.31978699888
106546,19686.66646370737
88539,8974.872009483743
83929,16691.367830098578
96026,6625.97421348677
104011,15164.208201901
76131,16334.29432916108
91826,34852.7723949238
103999,26099.763991964137
82675,16759.959295190587
94439,25711.856947648477
96307,11366.216171005895
78033,13735.413163837111
76854,13087.496606492687
90036,6843.296959574055
103891,12352.347010052417
101263,12327.76432511859
91712,20357.37011093359
80856,17299.57142956463
95058,19014.116829196315
82735,7413.423513888306
82588,20208.561807011578
80775,52174.351228853
104524,11508.579253389616
98431,9622.256030757391
82272,25667.132290925336
80152,18094.31214910144
99115,10649.217979809015
91591,24649.294677873633
84573,16473.435081239022
96777,10246.896277811862
95331,17475.8351545732
87492,16343.659494283222
78031,20939.72413575666
102367,10551.20035545012
105139,24946.178909603637
101793,9884.950501538056
82312,33211.89541492913
90663,8038.919611661956
97827,18389.781658756885
85812,11272.060253535163
93839,23208.351760045458
92711,19154.58054700126
90705,11149.35858726857
105089,16157.92434126706
97946,19370.00622813316
89744,18265.10446633748
91047,22182.77264339014
101166,6546.9369201718355
101641,11923.778754344787
96865,12066.030636969204
76615,12311.62910916905
107736,13592.334262997283
101285,13438.478880921077
87016,13130.05449548757
99919,7886.224705952658
99314,20155.57208433366
80754,28714.083147782723
94215,35524.87063251642
82552,13693.22362078175
79696,48221.53052213532
87903,11499.48646268386
77373,18537.972876870466
76494,19102.973849242957
80003,23423.76418006925
89000,11239.091349790071
93128,26798.76068723862
107992,9707.000127231642
89029,14049.346202839912
105461,19246.24789902568
95945,15236.209740268378
103106,14331.2947678586
96246,23027.097466874297
90428,6955.721657667063
88909,7219.5366077191775
85222,11832.249276255852
106888,9664.079746853855
103117,8995.822834347367
93022,25039.299447259174
103375,7307.6867670889
93229,23076.88372478622
85603,8214.082008642927
89869,9825.528184196548
102338,7888.965901002191
82631,13054.944790899139
102687,13665.714820011724
82001,24892.587337326255
80204,27750.3982962127
76279,28306.769963174364
104066,20482.05867485933
85918,5450.712583326245
101590,10679.199803075822
95375,20973.7408602218
77897,11271.582552539901
95209,20306.24282554942
95921,23478.4847765728
105769,7694.840321236059
97833,20962.637007554233
106557,17974.90117525596
80274,15587.251458397788
91786,27143.07649871156
85350,15988.744672381801
96217,15315.232682362272
86429,5724.5757021718855
76233,21740.38058468166
98782,9521.346362528406
77064,11108.933224928633
82904,17880.526663347882
101384,10582.540687252165
103541,7408.22295256138
99625,11102.456193890324
89436,17995.582477030923
92889,17307.05035390222
78390,43614.817045267606
80649,18533.23087594062
78894,17886.602611130118
100312,17113.556931221025
78222,21690.951861142265
91392,28826.656208175704
81452,11943.56399232311
97819,3512.7939928352143
105008,10773.808363467171
94993,24756.45866541171
85430,10221.608547282874
94075,44506.33734321888
81246,25767.697348473772
78432,25782.022454931073
89458,11064.362548418738
86520,18556.914801576782
84594,6783.805142815969
87131,8408.149787595916
103493,13354.368261402096
95302,16339.098582464658
105156,20403.989662146858
101489,6565.272226791063
105619,9077.387717398375
81460,25889.136384155216
79311,13737.879459570817
107401,28713.334263153658
106068,15802.63746842012
82033,27791.380806784608
93749,9247.048129080578
80321,23847.972871334063
103609,12154.004973221177
83443,9346.551292066531
79664,21460.387845985984
91263,23046.030353589205
80368,39643.20863885497
82178,17993.508595320898
77812,30999.22619432626
88159,9880.941449769874
107356,9977.474959531797
79312,22644.34918230764
81185,28736.828830888837
103927,11034.93087550333
92977,24403.264251759523
94013,27930.10178967098
78601,18025.314912664286
103250,8137.635350382625
90673,7213.1371818689
92757,28865.722453609804
86876,11688.168263502974
99148,10054.721419045973
77972,11041.34438663394
79854,7632.498291360946
97128,6636.249856181232
108059,13243.02990458881
105613,18912.63656202101
94727,4391.46432230438
104783,7035.550566652157
89446,19700.671468406275
107306,13360.559323035697
94890,23012.567544083813
94080,13586.280827082082
81720,22333.535334741257
105157,19914.635093769386
79438,48623.61934159785
95275,18027.474565693858
86870,10975.021782110558
86336,16131.814756753869
95031,29149.86730227931
76727,31352.342728164942
76416,27639.368720645223
95523,24907.59195734891
76945,10933.01798659455
92733,20823.01318381959
87625,17512.9674426936
105282,15574.255913170773
76798,28132.058590905854
93061,19372.578557444285
99449,6273.698131236956
88177,8885.829263842581
89115,16438.15186798988
97192,9567.183330912841
90003,11879.61927973721
99544,19161.217292843125
95661,28363.550493905048
86502,7013.190306115666
92299,12811.35622004485
92164,38337.85451461668
79415,12108.107769285753
82793,6468.897649472572
96761,9575.742357611654
95372,14417.929542315018
78310,19846.530005196793
84611,12411.875373771963
79039,11329.128545310223
83955,2499.370510638717
103422,8661.127702113656
98290,12580.427830816285
89786,16361.151919099815
88966,11504.470687011395
91692,14679.34067469192
99720,10510.599943232197
92291,28835.018424687918
104283,21191.616877114448
77907,34029.440931425095
80667,24332.33576651722
83714,10968.841048719112
81499,36557.01899867911
102870,10261.493541039907
84245,16785.57787201426
96709,11034.936026352918
96985,12959.126719968142
79739,25205.294029254015
101167,10636.143415708835
101412,11575.016413232463
97207,11868.839771839648
77022,14867.722744176344
97267,22945.99652236774
89310,10038.886196367785
88525,8387.144167963961
100951,13554.205446028902
105401,7904.76937368302
89558,14213.91608374691
97593,21995.70967741132
91993,19248.921900856254
99362,12271.830863287232
86021,9505.521419199942
80590,31687.71776458232
76881,15884.694955576613
97173,12381.523647182343
100208,15854.951185300242
106111,17160.17777094815
94771,16352.780296543737
86006,9728.770815170235
83246,14329.989131941658
81624,18995.247092961006
97158,12391.220681503208
90839,6415.582994338646
76730,10908.208540457319
95912,29659.91169457125
98742,12431.465896073289
85366,11256.89170011355
88971,9889.570600131214
91073,15813.084852488608
84276,12592.66127396121
93643,30715.123078783057
77674,17285.714683219154
107054,19328.251055261524
76029,11929.388596639323
76703,20538.336558948864
76951,29076.100712063555
92952,25030.1813315947
101165,12978.42534114574
83703,16999.325084338394
102514,11401.964594486666
84274,15729.782260469272
80933,13863.650677651538
89802,15126.294476704246
95459,25818.672731009414
88242,10416.201709971
80337,21457.343116225977
96758,12894.006377075497
81706,8941.224203804928
92861,28546.95770048706
97057,10747.236424781862
90369,8418.11315887887
77587,17235.065600462596
92265,18655.95898181116
91500,27111.515221591748
105511,19689.976646193652
90137,7623.147083503712
78339,22487.756033082445
90208,8245.664042972234
101548,13265.931001706098
79969,35706.44842045996
83047,7023.0187652643335
106469,13726.82151030445
83513,17493.507190843982
79652,10969.025158086626
93970,6426.907645807396
95655,23036.69751006874
93966,13868.114115887982
103174,9503.07261541922
92732,31302.00965291579
104052,16350.707043328046
104427,14248.315579897322
81504,25834.255876802465
85835,7762.796612846951
85265,11973.88326910146
88872,9402.730624084907
81581,28206.92178723236
87525,16484.320825629136
95242,14208.237949170854
84066,9009.08454591007
91130,46009.85173243731
103798,12362.283787933162
79777,12456.066953975947
96975,12349.333974053761
98657,9095.433860041545
89241,12446.656582299898
94846,19505.046000229864
100346,7762.0816729642265
102570,7999.196066335419
86462,10248.236786642443
97934,19593.059326102393
96947,8042.976240173593
83667,9549.403915817506
84928,11939.232076226457
107956,5945.133963313309
98949,12008.70523314633
90998,12755.283316749308
97708,12534.727881957306
95416,25327.80333950809
78313,22635.196517503922
78886,22392.37635124902
104031,20701.62535705888
105160,30301.18773726668
103659,11254.28734373962
82200,17514.891064553045
90814,6372.382552844036
85367,10413.051207671284
83180,11802.985027332337
106202,14679.607497545014
78450,16851.966947909365
99063,8687.114009662217
83877,4631.4133172474385
103411,7509.475419633286
108533,18869.303361717306
98123,15904.076877482363
106850,11689.6934263524
100148,7881.938546353659
83012,3044.9167812867436
82410,12884.73314086722
81994,12596.079293082032
77099,27809.77825101905
83281,19140.13923673795
94288,24042.124922606243
103702,7080.438930079403
105076,11903.231505532694
77642,16083.790731451843
107183,16991.316275509835
106615,13372.27465048064
84149,9328.921832739508
76911,19351.5177088698
104162,8618.469904411504
102563,7927.00586582021
98356,10816.31382021096
90601,16427.353685470374
86307,11784.134779896343
83892,15866.983072314044
86128,10783.373930860034
92836,13694.405370108176
77569,26225.528404056247
108327,17279.303159472234
101953,11373.515340887303
105792,28157.21899591742
97726,2719.4275892804485
86652,8700.978614298892
84446,7228.5345428501005
96826,14292.736137436397
95460,20836.387249280342
86352,11816.129909087173
106793,13621.489218765133
87778,13991.871113512008
99950,7313.073991720034
104088,12913.25972090249
92232,14501.846201328175
94143,20151.660268579377
87874,14793.836214558467
83793,13064.186082872346
108182,17564.424510467754
102804,7707.239886746142
97509,18401.331113328644
96468,12042.79084874473
85388,16484.264187715173
76856,31328.85955913008
106114,28941.091868583957
92900,25686.182623284403
84771,8242.050294946555
87714,10811.450791458648
80892,22186.479244325983
91592,29824.036451751075
102842,12344.738188729594
107139,21356.93307780403
94334,11587.535017745318
86768,12359.771357236988
103414,12175.520858966109
92179,25643.060613474492
106474,14815.567667500609
86309,9122.097362289396
91109,10047.01088424655
78133,25381.21232134552
76963,14289.01140235304
101391,10542.841894615869
107342,8223.631615116843
105184,27278.367853510565
104693,29930.74890314282
89673,15891.065145758348
103903,9712.840542857375
88947,6524.233496001463
87569,17169.203904771934
76483,31571.71988181778
86102,9766.090763912509
106452,8655.123995081512
107976,18228.119178176472
85216,16023.690717798534
76812,25601.856661960937
90905,21542.682624074798
101716,9889.939405863675
106450,49003.082146330074
79930,7510.611799054257
80812,30672.900362432018
80862,23290.241835822475
103996,19550.99825190868
93119,15894.073961614216
93986,22124.006020232762
90226,15789.692709077448
104841,6762.552911051407
77115,8245.877775722181
82162,48379.67430028814
88176,18227.69428855467
96807,17589.075966137632
87893,16764.658353001585
96864,9710.942486057513
81129,13861.792253841664
94158,15742.170589758773
87268,18210.656441808496
101545,11831.694633703517
80322,14085.239969136377
95591,21265.147681053084
97284,3532.2902530309752
76503,16708.75254963681
102457,7100.107396375549
103358,13610.990796765933
85800,9202.21752342911
77892,11789.83799119778
86918,5633.060273031903
88797,7425.56284045543
101581,7258.386998071918
99941,10143.160119111566
86005,12358.631080249768
92601,22598.63179547236
77922,21280.92674764342
107005,10098.894063489422
92729,19873.152689958835
99740,20567.42897734861
104686,13128.444469297849
87339,11351.011550606087
86577,12478.946492021922
105913,43602.37221402672
87402,17068.994600039696
88287,6973.427890338472
86544,8630.847792177046
87671,15819.102389643365
91204,20892.867431078917
99618,15569.678166377777
93596,19064.156333917363
100194,2304.77533306207
76820,30271.78108922454
78350,27764.20760380014
91114,20560.76048238244
106403,25876.937370592634
77876,18289.33787897657
92321,15261.38737510228
93803,11921.728256222215
95007,22554.022616606166
93540,18046.634430253405
88267,8154.425661949891
100770,8880.344688933197
79033,39113.38651277752
105481,10504.107283881178
92645,22839.05053632947
91504,15183.86259289505
103374,15585.990005733316
76555,29496.250287163723
106876,20216.302801541253
83008,7247.5722147458755
103085,10824.085965347742
108288,29273.302820268542
78153,25408.949951778308
101104,11103.490033599133
86300,17071.197216478427
83596,8014.971243650614
92918,19049.458374402046
96263,13527.606349545917
95845,28139.948850074103
82174,9387.493337052343
95636,31919.043808931794
87859,17994.95110807563
92038,13079.275762186759
97965,13620.870553656443
99236,9033.977028297364
102581,11194.741262085337
88484,3452.344670736242
76734,18523.484800387323
107756,9993.768193054904
100368,16041.20024241371
92542,29913.332809081192
106507,9663.999643961217
94713,12615.3195950991
86830,8741.79337547547
105659,12189.026947597606
103299,9976.901575663773
77388,42356.223218791754
93171,32203.675402960038
95564,23434.815429596998
92209,20312.110452519202
103068,6453.645222252614
101008,10434.714145205919
101098,10358.3133130249
100297,7314.713114349341
100668,7653.376280810883
83587,12009.120625281495
103730,10962.108574951766
80300,11115.662565630979
90994,32252.827309773587
84749,10982.043461655077
96883,22111.47915162291
83643,25415.767127727657
101307,9028.365481984069
96979,20732.76271533595
96090,17079.088889402537
82603,9456.102870386489
79091,20644.21151272156
101959,11306.789328838506
101554,9233.339684537208
100961,10796.419463476603
82778,9169.512320074515
98924,6494.4978710139885
85086,8264.456408789023
89149,7479.715184079173
89443,8180.860427186009
88608,13292.799509548253
108064,22127.055077944373
93913,19883.96647599735
104833,18480.88881366885
88819,8145.068641762014
105039,16006.27679442517
108163,13690.548894041533
78429,19748.42299656389
100022,9314.590126331846
99243,18018.443879157232
96715,13278.388608728807
88735,19059.23390843856
86496,8082.107200476169
90642,7505.077186661757
98358,6241.234431227287
91268,28295.061704074084
106457,11419.220853884446
87063,12688.752791301527
103942,11997.583299149836
101823,15747.183441501056
104919,2826.206258605581
89192,20707.273851408936
78525,23013.256418312805
82948,10889.453593744352
97364,12599.912427555202
77638,19010.95294664231
94939,16884.652277481615
102799,12602.176551495584
97063,17828.722617528136
84889,14147.721683552152
91197,10828.219502761593
83936,6069.913311196632
88850,6654.453263804763
104781,31556.224689122835
96341,7501.596076399927
77784,16684.02025756413
79500,22069.111190644082
85956,9652.894665711023
80268,8050.208062701122
76575,28886.923283132706
88273,16339.551519175244
96863,10848.074211253454
104149,12557.916850956977
95323,30528.378920058247
108521,12848.622245788532
104891,27610.185240348233
86333,6117.457431434531
97441,29306.22111242065
103963,13174.924376085295
94117,22394.578962151565
106930,19892.836262421188
96478,11275.368771679916
93273,19313.227868616057
90140,5199.773741055455
101752,12796.021501992345
102564,9505.040562305509
89449,8661.630534074697
82080,16285.39913000299
103168,11462.526285265729
92400,18394.523289716937
89829,15758.592201305704
100294,14587.969544738771
101914,12201.613933865521
91223,21997.705771632343
107925,20902.07422600989
108124,7243.178240678216
99736,27326.8707297745
106222,5759.041124538464
96843,6045.954115876351
86576,13790.848356329834
106802,20265.121766479868
101331,7062.824630254443
76847,11068.638630341253
82850,11073.903052108994
107284,18946.25603080865
77599,20054.763288733262
96827,20222.604417706643
76080,15972.497056235658
89213,16036.695077371905
91332,26599.41315392912
91930,24971.11666911602
96005,10529.36445930763
94637,28616.53227291665
76949,11152.66281769017
93336,21742.73549576163
79792,20249.125576568877
94859,26841.945594034758
87815,9475.061508919674
100994,12410.136469827434
103939,7633.2847449494675
91674,24954.54939399205
81166,24379.676227881362
105292,18126.301636041528
76991,50652.6562424168
100176,15325.908955572184
100118,13280.409584241548
94700,19802.60459446757
101432,10914.431975231208
78373,19577.37386271721
82918,14054.470526152232
80619,21130.738300051456
98870,6934.4276132346995
99728,47262.19330119571
100347,14746.92212708664
94871,19937.138982513537
76922,25654.840835558403
102057,7093.108840732102
106406,20777.028521794822
81647,37309.88587516538
86232,4455.348219001562
90976,27925.66043390315
101053,9642.536199282855
87392,9918.007549293463
97377,15174.637298944184
96652,20722.223642374585
88212,9510.396464232646
106859,10421.324338833867
92678,17582.590749958497
99554,6724.426964504469
92531,37782.91022987168
84190,10811.789267419375
98562,9337.060799489493
102014,9418.77786468216
105663,15601.87305829168
88795,7980.65079689449
83227,4412.405484668627
97436,5256.509032761398
101846,10866.782402989806
80332,26796.059275630596
104483,23120.966509547816
97675,9723.990330294513
87703,9398.937985409897
105829,16023.960722174505
97495,12440.218817208151
97230,17267.190405737532
99232,12275.052296039748
108036,5681.404956291254
90470,19819.871129372536
91410,26299.466429787826
87856,10856.926086013204
97072,13742.209454343005
98581,9372.694175495972
96021,18783.34255900028
104873,22164.947827118256
82366,18101.40268369792
81093,12820.037792672203
94091,17945.0472368484
105502,25434.7291293993
81212,27500.535376119624
78477,16176.003095348571
86344,9505.421730994281
87337,9623.467958177254
83364,11235.058496972366
105029,15687.53240007981
84927,14730.665712946638
92467,24695.02562545409
77390,24170.479874487683
91159,19962.522392598094
86919,13058.555430983939
87364,14933.276264181804
96009,14880.983531781592
80050,23205.515502445007
97335,21187.769586097176
82533,10084.639679534232
88494,11563.590575412716
101773,4463.107684469313
84410,14855.973261122868
90583,10356.52597419977
97361,7534.689239303642
101276,9891.920795072603
92452,19757.466440369066
107354,8661.799592562196
78584,32324.559901313587
80128,17703.173993086293
88645,11229.132655199272
86622,10564.53347036855
81676,22364.447022045664
107409,27484.434927178532
101162,11313.700695781048
107883,12601.037851148918
84824,10828.524848078197
96253,13362.129938701062
80764,18006.269511323488
105145,18188.623617765323
76292,19213.150197331626
85405,8011.644061281159
105373,25243.49281573038
86540,12966.954375056821
91362,29407.203326403924
90075,9899.09087772937
81886,11002.701109327883
99080,6913.94567240084
105235,12069.155449566559
96437,21413.766903344174
83205,12662.465832674321
94569,28845.712639513127
92687,33149.2474172339
85951,15619.298665324126
84977,8205.91266595566
86143,19356.107522455655
81763,12008.190384727803
92970,25034.416431740534
108286,10524.836506975089
99395,7473.465612605255
81779,22916.098927456205
82131,16445.96487789489
77833,11008.207530587293
91949,48724.617854094744
84571,13673.041116528155
81403,34875.613844500185
86275,10948.531060751766
98103,8070.977394055245
96519,17983.608087636854
102141,12481.618568223466
95016,29688.950741345965
102800,15019.153829790303
102275,9662.79973114137
79437,20537.38516178592
99129,3842.87546738637
102738,12682.609464357769
88502,13758.251343075917
83847,6216.096458584423
82098,30396.55086726312
97608,11423.271225882541
93635,48220.087014044075
107415,15242.615192575131
100604,7687.567593411678
95825,16342.977783086511
89837,8412.069639355517
90563,13670.4296842575
87183,10496.938640342287
82030,16052.016088406539
100952,7036.292123370303
88907,6450.413553197861
108136,17579.32945928739
99824,7769.355627271028
108052,19887.064568501533
86157,19781.222067507457
95635,26365.83990212588
76024,16089.374909170598
92449,14072.111973771567
101870,15770.015935475478
85896,10044.701903938305
102465,6540.472308516466
80302,15644.371040172971
104316,7658.328716228402
95294,32259.712657006563
106995,45713.10584027957
86510,10510.19885428388
87250,11792.45348833599
86483,21017.53213294749
83417,14264.682362180329
99580,9893.777374144925
84527,7837.007376137669
86193,14019.586866804017
98832,19614.904234712918
89427,13956.83667289144
105172,10338.48718414084
100800,13293.852680798725
81313,14535.732269056107
98110,10961.044761208981
83944,12888.945187000689
91420,22118.333040634945
79842,25710.322032288623
98350,12204.202606409941
104288,20984.37820779856
96086,15131.76256899289
78566,22433.3608873428
84457,16977.00297495584
88685,13281.708778580269
87157,10310.470806206184
82023,25066.228049026213
95492,26852.017223475814
84139,6161.801526004832
89309,19781.222067507457
85676,8456.487211076705
94553,8627.623506648244
90271,6744.583163128265
85678,10264.509159383888
86238,7258.210615948772
104335,13286.427692675104
83609,16251.806224996664
92930,19778.78968768835
101478,7161.62254346929
86537,10678.519948119154
95350,20489.678624268876
89176,12993.795339727729
89383,11451.800066808893
81369,28218.27640784212
96749,6935.642703048582
95414,30743.339796958076
91568,29755.84080587148
92425,29686.24230892137
107079,24580.263108158913
93550,28893.83428358056
78972,22314.78401031689
80719,10203.806479078952
92919,23829.55708088385
84505,11601.381479066129
103401,13827.488361870204
97516,7560.891889601184
91738,16127.629658555055
81664,11145.718342327704
108017,11042.807241448907
94154,16733.352672197434
94015,24919.98763046019
78990,28815.852710475127
100198,8729.866493314945
91258,33087.054178294944
95886,20743.93282970582
80048,61353.2081430324
92615,21820.3402310608
92333,29235.10625064681
85637,6098.545845672734
100681,20126.484714205777
86280,8009.130043596065
88934,11557.313656841257
102926,12385.987131264297
88415,1997.8455358913188
108063,14998.992025493017
103273,9852.936574484916
79468,13265.708282383255
91285,15613.112720589303
99111,6998.455437672646
90686,8279.2786770031
77458,21609.942811762267
103540,6635.234634707349
98158,14364.196684533244
80240,33995.93868997679
93032,18625.816248186988
92380,14844.693535052866
91853,17856.673344988863
76049,20482.537600682266
98852,23787.819667508684
79019,11512.7453353716
78009,14359.922911606693
79038,18293.083492369253
106404,10400.389548363017
100619,4187.572172760355
82348,27408.049515013317
83844,8258.664376637578
101370,10273.966676609081
82900,8193.53755581031
77014,23860.38847155309
94704,30677.952106858265
105395,18365.362056891277
92471,28901.03310030681
82964,19360.09863535387
80223,62680.567687138195
83523,11045.35855085714
84395,16015.02067816549
77474,20538.958921910922
94649,11353.776027691874
79826,11532.634781052911
81786,12949.718044815936
106749,14587.74080486807
94115,32668.20723788237
103835,6889.018378405187
83617,16070.7056450149
106555,12115.726131540761
86868,9689.559372094214
105245,10695.296579416563
107495,18823.369552056738
79571,40232.18614336301
100328,14227.62707956074
77453,25996.039613311637
91473,26474.24045841104
100493,12636.529590674058
83383,6623.784696235898
96482,18214.39437960615
91509,26117.015011783064
92051,29045.1156009835
82251,13930.979833219242
76054,11167.190072861713
105927,4864.388762825388
89426,11488.79242618224
101006,13944.948288379252
96504,16950.23049884496
89053,16998.52210572977
102578,15960.272120826257
104576,12374.093839909425
94137,19906.884701673935
96387,11228.174873007065
106040,16341.531004965507
79795,10803.360467885534
102216,8561.775326426517
106933,22819.006721232563
87217,13619.291922560433
98953,6558.273391003448
106935,13274.432344602128
108160,11006.793632813025
86220,16650.535217439585
81017,13834.509440679976
90319,6868.357124948588
100847,9587.73207669045
79811,21239.37785304684
82324,34144.125404735474
79204,22241.26576282904
76561,19231.690458977457
90313,9576.651832877473
94271,13034.315266009566
99090,6943.654807627786
106261,14197.23848677914
95699,25961.005840532947
101624,8256.195627120613
92096,11960.03197386716
104402,19393.11240509069
106877,5327.0435745963005
95341,27021.32568805252
79252,23638.57082553103
85039,9078.579035939189
95172,20371.60527147825
91340,14114.217662545656
91584,16851.839782483832
104972,14755.741564279413
80896,22351.063954908528
93083,18574.03567747982
90855,8989.59299760263
78320,17999.2074961079
98584,22381.112495903275
97117,15364.023876222152
90267,8136.884926447276
104276,12332.008133498484
93771,17892.888045043434
100654,13205.102332848996
84833,15369.721465017734
79006,30987.908300799765
98734,6876.382239430457
96686,22732.292005242954
81262,10168.674163251391
104374,9332.102595395507
87939,11628.242250356652
85868,10193.458725725004
105505,7521.134012333211
87999,6554.729588373717
84535,10583.048061589827
105765,14935.965458117167
77591,21570.17430483976
83018,7961.4203191849765
95281,15605.453063079322
104629,19274.391037356738
80247,18636.430035903722
98202,10722.881139076946
89361,12663.902259244602
86384,11169.260323993003
77923,15763.54461736972
86901,10071.231742140839
101827,12358.346099771888
101756,7604.098597026557
77041,27130.846129809946
97753,9537.072975834833
95848,22421.158452727628
94827,23047.675491777434
78247,36167.40816327868
87132,14215.669647674591
88911,18286.563121125164
88418,11407.15342418404
77238,13505.242200269468
88359,11524.355135850605
78818,10995.31129401608
95395,17631.387376816314
103416,12074.572464345953
84747,12974.691890825112
101608,6403.762493320651
105437,25700.82790356726
76320,15584.779979850118
98937,4620.455022548994
78233,12238.884012259849
82250,17231.84487321491
96164,20398.008729992624
105298,14169.4488841888
85892,17025.322277118332
93834,13606.231948503437
84717,5592.331427096799
104176,10881.864127565772
95319,45646.44683218348
85002,7526.360353880707
91460,28916.62207599058
86992,15710.249408602695
76228,22489.220093445107
105611,10802.864136830813
83256,27650.554533612187
88943,16980.16962734156
77394,34341.55167646216
100873,4832.5039911618605
92464,19303.12249062557
89315,14235.572122176041
92773,71390.78287447405
82489,6555.034024470969
76219,15503.412197167043
102904,11903.05452284503
91039,39060.8132050128
104890,25242.081725245214
99922,15732.788088340038
107007,12506.52759355985
90649,5921.129145794763
90166,11971.80487258366
90837,17348.921827999246
84748,12107.856732178356
101034,10150.161247797852
80579,11491.565536151005
103124,12770.910775272832
92022,8333.313827475176
103382,9348.732245216557
104089,17859.37316287439
92089,19515.604468271176
106395,30019.58354122447
76012,20413.706789144355
90152,13385.82805140621
85524,11607.957655705399
95337,25452.524079427756
101744,8964.518055930761
105820,16093.605970747585
100587,2637.828818154257
95224,36500.173545024605
88607,7471.029087369873
105741,19873.090463023316
100550,10915.773036205857
80543,23466.71611313345
96731,8009.789972631414
94235,34615.240643338984
89536,9270.446578092724
104062,10244.626342890726
79870,10147.669931605165
90961,54228.42059049719
104757,12408.072564429996
78702,10766.972449289466
82823,8180.072903971354
76387,11329.990640190344
83860,8058.377169993258
97853,6888.805305328604
96491,30237.101350043064
93018,17004.47900394828
105464,19157.05216571705
91589,16489.374516787226
81040,13847.767725166128
101726,5151.062963606582
89843,10505.760525274636
82306,18070.736533648116
102706,10721.578124247602
81905,13529.173563547114
99194,13659.76134475502
84038,11725.485418095965
99179,9355.271960927415
107945,13628.432279235392
107187,21368.524240492752
106729,13505.575316602153
76009,15088.392060197537
80160,12037.296261766778
87798,2681.249761958028
106779,9577.822975549703
87694,11096.26453158383
83225,12357.762876184957
82371,24852.30537797559
102154,10609.68184453908
91905,23854.371500977857
91831,19292.53159437011
96829,12039.559965047629
100724,11460.282926220696
98429,12909.656081580722
98046,15655.600068479662
104025,7877.903046065389
104930,15389.232111793777
97711,10101.080034113356
87985,2275.3618737926918
102005,7598.483115568489
93141,31679.951513374457
93564,18219.878292260157
77719,22398.62103425182
99873,10918.377622623138
87053,14685.916886482968
96789,10455.755596146604
107871,20034.16338448824
107192,11103.890391140347
79928,27343.097638334802
107669,17776.339141569762
79401,26248.656480547266
95320,27128.1361979977
94864,31192.000341034192
80654,25590.817858812054
99193,12662.895029631782
84375,9028.391549541087
90211,14560.771558530807
80720,14025.438254367198
91902,14827.60000462273
82275,9963.159398783479
81465,22355.265374426614
93508,21156.656966248593
88780,7955.8784643586605
92268,30870.05026565409
87172,17009.84407061441
106818,8179.753187037078
103457,18352.243649321015
86080,12898.226352802569
107319,16115.391428067169
104533,11585.275011974378
105670,28359.578946516544
81801,23778.906918615907
86611,16051.926153592332
103251,13926.671989089282
95313,36688.74448114694
83324,9755.330923080732
106920,12736.737897272382
93607,20185.57896673181
82902,9782.20867777969
98295,12654.499490334334
99592,7597.376081286145
83209,20189.003437068022
100342,6113.781657493417
100059,7570.051881575086
84964,14152.897422588825
101150,10080.550970977705
80834,17002.544345434977
94660,24433.87290492831
86817,11510.114227175105
82881,15803.302460528204
92477,25798.963398477594
88843,11493.382127644652
88409,13803.460227653757
89464,17011.12290477022
84554,7875.256306911896
107456,22331.13587267008
105815,31068.644717950505
84223,18679.171500400254
77230,40721.70703373466
82653,9027.217307648532
84903,5447.941686839985
96636,11922.618215801669
92293,22164.99084690511
76243,11244.80979138549
78795,25501.298515880997
77946,60038.66465946284
108033,27438.886500145058
89601,12974.519984586133
90606,19039.097475753748
92249,30542.961961657853
92624,19713.50752868052
97695,9764.815808143681
78743,36788.3001803753
99859,19112.42173734493
78302,22200.905653802794
99986,15836.572595467922
81908,12405.599976262378
85440,7596.816261287167
91412,33833.85077893668
83964,8057.360253430804
77867,12196.401529460763
98287,10012.16154741983
92675,4709.572958963053
93893,13246.751209259983
93828,32961.679260015866
107502,17137.078514378572
93726,15245.320207032104
93097,12676.294613789292
107762,18032.828232877568
93545,35755.64839270127
89831,13735.591720566099
108065,30309.2923429917
90388,5158.464969929026
82017,26207.52915550288
91025,26918.84817647543
96293,14779.885934656464
99187,8260.226473774006
98283,6343.3192086583995
93590,16075.792804145327
105510,9846.68541567116
81365,25689.87594469683
105805,19849.109464001718
95866,54511.08816558287
99079,13679.436278246743
95673,13872.911191146348
99311,18580.578655969373
86145,7359.186107379253
103531,10930.848138870626
108261,22806.954167229058
85582,6217.3932815648905
85281,6817.117418173091
92591,41572.53778140168
97180,30711.20107596038
105998,17135.86058620716
101355,12143.656876157696
104286,35235.46420313488
86703,9547.141680165058
76535,11605.463386129959
86181,10637.131812933329
77004,19630.066476297623
99367,16078.997316284956
106001,17154.7721476873
93179,27180.050863169065
83031,9677.231507298848
86572,19389.914807940717
80350,26016.169777249317
96375,7635.28393177392
102219,7221.551973413854
100942,13404.53228350135
82949,11119.984632191003
104083,28859.46032689309
97140,13043.55335127041
96421,10371.434452310707
87075,12986.881338885107
106419,21144.81166342229
93602,26499.959451938208
77222,10377.57566845449
101712,9470.776256969604
106666,6885.198819229334
87295,14147.999982595244
89044,15779.042439204213
106433,8796.512356441559
94575,33916.43339466794
107025,7945.756046774303
89318,10815.9723806696
86030,10715.294443096163
103483,11982.897450311653
94536,15282.33206829833
107058,16415.580992254807
87031,10690.007112401003
100119,10707.616734656547
105938,11187.830180878665
89724,22106.736467772473
99480,7271.3136848522745
83017,10363.647289030556
108355,5700.011761730214
94711,18910.608808888006
95759,30069.50208071999
105168,14529.847809289842
93791,24411.174043389157
85850,13455.114306232717
102333,8798.625316017436
104407,21242.15353867035
98798,15786.337789295743
89284,8067.12117063679
100823,6272.915605346162
80514,14471.149948897026
105308,19165.647909603966
104612,22485.9898637386
89638,18889.27221361893
93794,14833.801701523058
83933,17033.395787227284
90413,8821.812264207025
98929,9232.752392975815
90959,18001.867355685463
83414,14202.126899126015
82228,20100.708721421648
88669,10066.90608112073
106815,20821.73785350826
84567,10801.277780030156
91328,32363.69847557047
105740,10652.56693142996
96452,6164.23647202826
76038,19519.098982614836
99940,9407.372022560068
102377,14824.19381933341
105229,22470.76130676047
82158,23211.74695991944
104844,18057.7655949687
101203,10062.908481148195
95222,21009.789859430886
89529,17898.459300979193
103230,6784.02223959162
100692,8222.770578747233
99821,12029.055024333378
81086,23301.875835914605
89399,8991.42300058107
102445,6513.047778456087
96444,6276.914637605731
83485,9576.439316347116
93778,32791.802836971
100464,7404.414050619335
99865,9767.052783359548
100107,15273.90273798456
83973,17859.398644271365
92032,27738.12708336525
94017,14402.976627895736
76046,13849.48736108277
77816,12298.61906010328
76743,33721.22791163637
87201,12864.167372601873
90652,14765.83098609196
103448,13859.715295044334
93642,26413.313658959443
85409,17657.582586271496
99777,6561.742509483547
92216,14893.878115887153
96269,8687.965051648083
94298,20691.544899232213
106667,13343.709601074766
93716,49128.09660260904
95754,31693.77810037079
89379,10014.090481230367
95970,22305.417814076376
81911,18502.0300113296
85652,28248.88718419511
107793,16472.146023206158
96389,20561.10055631432
80000,20895.789400140722
104440,12789.65358673999
92029,38403.33456033043
93473,15421.455468627802
90350,23687.962281424985
84947,12723.198054971577
81870,12576.591719014094
79936,11248.963510412028
79910,18241.431204321154
93467,33778.73552447278
80387,35954.060370931395
104360,15558.27261862157
93150,26649.785609919705
79119,24189.832125215464
104462,5610.0204147589475
99548,21318.621697119965
104024,32647.625660320555
83480,18429.850874519034
92501,13860.350591924072
86740,9812.515913299012
82165,24877.288332727687
85963,17947.087859597003
79487,14964.930099625386
83245,13843.649086695841
102193,6799.493238287537
95449,25399.552054449938
99413,7309.95244415558
77176,16629.900311655492
107260,27513.169203277383
94187,26610.20185619407
85664,13795.86887647892
97886,11210.830025777886
85384,12098.05008426786
81228,22530.784989435648
81930,19809.78419341058
106627,42379.27267976104
88081,16382.16450618961
91651,15046.07771939602
98067,5126.183822365322
100814,11122.652115528499
77028,53665.602005235574
89853,5213.146419123421
92951,10030.53945407094
96866,24406.39899125907
77498,25564.37998150197
102959,8057.7976926662
103546,13659.220202068798
81127,17360.242108734205
88867,12449.715269277896
90099,7981.954429773917
81637,17093.376090313763
101995,8959.946673762852
92382,35791.79608044579
99078,24865.35948949474
93118,25224.091419846303
91524,15723.259680497273
105674,10706.978217680375
78943,9116.724958408238
99513,13650.0033520494
82972,12074.688791016948
92438,27703.833146674235
76466,22098.839511033555
93315,26612.34266863613
84637,18674.359140045668
91553,14176.889500266854
92093,19559.594597727144
89774,18421.856725396447
86455,9792.015608577018
81999,28607.972190302055
83211,17793.6294232792
102893,6640.705987913623
101347,10974.262763533068
102099,14844.391501878223
108532,17442.76632754772
94030,33121.6813181387
87114,7009.2118566560885
78523,47266.21405173098
89274,17088.463352527542
103663,7185.679667110259
98104,12063.450977021568
86952,10587.234141927034
93621,15124.592739605861
90898,13286.149597655622
88902,18349.81759601021
99135,21330.121556730042
96645,14086.359817398295
89265,8309.995242378149
88536,16211.957411463447
76788,26689.557110531998
96496,10980.726765924817
83580,13582.368544550498
80060,28936.10141230887
99910,9427.892737923466
94254,25936.754943877862
98982,11721.192806603436
101182,8058.2517723752035
104497,24671.259427924077
99215,11273.043879813154
102237,8298.871989408994
105340,21304.261901288548
98398,7133.393469656484
82895,7178.007642568295
84880,7365.7759072614435
76633,23847.36632989507
98237,10411.337823400296
93475,15622.234651295817
93644,9792.431618684408
83331,12879.470366288222
94673,37042.683735581006
93774,27338.000932572475
94872,19432.376966789736
104642,31293.456773496706
105806,10111.016369704079
93351,17802.017201350835
99440,20774.32580186507
77434,18400.115474628226
78382,36426.925218727105
76269,25696.68999358517
94221,36527.519973021794
101103,8123.125847981319
92917,27233.64694317021
83521,13022.064000878265
83915,9647.477520747989
93502,18173.499171267656
101013,12399.08720613629
81762,15244.59059707643
106753,17740.304701211186
101173,6781.929044417897
98602,12383.320431333825
105397,11693.049465769649
97067,27748.748024830642
101378,10705.344041889604
101862,14654.467077199053
99039,10513.725723806283
88393,15743.764647344982
106130,18070.335438362596
85828,16424.705220184347
108231,24839.89653665578
104898,16299.814853747892
93112,12663.094687642782
89768,8145.631246895771
84354,15373.989909883658
100168,7881.934293007286
92834,15698.111819032132
99208,10215.060077875227
96108,12661.586962887566
80163,14237.309453314107
105455,11246.644427182
80323,29943.186462845868
84714,15339.166549165788
92348,22365.211651950533
83603,16687.59881567199
103959,7413.9187451628595
106728,12606.400624561653
78696,34153.745717689424
94150,29872.514419506755
105629,26442.896166039845
97037,14091.420278301803
92850,23521.613999454297
88432,9727.285705086755
77436,19477.370404183323
76469,4708.846348351561
102030,6763.147910569039
87669,9826.679485245484
79981,22656.530201849873
99662,11904.67959849478
78260,21325.081581157596
94555,34317.009717182504
84628,9978.046810307134
87955,6295.940097560912
85130,9341.355281589113
76417,27719.20507983279
86241,10714.410396668143
84603,8893.372806807116
76645,18167.946468925085
100195,6793.371703039574
77467,28610.549828798034
98126,19723.16525154989
98081,11952.076747490084
81234,29726.392500732465
87717,9802.935672878883
79724,32601.41283908197
78643,12296.574364381353
93113,26551.311957449525
100597,15759.70685063501
91190,31051.337161341926
89351,11875.766305992844
78056,31306.621298160484
76053,17618.00188189333
104592,12677.949915652564
105891,23574.99879741395
93731,23651.255017238036
90123,6124.629965662134
85669,7083.47702961305
90040,12680.742870401029
103624,7885.413215521201
82545,13820.576350580828
101212,10802.710824621714
76510,10948.787095474758
88673,9393.187310169673
107913,16488.769747932776
76619,22449.376854559156
98461,23833.710440994022
88455,4348.226708630208
94543,24237.52407521408
79082,26553.47126104891
107039,12438.298412915221
99565,12839.90510699459
85597,17230.13454664589
90908,20904.578737080636
103741,11454.266917271932
101177,11606.255741990874
100246,3361.9097452405313
84497,20199.00587360943
79003,12795.732651351615
78075,35341.75689647844
85527,12696.859643285507
99400,8360.880875554369
83118,13287.044255002425
106176,20021.751357877514
79864,22117.759364354944
96609,10552.987400367134
77968,16561.99219776705
105349,10288.462178331956
95787,21563.486164823757
86759,2280.08522749471
80898,14365.241315684381
80948,15286.687159556335
107151,11673.611929586308
85395,9106.980769166497
86612,14190.419699421496
78951,31586.25801356189
79546,15666.159185657607
83345,20190.570440164887
107224,15768.810157120655
104509,14143.571616494683
77088,37590.74115943807
88988,10790.007543209113
79061,24955.137182234328
89758,14460.722316744534
79439,54708.29544135221
96411,13621.65516742351
102234,9943.65125048142
89720,14637.695642877428
99600,9779.001599683546
101235,9945.457500509643
89235,16635.429313032273
96214,32525.2439527884
84205,14092.221207798248
106816,27747.388050219386
90934,29373.97919683481
83597,18400.46639497708
90454,16515.81846335709
82998,13415.776569706499
76772,24132.919777544656
100571,6949.688784768779
76400,29413.02196748274
107381,18292.69280203338
93102,18338.278455978314
97419,7398.9867626641235
98844,7559.894373011926
99354,8476.999971825899
90811,14349.424946156847
98152,11969.036289658447
90157,12618.08444537528
102629,14992.541018126001
102111,10038.081460778623
100448,10869.035683296637
106531,11624.87501098205
107493,9017.97992719851
87471,8920.035342161502
83607,11956.469931926842
95488,30473.62746670428
76205,31638.878153691057
95394,19907.9709894501
101050,5840.937503827933
98680,48744.65227148577
97176,22841.823570226756
104530,15326.598885049696
83396,2306.883254673389
104984,7048.500349253938
102081,8388.306975116799
91955,9984.175432520336
79996,50783.797168421246
107833,15748.328956276559
81342,14240.82725446664
104936,7625.196060889516
97105,13174.354904877195
96834,13581.924726424548
96402,14330.44024059766
106575,9487.084895215028
82857,7960.031818284926
105504,10028.68773907073
88261,11621.609475769252
99175,7471.71739082168
89160,12229.823880689308
83875,6374.953558291753
104695,14938.53338419829
84189,10670.457883205856
86024,16743.404764316598
98475,6921.012461688644
79856,29316.050154532033
80385,27860.58053123527
78287,24073.239168705662
88807,13694.646285455334
86288,9472.659438636707
107610,19650.68134774332
94375,19943.365266236277
83385,17251.442553623034
96627,11167.38861928127
101257,16019.410532852375
91915,15397.412890322386
97986,17738.585955922437
80806,20489.151089679388
96930,13385.877309885169
89391,12664.619678712412
85423,2965.7689359307565
79397,37352.848020093625
102565,12985.218813077257
85590,13820.979875727837
81920,12198.436957307003
108098,19151.101913834216
91230,62853.375432447865
108021,6747.015071701359
102554,11706.366849297903
84182,11892.090049734843
76770,18776.766669972243
77856,17781.876149306532
94249,18519.43103941311
94729,17687.155889377984
77171,17693.602638695786
107487,23958.41547517604
78766,24180.69156306968
100849,11447.965501476596
97721,16300.10962904579
92837,17344.96945738869
83099,13956.9455146672
102521,8888.618229154656
89738,7182.475215422261
84234,13774.646980153746
107428,14452.450056907488
93895,38166.25830513357
95662,43605.77138446777
80328,20796.999540196735
103054,10712.215317021888
104950,8672.290122545095
93125,28141.982341017378
77393,48615.37962061305
81178,33249.42119132528
77207,32407.24420087115
98648,9425.611274292502
106065,32212.65771792826
85228,11596.616913035083
92787,27014.12244950677
108462,15701.090290746166
102896,11370.27932358916
78301,12121.021345412277
92584,6527.762989863861
96414,11754.13789372858
101267,9573.714030063287
92934,26399.64935534194
80206,11956.732737073857
76657,15502.016529077095
99365,12221.535811967417
96142,30290.192477717585
96484,12201.588529711215
81767,19231.19326181128
84926,9409.106390047482
84961,10753.662694813509
97487,24518.860630664032
86753,8940.220368617447
76410,15530.525613400647
103512,5989.293541001926
91899,22592.000948166733
82404,29996.81104562252
84598,19274.745596710603
95115,23653.229586170026
92544,16202.618809218036
94011,22224.776088111747
77265,22541.35459716826
103378,9175.777090327174
83828,9094.065620446212
106142,26979.055498522142
76564,30509.87513997795
93718,15205.30805047259
81110,18175.304429649004
90753,15822.475438262842
86557,7094.641360671811
90778,8926.889406925024
77313,16879.03927126849
103914,10622.010882001136
86688,10368.30679957773
102878,13400.640825592638
99734,12372.29906366123
91581,29006.373774704283
105434,10377.896685065814
89221,8543.932918628872
84974,15880.430403916424
101055,11703.376512614992
80952,31794.46417164088
80861,17598.54298841361
77446,14857.439069729437
105345,14969.585005213517
95204,17722.463235777708
96228,13831.137879323325
100840,8932.964401597952
90096,4396.504328439069
97213,26122.848533813478
84188,10926.043611097235
96571,26265.319199089306
77068,16987.721451981084
90711,12872.886233409128
89855,11174.431594248845
104858,11715.78138484091
95897,27046.777761751862
81849,20840.301237128333
106143,11398.467060663228
106333,21903.560096389705
107165,22389.168439356905
77133,11717.434966751824
91788,27488.93588366578
91418,19428.6493033777
100158,11015.004249691687
96982,17453.454235209963
81275,29425.851325956683
78741,18681.166590390363
104961,13362.1966467708
89332,7047.460576773559
77546,32680.47659023572
90860,18304.100807402694
79924,12713.82928495652
108433,16239.325111989094
101702,12500.609182132455
79340,34297.540900430686
107333,9769.900332227464
107963,27650.698847303745
89408,9795.828436451788
93686,17780.318763498726
96129,15226.879191486303
106156,30967.258522529683
87515,11790.708872873942
92980,30871.327850916205
83982,8253.391388437307
85504,9557.4964780442
108354,10000.151240192705
97260,13042.950564022023
95437,23565.31829971835
88483,15975.728655766494
87959,21161.314098645984
93858,16332.053584835992
80968,21886.397250693102
85754,12924.667590255085
87723,16141.985323687624
95880,39686.18749302221
106868,10153.679327270152
93138,13297.280159837066
104747,14476.925803239534
94889,23531.804001766242
84681,9074.926072473341
98538,8535.320200217304
77073,30035.34416694213
106730,18107.810599820623
79208,32517.996043294388
100127,12911.164297691761
99655,7599.369062753593
80695,12965.460655041019
96818,12251.655430509581
101382,7710.7986176123195
81239,17660.33317150378
91299,24822.1171715008
83005,17716.01699807849
99363,10779.15491058739
76302,21372.03510453971
98317,20510.69852389502
93829,62717.95203703907
94188,22120.919473724392
102190,15816.308399321444
94901,18519.333309783324
80495,28002.974428702688
101373,12155.350402206614
76822,11645.959346159996
105052,18551.92534790113
98580,5868.777697734856
94567,18273.211962417754
95144,13607.21923356736
95559,18008.008886533607
81580,40621.67737239376
106874,20722.76329237974
79121,26832.73673001626
77257,18821.665840733764
87589,15036.700503026705
84579,9646.80023923593
95950,19382.15967303517
92510,18235.096448270888
108139,15739.55919148712
76182,31797.37828202345
88687,14105.657232645377
79244,19359.258435956963
80690,19449.548872273295
86259,15194.731910908904
76977,17283.166649437942
95716,15349.889828581334
97234,13670.688072711995
102608,9028.365481984069
105976,19967.752035372392
86505,8032.1213736381505
91220,31072.32705731502
96558,12667.615147121436
87444,10877.158494097754
87498,12998.6494375616
102631,17652.790578573356
82185,20507.643498383826
99403,25742.655557469057
79515,37903.564043036866
99088,10738.262636060075
76226,23244.504930273808
108382,12255.289789463755
85313,14814.678279798536
94499,30539.23621651112
99934,6606.597607626002
82376,17774.950931825864
107765,31685.334462403167
83605,7291.79545913298
77701,15292.33106524606
94028,16795.534322433065
107523,11694.540438259988
90650,21624.57999719915
87414,9131.757663942408
100055,8587.034704865748
90566,11252.440453129706
77944,8543.298863985163
104365,23029.97975139179
100010,13278.52343789914
97116,6304.41604833165
92053,18193.892355289267
89028,14071.337379313429
97021,26466.8491039461
76667,37984.43289191955
88020,10379.43181846661
94877,17936.796248680417
93946,22038.472314554958
107829,20842.42070126045
78257,31938.9654989721
79067,21775.06491637511
77650,34785.73746818514
78087,77312.82452498558
106695,11920.584924965422
94630,8325.648390991524
106256,5841.582132780633
95601,14502.818153305749
105796,15640.707013073223
102585,10059.315465722135
87265,10359.158216905216
81014,36679.6968441027
79536,21004.14301440795
103430,13229.95402609649
95642,31014.117633481244
85927,12152.468687524268
98965,9184.134806024465
82285,23911.008913938484
88076,6874.446700216092
87977,7993.1049056659485
93013,19940.274984338062
86356,19639.327546768745
82657,2336.2716537385973
104960,9815.756570669027
84159,15904.93558342185
102831,7560.78198999367
99907,11383.481110472523
95588,17724.307072851032
87604,12660.361989918541
104688,8631.812952235201
78457,30111.982956358668
89007,13842.377381977978
104449,17952.807543212595
97888,20589.803506749315
83178,9567.786046980256
81940,24279.694610367573
103932,10768.820473203905
93309,31313.257550848477
108001,12983.747106544557
104771,9675.18222604164
79382,20664.05487130676
85883,9635.136480815445
106425,12462.259869855965
83165,19410.14507700468
105632,22755.112772513443
77132,30361.154562701566
101743,7149.419432368733
103628,13555.182708025772
90647,34820.19670365481
84997,7581.529224831366
91158,27088.607168976272
102727,8262.20279264501
83926,20770.750583166944
105492,14240.891762602807
84091,7143.088031975843
90093,22249.41562756382
97013,7870.516890033685
97421,12316.657938148033
93503,21450.043115129087
89921,6566.318903887857
94294,28293.322216158755
88049,5778.599794032006
87152,10538.627680598938
100030,12340.558232580472
81887,23307.606621962215
92813,31245.352078950444
103849,10389.653319060159
81370,16617.840884500503
100077,6026.667223405631
96215,13079.96592960186
99477,10071.7128320311
92453,32687.976945616152
79103,23971.54197170605
83988,10431.498331081684
82753,9549.45195739574
88096,19179.972625257426
82591,21528.905280323652
78600,9632.930421176363
96130,14863.055751657239
86532,16211.60990506028
78212,18147.70738746893
103099,9217.159564851037
76517,10773.705020126567
85372,12270.657853170604
87192,11186.765355081205
89912,8863.53346597748
100674,18828.89012172536
78362,14491.629955236942
80234,9690.746286672502
103492,9721.600767914495
91876,17640.467383713836
99906,15506.068354762807
86556,15444.338891514599
95439,22150.481470619503
89552,14244.846987434683
97510,17242.308285084506
77027,24393.557931580744
96651,9606.187163539613
101124,5108.629554802354
81564,27548.115969618902
103834,10999.102985347852
106120,13951.464527392787
108302,12199.42056028928
95258,26989.239732816462
80241,9806.697598799987
103079,13050.387123616398
107671,20330.134375964866
105451,12332.80136896831
100581,7397.813300367806
103200,10882.358872559998
107958,25374.13470016274
80508,15002.693039114854
86519,10465.8290000422
106014,14500.75022701082
88647,9605.589311953185
78370,20144.453980413382
80157,48207.14478214747
78549,33626.7141084885
78346,14230.969359612636
102025,9715.51166086611
102642,11967.932630642557
101566,12436.686736375328
105090,8759.107865468648
102879,12008.234079101552
103116,4646.450484129187
108181,19154.841562721747
90077,8524.388543899428
87209,7724.577647480053
78488,26362.74861462447
80235,49677.17475129604
100754,8233.687497299317
105566,13109.20269805755
92772,19308.7980957855
91123,28098.590383198385
81751,42956.76268106427
97826,29390.661102354905
79668,21197.691768840657
93067,10644.570459075554
102583,10394.183076632211
107690,17450.44145921669
87693,13094.87004925483
80476,9384.871831372438
81846,50445.16042396238
104885,13078.388612316794
97224,13521.686798371587
101301,14112.456935496984
77468,20950.45941436798
102865,13981.284725498255
89933,21381.771188546933
80064,16128.755235905008
102316,6243.53798377947
78861,10918.152838085432
96856,11968.957964835023
80901,32094.924585177803
93880,4935.372490047638
93155,19538.010291801937
95490,28794.60990500811
81179,13779.617789309528
105515,31173.98087976791
93763,32101.295035962306
79292,20708.774117601457
79547,49093.24737181273
76889,17201.214790535792
92884,20731.94253944202
100959,10314.599550069164
103931,11424.702526101695
87109,4879.226240176455
85670,13080.792422497474
106941,16703.90963104543
82237,26863.716756705093
95369,12602.569981332686
104098,7997.882204738303
88392,7669.202036014543
79992,12164.29006672649
91429,21538.729625820106
93131,18626.437176239222
102287,9470.15204727786
93988,15686.725814373134
98533,18255.935999426096
82402,30157.808654663593
100838,3945.9814232303806
100418,3633.76733707355
78723,21219.69487494759
102054,18118.239758217056
103873,6894.188857797336
102429,4596.0325283199
92423,20534.74588803461
100306,11339.141461972038
95398,27957.645461972617
98509,6328.20835656895
76571,20272.855279995372
99096,11870.114918844036
79974,36868.765783177114
86070,10651.998444565386
106407,18851.514091620465
107921,6912.223261837367
99358,5932.382678520866
81645,34266.06095791398
82190,30554.827970141832
104692,25051.7455072862
93221,14212.583459010142
100438,12376.127490291616
91444,19682.44561839737
81053,40328.89401459999
91363,20419.45898740429
106954,20991.306932761192
106654,18960.903248760034
99522,11442.51781550086
87009,17948.694831069068
87909,10978.141058374538
77419,19540.17518916919
97652,23063.169685301396
99779,12583.522598172367
85584,14526.677735612742
91829,18626.79621850248
88101,17883.252811188868
100556,4461.813580675945
90352,7469.67047985663
83282,12045.381784170622
83007,14509.705735520163
108313,11994.904240370852
78810,6029.1718897044375
98828,22131.837607439425
96114,6254.90123619693
79191,22717.56722546452
87297,12132.952598829817
95877,14100.895436420098
94139,40072.13759969445
100850,8768.815368947446
94945,52363.74468997866
101089,7653.676698629095
105691,13498.044411731824
80668,13673.858516024013
81214,32338.88990841184
87518,14923.611442983236
105030,16093.524125712713
85923,6060.331326298058
83311,14241.871340983498
98855,9767.436647727669
104159,8652.6593740918
82779,9589.954605713441
107742,10577.330476728866
105468,25443.58409266156
80455,27846.201894818776
86388,17369.30594488469
94821,50867.84767475234
103268,9868.083442986652
102051,8401.192749923333
105353,24102.130777030503
80456,22235.35813648163
100987,10028.031020435708
91198,28173.894965874842
85153,13304.34461539909
103654,20028.35804713976
108172,10187.564041251406
86497,10665.883215819871
105311,8820.399167288413
83207,8856.119996526555
103088,13534.00764323687
80581,24869.233334583016
94590,25140.599719836002
92857,18678.50834514132
104990,21282.90713679815
106022,10686.597111259163
105717,17033.15144720716
93403,32049.526186862073
85166,14587.957196140882
106430,14806.315975380485
99092,16440.56951827486
91093,13810.726236243774
88851,18779.639701817563
98289,26131.862001682413
105096,30046.272729531334
77047,18857.82588442415
104430,20113.367042498645
89790,5066.982834746308
95496,31747.525259550424
99397,10778.903996550773
98691,7749.787443477415
76750,21626.38856320878
96768,17373.83253342473
99671,11085.522483180672
100893,15745.275898600295
96376,2643.2996197059692
85359,16989.136169141686
85526,18164.951960815422
99471,7180.010059403977
100718,13541.597233838183
100408,7634.350257759362
99396,12169.507370968015
88571,19208.209803127862
82056,36126.96120905528
95339,38949.426337996825
106966,44543.41157826754
87419,15590.982865645226
107951,9835.07820247496
89086,1436.6201049301685
81863,50768.8048546879
85352,8025.982410762587
107573,12586.217684175654
85160,7605.899150795926
86447,14378.844990532549
85129,15330.082297847664
81978,23535.090330696206
76538,23138.87368882504
96475,13028.166368241571
81872,23742.957563512722
100975,5844.216506493269
89846,8437.553073384637
76813,26960.445891723593
79861,12122.209562407163
85807,10651.575758752533
100520,14062.703435374604
83614,9596.064862712461
101194,17634.52080086378
78639,30213.397829395453
97237,8427.864898111844
106299,9809.995079950657
88307,10160.936104727616
85314,9616.06642277863
105736,14843.610269347157
80065,10673.207618053
92131,17039.06923569505
88644,18372.093436444513
76738,13101.89136372683
105697,15089.34658118708
87316,9121.705224936206
98209,12331.56765314153
96229,16219.308618506731
100262,4984.659628234106
100999,7633.131192630952
107614,9824.852908482997
80838,28308.514806332503
100986,14499.169429216088
78593,24606.12311378717
100441,5454.6934829674165
82682,10678.243892753255
78999,32238.647484064302
93261,12997.561328354039
80075,36277.41894370774
93655,28993.28656419739
100596,15575.803952930795
104232,25393.285535956937
91804,39569.424809288204
77995,15523.54055758238
103787,6928.201947089407
94205,21991.227960046912
85358,8034.841533413005
78658,17584.95738679093
104647,16765.056118480814
76044,22122.341812416216
76998,10115.459922002081
90687,19029.449240223163
88724,20533.476394883513
89881,13582.351257772314
77162,17174.771003016725
105640,14415.271379231042
87663,16992.161946453023
79472,12052.803160130883
105402,9581.611416360673
93024,26404.79035107171
88764,13873.653015816253
102845,13528.016768737489
94779,19427.62123867481
78682,10998.074123161676
95089,48364.14242583464
92437,10884.07056667583
96574,7533.550656958662
80215,9834.227012815732
103217,8085.316145659988
96957,22269.69530651351
77332,15298.117295485334
88904,17546.193208889472
85813,18974.033251189245
90079,17394.438899545996
106345,9860.3439326712
93236,21332.844548220088
77551,26531.558335671878
98682,10559.804196628436
77482,27942.23850160051
106734,23170.647880357086
96167,13627.107859638394
97901,7559.138351570397
88753,17563.00672821731
80085,26114.126094330244
101127,10332.176854142106
89915,8751.110563979777
77818,37168.216318977255
88216,7598.804389810951
88372,13891.902214502174
83811,8863.498430359763
82936,10287.54630006326
89742,6147.083634231824
91673,31145.1704712953
96257,15458.777053596428
87975,14180.677794365769
80305,25455.967428756292
103204,6282.72459939635
87651,10984.84331480417
97692,20478.979792711354
79587,18300.575471549182
78081,20081.345914490958
90382,25612.08220464448
101784,13484.310209501555
86751,9442.828434841602
83746,7427.416627759335
107367,26443.891530915407
102824,10545.221646037055
88861,10057.107572185489
81296,13509.453654833373
93069,25415.8328859117
87324,23539.87319511199
80156,26590.455953169432
101653,15807.862689921956
106220,9756.375362738358
106598,11332.588709849679
100402,10130.684425444386
76609,26618.271241824612
84956,14292.57608363023
95576,29712.739170265046
99581,8628.839586009686
80485,25304.038151313882
77166,29296.350772768037
76018,10834.010177790266
104735,11962.924402806031
93333,13390.847593491719
99795,9678.921976604126
89839,9280.381669750353
82759,12560.673638671382
78936,24227.720903728063
85749,14007.0009289332
103893,4956.022417064014
80488,15341.651567869425
85554,11253.355887980242
90240,13406.742846244526
106288,18043.50654463301
77948,11084.354342308634
102329,9257.293548478883
100162,12968.736458776939
88576,16376.95184578408
94039,18422.96500938487
94453,22566.783526048115
87879,13283.72060276213
82862,16091.85493494047
102535,15625.48210747885
105231,14034.901466036548
101295,10417.168749029233
103639,15934.268902258158
100996,9695.78391177856
90885,6741.502941409222
98058,6654.638538145698
76405,20436.51023527797
81140,10862.602981298669
106762,1880.0473533648392
77805,18656.429493324464
91903,28088.65179633485
103506,7868.8137560589885
99841,11253.770893047633
86237,10111.41186931307
76010,26665.515038125995
90547,15754.284073381925
97073,9758.71696571694
96345,20510.405208530774
104803,23153.5590382848
97547,9538.99248904846
80566,32601.01331412049
76686,27336.447659639565
76532,18576.483078822712
95342,18092.470007126158
89227,8312.67878467574
100141,11062.988378780266
78308,21435.8178173632
89064,13002.840104402581
80510,19288.59619666065
88585,12764.294464561339
104610,19790.88287194192
82104,10168.74762299761
82975,12072.019856365034
89065,9587.894681359105
101733,5948.452194208696
96657,15646.53078874595
86410,15600.241661690228
97079,12627.594207766204
99980,7692.630552898374
83405,17049.67165883267
94937,12796.402849752723
88990,11283.394030450598
100897,9946.443690025828
89852,5633.092904192556
79720,19650.658547258456
87573,7983.525695141319
77570,49884.74108983298
101535,5750.191413868056
106853,29668.84880740412
90614,14026.407869767494
99883,22140.199451372046
90053,15347.31947782528
85345,5761.031665529462
107848,11516.172149334745
93445,29993.976004117867
80275,14044.035294105872
78979,17234.568453381682
102516,14506.11879533983
89258,10716.86232344071
107117,23929.122250611188
106721,7906.198433753797
92982,39024.1698117378
83496,8384.564405205943
81803,61554.47422690148
106993,17039.350279511684
103294,17001.34575401222
94098,13591.095814411838
77532,14308.4886247721
89286,10430.119782883741
89501,8253.15038903921
95186,18241.387819268144
92283,31385.3472123624
95290,21029.981009699244
96893,8651.859060565972
100971,11039.72285637675
78080,28816.75482207189
99131,17325.665672910338
108281,5974.80425611254
100144,7068.55680832528
105273,14483.016127112602
87851,14424.771793579004
108128,11999.435924507525
86420,9577.860406820979
88534,7397.279294554436
91836,15841.733121715484
105068,10009.751480080227
89909,15433.050485871805
83912,18062.513415133624
92078,31027.170866043973
97169,8473.510321917738
89505,7877.973804636527
84000,11532.852818983474
95770,21369.297376490562
96966,7780.294753054533
99958,12813.802603761498
93263,33352.61199552037
85201,5864.58591354645
87858,11128.584234505608
76733,15095.46452953895
95475,19605.072543823673
76959,16442.041893986578
88587,6558.138745494095
106240,12330.41791533563
76297,31016.8008008032
96655,13444.746839578032
97329,5992.527759069105
104459,14371.861628495264
86218,9556.783676202767
92652,29243.595958601138
87708,11294.024282001326
89003,10833.017235627565
77758,8759.767670863414
80355,7034.670574537974
102381,9981.9057920258
102034,19931.421767184398
85449,16004.284334371278
108344,11475.066253414681
103231,11111.21199853728
88619,10009.965649179461
91294,15287.652664079049
91671,38927.37368807151
89398,13461.936915610777
97449,12803.201561180173
90985,19648.49794300801
95931,30322.882398815156
91207,15124.761848002503
93227,46512.39684171555
83380,6774.779916044322
88517,4435.4955881657415
94074,29628.076176233426
83286,14873.600124598404
78621,23202.945481787716
78559,31944.2277955056
95517,19867.987673454616
90301,8738.771315597292
86982,16268.650019234758
79155,12290.600909094122
87645,12741.986297169195
94734,19620.151575258707
80776,9741.480005916219
80191,23445.80644087049
81665,20596.259198700725
95409,23733.919406962315
107275,11432.249420922037
88752,7420.207197386587
85344,13934.37769043066
96113,12436.945822836444
89564,13203.892919342565
83351,16064.293801763139
77727,19172.56956884556
105427,12821.471006868756
86511,15677.335635155257
96465,11585.218629092677
81345,26275.968098891444
102204,7536.918982777532
91518,49201.71917151813
103030,9378.287959421179
77586,28066.474730400656
81802,18789.630922478285
97913,16570.534883507637
106159,18852.09080608751
101107,16447.887233857215
77988,26003.3439177377
103558,8106.368644367947
107080,9749.101179553676
103080,7720.88135695414
81729,36267.008328427575
76576,13192.932209655602
81302,29944.48088218896
102815,6665.578326786321
76838,103639.69824170423
100835,6860.35162678828
92600,21484.080749249533
98836,9853.829847285795
107734,13029.72144035972
103146,8260.016271944734
92838,31077.36151877504
107210,16616.997305974193
87193,8182.185594720591
80803,24658.634578981604
99014,29333.013418207884
81317,14388.095561713017
105975,14202.677957096828
91289,11868.189368469775
102427,8988.478027491581
88770,9010.20758448075
93130,16134.71993232574
91428,31365.310588100256
101880,10396.391466424155
96317,13313.208948180403
79846,16640.361177179046
76152,29277.25551566061
98591,9276.31821604666
83409,12110.849886097676
98307,6885.061267680424
81931,51296.90005508083
90083,7414.812874648987
77773,16244.523389800735
103635,10268.051216121501
90621,7211.118977224356
91055,17737.241491719597
82011,11792.585565062518
84194,8888.524556007307
107360,19914.00755998207
89868,13759.292132504348
78774,18487.369678345647
98229,11805.964401162882
78895,13953.312828507746
104821,10588.510844522109
88829,17634.453243019114
103561,11284.057635376452
95077,27688.764084607137
77218,12884.572092596234
96894,7935.386293523127
102467,11509.828410954115
80026,14105.618663573918
81904,32060.592719814107
79212,22646.55516637981
76081,28366.574128065524
102446,11289.051593569468
92123,30190.216730832362
99505,18113.966000395267
90701,32686.199009737855
94131,30202.14251902595
98499,9716.620209265731
87292,14653.157813502312
101982,6921.440532801023
79507,13476.61489156343
80367,19065.035941119513
87303,9188.352856072554
90939,20579.427656931828
105990,25728.580578722143
93538,30220.626679061872
96747,13998.973551526346
96705,12533.182203396074
79540,22807.194056960805
97104,9486.094611928393
83406,16497.050541789533
105299,10783.855741863903
106722,9373.543103067845
105452,14483.469819211601
87290,8189.594456942842
81467,13796.007758872445
105170,23612.72224086611
93330,19645.85331029722
80272,19531.003931569147
107730,17833.390260245957
96010,21197.56224550169
81845,23741.914710023746
80811,12306.659278274827
83571,13643.145115213387
105322,17279.63189602848
77762,17390.629141431866
102039,7147.482929962145
89712,7565.345143740449
89635,17702.06360896561
95445,30344.24583061266
83168,11317.129449444168
97583,10560.795493094076
90719,13426.005911126198
83437,19535.034249974928
95182,25152.986716348234
85203,18089.643149734893
103788,11476.716353548016
82303,15859.997937528433
75983,34816.52910943772
86812,8752.027826732183
81841,30831.556528238347
84828,7243.840303020135
93783,27482.86374049788
107916,23291.503119643538
87430,9095.841794730457
104874,10420.566749772057
93137,19360.900023195878
103047,6425.728690457256
102110,8030.229724017567
91435,18853.096062831468
86558,13102.296543522609
95141,27530.17595451022
101513,7442.267052005377
98883,7264.40635329879
84488,10533.545836031562
77317,27038.727275597757
76345,26013.478960864388
91779,26176.440624769326
76882,11971.54622719084
90888,9428.05368733442
98663,10042.552473930382
95756,18809.399542205356
92853,21804.511555938694
105681,24805.271529153986
100628,11531.811936630314
93663,16574.139959196178
92183,26242.8175782356
87635,17904.574496362333
104386,29665.012744190004
87388,13492.486720771652
77217,21792.361162347916
96722,18071.038031612676
96916,13703.238599965764
77168,52424.722254264096
78963,12162.53794785034
93780,25906.85247789369
91677,24735.751595822894
98082,8738.229045963186
76229,16477.652521721488
92338,25720.506295786698
84178,13733.938858506815
106784,10699.027534819585
90742,3318.2252010002453
96034,18283.88887138449
98064,7005.285293902022
96973,17443.53437708198
102048,10405.343619150439
106484,13768.920077036055
105759,12823.498433434888
93589,30337.753466768037
99057,12444.233334372499
80757,14754.357593204353
89636,8129.657842284867
83495,7764.68463435652
85277,9891.657461386574
91843,36660.10132695585
107118,30151.734710735043
100387,13794.505642435752
81885,27827.835252548484
105369,18616.02054037587
103588,9325.584486846332
89859,18341.46314368834
99533,9927.93698876954
107533,16299.347582953022
103667,7347.263495407282
92303,23760.176038251113
98400,9578.067454734415
107283,10348.9526832706
77352,29627.722192833542
83662,15936.36379662086
79661,18772.868701304513
102007,12736.445324966036
97793,12626.2473129023
106968,19546.21516597389
91632,22598.138090043623
79763,34029.813989598755
84785,9931.465042335385
92155,14124.585821263829
76625,29404.13109685208
107370,9521.912002021678
87638,9715.800712162236
96040,8595.557759414774
97299,13055.327218434923
81301,19936.52760075506
83192,16728.29538872527
105291,44859.641946676566
87135,13053.522175509432
75985,33083.36497083724
82125,7831.866508350688
87636,9648.756363972356
78783,31982.372696630122
78662,4860.490212999531
87134,16249.95710496766
89451,6473.228949845956
100098,10567.058278255861
88589,8202.934983394129
85831,15212.6515777166
101724,9847.393978386592
107345,16940.080966778416
88336,12438.044340664304
105588,10616.627267281134
95273,21265.204506922044
101163,8463.742881156664
77479,8859.62217449018
80339,23318.993110407133
86561,10460.078328575237
90365,13534.815247771883
78103,13745.057054668066
98617,10977.649947933154
77621,35092.29755489421
91901,24562.592194128723
93087,18827.560430682952
82739,13434.964486750265
100953,7802.970107384789
80117,21044.79418057719
84174,8879.178958426044
106828,17897.91408088804
90803,16589.829901211117
85910,11148.444245110331
89576,9685.727088549582
106572,20496.778639880682
88570,20218.59984535167
95066,22475.206549813698
101114,7861.947352805206
90936,21021.998028489277
99197,7767.4005091927775
106363,8474.622271728158
106495,12426.766827387037
77516,8790.843326236876
88093,3076.040164897864
95483,13485.75319759519
93513,67555.6744311211
102348,6619.322024034982
104779,11500.2879370138
90381,15353.174339002711
90866,17033.761971434185
76005,29478.85546037311
83160,17690.038482068852
105547,13652.107365938833
102598,9576.013140915391
104485,17398.274408001642
88186,7736.714146451277
100958,6053.667608648421
93967,29318.439622330912
93296,17411.896955979908
102906,12550.231868991017
96380,14394.860608110026
93298,26164.70028149688
84722,15250.005340744206
76718,20185.904847756985
80056,27446.416688549547
78850,17948.75827994302
100715,8472.71522683856
97058,23153.280768026936
85906,13532.194354432262
102477,7565.468906236906
78624,52757.58140148842
104387,18508.282484663087
104252,11635.571782085965
94178,14811.841444695348
106337,22489.2061648843
105385,15443.109548683304
83119,9272.678831972778
76930,13099.765088146896
78083,27172.50241634829
97868,26282.633487016657
81081,8237.983685850517
102325,8011.245469865569
83604,13958.764049425894
107825,5379.752058696574
105577,24670.401092532604
107308,10236.227811158373
103876,14839.204837167226
97378,22255.10521493365
89508,9303.96587315904
86933,11323.553657533606
100033,11188.069050558897
84820,15624.796919467823
88884,10961.928567658917
105458,5889.731291555031
103164,9595.371051356773
101838,6456.41872391007
97811,26553.7557811854
93826,25926.780123413308
86364,6499.477778952732
95317,25420.011846980262
80613,20368.255636239093
78372,31730.03896326773
83283,15433.879104992233
93249,29062.213808808196
104303,31269.45939791271
87973,24097.63217621358
89997,8370.579328961348
103013,7140.637972546474
85570,10365.168750174997
102979,6043.432577070763
78598,9020.571185184288
101402,6498.372222658338
87313,5759.707004177512
95505,19343.639840940854
79319,21211.913398856133
95230,31669.943270894386
91808,19072.557874641094
98678,9469.875488250773
84270,11574.337004801846
84932,9350.678889042063
92433,17575.342441433924
95944,19532.17709060128
101180,13641.930841933185
82624,18480.096265080676
80920,22535.599594552466
99771,8988.821372564027
86425,17952.341968656056
92191,18179.191179395115
85940,11761.082831702815
97391,13949.169993443382
101341,6656.568402564448
76066,19575.403457317116
93226,19902.529060971647
108367,10046.761917566124
83144,7954.882670324957
82764,8958.713839781034
85112,17916.177439844283
97167,12469.579654301979
105808,11866.514099454555
108416,29506.488131468737
94695,36329.90673968862
100332,11131.17711042763
102829,7881.339875614237
83817,6657.284171757419
92304,23427.30115298712
104385,8199.076216974216
77858,23934.828276772558
104454,11294.408290841677
100292,13839.571718725705
88759,15655.000596268092
81746,15895.73083751386
98246,6715.672125544271
96680,8995.20625068485
84163,6828.502579211276
98135,12448.518333716758
75975,28894.72420949388
92064,13853.676020817222
78732,19456.28680747077
99528,15301.652374600964
97651,8088.437656414086
88195,10067.047880816874
85398,17029.412087120127
105940,9403.69997561789
83822,8433.418455776897
79148,19209.622326415465
101011,12606.876259844448
91642,26164.70028149688
92277,32461.34834007151
78438,16417.253235969314
103126,7231.1383908124935
90247,16478.46805987475
105738,14429.997329492891
91585,23656.808873202135
99313,7012.8066092632935
78484,9252.694965458988
91221,43041.722503382625
102068,15747.183441501056
103027,14599.945187183785
79594,31072.078048608768
78290,18738.089204783464
83059,12105.112105447448
94542,21235.0200013212
80450,14673.52357709797
86055,13217.792499386245
77128,23161.49399911547
78459,23011.517728078357
106614,8619.672801536168
100580,8987.17722480049
79200,17037.809890210356
90988,15835.95060466529
95354,57676.577374956585
95524,19734.494851157757
89514,24355.05946552614
100494,7845.4022514130365
80365,30865.998765562454
100498,6253.346544247764
94820,23735.4736925669
95203,15899.104512152582
84845,13390.485779412847
103726,9595.734724339318
78164,10378.16020996432
85894,7678.186414811123
83974,10958.084945815111
100042,7670.496537608343
82641,15940.194517221005
89331,9928.577945584499
104138,19379.340454861936
84136,16166.990227721068
93037,23672.00788672615
88791,12381.177797755821
102077,10783.537975144844
81882,23249.280889769736
98035,10302.880157074025
108194,22302.306057811213
101297,8119.314180946676
98938,13096.129330479405
98486,8721.455363163295
83293,8867.99073606672
96404,12123.630672581197
90115,15353.174339002711
100205,7138.365214589684
81271,13994.281442189475
99430,10224.952837068457
106622,20777.023761424145
80213,25444.071941506038
106624,18154.033422053817
89907,8688.057201510519
92178,13993.326350298177
94849,33692.85849852518
83585,7670.973664796817
85742,9323.897444966251
98510,10723.99262694779
95629,31852.184085735393
86114,10770.785652276156
104028,23230.60129404907
78862,14975.43152995284
100720,15762.511247877275
97302,6219.50657149881
76761,15915.278022403243
97918,23822.872246050934
95704,14057.03801946224
108116,41535.01817432587
101381,9519.077967995474
95542,19371.337047771638
89609,17574.944028114107
79374,9822.105181833078
97399,12547.36528987177
79350,13543.67680201753
101700,10533.715447469764
76556,18436.756515252826
85945,9746.5532794959
92706,25859.238647306298
98698,12174.398629920275
98683,12062.790600018487
95706,35761.40437328608
91170,31301.158589256804
89870,6679.86576848349
105665,24534.764469849804
76774,16413.706981939245
106996,11418.249598447745
100111,14866.256733509565
85146,10369.98145519058
87623,9901.492364519858
106125,16032.795744659697
81146,17099.21479153314
82472,15371.429179096118
106621,15865.733466478554
92229,17813.144390418434
100574,9195.370156537938
93325,21277.918130621467
88820,11005.143833443102
95448,27134.29995082788
94293,4714.178596696891
83682,16424.705220184347
82826,7635.248333733379
78729,15361.459700257694
82431,9974.847363621926
105701,27420.399665089422
90828,15437.188137960191
88782,17262.41540317252
90765,21561.484532762464
89779,14882.42712382964
93973,30085.864282152565
82915,10832.664786671427
107131,22153.838010737174
78143,31397.38113262372
101557,14727.361914231116
81060,18145.529487351658
88032,17355.57796131423
102913,10225.072801379118
84050,8410.002919875782
97797,12641.3574596102
99183,5176.620396369633
81588,27957.659129374904
89819,19872.273594292492
86947,12124.551269264073
107568,23014.97332947154
92085,16477.71415567723
101729,10480.51473197417
89417,12746.375200978515
89797,7785.016760574494
89349,11953.896580034678
86040,11209.336497454633
85454,10792.032727825961
78374,25831.293107408354
84084,7540.836081692786
88370,11293.219492913517
99555,22308.438268661834
91675,74562.9078715157
87112,10195.478480010483
96235,16475.338213131527
98203,7322.730882767414
77675,6918.259555020375
98775,7671.130815241188
81614,29840.923531870252
102391,11714.43530226966
77097,25037.644973792503
80494,28533.58893647082
91050,24421.24757027401
90412,7835.637682035249
106318,14880.046992800377
88976,17839.114358576055
95898,25587.086761747865
107839,22358.590775776112
83737,8454.03591509316
99929,13655.97055851828
85736,15456.175884056054
100856,10400.193960178349
85708,14188.260708649961
90131,10046.275587285172
94568,18990.487514971144
96466,27276.802164074066
100117,12211.764175717768
87585,6639.102922814824
79106,12274.222538246835
80237,22646.974317904253
91302,26120.370379406642
83945,14617.797609019319
80650,25663.83638763176
95104,17349.693538026324
96677,5554.315213164664
100682,10179.679834195182
94464,20202.956398804494
89293,13017.951390521246
102107,6931.944459840383
92219,28514.205835133896
87853,16296.950381628441
95391,20333.682694347845
102232,9766.206050303805
83035,8623.764026064582
80636,12305.40883611973
105398,22170.49257386064
103291,10054.335902113144
78340,14867.850325008201
107130,12857.022222417027
85694,11837.678540070468
89901,7202.108431537475
101501,18269.353363307953
92797,49421.586935861655
90279,9856.14253837272
92115,28367.259391789954
105910,11495.26850962493
105226,15951.477452007064
94797,25779.049531696986
88857,15763.451330142861
91374,20003.248872216205
106841,15323.186172092393
90283,15290.530784628507
95421,24397.763489816614
102374,4702.1087365699495
93581,25222.854253666384
77463,36358.68705739722
94949,21356.429252581
79220,17947.609488170267
82822,20495.303324274526
107897,6302.327910961091
77398,50919.70814828841
99943,15122.619251934393
101334,6780.3727837442975
78664,13786.834857673462
98917,24773.758854484466
98320,13478.730909608463
86414,14115.753927853106
106690,13601.538420673754
103656,10547.576081797699
82816,16173.512383170808
92595,18617.71802174649
89058,9842.479047151903
90981,35492.41202875834
84545,28507.97577757497
85121,10496.105399430951
86786,7727.399325151764
104318,9203.433165677417
101816,9867.64369635934
85525,9451.600935507335
79169,19876.192185125314
90473,7844.831732076911
76459,32647.12333441122
91881,19422.82139522847
76343,14632.378756403974
99475,3797.4890000072987
76756,19479.395862742746
105158,8599.231563977826
82355,28596.35008255016
102382,10915.748075814297
102739,10094.294397434183
95595,33618.27979222219
92655,21988.66803166006
93230,22379.930009343778
92502,29291.87083533414
78020,11208.37332676347
76077,17295.64399742071
107845,7220.9462330480865
94272,64260.30791943133
89239,16784.0547285801
81657,25760.910652302657
79605,19930.047623714432
92466,27242.871858827937
89062,22622.415216297195
91866,21737.0692021869
87629,7488.69509844961
94495,21105.59002891658
108301,9370.663134540499
97893,14578.554321361627
88636,12002.268276225916
76642,14117.872691976441
97723,9576.36852275741
99689,10345.327631085698
98669,9202.033070549594
107547,29330.934601811867
107324,20162.348244916484
96837,6758.524260704968
87607,7134.140650214057
77412,29902.57201223705
87012,11618.15833005077
106509,26791.78692324505
96290,13550.234876942004
98997,17653.36805354858
80784,13226.890465728711
79231,17726.20489533878
99071,11290.701915067768
95343,62947.28179170864
106067,23583.959960563043
99385,25688.132819696984
108247,26482.146359324084
92030,39899.292389128444
106907,18046.483550932928
83305,11155.829853068899
77537,11042.535508553101
94191,30378.804362547453
106218,9761.65275060468
90895,18070.429015624577
87733,13714.10054970456
85938,11914.027878670846
92778,18551.81173374575
104351,24072.603607390793
98023,34442.33708901422
100496,10062.002688503555
99703,19641.799814282444
97963,5931.396700365587
107514,15805.513375787406
90147,16405.738431987018
78976,19043.142167749935
87951,17132.67255710781
87689,19182.762738210207
95720,32759.68545195142
81362,15696.731601096482
88028,8364.076739100048
101241,14269.260212798568
77282,20239.554236371176
87318,12316.561316715308
95832,15748.914041986607
93146,19923.82988288002
105053,29357.93408143606
106782,21805.857668770095
95641,25809.22425958681
101467,10600.158274643369
78487,18526.014516119154
97221,9353.490669227242
88550,12374.98325914002
102969,11381.65612700551
91727,31624.385549349332
102790,10267.673107970153
90218,10435.062743100229
95243,53444.962942220554
101112,7902.689613156237
85231,9902.303248722945
108368,14631.771165887143
84764,6549.936654351196
104560,22536.008407933055
88854,9366.141647166158
96342,27066.31969051487
97363,10752.418630295288
87222,10150.736169371457
85750,13305.559941324
99457,9885.462930516129
105834,9292.327710429841
81230,16135.056020005119
89905,6358.881656367218
99107,12469.393383332832
97725,26160.033721770724
103383,8309.773779282112
101881,9633.372630698133
79274,37799.91830088785
106126,16180.176163004122
88014,8134.3959025426075
81379,25812.842965881373
76685,11922.129248735171
81756,31822.953808059905
80382,20645.675489719775
87661,10715.325051836138
103160,15004.4739155768
81893,31169.2996087376
103538,12493.627768045479
101780,8185.116672305673
81384,17671.914919328447
106350,27047.868957384027
92907,18253.823197031583
99538,14810.464528226441
79214,18591.669568816396
101909,9862.648230245239
107864,18014.542281600305
100524,10161.014511028032
84466,10777.11598130019
105389,21892.228719731087
95621,16030.530017888917
85294,6242.495627054373
101831,12824.414733327088
104539,18697.077519569753
97418,23307.505492130545
84417,13153.725627811722
87082,8952.206657329443
90484,19881.617399884824
94455,24834.81888357868
88204,12613.72657363288
102964,12452.423817220788
83265,10559.297936288292
79644,27775.905204767852
103662,11586.153148513587
98160,18062.05899939396
86602,19051.478107445848
96773,17649.86442397161
106258,20971.859782404066
93161,26630.67089239754
84913,8510.902055075441
93566,33740.92425142482
99048,8512.01599101779
105009,19529.518931789662
78907,13269.27271222431
86767,13963.490514712701
91280,33958.048174573174
80284,9791.92658705991
90664,13105.299915501946
82570,11969.079789518837
97344,6105.096335307156
107585,19111.76612449911
88462,11692.108321777989
97190,8544.68809298622
105578,8354.40550417646
100275,9922.681703699223
101818,5424.449448782334
96900,14481.20818970727
107149,19161.75085553194
92413,32568.157419623596
79385,34321.44399464769
86389,9928.463615584411
95212,21452.12033375394
76373,20871.99118022187
78959,26435.58709733308
88737,6213.511116423687
92016,38140.05819971539
86224,20781.309777912847
82578,9883.210283428341
97155,8806.782722446422
107701,14900.086774338697
100516,6629.68367085185
100278,14958.788923278165
88637,15387.345271311295
82527,10678.605542432657
84753,7440.061561469162
103714,10740.0551081053
100322,11948.362089675256
86770,12155.027767938089
81754,33823.86456455859
88214,10409.573598117948
104113,12923.406733785698
104421,6468.413878637895
97736,8262.79964882211
103535,8578.857795595379
83206,16683.31949125587
106330,10143.133376172713
102339,12483.48806905047
87709,10954.24326731096
76492,21934.392546684914
77728,18373.43023189164
80481,20195.61689558419
103158,8238.3692798367
88892,12586.448982179369
100388,10442.721367955002
92082,30627.60348511393
81236,26756.068875060526
77042,11819.35228467936
91157,27210.899300193712
84392,16780.79726410813
93436,28643.996315799406
106487,24447.530774468007
76638,11199.704193456017
100756,13680.906682133522
89769,7688.044011027361
107047,26643.684732909704
107482,13288.145775068406
77672,50022.85007258728
88137,8226.098061176961
94234,47046.77641594923
100690,10527.698727918003
104730,15926.236399348667
80889,41684.42081221058
83038,7560.7402603506935
78952,11445.968686134596
108324,20772.18297156515
89723,15611.022274576135
84963,7721.672362506247
82834,16895.030575071207
84141,12666.134527264176
94870,26795.84220312752
97980,19621.648057873514
84101,11128.30577911569
103187,9875.025832913234
89617,11305.216498120019
107178,8864.992412017918
92448,28310.52841350389
105739,12707.471483098761
94934,18618.59873614607
106422,8245.751269829037
84357,7220.575879254382
81219,17896.664568374392
96165,9218.64829329161
89437,7672.172868014339
107434,24478.359128342167
104751,14450.274219638088
79869,46376.38527303442
108255,20030.522239851096
93706,16800.83330188824
77694,25637.191836400107
106112,34703.09231797424
79750,24772.904288100093
92715,26854.290887332827
91183,22134.150189778407
104425,15244.913524761472
91695,19356.450900083662
107783,21971.897675496555
80023,32994.640284090136
106551,12098.901882810631
88253,27308.313808351297
89867,14579.717619834537
83678,16389.957099098097
105660,17762.0563490552
88202,10453.391882250944
95119,26555.99863343717
108260,12722.434489467641
83078,7730.807466278572
82345,19435.27450602727
83217,9670.471635139149
87850,12117.870915466481
81035,46278.588874704714
79575,31599.62321254328
91737,16119.89811627031
87829,16000.297465070082
83729,10088.644410668356
85611,15666.773245734252
98402,7139.9051495134645
92385,12315.126521591985
86408,12074.43000283602
86059,19093.328361665805
95741,45281.400603360125
86739,9237.91415850528
78929,24253.551925056592
83842,6299.482302587554
87907,11176.641517931259
88079,15844.511116568452
85643,10643.631804233293
81382,18912.15061204023
83493,8514.416381881574
93460,40920.26670801134
80412,30056.837072458304
88171,9539.989566862054
99783,10458.506875291965
102777,9290.507707435638
80663,35330.157499014516
77531,10470.179290413438
86865,18190.871109459276
78461,21540.638613646555
107352,24366.050056218603
94120,11341.862663367881
79496,21056.736691742986
80515,38990.81231042291
91344,42645.71396953011
79373,35825.208076056086
96220,9993.943281130585
93246,56187.21722877393
106908,10296.298751860388
78245,40891.11562037091
94731,15944.39357111255
90402,7590.903551828781
76206,53974.91637767569
98559,9172.36578887066
88796,13344.348379655994
85816,17650.793014855226
92649,31702.87783360148
101935,10654.5882472234
105463,21430.77227265509
87365,7941.033348872875
95227,27634.79867250824
93234,14719.790906473369
85937,18441.615008191235
101266,11729.963422878836
99571,10556.832950812382
85700,6568.676409245604
107102,10866.764034809345
89204,8737.57291442259
107013,8869.558581340507
89174,13545.806610944412
105413,15816.595939327246
97676,7238.020858812169
97236,6668.466790558956
103159,15065.5832646241
86515,14662.355244840935
95748,18877.161138011947
103941,15176.320039769653
86393,11098.608297493267
100154,8375.881724053957
96775,14186.392344277778
85975,15856.333437271416
80620,17711.712382020913
91545,23200.192607893252
90512,8948.014754057958
98423,12616.741392899468
98191,12324.88421664662
92713,54693.16221958309
106242,17745.233689113873
96941,8226.20658910811
91711,16620.863281714435
93194,20567.768011679655
84431,16007.361117128563
106092,10000.255000357207
77699,8345.194626146
107042,21725.450686070937
94581,94753.5501199503
94719,27033.05231083249
103203,9263.160418079611
90527,15088.76455981913
105553,9809.417287115084
86257,14189.583504231105
108539,8127.1317026065435
80580,16641.175278536582
100564,7331.679269312624
107330,15413.503056665097
91726,17876.09983858469
102084,11986.054748172408
87088,11949.988199900945
106757,32143.237547171324
77040,12503.651397468546
83253,12457.362821560066
87231,5059.015795871418
86913,6849.514611000253
100372,6353.682542438689
104194,26275.841625927198
91979,11306.332151958119
82139,16858.67527570701
82434,10324.852028287603
95418,23520.318327103832
76862,30509.50160373318
76939,12295.415763826735
86454,19043.584501414643
98632,24571.227162489387
77936,28746.703534543678
85823,9616.06642277863
88035,13054.485724248198
90469,4795.984508941228
77882,27680.804764746143
91663,20288.027283628955
84326,19196.336797198277
107834,13700.514290302455
102220,13578.40810650541
105246,9190.870092648682
107828,23147.66185909173
78808,8124.652830522718
87428,17169.887639250224
83186,10439.549312135268
83578,12453.133101097741
76948,17191.151715068154
78241,13952.594783609524
79743,42644.26254851036
105523,6352.732163748092
90957,14038.954564916614
100382,10016.761687320182
76105,14587.30513936328
86104,5877.977362448827
101922,12970.026676637413
76554,18715.386525583777
106985,20686.88778973053
85689,12301.390949685268
85008,15823.45960455409
91965,18614.577451778274
76366,32888.00103725164
86191,14788.78842078654
99663,6650.940296616907
96285,9366.878375048327
104099,19465.29624768223
99056,9191.200298163705
84374,9445.130496898537
106354,24309.728166150875
93698,46760.79593991384
96634,8723.98358174155
84156,8120.93567865543
108084,22243.520496823145
87399,13761.591895851092
105466,21719.693131553908
80586,27675.246914846215
92580,9403.712109175798
101845,4990.158779969059
84566,10893.110095821985
90141,6227.827066596762
108378,11015.29858322092
98277,3177.9151693262406
95092,39692.725118162685
104064,25854.987136342035
107637,9193.992450349599
97365,15020.340812408424
96955,12482.946295735866
95760,15505.11502949574
95872,24900.175965221275
96240,15207.200739598225
88163,17964.968078851267
100611,15832.851136898038
78881,23018.93499264916
101061,10693.535388748263
107426,12435.05553454315
84044,11803.706186789304
104552,6376.564022681127
94780,11864.167528942575
91863,69567.25952662335
100864,8833.500543636923
81237,19742.773941538868
82136,13726.886997266169
95905,14387.215603039838
106384,4115.697774070875
104293,19629.749109606124
81454,21353.898315532926
107302,23078.985814440395
104291,23024.640137357226
82868,13479.237231826015
97858,13462.306934233979
105855,14344.270485532412
93166,18586.533874888144
94741,30084.079097288923
90290,14504.704670274432
89573,8679.568994857083
78623,11424.016260015367
98815,10503.894979470391
108391,8307.775933989635
84762,9463.77098024054
91318,20241.79912076962
79163,17336.86078555456
95977,16956.09881647815
85867,10510.719719948664
88322,9842.87421380993
79623,24975.878159015978
98269,8926.178185032091
99650,9017.560274503605
107902,9881.516554446276
105941,10540.61030257743
81949,13212.189986646958
79343,29068.3846935659
107578,19656.40987442032
99489,7230.140678916895
85577,20199.52886819769
96815,9626.060362563205
101625,15745.275898600295
77737,13136.25004167239
104092,32047.489734255305
100181,11218.2921310637
104928,6560.29754876742
98913,6698.572556135963
91602,37334.76005822624
83876,19277.01393134483
89307,8500.200091211154
94093,26958.559209707102
90665,7530.290073644828
89424,16023.310679159378
89966,15931.098237667398
87512,15605.65831678663
93925,17073.059579354656
92819,42246.12958780708
93100,32733.323474705616
84387,11436.102788249893
102337,11053.210824555046
96351,6492.595607814061
84790,10049.645234756928
82257,10107.662555782732
99957,15823.039338696864
88917,14162.142087658483
95068,28608.201801514846
84509,16549.219320955006
91624,31365.665362243697
97851,12659.793891814712
88699,14932.667973627014
100216,8640.26378340163
103752,13895.137887513045
86444,14718.419152544471
96692,12998.192929689092
99855,9675.351747655464
80299,34217.15685569055
106960,6666.151440515957
97471,19241.999157613307
84560,6918.92324205736
102670,9898.207065792783
89279,9460.060125857024
101965,14785.346211391232
97569,12165.544020020428
79614,26326.173228492375
91772,27638.796252914413
85007,12179.687964134457
106561,17246.15647496033
75994,24490.560462532103
79691,36239.943805801726
89364,17331.946140221396
78875,13673.185349528161
107066,29460.421990611416
81507,29221.222515571735
95249,21641.003069595685
87015,9045.625363940091
91324,16798.114551356248
76752,6641.12657195593
102171,12954.358358198653
101910,14103.145515686298
103619,14558.108971715676
100128,9777.306737568935
79404,25338.450850991736
93180,30677.693138417493
98208,15486.626272964493
79595,22002.761695838435
80232,29522.726966010065
80698,26231.12787505638
77442,10781.51305727203
89295,10380.008577168019
107982,7939.336473947906
104260,9238.422334317698
107081,6923.538660107565
84397,17432.690881250517
76341,10540.662879411579
105837,20983.48980316737
87758,17072.071140194974
89085,9488.709276401945
85464,6037.1259362764295
108404,9845.992247884333
87357,8199.107347781024
96567,10329.216001732011
106723,6218.445848174631
102198,6929.088763054367
97673,9745.153175269566
94078,20385.65361459751
107507,10088.834331035692
97681,5694.765184448735
80033,5954.60419124667
86656,16658.445609450377
77797,18663.00725248284
107699,21009.62557840846
86945,10839.53454629448
105222,5006.054306435699
104904,11838.98534539941
79731,11787.336305768995
79205,30883.947019273186
94275,43887.15193732103
83219,11070.042311660109
93926,27287.83814704793
77804,16885.369991946878
84512,17030.025109446586
77215,11792.31302460527
95226,27213.744359116477
102992,5667.435308112387
98108,12304.074546660047
80629,12788.670381055528
98788,14549.060460588791
84971,9215.036107239312
97484,12496.947912712252
87887,10097.18741267234
104294,33536.621984547746
84316,8392.442472302293
105685,23576.835575038644
84866,3940.776408129345
108412,26447.61692982811
83463,16312.968142314976
105005,18809.09671330108
94134,14952.547931088215
87832,9236.936539509377
106089,6958.181173154678
90745,6947.3114357198465
93579,10894.412082237459
77750,31863.875199012822
101618,6807.436075527925
101148,10832.90281109384
91084,18255.27663714418
87106,15343.755149575229
89045,8579.912822239408
100365,11152.242826528978
107100,18759.637812285226
89836,15114.394763465556
90463,12604.69169253082
95908,29571.69545466282
105700,7191.3418162313765
93105,24957.22483416627
83244,16797.35467335526
97603,14320.86537977831
93616,24983.36405228537
94245,23968.999001490396
90752,14638.504648896042
99594,13075.848439471447
93068,36827.79560154719
88443,11497.655516494353
92592,25322.33629737388
99796,12868.176487230028
101588,6613.031184655814
89633,10068.08475008421
99577,17388.93663752224
97165,4771.122938904335
95686,14341.854187756855
79266,27739.44031281295
76351,23756.994204432678
87457,8140.622936248034
90220,11305.216498120019
87855,7649.606755460348
79818,19531.663213144468
91024,26130.519236926364
97908,12177.116000130274
101556,10880.182820820593
89750,7892.581094964657
107781,18518.05744796654
94151,11144.438357841225
103214,10056.69415561983
89012,5823.159982488035
80997,24277.507983907173
90002,15189.545270069764
88243,13131.986453770362
77631,18585.568120774
76185,38284.59123131173
102767,14548.22537638799
96776,26450.664542833387
107630,10445.71789700018
97550,10259.052209831234
91871,18500.857926666602
84499,14450.20426298202
94523,24934.913081134986
95467,23848.769391733946
91735,17037.64591260667
89874,13769.735208040061
90168,7474.041858150178
76765,13243.243871688923
92590,26383.433158354554
100529,5339.3428781290895
99330,6010.477133558207
92566,25374.807342411623
85303,18857.457562683303
108401,10368.806636201061
107621,9252.10472625932
80471,18715.40555146693
85478,11171.634806705535
78386,21636.768794227784
105016,17331.541015913743
76807,18123.099315132826
85036,4580.600564537796
85428,10978.544669270377
85783,9871.848300665062
88510,11740.035176810365
89262,21195.111043344732
89136,10449.382489465528
77193,46885.61246284468
88928,7368.131185038939
85930,15996.64025387957
93387,25207.41518664976
87348,10633.305527184799
106766,10453.165412749546
94358,15948.975033802992
81582,13086.287856958415
87880,8207.849098436871
80554,29724.07222883258
103295,10567.058278255861
86265,7099.495021051972
85650,5959.381324346289
78496,9763.214759748398
90155,6222.59746035686
108366,18539.50659111965
95435,13818.417981294933
83433,15318.99694145911
97917,12143.562468725584
80755,17040.401893647195
106070,8268.954733508952
80354,17837.927212914394
98453,9029.447591962247
100106,11602.468226281424
90408,23800.80765460827
83615,21061.899123365994
82425,17087.541904498677
101993,10102.339438277782
94522,21255.218113710045
84782,8979.781035005199
108223,13017.705471968828
96160,8586.505232211897
98432,12559.683623664841
105363,9931.342905010652
100535,6957.169812685886
86591,6560.204634257543
104667,19428.938576450193
90913,18412.4181873741
88935,12590.190723932024
104570,12207.694726383637
83610,13252.61282924541
92006,6612.268072802837
86169,17734.461247846244
82827,6691.864445683191
86592,11129.394056924588
87212,10820.134261556896
97120,13269.531133528959
77359,15536.873433384722
104752,17774.685984676395
97296,4997.538140175153
76528,20214.429962117563
94678,15851.5397352629
92677,16024.690774358714
79068,16506.0614828429
79258,14113.056098327768
85903,18928.95110591431
85139,15440.821204948896
93427,20129.52455751116
83820,8544.3772143887
77286,25546.795555886
99210,7144.795834004327
87068,10953.450363986118
83423,7164.327268101816
104277,13810.524250749519
90679,14522.629689537187
87218,14899.920142480527
85604,8179.989158624758
81045,28556.8211433865
99525,10782.570038756461
102332,10191.321072272809
81248,20010.95691130842
94626,35729.712845696406
102031,5411.601837959111
99240,19775.31532317366
104198,7185.79282087469
103296,2830.0335746687015
105530,21142.781174560252
77830,12582.070257108513
107707,46122.50786639751
99875,52031.38902697006
107727,10020.051734023788
86279,10339.611631777592
78738,18388.93514850481
77514,17445.557374925014
83235,9363.368012802885
96964,6840.742902235978
95157,27675.590867309496
84407,8063.142931219952
107930,14115.11443569133
100103,15836.572595467922
97895,13542.279774966872
96823,25957.50585215328
85448,7847.325925579652
99246,13759.066081153838
100586,17067.694334729684
84536,8284.703097040214
79744,13320.123810867073
89433,7091.5199209392185
93466,15636.878700100535
80628,36881.140006628186
105144,29704.212940441445
87407,15039.159254398774
106295,27341.50705473374
84239,19556.08759858979
89362,10520.321259657996
85099,10814.42552259494
88071,7206.262169109749
87696,10573.642512006658
102512,10030.004376101468
95911,27894.305384388736
85069,5144.646946939395
77710,26323.529048699827
106234,17902.59976644947
96338,8748.911004650003
76534,31977.67576607923
91330,14595.920018397928
99229,12055.440605849395
79318,14414.560660965086
87465,16529.182317343784
85327,17946.580164197243
85601,17857.483843642658
84287,18969.514544383583
99523,10788.867968630055
85692,10118.925710828542
101573,7587.285913392116
97295,8824.216127814394
106567,8307.754360413071
76031,8479.304336437806
96219,19670.10480170382
103153,9379.456620371988
91126,32611.78973475975
106188,23200.107731595155
79174,13763.531107914003
102013,9490.01789404639
104603,13122.836964932467
94006,25328.096461895246
108326,12196.621731206837
78483,26641.535360834576
85801,13821.857864673313
93295,21660.769225798213
107744,13231.53024029094
100171,5101.979998963628
106558,6939.700164789171
100806,10594.038894525578
87732,14939.729855584867
96227,26201.188922838708
92111,20785.289542446968
86147,10513.354584465673
89519,15949.999353107904
95271,26320.824782198877
95264,26494.377680194015
102294,15745.275898600295
81966,14942.290262395853
103012,15333.78715184351
106989,11681.899667736203
96772,15240.36134315379
102972,9881.73466223869
96306,32484.364403530042
108418,27253.708609597415
78045,13038.196067468534
88095,21175.697334955003
107561,21079.91400875421
81795,7202.973466768762
106736,20184.169958969844
89308,21715.67757359472
92852,26478.32402076104
79486,14216.972371319867
102942,8733.090367635861
104342,14789.893751503056
92242,37526.76391758103
107000,14847.17290810555
101869,11778.905393803247
103744,9801.70780326203
92316,20435.24610853435
100386,10133.497156559804
93123,44229.63196115573
79755,58012.686061923065
103598,12976.443064430063
85309,14792.219943601109
99062,5945.800379879129
106747,24368.2309387222
86675,13147.730791259968
78833,13284.15975436881
77194,17039.92848795788
100977,10276.340569676755
80837,23391.608892970693
89253,18925.367897150303
99368,15177.71192047043
82058,7225.978469510055
88519,15388.500820857527
91242,27150.39275747665
80897,26442.40048246552
80505,9953.103578743925
77645,28558.113590734418
100818,11579.256228194468
101021,8306.924258218665
80028,35883.972400626655
105669,14720.998850763272
105092,4682.212683814818
85973,11196.400919710668
101110,17572.975324396088
87926,17870.458807182502
102411,17692.85499739555
86210,11847.754935984747
106999,10045.59931838098
86228,10047.828678312633
89278,12808.355568230145
85460,15002.072782046973
100527,5154.2454040706525
88852,11268.86388396829
105762,17131.668399538652
100149,13016.87929555244
80290,19329.795997850822
85953,8269.506666963833
81492,17440.588032333908
76831,18211.71478444703
106123,17913.250427676598
81945,32996.071209472895
96796,22106.667165871077
83848,16062.99004638749
76568,20473.080572764626
84777,5737.863713158213
85159,11775.83753283502
86943,11804.219730384288
85719,13705.904421390076
90325,3685.1699724438527
102061,9159.408270273265
77924,22208.43044607109
85093,8865.477393973762
101892,15876.09940465459
100848,11315.086852964527
98725,25968.26768246086
83883,7400.257588672088
90754,7822.089507494015
83803,6652.123925225814
78486,13924.85685173548
82705,10175.243086461975
81532,49280.851651896555
108285,25902.753043323602
83833,10678.874709996826
98263,20917.512155679367
87000,13281.749045951909
80673,25252.814667789833
78206,28529.441373457892
105718,7721.707145900057
93533,25674.38097875214
92133,29773.665548296398
91065,25343.271428941127
87899,20116.79322956594
98017,20725.263971418965
99570,9004.205621126774
85188,17831.653122222506
101319,7282.814973208662
100142,11537.482055250666
100019,8387.720882778196
96598,11029.186116997651
81397,26344.36866182383
89238,20532.603728721806
95758,17708.66102365496
91540,16553.544423639334
88474,9196.40706758218
83465,8415.027202668094
103092,10717.889243696634
84968,15459.410500824139
77523,22040.121670187764
93366,32764.588255784463
90815,13154.976154299928
86902,8258.562939027823
98479,6362.612444159266
81068,42599.14076051598
93005,12314.937195752338
79216,21729.765366725725
87027,11712.026071570854
97332,15417.509242446518
76700,29612.566619916288
92098,24279.631834588825
90564,15243.241518787505
85106,15996.58241697866
107907,20854.351586096825
84142,6618.135448630587
76304,27112.600646339975
83000,9589.695814461644
89782,14796.110382818191
76184,3111.2136198366743
107539,11289.601730211933
78236,33411.97101652068
82316,21046.442159357415
106526,10027.03936367072
94138,23030.563947175575
87340,15622.28841720139
79516,19992.935263144107
77411,24292.279248277864
86680,9825.345179265787
95225,17097.70993653992
92224,31090.043442136368
94791,18893.1240425703
102989,10255.17243899511
80765,18606.443953523085
85393,21411.542672889595
104860,18764.619991450076
102484,13183.342989680923
103672,11342.459261711689
82448,13618.627326257243
85479,4155.478658600198
94775,26569.775993085783
98729,21356.149598086315
76893,16965.756298939432
88144,11212.800355471712
92369,12939.742992646841
80841,23562.753720545108
76791,17461.890925263247
91845,15649.234288912345
86949,9526.78688950057
103913,18341.41896087796
85869,10356.95177379138
76426,14764.5977894296
85214,21300.077351416923
95332,24583.70471655285
85821,10502.611708061393
79430,20936.06348145546
104573,10545.35975255353
105788,16431.948219666465
104867,13541.864216987602
106367,27676.496832029068
108241,14913.273698700648
76913,43988.17734279955
78712,35807.725644113736
87769,9367.961035789316
80169,19463.975343868635
102028,10185.354918311865
102001,10718.16415085515
107798,42509.6374712835
80044,46354.300314950495
93757,16872.427022352087
104233,21291.23407094555
84195,7476.898563473452
84096,7695.684400163936
82336,18638.32726923101
90423,19393.13259596593
81769,16838.389196023345
79650,15670.623447424156
84837,19145.21397983778
106303,9812.968301711195
98551,25741.6751599687
100452,10567.058278255861
81161,24824.51695939237
101116,8658.437064182404
93465,18099.890821828023
92749,38204.85231348574
86281,17696.423047773733
95586,12071.839312834276
78235,25256.86313967158
102754,9250.881457271764
100017,9018.763026175178
102637,15171.419758822602
98192,12218.474096792459
96683,16701.11894091475
103968,11999.630225530907
89159,20345.997379889453
77752,17930.82746362483
78526,22379.78067492529
108387,22079.241606821244
78659,23616.46159567544
77013,17495.351253658788
106480,16089.132048616117
93920,25911.62969960784
92912,19970.909249751443
79044,28281.73170063982
96831,5962.113936479223
83502,9510.956119316663
99420,3699.1241362053916
93785,11983.251353178506
83739,18814.42660005091
87018,19985.266522938877
93773,30014.253766903505
101674,9164.96826781756
91655,22864.916600173812
104412,4920.134634157787
91636,25558.834446846224
91101,16707.85033082515
102437,11811.969708852526
96958,13025.261089347796
83934,10440.079456658314
83372,18985.62572496672
107296,12109.960496105688
104909,19844.219293704205
103886,9970.568015898167
98858,9701.248384364319
86276,11682.599069490354
98148,12831.01931495569
107294,24235.937329863944
81812,38740.716610061274
77997,17978.510011706167
104626,9710.36593583117
102424,10067.357557351927
84992,14006.77483699954
86867,4388.524220511747
93370,22643.09310897639
90804,18237.36649880801
76001,11706.187863416233
85691,10582.556457312707
76328,50115.28964051748
79143,11045.816272835476
91356,9283.00009733823
93553,18739.5556541817
93673,22321.408658807053
108239,9735.974983657716
99923,11928.037669936823
81616,38460.84613718324
94433,25467.04819355382
99985,13437.469115626693
79648,36182.75312753885
91423,43655.79972649835
96581,12875.55726374258
93321,52552.623896226716
89736,15184.896842278722
82722,5870.0058602366
76093,33956.798215073984
82767,8578.588484212154
101615,15747.183441501056
96585,9965.343786375857
81552,15622.286610014264
89656,15958.034794897405
76301,14282.828725265488
80683,52051.72541709829
95638,14346.0051464803
78343,19354.574873928294
81495,28486.696463429704
78517,11382.331901673118
91764,15295.041323003985
87050,21170.05084454076
102877,15345.587021298523
86844,11180.478895238753
94535,14965.555185516767
80871,11911.703531630963
81126,10127.43717557222
77182,18053.672218298547
89335,15912.765348129717
99612,9586.288623345665
89041,9289.061237119664
104165,13991.08939326384
79096,18787.793206944458
76051,19504.54303100341
99599,14450.621043597845
107763,15938.892027049993
106646,15621.986404261588
88985,15025.658599525548
107109,26910.586173997483
85110,17265.96371182711
96907,11956.57189353719
106806,13549.108237388222
105409,10245.999712048324
105449,18547.202603536352
104042,23033.56701910577
101299,11552.82522779756
102434,15775.372968332724
96363,11434.87192597935
93918,4533.556869140319
80842,50455.405371925415
91578,19552.730014670007
90458,26769.852205666186
82186,28288.86444715194
99767,8092.049576354924
96898,30550.382525427347
77755,21657.402581157465
82958,13568.64571512063
89248,6241.021940856287
93452,8333.996684880365
81517,11300.630434094637
77919,32835.074086627894
97110,14706.249134167205
107317,9243.027221332115
106102,9252.625639808337
93034,25273.79420379948
103446,10558.228863894672
82762,27260.769621210027
77365,21511.548985300677
86634,15276.410879896193
93109,29244.204028825294
96094,5045.683151455607
108191,13358.735325590176
82667,10345.84410727238
87953,11632.323788314468
79188,34161.10271578361
84962,10553.620726918098
88377,11029.76139142189
85942,11987.111304011978
88278,13376.705942708028
77743,17062.084080277637
98341,10170.630107859037
101197,5644.316649696043
102838,12838.77722406941
86885,6780.990880987674
87648,12830.781867754426
78995,15977.249404877446
81374,21233.269019830364
83829,11005.193333773808
86073,13641.315240216898
82848,10433.8909208762
101727,15625.48210747885
89929,10053.511447463194
108534,11039.22420160818
80592,25302.640218596876
96292,13445.931842211947
102569,11968.879262820448
84692,16585.370489088345
84531,7577.864058943991
100173,7510.062892787579
90263,12951.63488917861
88489,11440.087079881758
83941,18994.981725058584
96621,11110.95885227069
88427,12058.812354370964
86625,9148.164083800364
82798,13869.078562475011
86084,2447.644498114025
93058,27837.623984387337
98527,9459.281507587197
99786,12115.122798002614
84132,9835.170187450503
101160,9969.844510665956
80396,38414.28582629828
88132,15954.28220157834
82835,16693.938792104873
82959,12394.14685516147
97225,18025.216904006393
85463,16420.822833415023
96733,9352.279893021912
91820,10821.20249227125
105870,27532.882956688878
83255,15961.820464663811
78899,18351.421059267126
99812,11317.058975116455
85798,11450.073531026977
85452,11862.489272661976
84706,18550.626306997914
104289,21578.642657845383
94785,14189.893315724876
96707,9094.806824175268
92847,25745.316320667294
96054,12796.913359602166
77986,54417.46786782037
103435,8209.506264221463
97008,12243.585869567698
81650,29834.79391713651
76920,22151.98976662247
100479,13534.91476521439
78120,10857.081253313447
84761,4957.386523104389
95062,27059.761634641836
83102,8490.756346898037
103872,7783.998254160479
103816,9167.05794403717
85672,8363.292215621637
102125,14310.219907081833
86928,18822.972487157786
82814,15303.608018613999
93167,26164.70028149688
97674,8813.663884288562
107400,29824.07706011029
92669,13048.931945187733
78046,23617.986427821223
85703,13918.573842769973
104265,16870.675603852775
107786,13383.800739127626
83707,17260.644412833553
76858,23307.33734023915
94147,22380.16174997387
87307,17398.54552783093
90594,22872.166975530134
91305,30824.07993955267
83302,9591.829900199733
86173,16942.763855506022
95811,21185.685973749816
79868,16924.454326868512
105265,15017.27961907162
107009,9808.072212783483
107281,18047.49906033753
98848,12027.112559470444
84222,11995.020089896052
98808,23039.577444714054
94002,32888.32916365988
83985,17358.198464871093
107772,15927.313425705242
86564,10785.042811512943
105241,17224.791788563445
101060,7912.512089976649
104362,22759.17973985449
77441,12290.33978301028
92827,29386.049172767285
86523,14979.095688068712
78695,33124.58896687708
81392,18617.826129068042
104823,26020.512584594362
93521,30033.888346111107
107098,16430.314738328998
106011,27211.396803497584
97032,5479.941097355196
88646,9184.573132741552
82014,26488.105130278484
88034,12865.04057009445
90561,14902.939363116202
107888,12491.999522955264
106249,13775.34681069498
94608,22704.59420341325
78134,17450.8207394596
92898,37217.94349417837
97031,9635.138227497964
85220,14180.505895874496
104973,22516.785582510096
104081,9839.982091888103
89865,5955.957662366614
91706,9380.382345264554
86089,14548.529626748345
98736,14999.57675400513
83238,9594.684920942267
104237,30299.391257257776
106990,9111.343479472604
93432,29555.24567464623
85280,17205.86425704433
79909,15060.873403618052
87698,12845.641667843673
106059,22155.53767669461
91016,16705.3740357589
80180,21877.634697140536
90006,11863.802023865737
78122,22813.16002068787
99672,7511.261373031564
102297,10107.700659571885
76047,11583.241591974713
106296,14732.32752231167
79989,31694.174480918307
100843,8375.349737698667
89014,19444.310324339564
90568,19759.507904670925
79905,19661.43496211252
90643,17453.50387561487
100729,9345.17980168669
97084,9899.97711364849
100984,12520.034070853726
91475,24578.68590680819
105531,15012.865364830268
78482,11373.038052566548
83254,17455.580975647597
85217,8743.828862531573
102974,12550.718669102545
80040,25453.985342295186
96077,14014.410066099155
89073,9294.824080528719
79118,25349.964995756054
107565,10597.76512523385
93486,17720.606409197484
84670,18162.835729199174
81104,16759.272046917275
97867,16921.940271544987
92897,14081.940295860977
96592,14832.413585917022
97864,13094.985438798765
83369,7808.722628714002
100471,12791.497103552663
87533,10378.340433426381
93111,18658.275111676823
99979,12626.644627800128
103340,14474.839207445828
104434,18713.138095831782
78515,19969.778748387675
82046,48367.61626836549
100572,11599.532158676648
96382,13066.202686976592
97575,9418.09639501546
76210,25531.16027449622
96628,14636.283214034878
98232,9690.90921953292
92457,26877.390562595418
103665,12752.565751633558
107838,15948.83121690329
81165,18487.495111911867
97719,28497.302537688614
80739,16993.282609861268
77593,11668.424669824453
84766,13173.405525721839
97274,11492.569647848493
77281,9273.590132736686
90347,5706.342860415142
77555,16986.962972584053
103246,10181.711128757113
78404,24729.351867357567
107745,23823.904263569093
77017,12228.457874854323
107995,16035.250451340848
80982,21775.8568548036
93844,60170.69171393336
83606,13773.458308103553
86904,11284.9523200603
102616,12172.526493583307
81768,32573.218731524463
81464,13015.198249978095
103309,6825.653421545392
92975,27052.751914491357
96156,13970.085650760348
87770,11145.87867157924
99632,18268.62986987568
89924,7337.689308087035
77573,20532.459492119142
102968,14490.47313920436
77822,19175.601887364977
77725,9752.416702341541
100787,9850.156828768932
78013,38364.9858811309
94440,24283.16170564353
83938,30520.096295305917
81204,22028.396465291466
76519,34287.05755888597
82172,31242.093607799805
103592,5944.780965156293
102003,7073.031720977553
104259,17155.343228587084
81120,18375.53361444864
106207,10600.276117432166
86710,8020.774617448424
94024,52907.19590875727
88164,10830.044183925747
86667,13051.454434006664
98371,13540.21141427458
102344,18313.558060933807
83142,15213.672740025922
92532,27031.609163720866
98345,6952.404633165278
94565,17206.29084836906
106223,13874.97172926164
104831,29993.971049314943
96144,6608.402126798934
106634,13662.470027192581
90623,8795.230633486668
91275,26551.311957449525
91547,15804.113570611331
86390,10481.41750781427
101986,7326.2507696798875
102994,6271.345612060935
85291,11341.879905688056
97430,13465.290762819972
106209,18389.37165634292
94798,72607.71981167038
104565,7262.397546138489
93679,15722.057022911182
93960,31520.83525980147
90063,6407.88702799323
80038,34089.36397022743
106513,11106.384795001597
77267,25835.375165301786
91539,30211.76661060295
77973,38779.38105621179
95999,10382.535428501285
78036,23335.940790894405
106191,10521.146585746284
77480,10676.131701042463
82656,8892.178413350439
93916,15383.458802480862
95975,17897.40974232411
81550,14111.303489790254
103221,11736.760405619374
84062,10670.372323244714
81584,15094.692161439561
99564,15872.74527763262
100276,10690.960902192784
81308,17837.87807654321
85519,11850.266053095193
80114,17130.601979015428
83911,14377.025653448029
101879,10278.149902749148
106626,10153.239233376238
89009,12245.928763785612
81989,23520.37170432408
88197,10308.086926915837
93592,29121.736341982367
103290,12187.121803771477
96988,6635.821531429004
106777,22126.71200245293
88922,26802.151156502463
78224,16069.26187692431
79643,37501.06783644699
100066,10006.9855523918
99132,8051.831669637305
100610,6960.776485596051
89409,12726.106879162557
105675,20214.30444987309
93304,26417.13105009529
87662,10127.736228475636
99433,6989.185636728234
100011,10904.353151960648
95327,26492.600227902552
90169,14868.172853272814
103978,11376.680510694932
95238,26747.9134970789
96242,12696.770471889444
107917,12906.822525322914
92639,20924.950205965182
88936,19203.445231332375
102923,12802.955222785142
87883,14127.083567118734
82670,17280.46054977183
104229,28553.030133110507
82031,21625.7758962441
94197,20606.679359851605
93921,21505.004228669684
96030,28567.647568105844
106335,5963.268620305321
80671,14996.141738528115
86723,23216.00021810166
79293,32700.788707167547
97549,17876.08045908879
91837,18908.10256548781
86437,19205.69590284877
107577,23169.315642991245
88419,10337.107816422516
80746,47539.082328961944
82548,17449.43866168632
102711,10273.835176936607
80682,20872.76009269202
93204,34949.93307739207
99582,17444.304036707144
93195,33083.35502220029
89626,24079.172103544006
84713,3012.4395510940426
103182,15463.513693214278
96954,25452.295443532694
81758,24720.014024475495
91938,17801.759935094025
92961,14286.491951594446
89533,20044.34462862186
86243,13352.794390305125
104482,16425.448614125107
83198,10383.981287258988
78284,12153.835776775024
101133,16072.946273038831
94339,26742.161090519316
88631,9864.70178230347
84364,15425.972560103202
104341,15995.607246340121
84650,9445.87930989953
91140,27337.772290394456
88889,13067.115619787774
98085,9769.582801553328
78796,10978.031804330847
80524,26867.03779700352
81309,7595.246592984814
87410,12593.281222266607
96810,2253.4526011398975
89982,16907.014811096866
87326,10834.17083312297
79722,15655.180491229137
86367,11227.025023634142
105368,23241.22783276657
92505,31111.520876352137
103000,13065.81527376734
85052,11813.868236617376
76497,52138.7417865479
105312,20553.542593294114
89705,12963.78820521772
104999,25304.594957096044
107876,28117.444673528677
76095,20634.81713469872
96723,19013.720304344733
91593,29202.61216408098
85772,20227.026150222104
107199,9154.704579677249
78256,52842.993164129104
78275,30371.580606205753
87582,18487.48403297378
104231,11974.645783939972
90265,9424.337838675745
81793,18403.480439486557
90526,14890.244444916221
99086,8226.173701870508
92743,19222.522664732413
95412,13146.906192733522
91146,26353.75800961832
95923,20149.15784777861
76021,19392.998081994672
92858,14156.211086468613
90984,36958.31331768375
79158,16159.374635530336
90318,14554.27223293888
91747,17884.966704806528
96641,9590.73444741279
76202,13831.518713879226
101040,12766.808372617896
78797,30490.62168111629
84745,16532.6467005795
76942,11389.576560505164
78980,27945.565072572317
96662,15740.17357390308
107813,29287.593102060302
93431,25959.46892125951
86915,13174.273809936754
105102,30090.44221346131
104447,20250.172489156306
83183,10453.771471547132
78917,13935.678564883527
99336,7398.738879081941
86883,11540.667228302547
104155,11310.492956184245
89989,16245.719554069288
80406,27909.759464201656
103151,12307.524488959767
101077,11899.737303604454
80134,23093.863279504392
79090,27262.956194383758
93482,57930.3684845295
87205,15926.17606307707
81295,45184.69880670721
89726,9402.729018473887
107842,9590.739808713175
100351,10137.157788412944
78392,17801.641039524235
106503,13441.487083874048
103982,8452.993312728953
89276,7258.5607546703495
83143,11712.183879062553
106521,22272.55450692341
100841,8733.639680425364
76990,8062.796175603047
108466,18005.299310767445
94285,21348.447818833713
76323,19464.439303547028
90868,21822.35454857352
100631,11603.245350338824
76196,9033.562065688166
98387,19615.05801119222
107494,10077.559805238183
107439,14044.361591767152
101458,15775.372968332724
78473,16294.776960036223
107016,13575.593796950225
102109,10004.040144062657
76537,11800.9919395913
106523,16614.804090483613
86340,10863.739046650391
102486,17712.93547566504
98993,21105.8989422218
79358,9771.273621187553
79906,10607.868443354657
83932,6644.0839211272105
95064,7844.278803818111
108339,20118.59585476539
90489,14042.790562366314
107984,22030.54362454855
108096,25673.154558753933
98313,7662.724863429403
79508,16332.93733106263
94289,25462.497803359005
104393,13362.063099977859
108220,10106.850308894684
104795,14753.254541079377
93178,20237.30550584989
106079,43029.91648542534
89584,7289.671479111958
102435,7492.777918869846
91967,47114.04136545594
107618,19364.990883712435
86862,5858.214687455985
87991,10402.11802559716
83618,17569.170243636203
90089,16180.832916255311
90681,15502.997334136418
85562,11872.421270284607
102934,9871.144927848205
78806,31632.370854894012
104615,23236.705163576968
101221,8306.924258218665
107067,30365.237652205833
101807,15857.24909007709
85952,16675.83909813411
99387,33113.01725635936
106135,10988.395615720587
90522,13127.486506002728
80068,30846.081671729564
95046,35215.96870880309
93546,27111.769242452614
97202,24225.494794335842
97567,7235.305596263674
79963,23027.41047282456
84033,17404.572125069542
86538,12951.132579689784
104104,33416.308019493794
98033,5998.276805064612
91989,26844.973637446037
102114,16120.354625727286
102507,7855.158347190868
104663,14845.163832212404
90772,7149.398756866467
102250,7585.635297260276
78758,14006.740117166839
101421,10350.06054453962
86744,11403.19188222195
98916,8103.624955528471
86659,19312.767087230513
79853,27335.57293188672
102463,8469.723130277458
103827,11722.75650281932
106662,21791.554038037204
97291,8969.541159604934
108516,10180.01133980645
101211,10121.748489565301
94947,21100.19087233042
87948,14142.03612157232
83719,18857.711265550795
105186,9961.650538177399
97592,19590.332589009155
79918,39020.99304179545
78137,10692.109318853107
78859,11001.317828759906
86082,10596.679964953673
96316,12131.193622665069
80327,9589.529938040965
81639,10303.323413660357
76145,26308.244456141707
76612,28553.819208032714
99606,19603.81460001735
101120,7716.721055730681
98540,6401.655331248011
99667,6961.613548321997
81038,24003.023916509133
77521,16611.378941164658
83408,7301.941225499765
86905,10438.415059095332
85997,8886.349714688813
77009,17540.50749940141
103958,12140.211694081361
90392,8535.550051848217
94800,11637.836723536411
84391,5727.4377605486625
94843,21860.412500676655
85555,16542.975989765917
101453,7699.756872125892
86686,9446.47955294911
101665,9021.748901007733
101044,5481.842193547142
84230,8356.39589603915
88440,15006.940874194685
103253,7567.579964602584
102847,11727.143447902054
94381,44547.70142193286
94229,27476.793361773824
76327,35462.51148379306
97717,21250.73321733933
101291,12346.681278727108
81877,14749.526091293892
88927,5787.24388553121
77137,29004.212387444455
105325,9403.727068887629
79368,62523.44626220055
90769,15143.089861039016
101376,14510.774908697613
88733,10886.854671758832
104519,19033.59670852419
79100,10996.603121874527
85667,10190.447813781717
91111,30465.0007381962
84474,17548.764976954313
102166,7189.895223091655
96711,16522.339301735374
103102,8827.834736482777
102519,2546.9427492644736
92508,17531.269116234118
79560,26750.290653141386
79530,18144.414762815257
103272,7341.511048902395
86935,9245.680027720997
88977,18177.702278852485
92681,13963.268169935205
91978,13655.89449047517
81144,24378.062586015312
98005,13171.48187605794
82716,10636.527727459199
83371,8033.849478512975
95566,20256.541392741558
87240,10604.554348646825
105593,17576.41534141868
85457,11811.184418687506
89803,9647.360982621225
107934,5398.228873089217
94736,40045.72657989968
92865,17395.773459680942
89863,13610.35393074762
101109,10824.945233444467
100755,7863.91566759316
99015,21297.337162773896
98439,8977.104433908124
84150,9685.434030251805
87593,14594.61386247426
83830,8634.56370438648
96778,12053.467106867114
93458,41717.51078270368
103141,9782.23367191514
78576,24963.044611770692
84582,8023.332505301788
84034,11159.753933093476
79223,27217.16397388065
88574,15420.430117015865
95914,18865.415386397788
91830,23079.941742918974
76682,21878.96589186249
76091,22065.502312110282
86187,4336.168355796975
80571,21798.291816734487
78015,20453.065659886033
83392,13812.024749772143
82103,14431.913392666816
93859,23763.14240721805
76290,7742.156805651378
86539,5639.2626831375965
81288,18701.06362798202
103599,9352.541150115136
90430,8290.38587512112
89392,11461.38931791778
98963,3183.4279967400767
88846,12706.93092052019
90966,47040.42769882119
97360,9043.351593268162
82496,11123.046481500249
96630,16920.048929782493
81712,17802.13359386121
105871,14845.595155140501
90926,15095.337747177979
81443,17730.42576982065
98173,16384.132961878247
90309,5876.630806570051
92444,20712.953728165787
80136,24688.702237590333
95739,15980.739890275107
89153,18638.322857611616
76376,13566.991385225247
80884,15737.980890054398
87395,16631.937581438175
85338,3752.967937600562
103345,10530.577835763277
82351,10982.957793046935
94598,34707.03422729785
103500,10552.646606965654
90717,7249.145315654052
79512,16150.38602702886
82283,21352.587263222445
85192,5720.262358992729
81490,15715.880370727524
94793,25917.43688254989
97046,16003.37478026964
78567,33407.621311407675
106928,11634.422182580389
102478,7983.569737136234
99213,9038.40237366639
101949,6434.75240439153
102151,6738.598027684865
82627,10861.67577634643
90239,7183.671734311585
91840,26912.782073474933
93782,43208.199267790435
97384,12122.108122106627
108322,14769.475330372754
97638,7639.858247356222
101508,16956.992030051017
77475,26556.965182080156
106194,44107.52142441637
76651,17967.88271174953
104133,24586.43637424771
99030,8717.175542693496
81824,17042.79149030369
83167,20264.248390948185
92274,24945.43778623959
86068,10838.473313707056
78912,16007.839997779743
88363,12424.763945029135
97410,10150.010524802768
77823,20753.81280210288
98879,11750.374932564368
77043,11380.458543292829
93902,17489.125341142084
82757,11708.67327634038
90417,19768.039907986487
86645,16724.487827979046
105708,29334.20527470319
79365,21306.044568197434
93456,24517.129354995803
104676,14534.158422403483
92775,21134.39809059264
103789,10298.571849104457
98176,5512.927310376053
101278,8405.504686667618
86112,16291.997479254713
90579,19240.991751885173
102615,6932.565693623542
97093,25549.956129405142
84373,7294.166364270807
97755,12328.362221439118
100097,10057.26660596967
80866,20041.14316488615
84693,13305.317574932646
103077,5809.126905108563
93079,74225.42027348257
97533,26590.221620792214
94217,13708.471147574892
106019,24523.465440563406
107836,14172.092002521564
84471,12869.198168112172
94600,23578.371861411342
94349,16648.825239782065
95132,26447.462507819117
104772,27552.87341928983
92560,17004.74207787849
101638,8398.106721229111
100523,5957.692071810995
82090,10682.707792826423
95816,19201.73046785593
88689,12579.910246811149
82540,7437.80405251194
81643,15447.471175962684
104880,15683.30437319966
84922,20198.401197693944
97849,8300.485193132678
107366,10772.763243500256
89303,15966.765688615558
76547,47999.122416072074
105055,20946.607356152603
104312,8530.304654890739
106500,31267.109652084997
91096,12908.496593091602
92671,18690.85928667231
95982,17431.309379653012
105012,9752.438066802073
108232,28768.748524077415
84668,9473.880990323481
104903,15405.09597886361
86487,10175.772281825444
102860,5480.995620448216
93205,11737.040825059072
78221,19867.368221130382
91931,30833.66160161981
81589,17964.333800340006
106873,17397.307146980223
89482,13460.106225001966
98459,8853.231373456174
97660,8895.935040928503
96409,13472.869734387219
101480,5121.413247688937
105862,2949.434653113406
90363,11398.942281848345
96433,10503.296078827809
76970,20314.313776704166
96689,23402.586305890225
88899,11677.0920492612
87559,9276.898664628163
92908,26892.02379732591
105211,9867.255498757444
96729,8591.972610273011
95854,19095.949714467613
93767,15014.31142671508
90545,11893.758245615203
84005,8432.387717464788
77380,22971.35255309688
105877,9798.363167517113
104706,16796.323889893938
89994,8349.932942306848
90227,14304.176163231536
89814,16084.030717703225
102539,5892.681057066628
87753,14222.891557281968
102038,10694.628088721498
76666,16959.98581918221
86698,4990.276000884696
97368,9077.172435706208
79416,21617.364592213675
85147,17856.736064277826
80148,22827.522069566097
96579,12265.405091483042
89817,9331.931607216875
86431,9900.10601116794
103566,5013.342973427559
89355,9794.234867729283
97349,6522.423687985725
92618,23186.034797213215
98595,13687.35419376824
87502,12661.828697173889
107954,11441.281069788005
81470,38041.177343734875
79848,26682.615931165146
96373,10952.330408018719
79599,29117.129023260248
101454,10050.481963105696
92802,22220.626818079847
82725,8988.968848779676
81084,35197.212131026026
90130,14415.429487593832
91985,14406.02913102241
79528,17680.23391018
86359,12475.985170230948
95724,19551.881327205494
102527,8683.538194134484
87032,23246.826223192635
78499,11515.572205273527
107980,29789.87808046719
91005,88722.93871573114
100196,18543.996707409093
102797,6536.260493295542
77141,18300.67932297269
92109,48764.27132162357
96501,19226.50496488178
83865,10662.865975200955
79122,32925.67046661888
87979,16314.077439138562
93237,33046.42808203394
99104,12705.937196931354
95095,18697.79699881437
89412,10706.771309471333
77440,12894.17556453156
84127,7113.804258225534
103842,13510.164960974913
89806,6555.934201908511
98894,7517.332399888288
88126,10183.499956429598
92809,18166.83733481365
106076,13986.540502004793
80110,27579.641365201885
95396,17471.3538143253
103003,14493.681894926953
80123,25439.32406448552
82441,11784.506100606524
89990,20056.91043755875
92936,20529.852609855683
82544,9111.767246855497
91339,73987.16631780005
103929,10050.051455459274
102389,12534.000106150326
91128,25802.07576693728
89752,7475.18456708546
76840,3390.9023741192436
96514,10961.86525015159
98706,17825.16915901188
107602,9994.120982843113
103844,9679.253184904132
76375,19375.452216679452
80401,15496.423314128577
79030,21489.14621830884
105766,12559.567026277757
83033,19711.207548356164
92521,13666.367517569633
90836,9442.707178540531
99168,9408.888579141918
86363,11578.45974575094
87320,12228.435019822708
88185,8810.964596216
79290,20350.62507131336
88091,7072.124401222165
83838,6161.801526004832
88099,6683.387723902813
82824,11388.160770966902
94204,13160.304909506169
107723,11318.555162552884
93691,23516.767150896256
99317,20943.41867651871
107105,13337.471526503481
106351,20712.968476851755
82970,16064.293801763139
107261,5981.654441691276
76679,32088.62130131153
79464,16457.463646647542
91312,28915.976332797876
80546,28659.863708586465
89220,9861.38544603537
91796,28703.16487990258
106360,30406.06270203484
83027,16054.811855594431
81553,17779.692149410937
79124,16059.731135325035
82590,8982.12082817849
107515,16615.264045076652
87964,5689.207522438837
79995,15619.524147785736
101022,10075.62847829885
78580,27914.09611605818
97644,6946.587525034579
87603,18473.515072080685
85091,19725.98853383495
85155,15642.045249436651
78402,10146.187849156775
92603,30252.381435543688
79788,18572.267340045164
107769,21653.151995763357
105117,11092.648492804887
94619,46341.59529448328
76808,16965.412046506855
89229,16818.617510950546
102592,15394.19629389214
84597,7317.127204976979
77146,31769.896519013593
98794,8501.187010754127
100453,9069.287148465655
84075,13457.719657200227
92090,33756.48770883119
97646,14453.69993103913
84071,10470.316982306322
80924,28545.819658748507
91167,27470.5100914893
92607,17238.07492176059
99654,12748.835219249586
108195,6916.635183958936
95150,30864.279971746382
99921,3899.9778647510448
83768,21326.07417938913
106095,11311.775214407036
79380,27276.0660645735
106671,35605.24654631283
91757,33483.72697749129
84936,17470.724589419267
77970,21751.646662052517
103327,10316.52871013844
102169,9818.902826972253
103207,12181.914718787402
81602,8723.820306128071
79975,36629.16884792716
102385,17149.894035305213
80726,27456.177007547136
106953,17296.60185511637
92929,22444.70239562791
96553,17683.453183248832
79654,10143.640517046722
95376,21543.47234381273
96667,15919.737256094466
83421,10217.547716195391
107579,13955.021725941107
89108,17787.682744034293
79958,28706.50721640901
101980,9373.5483711724
85178,10613.65525521924
100898,11771.13134044718
94926,13060.264792301008
104484,12519.449085887207
80250,35482.51258008076
79639,53032.936986153654
84385,9102.632086753632
98249,15346.126364021835
94803,51977.468002537484
99178,10156.657216701355
99706,21765.331654509573
82493,10145.86337139055
105868,15789.726899588137
98807,9582.076031348099
95529,52314.96057368911
93580,26164.70028149688
91437,36075.641771692484
87804,6164.6562001091315
92901,19303.22705567554
77177,36532.51831882098
78856,17241.063517826817
84586,2637.4800195380176
85230,9154.49225100534
83215,12266.0506150643
78610,17972.50786257011
100081,7920.331803137719
105716,13670.911209705475
95022,14474.268073210062
94225,9943.95067115286
106371,9468.771519156331
76850,27608.836340629245
108514,21927.519184400408
80352,54684.70329112091
87930,17490.377571064942
103564,12500.899620983715
79881,50128.94359531237
86736,13495.989089735636
83661,18924.95244364379
98853,27620.62265464963
107158,21286.699598169842
96809,12192.855027638694
84048,16185.812320474139
90608,10494.948887034114
89134,14411.031465302349
99321,10155.212517993183
82452,24368.670688778417
80684,26716.393646159035
99699,10905.121252073779
88449,9577.875928467613
76962,18892.062527812526
105626,16772.9216174906
78655,31598.16331051521
97115,6014.573338122872
94865,15416.229975278737
85675,16649.434930246243
96671,11794.20302106752
93365,23470.061361479482
105188,16550.31816012639
97713,13630.765352855176
98996,9199.537585656073
98329,5839.263459101541
96091,10364.936997605078
101010,10526.353396870722
87169,18122.877350435345
83760,11952.3572456463
98511,17711.95018244578
94233,54221.82382210097
92072,13946.26809301443
79796,19317.779430796414
97619,30312.667970798822
84419,10649.804286492354
101015,14359.735646171055
81132,15204.244636120447
105597,9744.507555041915
99139,13802.2870928564
93116,19338.442072885788
97838,13525.288949259457
76627,18868.988784013847
81785,15564.352130886882
97645,12027.359821440123
78865,19959.936066204038
92152,33061.44966223552
106432,27618.934628599513
81609,25615.31394546581
85585,19607.615356726357
79017,11640.1826085464
105666,9437.689716063582
97664,27535.791902392615
84418,14183.63575056238
102163,8940.63317683512
99675,6967.008549029992
82132,28027.47780699665
89488,10562.983309461182
95516,14481.757251883942
88542,8098.488127349632
81995,16710.101882238578
81065,15069.893943207031
89542,7764.68475904603
87184,24381.589656445878
87194,18302.045813030287
101981,7844.2301326700035
105620,9124.584559725616
99094,25100.250869190688
101950,12364.571574077105
93488,34126.64828776154
79632,21636.11899705344
79299,17970.180373131763
85438,11172.655186775184
91006,55654.12371275317
78636,10427.919298325956
98590,11865.05088914758
97735,13143.449208998638
103694,15747.183441501056
97890,12752.908894853395
87646,5728.425462556141
107953,31512.570632586132
103882,7876.277498477817
77900,20833.480351268292
101991,12699.258311629761
90105,6122.561872480212
106516,15774.134935669485
108415,9206.03782232164
78853,6900.536397154862
98196,9887.03550964486
95738,31282.271832729628
89535,21030.694791552498
85467,11455.7778009296
100920,7785.345045052366
97314,9886.940708787053
103461,12802.033102295602
104907,9397.614584614066
92168,21322.17369182277
98077,11063.262296423318
80593,55740.65169761989
76915,12978.250244613278
106919,27361.626263253056
95592,30556.348622946512
105772,8989.052451920583
95614,14334.940410490024
92550,11058.35605260672
92495,28271.786134301674
84341,12924.295509779646
84600,19258.114697548368
92665,16468.25846923068
93922,14536.475434511289
88129,9158.857954582036
82700,12987.722464138345
94492,15724.845101791818
100974,12752.393977305328
106554,11957.038014176043
107785,19765.47165479423
107443,10331.647190711936
105470,8000.140521675579
99750,17889.53790779867
94633,21451.945091961537
99429,7173.090498923326
88790,15943.838928632913
104180,32764.97855161489
104589,31577.606124703823
106704,17535.93648903985
78596,16452.055837271084
102083,6961.967611449899
84507,18529.901635372287
94274,25304.69497151856
92588,14815.51480098488
84344,11781.556824013158
99818,34834.97839619707
76710,27519.623577709015
107923,12891.741444640105
100470,6843.441599413055
102211,16000.871280093692
90030,5139.347854752617
90852,16067.26576817823
90222,10333.871928295543
105952,12287.217364084441
100876,13734.915052235197
98062,12735.386209864926
100478,16293.677212879762
85486,8916.233380881156
98292,7856.222075796924
86160,11886.003312173803
82468,21268.6537954997
76728,14758.139492400835
97277,20885.02226540514
107553,15816.520200643861
100325,9064.02830541178
91775,36092.11561448586
104326,26006.149679766986
102909,10791.922551082867
82173,30968.242208676776
96281,9678.005997573435
92426,18338.52748461859
97724,9026.621122781931
84057,5921.881521453157
91020,12917.553966692689
100095,15715.523742741942
81655,18704.592714290582
107220,9497.984031741355
91626,30980.017322272957
108469,20109.435267297737
94037,33882.23662428717
83530,5821.4008708474585
84542,11104.125588296887
85634,10688.93312374602
91707,50583.11657848508
81934,10569.99936307922
94960,10164.575625577123
105778,22126.803516449403
83841,8813.360206170373
77242,31127.609694541803
104694,9145.289905647242
89706,20293.057194783512
88670,12402.347208892681
102492,6145.778001220298
82971,13982.897923467335
87256,10614.86281137954
84642,17124.60815566865
107437,26645.27389452538
94640,14345.344925988553
96089,12418.501424116266
85018,28231.46349463247
106576,21490.543858741068
104158,9898.80707702472
98002,9360.07127838799
108045,29745.414636778256
105890,9946.061006280182
103298,7628.406858341761
98977,33469.070560805005
100431,15745.275898600295
81100,15958.922998777965
85300,19267.311524106346
77518,17513.46925332939
76712,15425.018637848272
87545,8921.620322911369
86848,15149.409328276686
77647,29839.13284812413
92094,22110.749198202342
78540,7560.96116832884
82957,18795.26641495887
82768,7718.071204929283
95875,15067.586550286209
80705,24402.898382469546
76746,32975.841853271384
93222,20125.674571001397
84494,10906.217578535015
97557,10929.61554097197
104969,20137.51411491952
92998,12757.91772798465
75991,17095.981053919593
78217,18134.50060824769
79176,44302.5112657713
83261,9137.159253406739
81177,25631.53773766275
89681,9395.635179733594
96968,13366.72630093843
82896,9323.365349530068
108357,17235.805846107443
103421,10999.102985347852
87971,11357.741507971237
87170,18838.96935076486
89941,24356.167364652258
104046,22502.93310011166
88894,13029.01566990343
82638,11417.566596936573
79213,16681.852443448934
92902,14624.184674400072
79282,15763.979357150567
86331,12500.808671619989
76336,31478.99517277958
96080,10331.872146841817
86990,18174.799942042817
87762,6264.562714345099
80699,25374.6784279866
84711,9149.212920649694
95297,23579.80596457768
92828,17205.718511438026
77614,21117.001136167262
106565,12145.530300686256
96874,6711.94148531977
77145,15336.092934070553
80473,22657.061379224262
89438,16256.370595961329
98442,22544.341213381445
106213,23630.782070106325
101442,12429.705112009899
79337,25260.012244973026
106021,32064.290239153983
88638,7232.282005884884
77383,10340.125336274637
88452,19718.867869543603
104464,12621.563252452968
82639,11027.45202943584
87305,11640.674390917304
93172,27214.139198238096
98857,26135.146211862604
90873,18823.352119386225
99679,7524.273744098069
78104,16757.40052108345
77770,18152.873322123294
91351,10479.115513686937
83700,12286.199998559368
80548,27858.11499983967
81163,17404.179491281633
84140,18823.083685749923
95479,22073.89380347525
91705,26123.55577956557
97722,15533.377442227453
88383,10548.289375732233
96632,8954.180477967026
76496,13131.670586391823
79062,31641.52846558376
103519,7659.279596357196
87592,7962.122412661878
97668,20419.77968841577
77969,8272.998559155803
97610,28720.630579398552
93889,20490.16806987533
87792,7428.136509867855
95078,21036.598032940252
87575,13874.938628204081
78804,14445.049449724442
84242,15772.240547254096
83462,10302.613702108276
102260,11033.220830176846
102635,17262.611396553802
104460,16143.995996450285
100463,10588.277697889347
77272,19422.1596346071
82246,16071.594630061913
81472,10365.893361740922
82420,13731.538824475154
91586,26164.70028149688
91099,20480.131805785244
103536,11155.80231408941
105169,13101.323049891143
93837,25468.381146641696
93958,17799.273220139425
86124,8322.691208460075
97448,8904.995270204892
83040,7785.956256219368
104713,19705.468502446893
101549,10608.894608478426
96018,9426.092180663481
91089,32746.775128422105
105130,12786.174659366905
84720,9928.661017400753
97182,11388.673250940681
81653,2947.2090293643896
87522,11176.860095204338
92754,15055.077936489983
77510,9078.30944768234
94863,18342.02614484713
108414,12030.238763229941
102393,10458.427497595583
81528,20333.747397319865
78983,31177.002460076008
98051,15508.74944911764
93080,20268.543183794987
92657,17566.01345404832
108070,17108.672130305964
96990,21122.682288504384
83301,16796.84986495914
88459,16049.404933951648
80158,26306.685241052586
106913,29056.45407231168
91119,15395.15088859623
85522,8806.147113069092
87469,9253.758093655235
89620,16858.16259489591
106903,5449.455449936611
104183,14464.062560282453
107015,17671.425930757236
89120,10670.727959462447
80555,28397.319171203333
107037,43138.46296432486
83340,16512.04666400329
86654,12067.998335905402
76116,17594.799537505318
108208,11032.743114520854
99790,12586.510607415177
100950,7705.956823177219
105495,15510.229627908346
85317,13214.949245327396
90114,22000.814437013963
99322,21136.58194298105
77185,23579.5898002391
99412,10618.6632374707
100021,4995.8883313582655
106020,12175.732824823775
85234,16468.983541765152
90059,26434.34959324112
106902,10284.583053434739
106871,14933.91494471847
97784,19045.574692337264
96140,26183.791554416744
103840,11607.623522557089
99573,9388.760487810609
81967,18997.706638792024
96124,8543.896493170969
80245,27732.47051354451
90896,32275.607314261804
100257,6588.969498323765
76759,24820.61073790197
87022,14550.67470875912
90758,16057.867917212623
94073,21526.799299866056
104837,12895.957156117638
103025,9682.544695738854
91765,24954.202895213024
88352,14382.04968796849
83826,15536.666944256305
106648,15959.181713526295
102967,16806.625752262098
88989,9422.97368571163
90846,15484.922951116196
90232,11404.594638371504
95262,20880.322590840326
80599,8441.957719127555
93353,20152.413067283367
100230,9737.67601674204
104516,12682.31433727414
76127,16369.225528228157
99603,9568.939889160936
87441,3073.660505243593
98607,6883.993820816282
101385,12083.511324421394
84028,12173.55923857094
99900,11104.80242887606
97880,33471.821797839155
103005,9908.748758424766
99862,6871.4845084542985
84899,7393.033501880781
76129,34070.19052929182
107674,40897.3822215108
79058,23859.427189792877
103161,13500.807982980517
77525,22300.033642786242
89366,14386.872179571455
76529,21922.471321161713
78121,54986.048246645165
87960,7962.80284004542
76468,10943.971405756933
104029,16328.134278970492
78294,34287.46013927145
93269,47731.82864146986
76124,15963.26787320492
107551,18785.280999835017
103953,12682.290401857996
103212,9671.782812274374
77337,24132.356813475017
94095,21272.75772785118
95358,22409.936629604803
94772,26989.3647473862
99318,10729.093195209356
96569,16954.557179668056
91669,18303.79614873998
95240,20272.60020456948
79693,14868.774226471394
83100,10546.610402169086
85506,20478.562729996087
93245,23335.68566193989
81444,15176.057530710797
95558,20281.514502519658
105709,17895.903812326396
80796,24327.6686343328
97061,2544.6407083823465
91452,23571.92089178395
88626,16031.147505207426
92700,37545.596713195264
80109,17311.07801994508
103649,12531.287547336977
95545,16057.494088749912
96879,21342.37010032826
94580,10415.278702355672
88361,11009.449180950167
78094,22824.564988308655
82831,16676.03068485225
76965,35614.26307071494
89246,22829.62712873146
91844,21547.27345656998
92122,18557.71616617543
98944,11114.03582649415
101088,8008.93719402686
107119,9776.968374058359
91603,28095.261996046775
83339,13422.13623932609
105408,18999.852849680778
97091,10371.511763326649
93822,17489.23000942806
96950,12094.552130972159
106461,12844.92916419006
79538,31907.355515233623
81813,25389.65641296668
92640,31104.816315469325
107376,22393.726748947654
88834,11541.417138169516
98532,11945.528396567333
94957,20178.317480504
84884,13121.65859568092
80124,26385.478953904072
92048,30668.800138004026
90244,6816.00104731391
90103,6313.101353513434
108009,4981.240642890046
96435,6143.784848342681
89475,14858.513841344304
86286,6313.816431387864
100193,8772.456955647647
99733,10139.179307703685
100561,13106.718876117631
98626,8027.905102639901
89177,9806.08418123023
80294,11683.289264496148
79134,28228.151952817003
78603,25244.907873815875
108528,15514.225618381934
79147,20716.883723142953
78538,6137.561175754985
105042,19254.159713256668
93560,18805.591555170435
107122,12032.713092437432
107336,11424.260271823763
105831,18107.60158615755
92973,22522.710536041104
79087,13017.963903913436
86806,16669.043842488172
98787,10708.706504234906
99838,11039.99282333319
105442,18612.26297739972
101659,9308.910453801698
95085,25941.504277514316
89893,7652.06088106105
100412,10646.355237033038
78433,9244.938130321834
90887,15452.08657098901
87783,11564.78887231219
105572,11163.298632211836
84065,17296.931088584315
93714,26715.805086134405
96148,10785.34786849534
83771,8784.319844290865
84970,6464.5086049967485
88859,3498.6019975532854
104620,32205.79559490237
83749,6984.913282785788
90174,8537.178108252285
93947,26507.038135356775
91462,25942.052746695183
108075,8100.84230121191
79113,25863.676097302545
88445,13457.697221865605
81311,36101.21549391994
100633,9627.205951201095
92904,24842.557613011963
83091,7572.174157250878
104657,16868.406844731046
82910,21443.206416101857
92383,18851.367486548494
93424,7582.782461897354
79891,34603.080980694845
98961,8931.753178441519
81502,34674.06113950845
99035,12029.700718836213
81371,13530.719677340885
87333,11200.650339043616
90353,5138.611699805474
93258,24609.627424172773
102053,7313.185307898371
86713,8192.499762485459
97203,12453.532032277595
92794,22884.199326526417
84293,15602.460049095494
91672,16419.11769801017
87085,9134.826270106134
99300,30835.5303201355
81242,15386.11627059192
77834,50079.7046417237
86864,15719.189525381542
108332,15567.215769607214
93461,22434.922525578473
85198,42408.39900189319
75974,21905.597549159804
78679,23713.66136623603
97060,12876.150639014853
89300,19708.327795518457
97682,21974.705911696507
86664,6296.663649978133
85169,28438.07853447014
82930,20910.69831392654
104583,20846.40053789583
107212,23325.460490692076
78128,17559.502862084017
101395,14438.776804192372
79984,16185.186206796876
106844,13765.845592576
76507,15308.479679253822
87935,14017.27113016793
81796,15824.10876066502
92942,19466.62273866807
87848,11156.865885296751
88325,14597.551375665536
91296,13578.824193289003
103415,9376.978358034194
99038,22140.90842845057
101080,6891.114576080603
102789,10522.772065387866
84656,9572.379024152639
85716,16672.085140391915
90233,7807.001236097362
91097,25215.014214280724
104466,13206.44308893169
85061,12363.405080621842
92535,22576.048529347023
82437,14305.129434587305
104845,11479.32386022429
99353,14242.710236261999
94273,48310.50889106554
84080,17230.362486740098
90877,15601.563323885804
77883,13597.75323663527
106394,20355.68630537653
103042,15438.943979328447
105388,15399.091969241399
93490,15214.70975252503
102852,14612.659921899223
101859,7796.991723817413
108113,16584.249891744377
77290,34806.37515333967
80341,25776.44262613759
84286,5315.3795562634305
96187,22102.938626847277
100716,8661.480739996408
99682,7226.492288303014
89827,10585.691686483218
82053,11339.259247345879
101135,10174.316728759439
78574,25882.198571280696
82541,16894.718757466082
94530,32568.78740088952
107277,16878.457047497766
88719,7248.9407857405895
95962,30942.042863850034
89249,10766.822104954756
98786,2005.3991193675172
83968,4084.4013298481204
85115,9365.209938327842
79741,15633.168767064753
81050,26558.34839895756
106955,9904.035384253446
85572,13023.72447272936
80604,34642.44049519139
106115,20014.667959578797
76213,18241.297139555256
92026,49552.8099132983
91397,17042.411643751344
105916,12115.291690121203
100938,16775.08332494321
102187,8026.889055654585
87434,11702.225978311324
99959,10634.400065411533
83438,13163.70722592521
77840,16064.917622407671
100930,16807.437134662687
94925,18166.817214318704
78494,14497.230314115186
102418,7671.953611685189
77793,4260.255552464462
78383,25532.070910335962
84216,19609.1632001148
82610,7394.9543620898
97544,12383.886119027342
92549,33934.69401461405
80538,48021.21207014402
90890,13766.283529680735
100299,9367.96864936292
89902,7280.794473925336
105561,19618.3194836319
82364,8322.961878887278
78091,10813.578925904683
86023,17544.94400704489
79752,22335.539405047657
106315,10245.258504820931
80934,17664.374379948375
78782,30706.48616354027
76471,26042.8934287001
87418,7974.0486083822
76891,25395.869746988206
102628,4974.727395698698
89363,8539.988227156295
89237,14478.46782592204
80257,25542.64628206795
102857,5469.705141811023
76201,45503.25235635871
104887,9028.060865170228
102310,6287.586514468238
78714,61357.3936535012
89302,10050.609966904502
87676,17120.97221887733
90321,8431.302115302864
85244,15055.881448182183
101913,9007.667681149756
87086,13780.443770785374
81974,25563.32446509785
98075,20725.263971418965
80870,18965.930312917193
81556,35719.021842923765
94722,32837.82143181492
83840,8807.21448925658
100809,12173.000082579209
77101,15094.402868693043
102172,13569.339386442214
86373,19438.218044084828
77540,13086.611781068346
86271,13546.044107022675
77679,26244.02901085344
99807,15202.28955147692
79126,16685.954448066837
86337,13758.221934634565
87496,9265.283419563844
83272,16745.33911602982
103495,15827.726650690804
107915,26900.841135945768
82213,22285.324174711106
99461,9587.95407707079
85797,12319.082212785788
78898,12431.31569266318
86463,19216.662733198627
108138,17723.543628561893
88417,30278.51974011186
78694,43711.74701848096
99802,9562.627393041606
100250,16197.733098440214
83482,11683.461699964675
104457,10325.034367601098
101415,8907.252590217973
101767,14662.4366937745
108250,18408.73105986209
89772,8718.731438361883
91127,16545.265038472506
102887,10057.515985496357
90756,10052.888777188946
107554,23234.565860141473
103731,13570.650525845096
92317,16151.274200864449
86805,11910.600839946892
91722,27656.120927062046
85026,23028.75622412395
77478,15708.866157837818
82027,23040.381380155464
102742,13909.161118578026
80198,17952.47135947657
94907,25621.833497204716
106738,9689.301779637584
99797,6480.507872719629
106456,6413.581609032577
82741,6048.774607185282
79172,28605.298740909475
106696,13371.598821800011
82422,7964.808802929718
83924,11144.45457471806
90599,8232.730206478553
108095,22202.893299161115
91777,17749.991021012087
95001,16535.03290003185
80408,47754.52056849071
87330,16365.762922232636
103361,14266.919657884317
89641,9087.356899313421
90618,14216.55187850042
91679,30931.58354488452
96844,10751.241630282551
94418,22876.08667693171
97002,18148.064501665518
79748,29844.510132323732
96355,10641.343844894986
92347,15939.789588536696
81569,14588.26136012105
106924,29446.06971932968
85270,12722.340718672174
99622,6399.898138641154
106843,8939.376955524547
80147,16411.68741907593
102181,6714.432105403997
84710,7100.93028237372
85189,10097.402301066766
99281,15785.631252762545
101130,9574.539749152078
91554,21853.8256646293
86116,12738.493839651512
106899,18777.250893172826
84516,15632.784698711266
105422,29837.888434472192
76956,12694.009430798907
84006,6514.498444330029
81453,13059.318512589736
104850,16235.17260422271
90867,6161.616318038648
97154,13952.397735989385
102088,10223.478843604875
96019,18750.252246866366
100300,7297.932195803852
86459,13004.621779217092
99304,10375.017493016054
80630,19069.86912268922
82387,26036.363312270732
91359,23440.54270420864
79123,11651.957984798706
103324,9351.85877747303
101086,13230.943001133337
97170,7796.360666744803
91834,10752.818410552032
85238,7292.395972247759
81942,14548.930531143555
90971,34188.36976307655
87864,15777.946039056045
95296,49445.27137768383
91427,13828.449771329782
93697,17464.48853872923
107694,24847.351995458514
77364,20363.892697116902
102144,5070.133510876061
83410,8580.89402285074
101560,7150.5315339490235
84775,10399.501013024981
103879,11366.589926425248
103933,8464.24055443704
76344,15513.660891515017
82119,17469.203925272563
102130,10742.158901358558
85748,8187.060179436513
93769,21836.678158551837
101775,7840.075523076939
94613,19187.869000129525
104021,28372.14461955237
98175,15353.50804692449
98477,10199.848988614252
78185,15127.930478266962
81576,24505.501177967395
84854,5260.100203551426
98361,12280.592965852382
81390,9367.164727107149
80911,58914.8625757421
89407,30388.22632608774
95981,25043.203886520416
79131,11642.449617742324
96624,12687.55611562456
85131,18135.037754831155
76436,14291.398263136081
94111,16389.865522703767
101518,8423.310597321215
76588,55837.36704932214
82353,28416.86404733517
96186,9511.307425724784
92735,18016.15221294334
87271,16194.18835936366
88968,10008.412592151071
84154,9777.816647024823
93692,30015.695820907353
89484,9740.809423000803
92547,26027.686415445292
78689,12353.357891363408
102058,8547.656718462393
102579,14940.808106805609
105825,9796.463230689717
96154,16027.506644843692
102183,11104.366222648823
85976,7758.3577942929505
98679,7194.898909864588
89612,7700.621976469118
107988,17424.530605210533
83362,15245.562893774506
94251,18898.52251957828
97018,13380.094917511598
90329,8800.227944665477
104604,25728.06260979708
83742,10217.567622593457
99447,8927.256000564115
82194,14459.000291451293
108351,19082.348967820526
105314,26897.018696630465
97351,11026.412417938742
105861,13889.199092128198
83010,8400.99974315329
91447,23253.218309814965
87619,8440.007197958654
91870,18464.205206613547
86543,13617.802518628878
91484,13714.09906638924
100659,12697.177098250937
104491,21741.067022718515
100779,13063.81351996745
100935,10387.474872780445
82331,14052.607396990825
105140,30205.849858131
96349,13791.498081004565
82664,17669.987342593675
104532,10799.136796819932
91854,26775.097206170354
77003,19537.587198384746
85137,6435.6537808106905
94577,29402.855266816805
85461,10910.225218886326
77550,10057.937505904512
99095,10212.683668243584
91832,15323.53024621576
85920,20242.52836596713
79766,18371.56481526777
103839,9249.363711312148
98167,15420.802644926624
96684,5588.717871301556
106982,8114.615476591322
93524,31933.313524048037
108310,15332.98916108688
106569,11416.052830659673
98088,26494.48534902143
78890,17225.01094584788
81559,17635.08000098435
105178,19648.862253840045
90578,8915.867187834867
82299,22366.79951191415
103885,11205.674109594256
77488,11809.728822133879
96669,24628.790888786378
78344,27109.026199365715
79405,22598.208401402535
94620,37780.76405294249
96836,12489.55743454224
80212,11868.118612528606
95746,24595.7512305898
77363,30035.789053590826
76866,36926.55728823464
93847,25271.83471063841
105175,28800.95103228867
90010,8669.168961952228
104429,13040.543017756294
91160,30019.572427533163
78906,16449.318274695885
106414,25995.691255067526
86910,10506.520411277512
105882,9798.23520441435
107238,7242.898077778829
77102,19687.661883998673
76704,11534.315813551479
87083,17190.23112389121
79057,30175.869014956323
83270,9859.567315929868
80561,35526.67920456942
88469,4066.441477614828
78768,16446.972704932236
83574,11142.021493152215
76771,30669.0687453779
98589,19823.022927614486
93091,23330.400650697728
108358,11067.535466201183
94601,24795.50619329261
76151,16948.53057610685
87442,12671.653077216339
93531,20218.109127472835
89771,14908.401572115368
85803,18877.182254738465
93147,26775.281584071294
105196,9949.234716332725
76171,27968.89071898667
90616,13756.812945845997
100032,16256.564197918506
92905,35151.42532858867
95696,30364.577096594374
88913,13627.008226604168
101504,9695.080979908198
92241,13657.764979451
99822,7356.1700079791635
87745,9619.89234713785
105827,18968.525704627435
106620,10800.680815114732
93497,25741.258354953
89250,13375.048186375463
105581,7585.297035281909
91076,13149.361883612573
83506,4170.397998177961
100635,12702.100086448192
91828,40778.88958789325
76039,14305.730880915355
80685,11487.315357480962
97571,25307.362649780283
87425,9841.76431931015
91662,18510.69844507684
105161,20076.571220690676
81006,37132.58786635107
82888,16385.46687803249
78545,22837.620462074898
102922,7809.833515172072
96198,10243.621739627188
92979,25786.752245123127
105623,12351.004106895229
82195,13294.940858993656
76760,16438.70096386377
79305,22062.041366609013
107942,11511.331465509264
81981,44741.52754763441
100135,9775.90987465723
84307,8196.514690385193
92628,23181.247486320306
103304,9141.120183692974
89421,9849.898435324616
103645,11003.83106433344
77164,10829.71240560668
88451,17375.37674914955
76488,17431.251489152906
92835,29007.652702714026
80449,13249.253258857307
97408,22379.034179253955
99256,19976.843640634463
86205,8740.007561930239
101002,10021.05649480899
93390,17159.868645879425
101654,7689.194626090384
90595,7806.45032803584
94955,25902.559928744005
93871,25694.56510112369
82164,31996.827672721953
99373,6686.124440129199
90148,21796.480880629388
83210,13796.507558130028
81726,12226.980166550924
78041,21099.786040869516
106229,9214.734622309023
84209,20031.79480936754
92225,27530.87161621357
91878,13527.776786817127
97878,13365.984212344976
77435,13254.000894703764
91180,20389.634751068585
100272,8303.295403883003
94228,20782.445410051354
80549,13524.994469192217
99566,9326.665606888098
85829,9286.15989943127
102693,9931.49244046584
83322,17395.027134047185
96980,9063.763987028211
101844,10079.838616868397
80791,79009.28242853074
107384,15687.857277443198
76193,16381.822716860042
88605,13363.213872695207
95910,42520.41835190664
101217,8142.236194065248
94833,16794.027530653977
80221,19033.380154451446
104479,7702.910731774325
94405,33079.08867677624
93415,15674.696522806014
82460,17792.605238150336
83009,7625.0797193388435
85429,8580.02962148576
106034,7059.007333657898
88406,10243.530806788343
81623,30400.816708519607
93605,36567.81056231705
103670,16123.46880752232
100409,7001.898958310723
107237,17320.461367895412
101669,9827.120387882027
78854,54844.71936326656
94034,25885.323397248605
101096,6609.745943558198
98417,7712.026386440315
76874,13793.263208892571
94954,21168.396667011624
83137,21203.592855256175
94653,22224.776088111747
87567,16004.284334371278
78154,13459.16249519173
84461,15941.68553013691
85686,10914.10296731578
94342,15888.45925223248
101392,12008.930776411904
84192,18817.354549948974
106701,11704.145248104205
104013,21411.165699020417
82745,8614.30240230939
103973,6439.199941787119
90409,13968.432269611974
90651,7838.591707290576
87413,18589.746950181907
102121,8384.047679332873
92145,26484.68157387592
107141,6995.013238169177
83230,4072.5692223151555
78553,5826.198362764299
83939,9710.781065220881
104875,21456.156572192813
78129,34010.18012363225
80313,26172.08120024687
85535,15138.774281545382
108311,16608.713801452468
102292,17487.33741106966
89716,16352.457711447034
77046,79643.44782688012
97611,17362.94155141161
93038,18260.39541321208
80503,13557.742945896753
79132,15947.703607250476
103759,10019.967686788243
78960,18006.995549076964
97265,17333.598046775973
77855,20545.664756611797
97371,12856.098966338608
94297,16365.482645888314
95653,6299.922305625367
95891,26985.249980386554
81947,12417.748958160328
79702,12238.324381398397
76463,27515.20229533411
98065,9176.795034388902
77154,26079.495203101476
77348,27308.397511650426
80987,16656.55868208815
92207,10965.606311506956
92983,32914.77394251522
80731,12633.802563140853
86277,18480.726580781447
103051,5427.21400074776
82013,19749.31434539155
78814,52059.28755044257
80153,40357.624961587906
94618,22569.32134768941
80059,29811.94086310547
105557,10428.926294104964
78860,18332.95260799792
84849,11092.926375860001
96896,12011.833936355732
88244,7660.5302159616695
105984,15357.847211039745
82644,13332.227865401317
90970,28676.237211586344
98810,23097.34685728256
85184,18404.83267990845
93723,49283.60876572214
105049,10517.421892836674
88554,10767.809764232667
94996,15594.659426045138
107689,10021.491773389651
81575,48394.95100501155
106988,9986.85377728006
89894,24739.67445940362
81703,15045.250237464028
90718,14858.087956381662
99561,9373.738479592488
81269,43977.16362811385
103069,5884.224908160373
88952,13190.930388378814
95295,13835.591733778037
106589,24119.44815285995
102918,7800.533742872157
93669,33050.68288475432
86144,13771.880657975587
98336,9241.348884005243
96891,15126.842468981575
98576,8926.360658911319
86038,15237.861616512906
87511,15649.736435585146
83642,12729.540132174567
99964,6926.66676539982
82842,16064.899033998514
101714,10062.9949148607
99439,17568.625971770187
108487,18587.6792121405
88965,15145.826004299068
86445,6422.530642363641
85916,8248.449742370953
85616,8058.422970566016
90865,14999.066362251519
88634,10955.934680336872
108094,14459.167076891375
82654,13798.618217168954
81401,16897.83462921719
85163,16157.04491822043
97623,8673.61741895852
79759,23533.855071655606
108230,9688.713247773163
77757,31207.84168367641
83089,10199.402858108786
92851,33168.84308357863
80656,13236.735592222372
86019,10344.35118682065
100887,15800.380189873687
78011,39406.43215097692
96398,20130.810950236053
85254,9075.240924132482
95254,21765.11356361028
102320,9704.706719647284
88408,10253.547821682325
106594,5369.7003876010185
83849,6557.492447286565
79313,17364.833792781883
95010,21568.262507281364
105546,17509.140885413657
81884,20444.09044995152
106088,22507.650568153887
100892,7188.394879073034
84487,17310.25185169126
78004,27354.7068395003
97446,24625.673477093875
93170,18365.729963404698
83208,19203.38364189789
88728,8193.952734013417
91300,19343.78428837403
98637,10621.912557617456
107267,14516.348391965385
89956,15920.516455060319
77052,17260.806000101085
94583,14838.923751459211
91424,20232.766904708256
104774,7034.805849717874
93699,23820.06393777158
102986,18538.000437176936
94176,14473.804851220533
95618,18680.36393890175
81622,22791.664450128985
91273,25423.027965787
102725,7994.889286209871
90479,9593.893358849904
79835,18763.356844695565
78909,36402.52356202115
99437,11524.032613471112
79890,15015.178496562969
77662,15689.294878767112
90320,8907.374240973346
76278,16221.339856807623
80029,15129.498044167958
95797,20512.342227327208
95356,58678.39514611842
101962,8888.786753992688
85810,16234.767353852725
93588,12977.59783986476
85679,7481.49311379934
78286,13889.511412483755
105233,12745.125327574206
98613,6018.954528395282
101314,12096.48543318445
105749,17384.977039004134
106103,20109.68988691928
96678,9590.845248480711
85003,12174.904744779285
78035,27780.91612548717
82443,8213.823218927539
93373,42614.243865712844
99857,7428.505468923521
82450,8320.026667034395
96256,14048.035899221792
95924,32586.626027695034
81425,18448.611642626278
87252,19445.85913912738
100379,10449.045469524004
106316,7306.342501834421
85879,14455.72375213101
108334,10808.496499043176
80243,23930.412899467206
84504,10621.687996590052
106064,8606.383881828904
96443,9705.898245085893
99020,6732.834619850955
85068,9287.453234274042
105374,9240.35598937482
101946,10520.701316106077
92945,22364.176117518575
79338,28998.009352891688
95027,24462.503795086377
81488,50318.50609500486
87754,10943.281261247566
108454,19997.17732204048
91283,21224.599955148748
106232,14371.861628495264
78368,30176.344577285836
101417,16994.753579208664
81479,29512.943143479468
94527,22442.509833644624
76897,27263.716819746536
84107,9390.595786256115
103177,10811.27172482139
88043,10482.65927281592
93710,70045.1065966514
87679,10012.179648854568
84644,7110.695167074131
79097,17400.235515452147
98030,22594.494471464935
95131,18678.976195207204
83593,16387.723506306615
82532,12834.463138578187
101675,11724.302952319847
85118,18318.853892625626
100813,11853.974872846784
88693,15339.082911499847
85819,13143.492114499983
104337,11883.686006744783
102104,8933.937644346097
107526,11305.299370761006
85600,12858.212093387252
81771,21263.555589480377
98339,7447.600100985439
81855,10431.80480231959
85755,11491.062391013029
87321,6578.051406716392
101819,8232.96817671907
101569,14637.35424007675
94538,8847.878013372578
104142,25524.23781497572
93830,25101.25939229172
82076,27933.52783683153
82721,20105.906187677512
88982,9290.680086148524
85055,9028.80583664859
101426,10093.80925978076
101136,9593.06588400543
91939,9783.048878890644
104368,24989.917334555106
81513,11944.18438353365
76394,20987.29892617904
92054,17823.93586277996
94663,28988.34625125863
106117,5057.47937938144
92528,27708.33938441813
79929,29753.57097807889
81579,31153.85822940077
107328,2674.1347782714456
105031,22390.82954387237
100819,7050.7569184324
87353,16765.658195158994
77698,24776.74617483838
77157,11399.558633316195
85947,17983.313392474527
92761,20077.999745993136
101344,7575.311638206733
76877,12750.731487471285
95851,12909.453729053093
84319,13502.133830952738
93218,14843.401622324338
83770,10150.483721887154
99753,7081.170561499039
82062,21696.844787718434
78053,37536.476237083894
83901,10694.152935119197
89826,7635.214014126027
104171,10118.611463735378
83906,14425.347545597251
86819,13079.244570618213
88150,16387.71225015727
85289,7936.803009149006
100567,3758.035827254513
105930,11418.467270835654
107244,6784.012265788593
85900,10540.150637097746
83184,9622.893549132363
97034,12705.512503027105
82506,1701.2623068284488
81182,28676.817428504277
78619,5917.900169878789
86046,16666.460557198174
92798,16467.48801543204
86595,16548.143596614278
103854,15494.288681126716
108504,16817.96984329836
77451,17492.440609632973
76665,25145.535823928614
103434,6200.67809968866
82338,21032.980547751577
105189,2722.8267548823555
94512,21290.835652447186
97542,11897.248859347384
83343,10106.445408233056
77274,34251.60089454106
83810,16552.664873179605
90850,12784.878926715508
79688,14679.277628537588
104038,9658.082404258628
100468,5779.702284562848
81010,17603.28428512731
80372,30615.383860537073
95979,22705.286240277776
89813,5233.990547485004
96873,12409.654489855331
87267,9635.200144698436
83327,13717.131854830082
92095,27979.329026071777
84723,7369.977007482185
101561,9869.445049309434
77409,8002.568073266675
76480,22419.477661736666
97632,10585.936250811023
91990,29847.175245226485
98020,19509.787838990127
81375,33889.576623513545
81903,14708.500983409456
107050,23303.230190218987
84920,11216.171262583743
108180,21042.720688727877
94696,25406.738293002352
88215,10686.765195644199
93276,19530.886624339775
80359,14209.278791334113
88717,4077.450159677007
99702,7902.406614812546
86283,9836.228091589783
100037,6228.069995267379
93640,32338.886484219267
104313,11451.985384889706
84666,16590.753775481688
93000,27460.376440525753
77512,19809.923153654843
85094,7274.430892068192
77184,15457.996378687969
91257,20560.803878520153
103957,7546.4392691774565
78533,29146.411788615784
89080,12539.711818105836
98463,22061.617815528596
89002,7718.86799898782
87542,9459.832817669787
88641,15483.332548349077
97972,8831.138090839673
76363,18843.19411943084
93821,30192.482049119142
93549,16896.43660287096
86037,11848.586218784994
79563,34825.27746163106
100014,14077.486534685579
98717,18520.099899222983
87323,9856.542392173862
101054,14925.070027780102
84408,10796.002026249707
82692,11236.588340975364
91513,43937.11768281877
92863,19736.58487396929
90666,18020.54850799913
76919,40111.55231179338
91549,51219.27061957577
90300,13308.929593237859
106228,13906.013422862392
101551,9629.14103733108
105986,15375.806360471157
78520,21028.430467614744
94130,26499.769967726163
88980,10879.861399901929
76245,21121.692706747446
96800,11358.958578721506
79591,28170.968885709808
94738,25340.541621412325
103275,11069.090705433126
82981,10363.690893147523
102017,10916.211706550335
85242,6814.051110474897
106488,12534.313146859124
80606,16435.30509969914
100861,11063.692483047666
93103,17759.370845025143
83680,16800.514683075708
95926,22220.223949232484
84955,9575.65707545969
102279,10086.558302811232
90285,15318.000046719331
86735,15768.505324067693
89918,6394.967033901811
100914,7991.774762440921
90315,8444.15933463821
98805,9218.652830469138
81572,40798.213443927554
85263,5566.815125369979
91962,11358.04190428793
86328,19061.548380152562
79610,24874.685196114366
96570,2669.3057346283167
100929,7013.052149217778
107784,21563.949959849175
94269,13282.86933282516
105574,23309.146832977283
76572,13299.003327435592
96249,17971.248270649256
97897,13304.247535203434
77625,16582.08658533564
102369,12945.090249155628
84079,14426.940228500154
77866,16047.68170090262
83806,12652.927123689673
107540,20382.124427075723
103244,16528.290110908543
98859,22760.861222855303
96719,17682.59296633879
76235,51124.46722483845
76348,6606.152790263686
94323,46945.85475110356
96314,13080.214106321813
77439,14704.895155352659
88588,9667.732722820387
89516,15190.240975463028
92199,16434.250509403424
81669,28531.57392734372
93600,27025.04035394083
105605,9399.340842144353
102501,10061.993358581303
105250,19830.61084598716
103132,14290.693054947902
76914,32110.234049390503
103063,8407.171480508607
85636,20224.902989115002
95703,26172.27007276159
95014,16376.866835146639
91855,27062.73288480859
89326,16683.31949125587
86878,14413.25495711397
94159,27353.542967491714
98939,19652.523010452096
106603,31898.070953108647
97683,13505.123191452778
105057,13492.43715032752
82551,8348.133532519425
95156,16531.52030073497
96663,11327.585758910334
103966,16039.36930224515
103721,9324.039667395211
104581,9583.121088773914
99601,20531.783403609843
76271,11287.242696775898
106578,11347.614745021303
105436,7451.604691321785
96180,12302.978834158861
93214,18458.693698974585
83950,11049.155158165375
87436,7445.215331237211
78008,34472.47798807781
96396,6387.092955387012
86423,17135.00394572065
97519,18924.756520997515
86137,16846.10172138962
94515,16230.479311683492
86264,9377.134441805394
93856,14745.988580511163
89370,28066.66455480817
95869,28152.977119705694
108411,16506.9491724305
90193,12126.604484403484
84817,6418.5839879181885
100719,9212.048137936625
82801,17918.55155117532
83103,18634.20808948154
103950,7626.779842563343
83927,12796.779665702343
96442,19528.256072262626
92599,14591.058622004144
105284,10086.815361132374
89963,14415.030403746821
79117,10061.890865429545
94001,13471.66105099569
90520,5931.460679174211
83344,16898.43343533057
104811,25651.024442858565
81567,3719.547407500316
102778,8487.680457945113
90439,22061.88075188173
104220,9238.018917458206
102961,3960.5020965240924
97588,8693.730867965356
78049,8673.271218866239
80076,15973.316294539221
83466,7698.89026823169
81941,23112.259880889716
105786,15827.520701330324
91443,18058.252451356602
99961,13848.485800246632
96323,10660.032531672665
107235,19034.6167113134
108199,4962.249355945617
93938,28795.937465451643
82727,19053.47273391609
78548,33057.818108918174
90362,16043.36621708564
92257,25184.587595054883
80015,15454.296239609148
93724,32854.94453777799
88826,15620.625577175058
80051,3286.667605625551
90219,21012.053665757277
83727,18112.464142470235
90139,18335.194960123146
101189,8216.625133615875
85435,16536.731476653622
91933,29646.94975781729
95135,8699.937120817302
80576,30935.459347007563
97289,13024.746062150534
90225,16945.15177393614
77958,14329.194550159205
96218,30152.203974759774
83747,17678.122744892426
85699,13280.842961768967
92682,61543.81085628058
92129,43284.85047823026
91533,31121.640068308338
86503,9525.295763543618
107555,20134.952554792497
98751,25238.203448456035
88145,15986.956639190576
104214,19338.892215099848
80027,18174.273461925564
94594,19874.13957214241
105978,9154.72754498704
81202,22086.611122002938
88343,16957.86066614635
96928,22459.838496505516
89639,8609.319401955781
83427,6916.277716852569
77241,13188.47412326521
76837,21192.942375444356
105316,23884.36213861633
80915,10406.689470252926
78226,20046.41594701321
98367,15243.165421788417
99268,10077.240712192077
102336,13729.187936366234
99355,8734.979013340508
92728,25569.59821412153
105261,21275.1670678979
86321,10666.657732862453
83913,20521.229605593504
76582,10771.673857110643
80624,13079.560665941564
105804,14914.966144041364
101229,9225.148054176687
104782,9909.397251850089
91859,47532.27353407243
81892,22886.276779376847
104257,15001.856123968335
89995,24986.38351961675
94721,28868.54749744067
100123,10567.058278255861
83121,7749.8050043302555
89621,8701.32187691613
86608,13430.630672494846
106922,8824.00394377217
96146,18086.917682263167
108383,19303.20226239604
81554,46450.966550863304
101538,8477.87106292659
105248,12885.631855558113
81033,21317.704366644997
107312,14593.506749291257
85588,15676.02669674133
108227,9861.857589079453
84017,15930.107199817297
101028,10029.95134299116
93019,27835.544961337877
84359,7632.640389654894
90602,8217.424133675679
102834,9638.654105846337
85284,10496.906397110912
78749,68462.30325248846
96892,30229.429653411
89640,9487.310437534774
102773,15745.275898600295
105779,14014.16032443161
108453,18184.670297602217
83162,11071.973306909402
89704,13477.029282398005
96488,8276.076563893968
81546,21365.334180908445
82108,20748.92207779284
96784,8778.009339214028
86526,7987.154545131194
81220,31080.40564636375
97126,10520.51873080399
79954,28041.30691426943
100182,13443.53225791677
87058,17406.56810888293
95026,21990.274356320326
96334,13111.478195949809
92636,19587.956878989604
89131,9316.714136677656
78145,15328.510630416931
106255,12168.244351912546
84691,6484.705919575574
83425,9800.876376659588
91526,23508.940436641005
81170,11813.63598030217
93766,22168.455574549174
89183,12123.74000710241
87644,18379.737124053932
105559,42174.861356701884
91968,14050.35595810307
107198,11249.995273547178
97030,7957.868585575147
96512,18093.15795864713
106506,10275.60350973516
97240,11777.001041693065
98164,4495.252953057635
79782,8491.785143831006
102498,8011.268925306341
86052,8519.650803561526
101070,12601.083541960254
88461,6262.525926797209
94238,20432.751259668905
97040,8063.389740398335
102861,13854.11361483141
81516,49481.637832699795
98512,7222.26652185116
91654,31498.047125619443
87837,6996.284907564268
97950,17521.450792270833
91492,26713.05040765687
86374,9434.683605012615
103671,6577.1476461868015
99254,24087.135099246527
96920,18904.926960648594
100733,9535.202063709523
101602,7007.876668730364
101809,8322.089452888882
93626,40231.085705654325
94707,28096.380630152686
84718,6053.479597342902
77357,17319.25879834588
101735,9873.045402746662
85009,9295.777554095148
98213,17394.941027088797
89068,6726.21355272079
76270,16881.66583601552
84608,17705.91826605307
106582,12018.178698911071
102112,15386.780544552057
79840,16495.294700206465
102362,10313.632536972716
102074,15218.562439618534
78050,21010.436989365713
91002,36167.11871705977
91648,18302.465197359714
90182,15042.125424613354
101732,11700.518319619201
108023,22440.56476874018
94586,27925.28346272511
91189,20878.205596454456
95199,22821.53214277917
78510,12201.440635212464
92551,12446.535706596756
92368,22020.83779567099
83335,8013.943684848493
82609,5072.746877811751
83471,15872.21937699524
89455,16355.984807271636
84982,8810.199793860687
106978,29778.336747530044
96399,19054.42056505666
82526,12830.4565911026
86743,11013.84054576835
92104,19224.1169834098
97862,8765.066156334502
99211,7880.450052860743
99118,22606.846093422013
97657,28612.88079395724
80627,14486.17265518609
76293,17564.660451853924
83108,7393.845561913742
93728,22950.9459536901
108295,13556.188175093463
87957,9731.561953029388
78627,25654.73269592142
103227,5159.091500264044
88115,10139.548317094013
89694,14449.760475046456
95755,43584.969254329866
100889,9976.921341026506
76859,14094.923144774299
80975,21775.44602630015
104878,11048.0150145461
105859,17816.747280497744
93283,22348.97839192446
76217,15433.477121079202
90731,16499.95038876936
99826,13248.221543623009
84180,12997.21515835287
92500,23030.26312466467
81956,11131.244247866674
100508,10052.506506297592
78336,11968.077143434188
98694,14209.63285891193
92486,25289.142968599892
77134,17429.404986261445
94264,18510.066828722305
108210,7756.300400689932
98310,17718.19964918925
76260,34434.96970371035
89623,7742.569839852641
101737,11966.092587044875
97665,7936.800104400818
86041,16742.29469833384
86653,10687.726033244066
88423,14811.275275154705
103407,15152.609925448785
84654,18931.9955145741
77143,30056.63298412169
106392,19621.14994235205
86347,14302.336596038254
107230,9872.591735994432
103693,9109.829032994508
82765,17296.154388172614
103894,11778.814524800295
105668,12473.626657063216
94216,10433.42935824883
76250,29760.649803115393
102466,5712.296656349607
91919,17939.80965365892
99138,19819.60693716997
102850,16452.205133830077
79094,22593.10581719949
84552,10214.563651139953
93668,25399.538549157605
93389,16045.656571028821
84312,9567.182318192034
79379,25660.212374315783
98739,7174.994075568575
91448,32169.269005468603
89834,7808.718278474734
105359,8781.621223020918
100267,12156.60556621067
89101,17295.50342622491
76904,22253.319694900587
76664,30123.4790131216
102621,2777.0009598027673
82337,24852.155629091223
94266,24476.796664804708
84994,16653.59950977189
86246,11169.019196324905
96923,10360.219009276652
107661,19427.355134835572
92401,18588.316247255945
96296,11920.82714840367
85114,11116.110386239732
83081,9904.746211801921
84948,8855.584129751174
80292,14253.268929399585
78938,12465.926919873109
79942,19827.950604533533
80899,27179.73249062734
102476,11451.535512716446
90589,13764.857201043424
89944,14755.32578803905
106241,18159.56805182062
99835,17509.19261202918
98665,11163.877689907678
96516,6066.570360418432
79065,20496.03391996853
97070,13107.138202593582
88721,15821.534816766509
100311,12371.76912274782
97912,5208.753877521123
101514,8701.769449448575
91763,19818.694081733407
88488,16272.678633314496
79955,8716.557143709013
105677,7272.33121138293
99297,6096.258090974428
77377,9955.729984622198
95552,15597.813325940033
99704,14500.538203298453
82097,50339.617130305596
77067,7568.476500669578
93326,16690.970038791012
98258,5963.080809976901
98900,20324.170088806906
101474,10130.996346798629
91945,14032.815386805063
78816,33585.75695474976
95208,11327.345472266705
80788,19031.350807852556
92446,13349.012454309483
81929,28893.111681559538
101068,13520.79561556955
105116,8532.942805460369
96828,11540.958192484393
102272,9625.26508817325
89347,21276.786748763727
105201,14149.91746390075
94146,15571.199675786283
105641,9726.044856260927
94416,36621.27578233706
89152,14620.680507302437
99500,6487.43332137193
101711,11203.994040247293
88178,15795.806184652076
94259,22469.284705396523
90380,10221.414476672084
80659,53205.5194616792
94687,16645.136016130564
100447,8879.255577738391
80895,13413.554725829756
91806,23343.83204419382
82758,9718.636500680757
81850,14891.94793139382
85521,10201.129221259514
92432,20252.064392883764
78318,57885.21355181524
98804,13460.04777120985
84403,17238.21565855059
100979,11900.984370248285
80559,18032.428461941457
104553,20246.207703550714
90570,11394.086659919421
108278,25036.202538683458
107134,9717.197028838069
84351,16817.293917024203
105418,9388.619285938403
93910,19980.0686401087
98231,24465.465213481515
100789,16929.27219979215
101332,13128.451871346428
105715,9035.583148083595
82170,11314.591385874852
101526,12451.90926042404
89070,6205.302198990296
90429,15313.486194808907
91152,19727.60496801709
82374,53697.282011550924
81668,29798.748272494857
78914,18097.75551282425
105239,13355.670464851471
107483,19760.365669364513
83354,13560.38072488207
105252,11840.61194781533
93977,19565.24731745266
89807,8074.036151942466
81551,29837.903904666484
86311,11547.249198012416
85966,11712.902370590777
83878,18344.059090342675
103342,11755.682469353054
102398,11028.998454118537
77021,52394.83781792581
82755,7752.850577120661
88635,7434.043537499473
105457,13928.893841873076
106552,20751.512015576158
102641,14603.66287730622
77582,23853.021374941534
95453,51254.89065070719
78388,11162.217725296454
99772,15444.265116139062
77990,10960.592371484907
78944,32875.33092988027
88290,13843.963105685425
90011,5787.28145448656
89540,13911.381376617355
78904,28214.46486538491
91379,16062.290193978357
105750,10731.423092674406
95603,15739.546836167296
92481,14922.185439509993
93463,17970.25010930158
88974,12528.127363141302
77787,17709.925221135032
101389,11052.503640571607
90559,33728.19944446725
90421,13389.622971804502
107190,25465.95650468975
87506,12715.088739551025
101147,13772.383910927805
78096,30920.025521938696
99840,6152.964442691351
89677,9495.526185696111
97991,8796.685381024585
103556,10122.562344141801
101327,9685.094476636094
108008,19773.518234004452
107752,17848.338680945042
94554,17570.227677562176
96408,25312.786129330034
93573,26449.611391500108
83674,10278.114079660676
104503,29152.956202112757
93082,21102.662451352593
101841,5526.1955008465875
85143,33094.25172269562
76781,10077.183208943434
102153,9133.670253363522
97411,6377.337233282163
101676,8595.619470797426
103176,12109.676922915589
80879,29112.82795465327
79695,16858.79007240964
106987,33070.79934950171
89095,19179.972625257426
88707,7935.246888706325
79935,13384.989802995075
104678,10556.787339337465
78644,10789.016112301808
101947,14633.029872809928
85390,15049.098409103486
94121,13609.633490573267
80525,27015.107191102506
92964,23421.65533543347
81982,30997.247558398365
93804,19700.075426967393
95574,26464.725310301576
81710,17724.428178762868
84452,17417.49762560218
94410,20574.321894031887
79137,30166.039883487232
103270,12124.011263374085
82736,4124.825014475247
106741,15088.821996553395
77630,17872.972347072962
100426,14554.069011594263
107231,10859.608295252097
101001,13135.315895520223
95067,17234.781379226115
107197,24029.262595382326
83522,11898.753963246983
80239,11515.348307741593
106389,17459.954135275915
99072,14514.788548110137
92779,25345.236803289907
107906,21885.13155878189
81289,4687.974502734275
101206,7083.212302876126
85646,8738.88198026872
95202,26957.513027573063
96423,5908.980345834366
106597,6737.771027252957
97601,9731.890943745251
76974,53117.74243432492
80171,28139.575655559493
78391,20215.84747086363
101424,11442.79300177971
79548,30080.25355943101
99083,9540.904404921732
96204,27107.485917077636
93318,10651.396805569957
85745,19266.13236123289
79531,49176.01587345705
106411,15374.481128147323
88431,13886.379982273565
79827,15022.316274730754
80860,20958.905297603793
93114,30214.460281125666
89031,7433.7903142418145
105755,17929.222726693934
81286,10486.159572967888
94641,19968.657979349486
92196,9497.651737286871
103591,6876.665027653823
80497,9576.100482203155
89672,6384.9503925024055
80800,20255.516163747478
102146,10062.385533595461
106675,21777.615418884772
76780,19222.15188289901
79880,37730.6527692648
90306,14529.554221240443
102271,8589.776327873564
82996,9177.014049603484
77929,27830.330511797343
86610,12585.94172305099
85316,10893.248343906329
91134,11946.884063654727
87377,9849.6035550811
102946,13164.193385089999
105420,14790.139047470964
78375,25672.07722404331
81157,10528.997830400547
93430,20478.239957676607
90671,9877.693542642837
98881,7663.8270537843855
107152,12976.148210118763
106056,8983.25541826984
86256,10211.358254204624
88692,7970.301751572789
98622,11924.792875887935
84068,4200.397964030054
85863,8509.250303667357
104131,13267.324519212694
94296,13849.849659785552
104177,8710.761812187284
105126,8087.221791427437
93360,24071.834108269515
91059,25250.835499666995
100015,10029.62150614408
97027,10021.131331139795
106300,28409.08026863068
83539,14316.128090798704
87099,13530.685747029873
90692,6512.837082704338
107313,15217.047180104404
81341,55364.04384762539
82901,10803.968978206225
85576,17131.468693103943
98646,13080.165008678527
102552,8307.829331798182
84874,15183.592104448338
104768,10732.719165592312
87768,7109.000994721819
93342,18331.709678357834
87241,13954.329402404272
103615,9584.794104862132
98526,13765.756180476325
107464,12257.730260326747
83357,19358.968167372026
103171,7890.4864878167655
100341,10654.395065423281
104547,10059.450852196445
102882,14047.255164869413
107531,20252.081660608776
85433,11429.169847570425
78435,17667.23142908498
106094,19506.847898856067
92625,81479.95415339504
100319,9682.45438445492
95937,27768.06197319517
88915,9605.95575714567
87681,7325.224317723778
92428,4714.84072315448
85427,12243.543311942787
105372,9879.297187632354
82482,20525.086632927298
95178,20172.653364466605
106881,9030.98662676256
76562,30015.033761256207
103710,11328.538776215208
89109,6339.137908459923
92522,25824.714274394464
84821,18241.14236708109
80597,27950.736628836585
104040,10350.1056032486
96115,8503.934386318098
82818,8535.063383297624
90316,16468.668951145115
94385,19364.942758309422
86823,10150.601310362132
84842,11852.85245700749
102995,6879.440112501757
85397,19959.715635249184
81427,13230.036502971665
102461,14720.365955859676
77422,33027.36857124806
102354,13130.274265855718
91822,21159.73583520894
87427,9820.069159755005
105450,18301.739150585974
94789,21640.078340942004
106631,27808.692670288583
97004,12711.48412272536
100826,14697.650597010417
97915,16918.896778543283
93253,32358.810299108583
85776,10032.589871387878
105562,14820.232211216926
77560,16949.574028912593
82659,9587.259072557945
89531,17284.24381755945
94076,19090.985316475602
98457,11086.672210936702
96163,24413.134466190608
84779,9961.53584026728
104551,17837.51627368733
79934,16355.369214513681
84896,13257.743079309468
99393,10808.723342478466
82051,16696.633422016836
93247,17276.01321878802
86929,10155.424350915004
106943,11748.952173156518
79979,25049.1935053223
80912,23865.563560476574
105006,10331.902549208415
94368,32369.734798630354
81871,23580.694741075633
90338,11072.80786964229
104271,9982.941951991566
89984,6324.686166353474
105122,9856.706118964847
104308,27490.051015722725
92941,30163.373121657667
87433,23456.109883077534
96289,22378.83401626339
89130,10508.62278532384
77233,52432.145375096836
96895,12666.213118382837
90364,11832.223066487044
76283,19123.29015430607
77689,23292.559163336206
98366,9675.22665264556
78025,22566.918685975543
96644,12019.95040154784
80641,28800.423932777692
80271,27272.993935730185
99003,7691.6381189178965
79756,6641.921627130152
76981,10817.823493197064
83320,13664.005017591775
96797,4777.273755519943
86350,10996.994289883241
107535,16914.220225462563
104370,8631.473523265366
100740,10905.506639790767
85851,11891.049387575626
89132,5544.755534988829
78746,24243.144972780887
88999,17275.953311179186
96416,17449.000728899457
88921,7565.821071511358
101078,12521.3168661082
92447,22439.49685890901
77960,16744.972432147522
106799,14524.15159651963
99888,22354.49136314505
83252,16856.214085661963
78645,14651.544781931087
92233,22177.87595628474
104026,8420.295082759507
85148,16871.765858589755
107726,14652.217036038312
93331,22777.640291755775
106236,16625.50629482797
95282,15027.514450980832
76222,26632.159420295342
84158,5530.017659757333
81857,42623.55112516737
94698,17090.130979184185
104680,5101.807855708846
104366,19940.488353913566
82562,17093.06648443133
89753,11416.321342451307
101937,13558.52277174248
76600,17893.62749134005
102683,5922.974123692234
89245,18801.951124029416
99902,11944.761276829204
106525,9421.716564304717
80738,33147.42933281861
107909,15987.875070757193
105939,15163.319580538195
92485,31052.677058292084
105128,17551.003083691656
103147,6932.990390859592
96539,7690.953293116331
99656,7600.822267415178
89755,18356.659864550653
88400,12618.95012221182
82968,19429.973258584956
103521,15198.536269871953
94755,29372.91513326856
82278,32185.391447003425
106205,8095.371114791202
102677,6604.217558590951
103577,12713.597539183385
88365,13750.339502060016
93543,15038.363996656995
103285,11086.672772092805
91445,54860.41662858112
86676,10102.797158983998
108086,10710.810954229642
97671,12499.930075270893
85193,12584.92946049066
80220,50300.25565649111
107824,13554.4041039435
87246,9156.78921419148
85080,9157.297323663413
85470,11572.816410957725
93453,30959.875952690712
87214,9834.57106867574
99010,8961.466573214148
77246,34207.36346633596
81671,15267.345070962863
83651,10992.046607497732
101085,7369.873285965936
86961,10067.011196192341
99154,7040.981311726575
85563,11251.30296138431
98972,19639.940007551424
79331,17557.83042630142
100112,10422.760783264108
92540,18290.838134399248
102135,6665.254896220091
104980,22815.76099748049
103442,6780.3727837442975
104320,11853.340035471616
91208,74150.23114445059
82486,21559.85598738784
92052,10274.018248435792
80540,17665.496905170057
89228,13111.19046286262
98960,11995.938462848522
86821,16142.338706806555
95220,15669.849708903881
104196,11709.259791143273
77934,48748.806117598506
80965,16548.68392994927
80864,17847.829663571854
90303,15604.801397743415
100396,11338.737978798861
98226,12254.727481078435
107713,8135.450294410608
82199,26750.588674604336
104715,28673.814734040865
103412,11496.391428614343
77224,11157.608518034935
79149,17902.190306195494
79332,26091.668418336627
100094,15745.275898600295
76280,33155.29270181925
104668,26960.978992289445
106239,11227.476198258903
106918,18381.787701358968
103738,13466.203034010818
99768,15239.545786991417
99895,6853.809459404785
88553,13281.202918534455
106781,12493.252256601238
104339,22921.698138745494
88198,7877.00597690583
77024,12377.279038131646
90492,14565.879783493481
87383,7943.074514714369
85194,6782.928360876227
100821,9992.718985218715
86207,9388.929592964154
80736,10183.805637777125
85035,6158.044663726912
77847,9160.31500550894
102444,8672.316103574934
101635,22109.367577905774
99639,8759.824511217974
101365,6618.389605093826
106612,23224.511730878272
89655,13051.276339784088
96679,11986.62228547854
107353,36906.952241536885
101805,10950.89227992583
81804,18477.542832528008
106783,12264.918022697459
101047,13897.920267065734
76164,44372.3094933535
106524,10394.936953208105
104745,9703.935048861676
88874,10667.139294832677
89206,5863.600481176063
88602,19280.142521968202
80458,25905.765415047932
85756,9542.549645748424
100972,6665.033862539257
79897,31468.8794214634
85913,11382.535025089683
107705,24708.12325836157
102659,7368.207605796843
101994,10256.542096450878
104004,10437.922077540246
91171,44721.41309092105
100207,14167.679788534555
101431,6954.4811051949355
92034,19806.548417397007
95470,32369.262273228913
79276,30633.030644592836
101893,12400.470805619068
91522,29252.966330906464
94047,20901.71766366229
100620,14170.390848595303
97405,10785.362094653558
89277,11441.62870879671
102728,11728.913460931333
95665,54436.47045384998
93861,14202.504753499597
77779,11000.829455944524
79844,20179.590586917013
102549,10172.44730938041
79764,21384.823671966635
106543,15923.112368372991
90127,12031.276170514167
78759,16974.94171636916
85232,16370.289561127938
103173,12829.300582793903
77690,11469.988832129955
78669,37000.4803285951
77821,12737.92599923533
96869,8716.470103411259
99426,10501.883736353288
86596,11969.248029752647
102352,7439.188991821434
88825,8061.189132258653
82595,18533.71037292429
79408,23624.054549356846
105771,20132.622988336992
92499,20867.95196067971
82744,10207.113376567153
104310,7009.787764197598
82965,11866.938748652025
108492,20883.992324529783
102748,7725.394239038551
105549,19240.849522889388
103794,13882.82367097835
87574,11784.372881845255
77090,17854.84827248687
77729,28760.867890239002
92854,19615.20819051482
82724,11780.683292013364
76843,7816.841672382015
95714,9994.430807136543
85077,16748.290549989448
100035,4502.538881033506
76694,11108.02522048677
86970,11202.758518336645
93243,25808.699721935696
95700,24579.941214188028
103907,11105.38301048074
105698,14503.267370161093
84320,10958.084945815111
91561,22526.736042595985
100459,7064.150868444007
106398,24297.146865566698
86911,5086.919648155629
102905,12506.018369883759
103009,6770.571510730117
76287,14780.489952068929
106832,10758.154336406475
107240,21966.854549536696
104164,8405.069328175976
96561,12517.528726097738
81823,8444.749743561091
82102,23056.63516073896
81420,26442.238244775614
79102,21609.942811762267
92252,16893.520421372486
91605,22663.355864798094
94353,26372.006352572254
76883,15782.87475452412
79941,20014.07496300952
102977,7640.366467722697
104975,27785.369855216257
86138,18974.64689307913
76309,19772.978886081943
104976,16086.627769225484
105819,14421.48176477539
103115,6606.711112321113
78958,21143.85224704659
86851,7398.601044367501
91889,14782.578657243428
96977,21586.495166113258
98888,10460.391967898462
87642,10759.354014949227
96835,21229.364832869764
95915,27166.54586177722
89880,13318.551772781719
86974,10421.924140613433
80793,13205.711214801204
95773,26573.068320927432
92664,10731.690624875371
108423,12690.701087909223
88073,16720.016749945167
97731,18159.811854299303
92705,24974.551816297015
98275,9369.60648537103
106563,7151.848657647024
83216,11087.948972651977
108252,20540.376001273464
90052,21571.25518835491
96839,15357.106732000751
87847,7737.409289107372
101778,15953.656141076499
90493,8798.778354793849
84236,7959.311430704514
94651,28003.10080254538
82828,6439.173750506026
84570,14306.710040001626
103560,6052.14719903954
105414,11123.64927984493
82874,9378.59823734164
94023,15546.208230071588
99936,9231.607896797019
97927,6252.222504214263
85922,17071.14207549612
92409,16216.13997750992
102547,7386.920986291362
98620,7623.605155618977
77418,26997.578275207074
106846,24298.577965023633
90794,15746.451992177866
102848,7866.294340070058
77668,19972.32256505878
87057,8715.867004292657
92125,49135.83935094818
89356,12630.35981577668
93931,17647.311381205313
98496,7983.035958477678
96762,10964.774443466693
77603,15806.148943146141
76242,13343.007281247621
77854,17828.75008300462
90496,7444.439884867321
89873,7785.897263295803
81047,35240.900046565985
81482,13038.231996137705
106630,20085.32599303616
102807,10338.075565956633
101397,9320.55527204678
103459,10155.009520135907
78508,34286.30825470612
87042,17866.25634804458
106348,22095.96380355806
90653,6491.2971894027905
76159,22870.56211751291
87944,10362.457804278523
81531,25720.842160678894
107875,5333.416839012374
99542,13055.107216831415
107359,18604.3261015611
104564,12638.495356910453
82560,13788.259527728915
93591,29346.001482459364
103234,7252.473401820462
108458,10864.478937144964
79888,14427.043151245574
76419,23229.413762889773
106649,13705.872751433042
90004,8477.141073290839
93201,34646.66414108723
97558,17388.52157073089
83097,14015.20015523266
96492,5221.49384797837
78413,6622.454449797421
79076,12750.17367537942
87061,9608.99099524953
83665,13387.958056878091
97131,12102.571995676935
102075,6781.003012487249
99331,7897.066709981799
82067,54225.301032536496
85459,18238.607163856275
94510,43321.38888130747
97875,21688.641406620776
105176,12907.613667125946
89196,6456.35128510367
97424,20068.51799153051
92886,23090.14893526624
76660,11705.90714266618
81181,16121.09461632516
93133,14694.438788758558
84390,6539.4923228644575
107413,24297.158402814715
98681,10548.820265193475
86318,2468.087089132773
80893,24837.17865801978
106409,22498.824576789313
101539,14298.085457656693
107735,13707.026888956585
103362,6935.558904828551
95493,30532.702864650677
95573,25713.143548583255
81435,29143.742756651674
89730,13822.096891696237
104812,10409.775731544432
95540,15139.175873799011
105693,9851.548443354146
99879,13626.313748097718
105045,9873.794578648101
95556,20900.587835157035
105209,12271.613704896476
77262,42363.52493017814
88746,12813.918766179682
106257,29797.424995557547
86665,13085.250422230101
99714,17440.730890203777
86308,4139.0364993881885
107814,14097.540476474633
104110,15999.417417981544
107020,9914.626274861836
99899,7478.600749011339
87878,10204.10283626885
107898,8329.981151502405
91803,23703.724599594916
91708,28669.171722260897
88131,11736.54722125583
94236,28779.60434107668
94787,39926.916118390465
88426,6501.4313765793895
82052,18895.234803552958
81430,21436.53114878959
103458,8002.475524032467
87322,10441.82656518601
88030,9527.243836471756
94505,30855.784814692764
80104,9176.970710107407
92324,29197.520008778705
93393,17435.907307241647
101185,5337.113952544427
99944,9635.589502124341
91381,19245.29070572913
102720,8701.6301292427
80107,24584.90386204041
93006,31278.01584366717
85248,10887.524165911149
99068,12113.983306784594
76834,51751.48972558935
89377,9795.530076336885
101452,13695.527310993033
92548,42925.4925537001
100658,13606.052035964147
98383,49844.58227327515
77915,29055.617857878715
86268,5592.331427096799
80304,3436.37500841563
106680,15453.976630997684
101132,7552.968775991004
90092,23981.5641824148
100329,13833.641567100589
79943,13940.74550953317
104189,14536.346899906493
107250,21879.855131352964
105088,8491.524422700975
88824,17256.607081669812
89166,13760.702141133059
78748,16316.248513420152
80118,20934.77565810631
106238,31868.82711500596
105638,8741.978173256382
94974,15412.00509191201
78384,14661.467710239134
93451,20055.234959052348
98422,6741.623952059744
91430,41039.634480139015
77519,21274.79878018914
96946,15757.14185485807
98391,5596.39083434434
102809,5734.091745971838
82926,10310.333747806986
79108,22974.502284244838
96213,21591.24268405756
89205,5369.222394407192
91600,43098.95452972055
107292,23913.968649664195
90688,19355.358732731172
98776,7301.646840089924
79778,14991.863674154869
106834,7966.067179097691
107835,18412.515119316005
99788,10708.993383165403
91133,24746.14254211501
82747,11311.857651032438
95651,20156.24071496556
90035,13311.038850634146
92821,13967.268940204427
93614,23334.854036945388
85993,8655.077922733419
94616,16559.941792269965
97987,12082.970329155509
79300,25387.999574983314
98588,7538.795404683928
83355,8438.850493656302
105664,21980.984369186575
106502,21258.177524528157
77235,24719.776912244168
101503,9926.281506868225
99569,26825.405667158524
93332,19562.570135536047
103565,3781.928187109138
98223,7300.119457942075
89090,11484.159754530589
101490,5039.266442548749
89428,10413.641145119398
82555,9088.007021517687
94744,18644.764540440643
97092,8777.341437035111
80994,24311.170716355755
99486,8673.840035230232
88556,11807.628796671637
105789,27728.955959207582
90968,13538.55075291482
87386,11576.37063415961
96239,10213.287870788747
98412,8699.83665977704
107073,11229.121870581128
85775,12534.449845314068
103494,14789.927718720337
96232,10403.501104072642
95146,20339.95621470138
101493,16363.705149310897
108369,22223.765999754483
94214,25749.0109293248
95377,18338.223883908886
80081,13472.561163791926
81186,14345.850033733004
100638,12012.124541895551
79228,20764.315378187217
83296,16981.480373453232
78663,18540.58315871674
90474,12764.530632833681
99746,11324.460591681218
80600,59815.54289924437
104132,15740.45023149584
77292,9524.16140668883
104314,12452.490047100182
92563,55739.6080410843
81135,20302.026055401202
83199,13754.442397380872
103083,7184.056784758256
88165,6677.611462093183
93492,6139.247684045482
80502,21194.40774439943
87640,9073.42179745382
95862,23048.739899143056
97106,14840.74121142233
88353,5494.512099944416
99443,17837.102016558605
85914,7633.414503759444
102522,7821.744734157148
94035,21652.255624321915
82309,20257.55561196491
103845,15087.181341500112
82955,6955.93897552737
86039,18264.96807313521
76890,8525.449616128983
94862,20529.344790170046
89261,10391.448911399533
95261,31763.974009320267
76543,28922.513693412515
93805,16855.53820681544
79387,29053.64860585793
105256,18754.22274068805
103632,13859.184221721904
101647,7697.663068878
90779,7779.924078859353
83004,9073.408645846479
82810,5556.856235694663
89851,6499.925642957993
95583,19817.663131635283
95318,12140.141694264092
96740,14380.279276880652
89999,5723.126689954353
101586,7055.580533001957
90205,22430.242455994157
100202,12643.132695818113
95896,17810.162634968576
78190,22996.39938811236
106867,12196.166765924556
103122,6658.371912791965
78800,18812.937594989246
98137,10560.133175348594
104071,22233.499968781627
80969,16888.832087841383
93695,12930.122426570648
79235,14981.765698490026
100233,7766.218135952311
103673,8103.254544362195
82811,10723.365752261223
106273,22068.776999231053
81714,12258.298672712424
76623,16713.170909035875
98396,7238.1426317138585
87067,17703.09841346647
94615,30266.910432145094
91380,28202.26271982295
81368,16064.78766172984
100189,15914.746684516602
83055,9526.472830282863
104726,10819.07515077705
79494,21327.85182230013
86895,7650.085531795512
104253,39688.62588888486
80451,28192.8239632186
81633,29388.591272809696
85761,8989.161959868512
76040,15880.801660448607
86749,6460.241155479469
97161,20428.604649480083
89492,7678.630242068652
101063,12970.895537164015
102557,10324.585740929206
99966,6112.313199593149
93615,19483.418183401624
79812,14931.679257906546
106083,36681.52799710429
91688,19711.76726830667
93348,13958.559310565584
95861,13650.379448091891
84278,10594.070171812147
76892,16323.600233376168
86674,9352.32308650333
76138,20739.142184721983
104974,15067.951143718728
102421,12635.593415829164
82617,16383.530126787788
90307,7665.720346736666
92258,21024.999408466014
90255,21333.665624116977
101498,11432.404298588275
80567,12366.446416248986
95321,22597.716645346154
86671,3168.1267730461295
89272,10698.179910007608
78823,7444.546900868024
95185,22851.037666075816
98753,6726.262460871097
88611,3826.5445215289956
108390,13361.259963016482
105366,19497.133333647154
80433,21864.550527069165
104145,12405.32970232554
90881,14364.369393560017
82596,9214.624485910479
85279,11310.873321731135
105968,12398.884746294127
84463,15746.908571893176
85840,7648.676633274905
78708,12831.027588444378
81642,26472.379961107556
88004,10469.805883880184
97345,25303.047131155115
106927,6445.983774753322
78351,12547.155672740948
91596,31230.595015037277
98390,14673.59020795381
80145,14393.665117859877
88364,8258.404690400299
88715,15574.944040802136
100449,10823.685807851389
92076,30200.885449013393
102573,14269.594887155796
89983,12046.632055099428
76338,26414.1579211604
78076,19681.276317712196
96116,12956.206510101943
76662,18923.080437229357
94194,42165.008519639974
105200,6471.6316766327345
95232,17672.358734355428
85705,8013.154298884249
81683,5484.707954454845
92007,44536.03449642388
101156,8222.945671414594
96857,8547.674486907094
91201,19272.49312783975
77066,9128.280246724982
94938,26255.77660187311
82691,12037.854187899593
108279,24308.09394429198
101317,10673.40504476966
91872,22515.595588132906
92517,18038.60666859536
76176,15761.422622420761
98840,21146.438591149217
96297,13291.048472770748
105077,14344.484471476964
108306,19402.407406932136
106837,13709.488886712183
80906,10099.430226064958
85979,17257.224760856214
100004,9861.702265799066
108473,20010.819400767094
77203,18064.472594277588
101523,11158.223869814956
91769,22459.83574593382
95403,25240.38047345412
83930,8870.771704615961
95272,28653.751523624494
107063,17264.695163988912
105033,7510.577856447971
105705,12262.775430863867
80224,18817.099021689868
98468,9228.95079818698
90993,23069.478068442364
89413,5512.053679816644
98561,19502.24567051625
88199,14038.917701331686
95082,16897.66727995054
96647,7420.12224635296
80307,23364.776843220883
86717,7587.074122693724
107754,27581.186150918682
92740,19273.67839094147
89653,9092.205950326199
83458,17284.911346043165
88918,6035.323740000379
80859,13455.851046538804
76830,35704.381263404706
92727,15289.910678516844
82512,7724.954451390329
94918,32623.90027909974
96158,11790.65746547046
97812,30350.78768983425
102820,11514.045120199544
88655,9444.876226342396
86512,15507.582331099682
84814,17202.98694482039
82832,18640.819750293325
86946,7619.018190809145
102885,7668.538591745951
86598,18831.377543650742
76927,52006.42635679984
83377,15131.574090552202
81917,28744.9366674825
92972,22663.44208273596
94932,16564.04710200838
76026,37846.02243334034
82383,33597.980144481466
95697,26825.62147168279
79489,28110.365860735204
102254,10927.52854656525
95248,30923.49155909821
99438,7303.579393725677
96002,24725.545394975976
107266,13446.6606147705
98233,9611.15656210967
87721,11802.860227332534
76462,42188.284376864285
101352,10646.111545864322
89118,9547.152806117627
91908,25558.370312805473
94169,19491.378202751675
105347,16915.240234472334
93347,19855.546423987158
107981,17274.017244541694
104698,13794.9411671239
87678,19141.245301806935
78945,10968.726048288761
106051,11711.665185109052
100768,17062.8139775414
78915,30259.138743946725
101837,4256.4770600450365
79136,11618.901157907125
97035,7891.715749970447
78591,48756.44167712958
95969,32463.324343537763
84208,9561.418516036618
100228,7599.026384509082
97687,10812.439352914904
87591,13834.400629691936
96149,20774.893407881467
87736,11827.331190372019
87550,4603.230323988751
102052,8052.5487883423275
78827,34230.723024366416
102402,14816.093410267056
79412,29482.475425959878
77865,46689.86927820882
107971,8753.941768792341
107469,16050.852757020535
97612,10375.912907842434
108451,17513.851062921312
91741,21961.562111879786
97524,7468.954302711203
88979,13470.586204926345
87740,16249.76879446199
98817,15779.339377684219
93862,19395.23200748205
99648,17534.50756813428
76643,15054.624125348924
107633,16369.507176489673
91213,25698.524478761396
90869,20213.795904491075
85444,16392.168146835156
104383,17661.399402367337
76870,16485.514698711017
79279,46973.61671845095
83999,5296.956782522701
98596,8575.13715319398
86831,12461.257191959656
78863,31945.984946447858
98360,7431.393768466216
100096,11677.14113307324
104448,5902.438996979259
90367,8971.143275804858
103277,13253.617821629336
103728,9424.978788803259
84370,9311.424588530877
89978,8437.58106951067
92359,14056.076122808043
90135,6692.544666693991
87969,15095.810444757199
102318,11965.744989892713
76607,39420.59224115609
88481,11724.158119171947
98436,21769.96921528436
92888,63977.133938534054
106269,9194.488523205795
100538,10626.5232459474
106326,11414.062402400854
82449,5438.455860469233
91142,19199.924256969825
80150,22138.14300670551
106004,18930.271035048096
108069,17014.64539366959
87037,17847.350865717628
101280,7681.745605762329
95763,16474.705804916863
86504,11699.872699380972
81964,21237.53145862564
98685,10447.363083057719
103215,13382.443823053363
94922,35475.17051194888
78554,23386.321738682997
105764,11288.9308828231
87972,12219.75794693746
84358,12169.501032128044
94964,20605.425741369512
103241,9671.877589547363
86647,12690.047637578693
99158,17378.194808941407
85420,10745.736056801185
78077,25410.872961277706
107422,10979.654984401015
104022,22828.282245707862
79737,35004.28293313905
80207,14867.685274644014
80967,21453.681809291153
104178,13759.428813298988
81030,16771.41094062231
93015,20959.14902978104
80407,24905.435467716765
87649,16785.670082921355
76690,16412.211690349322
79789,24006.903773665625
82746,7951.076961535567
87159,12428.515443514778
105962,12310.131139133493
86711,12895.113879401655
90644,5914.1142392242655
85786,10370.112455632958
107631,21048.617083287594
99617,7161.263997798754
96261,21138.166767039318
103524,8112.41817312769
106761,5346.678054895039
85261,12173.758337279785
82784,11559.2061255688
79866,8700.710557515971
85332,18622.855653574385
91102,19802.994999693965
86628,18117.545560079776
79673,32352.083987093534
83347,16115.775117986352
94145,29521.910124100203
106036,19121.405217189178
82287,15265.64479123862
88789,12346.878417588354
79618,32936.03171871456
94133,22883.831670758056
76165,19002.802046544923
101369,5321.398871665932
89387,7868.744052737712
76789,34564.54347658821
107309,12562.514330600592
91783,25910.14211705048
101897,4694.170682841453
97745,17895.59823712159
82133,45565.85569833605
91614,18134.942916177646
97308,10284.836669956552
95044,46105.697955749056
80363,20102.95015813078
87137,16900.729149020568
80900,9868.3984717338
81525,28383.63214878507
86772,10877.290200526635
104784,24288.821203662137
76211,29426.634448244742
88180,10732.672371653078
107375,20118.353398933898
87142,8726.280186559281
102944,7258.435124173608
99258,15545.707497940604
80209,14329.94871698195
81591,15236.29186070439
101494,11791.513961220904
103703,13610.88082280511
84613,12002.957974509145
81070,23478.02805099945
98675,23208.23264695066
90638,6155.317557587561
78215,20117.907294027293
104188,9649.433565053596
79525,26242.13659518536
95362,20409.812331177956
95717,9388.217337929502
106872,24634.976404654506
84301,12845.389025685972
81601,30196.776322957576
86575,9609.203104907714
100108,10869.035683296637
98140,10649.217979809015
80480,18139.078974983902
105961,21893.2944529272
88147,8666.543599313149
90426,12242.749278032441
92503,22722.140091151923
91066,21420.955446100226
103976,10362.091418397162
78267,21618.146026615585
99535,7760.480626574198
87776,8625.956894425373
108501,23245.775439044555
102285,9451.633439486488
105946,22179.38949916566
107799,13238.09980543026
90291,15040.696168726916
103617,10869.035683296637
97086,13103.863431600323
108058,18146.408172420535
84663,13720.60113429334
83054,7442.798945928235
80706,10283.394383913404
84885,7772.46318826541
96741,9857.527394707813
89018,16725.918517323913
102962,12088.47609544113
107208,22167.980007417962
87254,9064.579918292287
90928,32544.270507254696
107211,14999.181744519025
104636,14108.991112749558
96902,22105.82873061493
92953,18730.272967903882
107082,25622.51275064848
87483,10006.512843877344
81493,21804.38716927279
97521,6727.997285707348
107168,50666.62821480588
94004,26614.858190213916
87794,14194.990544495642
99172,9554.939291501873
78673,29145.00477057366
77673,53169.81804161704
89569,19162.172198135766
95130,10726.252848170441
82941,13438.065298231068
106278,24482.24391447195
92295,24607.69238951959
100500,6927.730854771541
82192,48615.549309820926
103583,16827.74616356057
76059,14364.59103743456
105499,7090.3599075282045
107083,11676.839303211344
99563,9303.152899671535
94951,14486.120291043777
103148,13791.434880683753
91319,14393.524114733766
93386,24150.11891017983
76109,10071.528660759865
82945,7277.560370476929
101785,10335.18344254329
99381,4034.9825684887223
87060,18782.327218156574
95211,31097.05137814727
91694,22077.382526500238
77173,50703.969070278356
82094,13976.147422958835
102120,13281.401236440332
91721,13255.375680878478
88100,8247.965444880712
101115,15381.153261249805
104595,10624.779378138066
90098,18433.496178965906
89595,6041.8155875082
82269,43337.84989043661
79900,21053.2050124584
90360,13302.17737452949
102462,13246.358810209696
106639,18506.11458165917
100825,8619.71668795315
79579,31961.95342203918
97198,8983.16673446843
78303,12754.791333529925
87680,6131.827616752698
78160,46925.17351006085
76168,31306.06207493726
88329,19599.98985123347
97416,14171.31893700297
93159,60826.95144119585
91927,19440.935063739125
90611,13121.875527920876
78641,34229.40719779898
92598,20447.14879061675
94425,25186.890129915915
91168,22079.96433144848
78734,22983.543721148515
78005,21671.440906191387
93001,32377.5784405304
101473,13551.056653888198
81076,41339.6955216726
89625,7582.296590790847
77610,9463.371444982648
99909,14664.80414707572
84285,5683.438976714541
87146,12489.316554386945
106204,20870.54928763248
79047,10896.920335921304
101371,18393.47125241676
83269,11935.663777676811
79251,13375.819780739319
83976,25078.444288170693
102684,6867.755245315815
97327,11705.353400366144
103469,10095.393555016879
84299,10491.692943955777
99272,13186.551030501758
89489,7165.634165393769
83325,10178.650123658705
89423,11370.85236393423
86724,7940.050247880515
83802,9674.797196126481
92419,45920.22055009622
104989,12138.443248737476
83670,18408.610388241173
90400,7685.085380911914
107433,19015.316432441323
81641,31676.614595299103
103722,12635.340999254782
86632,11212.229972947045
93036,19469.34769499273
94398,16428.358717698382
84906,7471.835854001083
81280,31165.819408632145
104075,13876.342362286732
95998,26786.171988177957
100993,9540.289827126502
105404,19755.620705634585
95615,24534.872849752584
88828,9044.736813697275
94230,32071.629051408137
97101,29794.314488312226
102266,6521.317158614333
95269,12814.720490059552
87008,16522.082394930443
96384,21061.71458675741
81461,28322.631921562937
92651,39399.55254140202
83997,10591.766667548263
100143,15745.275898600295
86721,17841.40213036526
107348,13155.967702226351
99221,9344.701545325777
92846,19525.665963827778
101042,12669.357890548277
76663,49312.092885705875
87986,5703.973560163971
92959,17190.04688586539
86076,9365.604784879515
76987,11614.28720174971
76842,23241.36204534304
77966,12052.365028200527
86599,16106.67602082377
87922,10021.893412158111
90812,6097.210117909797
90897,16960.30738715864
86531,10222.543997272362
83583,9901.128837151902
81256,26517.089157860762
80343,13813.701059509214
102122,10741.3910510307
77334,35187.11106009288
102222,9657.295221330069
93883,16239.496472881543
101876,10508.036544730934
77602,15727.14062941398
88598,13748.538202183525
77524,26415.850739348734
96783,30156.51826909905
108041,10884.487697108074
93694,32146.88528513323
96258,14874.148910699036
97398,11442.064066145243
84225,18992.82480018985
86415,10968.82156041297
90604,11062.912630578307
103848,9961.449574503058
81012,12019.020147403988
94703,26997.18650472743
107406,10628.14172635088
97842,5682.122948463198
106706,8505.06185185257
81667,34192.60504673519
81092,19109.3713546671
97523,18423.882405192726
77107,25021.343556151587
100699,5891.63328058366
86969,1838.0571228255744
100917,10258.814076512363
86251,9621.195657138342
86424,15895.9508785093
79990,11423.606212515138
86382,12356.32705307939
101613,7618.767403169174
78397,15354.89435914301
80111,11401.926898821512
88021,11333.443736272739
76832,19029.80585023839
78935,13553.228100427144
100446,12326.561479598922
100621,9493.77491787536
78399,11065.497805882564
108515,20065.107106008305
106023,10756.07939902947
93721,60848.38123931079
83647,10853.102543506502
94136,26896.590723486308
95847,24875.8047704078
107172,12342.356998947495
94458,44907.25091358853
94175,16871.157208944107
92726,23934.12033667846
80910,40580.68779533056
86869,11298.757852961546
81258,18831.213264441012
84340,15653.644394776251
100324,5714.549604720117
99428,5644.806347779946
88878,12330.695726343685
78066,51756.03785226254
105935,19559.15299752251
87309,9126.019103605691
87656,9978.408263814115
83790,10763.39547637419
77893,6887.09736038791
76055,19590.251868024818
99688,16586.94207583473
99661,9300.283061796137
93173,37999.5915964211
89291,7559.8242664010595
107766,6907.460691343635
80369,15017.211666363311
84448,20258.295751179463
98481,6029.224822695659
96477,30201.58501414205
94818,13790.178352234381
106708,14214.096723017386
77786,21520.415426573923
77244,54432.3052668094
91199,18697.614106676792
101108,7316.336997419503
78967,16130.251585306052
106914,13906.421670140511
91647,21506.389218057324
91411,28734.11731589368
98766,18351.203211483153
105906,8799.322462563925
104682,20576.485543748382
78615,36835.35428370043
85253,10742.87083886653
103137,8036.073239998739
94662,25325.503488531533
104640,6950.238315586704
97535,30408.777877779674
80168,37461.09426329653
89005,10111.31066106181
99876,19850.56287189131
88741,9804.408962549605
88333,13310.789421337862
79822,13190.787436503868
108292,14933.657972822199
106845,14063.569744095033
92167,16223.732849950315
91226,14021.250679148385
95206,13987.080689534596
92166,39958.560422645205
102963,11394.63922733058
79527,49817.83357101225
94552,25550.39503527444
89210,9217.902309625655
78573,23055.998013244545
104073,11302.7132599532
98520,13719.018929199316
77491,47651.91482257227
103333,13769.781063049812
80090,23003.950380823073
98666,8900.940983286906
86798,13544.416114526615
81728,16182.13675265356
81606,11698.464062604766
84372,10601.776350283668
105528,9320.185239873726
107436,10267.330259691518
89038,10181.298772802986
102983,15745.482629112654
83135,10944.707734092044
98165,10118.707724512302
96159,8146.541072198477
90229,8074.114399317178
87710,16048.676893777625
91414,19265.891793747545
77961,20759.852890045786
101890,13503.1551005582
83710,8561.0523721211
92874,21645.537375199594
86534,7272.060335396203
98517,21548.51862054217
76174,34286.30825470612
107068,21448.262438597118
98050,12887.972028883994
98718,13152.441563485549
101964,13694.594298059832
96813,15062.315819739511
95118,16071.623061297538
91139,26743.250543582533
98838,2346.066773383047
98268,10784.888373887134
99553,12579.042881703013
98904,10305.921730319866
80828,29287.506569507346
100001,6822.323510921628
106691,22762.029184414874
108038,21057.250961910908
98715,6901.973163314953
85714,8424.290793137454
88475,19035.49060429211
91923,25503.952103787728
94795,18535.24050994766
79738,12506.251077748679
104213,9949.684697839424
89425,2802.986977675776
82405,14472.671814036277
101000,8732.606485200533
83819,17687.28296271932
103491,9819.43744728523
88226,9592.235960973248
102022,10483.204346368846
106889,6763.010428200541
98697,15163.210452332265
97178,8807.315252872693
92375,20220.661348149464
95917,34217.07703351148
96308,11312.590435220873
92406,16206.490561798722
108375,9463.462111117442
76860,13531.905341279766
82234,21234.86450463539
99593,10514.622968705295
82962,11264.031997834205
82016,13151.205388292035
86781,18219.233447919276
101065,15355.647999820343
95525,19677.372649015524
95306,32091.286380539976
77397,33985.309380405335
92496,9325.633725550453
102473,13764.93322187743
102927,15320.641118569327
91897,27432.259092269745
95554,16289.29756372696
97488,21333.035347490542
76085,16809.35827858626
84133,10275.962929064928
106369,21925.042321829435
92172,12184.175309917113
80532,12147.919492786106
96952,6643.9694181988625
104627,27123.80467806033
87415,10745.685022003248
97047,11249.520246837845
87227,11199.116961558466
100308,6834.032507206234
105075,17281.277171727794
84539,17425.878858478114
92284,19414.889465604076
95634,34211.171441829676
86731,9429.485212361948
96425,12955.375140880637
96765,11690.55115303269
93239,13017.04217093892
95450,15343.356925613807
102086,16293.677212879762
103024,10765.112483658873
92808,25678.642605132503
99619,8711.325049789693
79704,21045.423021961207
99613,20961.301023069267
106854,7637.102685970233
80959,46402.38897862286
96020,16766.09753241925
78736,14021.2379693931
101207,14301.410458030827
89767,6745.032725301099
105747,17793.73317859184
77828,15632.724848394404
91572,26785.60976976991
88785,14053.637946815583
76972,27922.153314480744
76362,24185.156639702196
87572,22039.488971223862
82399,29677.554795513763
93833,20469.616703575528
94597,18429.061140443027
86551,9255.623892062204
107163,14878.342705173782
84085,12684.034169982971
93349,32699.103752395615
99389,19990.052303062595
80970,21815.19508068414
96279,10205.760955068614
95329,26644.4428934354
99228,11639.150437552982
90184,16630.41968121291
107226,15404.550583319777
80769,26363.004908277762
80742,17700.609574803
93650,23351.990943321944
107530,25692.2006594713
87038,11082.460964056925
80146,34198.34456775195
94892,32057.98322315008
107150,18335.77652995058
77880,33592.31825085809
100591,6769.561695572279
80919,13493.067950580347
84533,7053.97507045451
82006,13599.279416231368
83592,16277.96336455735
77124,21480.393476226152
93924,18974.65599462495
95528,19610.059236079724
105644,13422.285063796879
85662,16490.911528623816
83079,13029.151906871642
106655,12001.463328861511
96517,12563.119399218658
80260,34668.450468669485
78203,13483.20438616319
104045,20160.91287794918
76147,31772.36886568216
94260,23852.911027980146
101648,12138.303168916738
84725,11266.305039525358
100099,11176.918649030978
79381,8501.469256529856
77511,10226.840897000902
78265,16036.666486069502
85496,10173.133202571114
77336,12472.953977256584
80330,32683.294734747506
97617,13010.916186266366
94477,41426.95974816627
94881,10631.09644719534
76653,85598.03268814112
89023,17081.318404162717
104965,17494.0050503729
79637,17923.80102255928
94018,19364.059547511
76481,12008.863102994526
76139,17509.573346079145
89662,15450.795943641886
105654,15513.398723034938
101555,4504.670376164362
107636,14878.274880389943
99722,12105.659546876599
77887,34722.64941807687
83236,15815.732286050437
107964,22579.07073436062
108137,11818.006069060457
99718,20014.189728338846
86701,13488.120221554636
77077,17719.858152627934
88040,30766.75961448121
78583,16005.673675764978
85917,12236.194528351003
81283,22327.387157528214
104304,10556.385350053202
87081,15527.956257408496
87129,9767.49900587753
98111,7181.964015103292
76125,20206.484801239854
89395,9755.378140434903
105028,14355.877003112571
98036,12428.502976409682
78805,9407.31319878088
103101,12666.850947877207
108365,9934.794061517792
103367,15786.091407860826
79524,26365.656127946633
96079,29909.654660770164
104361,47243.25367480152
106133,29719.521981271155
88514,15520.752614228488
80511,60947.47772436861
90340,10720.474469258525
105563,17607.689009046597
85987,15781.010883643796
88251,15947.133488184663
104270,17770.960710753552
100820,6938.312866308661
91061,24212.23445821975
94348,24548.693306338286
106956,23194.233611095802
100858,9659.407251860293
81114,35326.73691616919
103100,9507.823466510144
87787,9902.077408552479
96168,20568.3778847785
107880,9219.448013939267
79423,8761.474089214336
96948,8263.602668592868
99709,11235.72943681097
92562,23171.533444060293
101684,10698.086650312172
99037,16015.118449183798
89129,11260.45650079813
78722,16002.261408398928
100854,13069.442980821852
94206,22087.647722086607
107045,6621.037978101588
102537,12840.823553071663
95597,46754.5543010438
88680,13351.293615031978
96439,18521.35500515236
95466,23615.148384190565
89104,5980.336198367097
88224,10015.76635149877
86152,9040.732571382609
98291,11784.343847857019
106901,19000.492659732852
81783,40216.364312854916
100932,6952.333260270544
81607,11162.036221439153
96664,13354.188960647367
87553,18395.565059503584
95513,30772.039015205763
89899,15822.024081808968
98891,20794.108704699214
107167,10074.20942222168
77353,10896.2165563821
106280,20489.713334322205
90874,6908.834059403867
101248,8096.089889574598
79805,29871.255232335425
106429,8811.537572913245
80749,30110.909682576024
100354,8703.91204193512
80249,14155.090192092395
108135,44945.7006219468
80931,18551.096946015256
107899,8615.014040968208
106399,12361.367291541332
92635,29840.651055880233
99128,7675.891537677407
83388,10845.624735879222
79225,33670.230494988085
103533,7856.103986481992
103029,13482.743267910995
107588,28812.399147759166
92646,23486.939280402814
95432,27711.684938296574
105377,10460.343623253872
104914,17049.40910305501
103692,6614.70857795984
90273,16278.259208488636
91496,14609.556425630915
90243,29325.365889618497
88300,12945.910472413938
87519,12301.49334336604
91612,19662.395945634195
101939,8688.968367721274
91015,29055.11123295952
90181,21822.259119738163
78441,14779.175512986258
108389,11611.32156116347
92627,22964.75609003208
96927,9156.324115383675
87730,10344.01007691076
89842,20733.174068206474
92971,17506.784906664758
85556,10050.016707169867
82669,13272.691820904545
96673,9768.206245766047
79153,37211.2922076925
104675,12684.090719418818
91062,23682.575923606513
93779,24008.080220009495
84248,19629.047913911687
85038,15532.561698195834
87003,14231.675701287604
104951,13414.159470343257
80530,9364.573234152016
83785,18183.728617881785
88812,9138.681688735942
82270,37630.48075234929
108300,12335.636926479776
103880,9722.365589616209
90507,16086.851661831066
108049,9585.107019312118
77105,21590.69100719063
86615,10116.463771838029
86494,8055.881209091015
103184,9850.89432810273
98599,22616.301369813064
104375,29379.4076548365
107205,30676.70760651992
78844,9828.154244459958
99780,20231.573132602192
88969,9041.069780791882
95137,43987.58588502525
102509,10873.569177516678
77745,30574.61491686412
86566,7231.661906050656
97877,13583.93326714145
101765,6183.651331403907
77886,10726.775786815959
90185,8939.179809748448
104203,15794.713219649208
85229,17402.413051502994
96143,17962.638871050698
88575,16311.835455402073
104096,15499.340918632797
90161,13426.544067926621
100702,8088.637259008964
91390,24353.081642835845
94518,18388.455668629
95365,14982.260139394994
77078,10252.630194478463
103981,9671.149971337549
93049,20936.05421444727
104932,7508.4831062002495
80929,21810.922853167966
84280,17140.36492754349
107619,9071.697620957755
96726,6260.385253485203
95122,12655.082409633816
96286,27039.13238502837
104463,12132.34212662877
79669,16400.445309495757
83751,11454.135104025587
103686,7834.582471485543
76601,27859.78489103383
78424,29654.45873103659
103522,17458.58826211504
96181,16772.597561298695
106896,22202.893299161115
103201,12020.409902181083
108472,21979.788943113686
96100,10279.644167130506
78149,39921.440775129675
99046,7895.491418062222
101215,9222.292969581229
95675,26256.40992496136
103753,7797.100355906389
102010,12983.1825920154
99789,7861.407680744672
78760,28696.704636546972
88270,14645.68271358701
77169,30607.29849971114
94033,41666.747869260565
96304,10287.551259130367
83591,9534.65655982959
80417,19740.14201586377
87101,20224.67304323546
91487,23164.344779650182
107256,35166.518883599725
81695,34110.789800907776
104760,6390.770912478444
86668,10662.924058072433
106007,27548.940458395777
94726,19584.878043132212
80940,29523.14875928647
94574,16273.41875837876
100505,11115.418710534399
86383,8235.706369347441
95683,15879.428093711107
79982,10782.598145862532
91488,41485.43923917216
79556,40056.88582183933
108183,16037.970470181497
93993,32373.84123293371
95976,33573.71384821413
98574,24035.2401542213
94825,35822.52180842967
88397,7112.731614159253
84250,11272.534928736928
98593,10195.054240352436
98330,6513.982532547062
103350,7015.076372857022
79640,12619.422396781545
88447,11075.494090071032
97515,15011.980563308181
99951,12425.880987643792
99333,12977.088529781613
88755,6242.615536412744
86184,16149.830076516953
79396,12533.179179640612
86690,13556.597201215194
84172,13478.893605735297
94766,25886.741450986625
95569,28277.071139259664
106158,14334.031883270845
81339,13146.849713042959
93286,23937.64102476295
98950,7904.226097895604
78868,16320.325870751458
100793,7278.987037413849
90095,17154.20336202333
77269,26311.682615315694
79615,23539.08127292541
104050,9843.494570798035
103961,11970.286079646026
105844,17846.43427954009
101832,6653.759092635755
102550,14471.260672198128
101434,15745.275898600295
101418,6779.819523258526
108042,14429.618406987498
107747,11318.555162552884
84521,8371.742234610823
97615,13372.261926862177
81424,11252.827754157748
99517,8718.568266157748
86658,18275.06325642506
91422,19437.150739788976
83839,16448.17326406284
95100,16770.30592726243
108425,16057.4057831714
102439,5886.050009937721
88840,11750.5545601881
90580,11359.126772970818
85770,9298.921089807754
87728,19280.57674739926
89952,24721.25883290339
97315,17072.7489338565
85711,10309.663281058287
90358,15403.628879664211
102929,6937.2564582062005
82447,7423.365019240504
100245,16870.09548816317
84784,9420.35777328434
76465,14853.467527506851
87664,9997.864429805119
105387,13366.01051579599
77089,17527.29918944178
81610,12473.491739717996
81058,16213.301451663641
77730,48831.123266331466
87459,27006.740884680574
104036,12228.95853595422
107145,15954.072929591262
82326,28427.260195942483
98946,12168.309325829445
107053,3363.889029939661
108371,16569.678513955023
99914,7208.853129329903
103049,15917.034224658208
108509,12728.70709125576
97598,22011.904793968304
79617,26948.033992977787
95140,19906.78743196461
90323,5014.737482513108
87974,18977.797994651137
103944,7767.547552895199
103018,15745.275898600295
87158,11039.68851164688
77669,17784.74497729708
98042,17911.902245647165
78268,46989.27111080143
90767,5813.68556055562
90669,13236.495267260101
81912,5267.161651306538
100120,10942.673943823405
102601,8997.550238402113
106911,11936.210598556076
85941,11064.952713756065
87006,19540.887739027738
79286,29042.436648305436
97138,10879.844659717453
90797,5663.3750460589945
100707,10203.719122180692
107334,11600.835763082163
85757,9008.410652202261
85888,18789.644616175872
99962,25003.18741960597
76188,35452.1912086005
99064,23862.38970010057
77045,31763.416545883967
84655,8953.504948017253
107154,20426.278996495366
95840,13337.343530355578
82979,10973.227405362008
97459,8173.070169903095
89352,4141.66977312422
98956,20253.462189572863
96121,18087.37563492927
84625,13286.74152006655
98767,8501.288732321613
104355,20366.975730400336
89678,17895.611978039484
91357,33244.23859795486
75998,14332.943274986648
107603,13135.06106206207
86574,10685.011812031065
83632,14331.399849607717
89374,16130.696280886197
81663,13666.46232473372
85717,6732.518298802665
107272,14373.518659947506
106265,2987.947498125827
99040,16993.79041938126
88694,17129.576033136324
85144,16499.679284145168
86820,12069.437962352662
102396,9214.39159123989
87881,12444.962000896441
76603,12965.546165784714
100941,9116.311445440393
97580,25300.79750165161
106362,14959.053779659553
84680,6487.5654287005245
105064,10297.618516385472
105522,17572.402828325045
82587,14802.84821832138
81216,29638.821552409754
77075,17816.337861913078
95633,17167.110170104344
97702,7506.233464251245
106735,9773.121842999848
78177,18789.608357067897
108495,10194.048289410823
100743,9996.608144769407
88876,2504.060563447798
101192,15617.273389461205
87450,11375.437790964985
87281,10428.431763138156
89740,19177.463590828655
91037,16865.444580745196
88485,18817.163924188415
103760,10719.558068658362
108527,11689.65810842792
94564,31246.89659023862
96909,13392.176627301966
96759,16465.32817811519
99752,7759.514303537031
96075,16375.368895790452
93329,15527.266498180785
96936,26288.731366365857
98873,8061.933778676116
90863,11690.880255042213
76692,48264.56907444435
89812,16064.534083814782
82128,13789.717994830007
96066,9411.556372128016
95160,33719.39164353178
94923,19770.923012566636
79998,19874.663184664947
98555,18834.58843922446
84197,9824.761688750325
93881,43261.7358150472
96420,10552.899307934069
91466,10054.797185758674
102246,9061.81463211804
95149,22503.25173833696
92066,32978.96670440399
94579,34069.77417683235
81791,31623.780541701963
87929,9193.947206921746
79839,17833.877649939186
103708,10066.49349357036
78718,21435.634444339288
87840,16119.732955179068
86316,12394.127211437895
106118,23644.29909063716
87923,9694.08389241975
105417,19938.019266640258
95584,25896.761117455808
80187,8633.361435490322
96280,17240.13804132197
88069,7308.701011901961
102826,10144.364482949377
91166,20325.100693263998
95616,30112.38857827659
77374,28826.464150439846
101288,6328.360174404956
88801,15688.117742852719
100060,8164.676974124763
97336,9999.328396644663
79226,17361.048273819528
106287,10644.954515943258
95018,22484.534214952368
78131,16249.225864114407
84551,18605.90353023907
100445,5602.752973906635
93031,20823.08133203388
104415,16701.552814171002
82984,18426.18708824439
104242,6975.047444785214
86170,18253.831367006136
79814,21576.99255879115
94172,34879.16955902495
95530,52656.43596430108
96105,12467.526505389504
87822,7669.787771222645
78073,15493.623830990016
106610,18851.514091620465
99065,9695.647781284522
77646,56779.83525467766
86266,16626.036070233135
80186,21651.656115950416
102645,9332.898738472659
83453,16381.149405869886
93905,24194.565460691094
90535,4502.522698421997
103695,12607.72607440181
87488,17536.083570741954
84520,10374.159091111549
97541,9483.025184548193
93818,27748.306383955172
90796,22295.41676046507
92896,32807.56617872465
95577,17351.199261764938
101488,13852.88801333058
92336,24296.86813023824
98826,8506.987576866082
99527,13536.193951375533
90582,12855.184818920678
99787,19436.24554885403
107806,14902.659335528253
94108,20770.157766595905
96333,9781.33113600812
100710,13931.804982451444
94129,18909.57977882362
85361,8420.785309019844
86043,33471.31387407793
86833,12387.646223329399
94373,19167.30040333037
77978,27012.994872893985
96250,17781.919405045726
95594,31468.910398756478
96781,32704.995317015022
91860,27320.413678358884
91206,17643.343686540942
102627,7009.564036013261
89384,17087.541904498677
100945,10048.905042624338
103337,8187.047238146769
78230,19995.528057475465
103814,12401.566419624867
96429,12153.57626955675
81547,25144.453031603785
85056,22169.97450309423
107758,9319.30931686876
81328,23354.871428242466
100775,8215.429042728489
82066,19031.85690660393
83908,17258.80971812805
105323,11036.288009928985
77492,15071.910160028068
107451,8172.5843739465245
77351,10351.896871910398
98029,8070.871439822156
101572,6768.540348774673
94944,26329.647375615248
91179,28776.390799819135
97780,28035.56573008174
97978,9633.89881078911
104953,13584.306271218067
89173,18854.59339533506
103406,10486.466575983333
105570,6837.891216621085
81815,16805.626238016182
83095,13161.135959792451
92184,22971.658063674873
88793,11932.163720698309
81805,10358.180050278805
85794,16901.733027472856
97245,26815.62496094089
88691,9981.328425461757
98261,22604.817696816575
76495,22032.7880237352
100400,9967.605277750155
95964,35432.413675250624
101477,9623.157814645894
91345,19636.28336655922
76207,35834.66488518755
88153,10340.598367511107
96153,16648.54506104576
82291,13615.45236140744
99451,7667.512205336644
87965,20214.364904454087
102559,10066.69929008165
106147,9274.240595153437
77921,16803.23697478951
82334,23805.44332068395
108164,11005.303587027667
106096,9704.82947386229
87657,16956.60004137024
98448,21402.402005920936
91900,20449.03820527222
103220,10712.591442502753
107077,9349.099757154905
78197,10976.290489528557
101655,13014.41018317263
107006,11434.406469332413
101367,10501.89666588386
91219,27024.186988194895
92182,16381.504087254569
81544,18521.048132830885
80496,20785.163572738602
81766,25206.7681017856
96589,8721.715191558378
81711,21879.252245402662
94981,21486.47904599108
80701,15126.92653762938
83791,13104.477890324617
84832,15305.286382356782
108407,9848.010664662752
98308,17057.550173247724
101437,7153.850224975439
91248,33927.99463895108
104100,20841.42213694288
78410,30895.08495575926
98413,17034.28362648975
90060,11632.117150741
101366,7991.153195417102
98709,8806.930306675256
102890,8326.523122471419
87962,13320.972677475935
79140,15955.051404472293
94166,35425.56416920824
105551,10661.665870045525
99518,10982.973393835602
101813,13909.29195447871
97443,26389.101310124344
89725,7943.345163250418
100115,15798.942160737257
91893,16607.583357893065
90000,5906.848108253917
82989,11087.925057788701
89359,16146.97166620568
91971,42338.37581111392
88614,8100.743023097658
104765,12284.84764879582
80918,23062.18495163287
91622,16931.79634686607
88210,11406.359218800715
82019,54911.68562848564
85200,13974.415688987056
81558,22183.88245664086
99276,11133.9762204983
81563,45433.05538169623
99583,9046.996937714588
77201,10426.405266951208
94664,27047.132581562095
99203,9092.495350674604
89314,10843.054985060722
89306,14610.364753890264
90716,16181.015209870171
84217,16837.01929959944
104655,20937.791589568693
92210,20400.9495006545
82528,7678.831641447018
91346,45537.78490023173
88118,18411.997008610655
76132,19969.0179784241
101208,11509.208241139057
102136,8261.401917904323
77562,33814.62140848534
108283,24235.680132557118
100008,15745.275898600295
91342,38052.20260043782
107698,11041.60783889152
81538,11770.66174814629
99044,15383.545820811185
83163,5121.357213554202
105124,9019.612081959644
86549,9351.778149428019
91034,9755.20657154477
101853,7143.217884644873
99837,19167.640411275086
89337,9459.89866647906
107369,8803.718986817834
77529,15212.148154275608
78801,14989.498514412153
76409,22178.48459424257
98146,8669.046920064067
91565,49429.92593172998
107994,22921.22436471995
93945,28379.36364896661
99755,10864.703065771559
78753,27951.39683445124
79674,20962.02538970399
101599,10567.058278255861
81659,34802.743166595945
96322,7173.843848409322
80700,34660.64080410516
101522,15745.275898600295
93595,27143.605573654862
78924,18745.40528162788
102891,10567.058278255861
107611,17205.757272917832
78528,45392.82269706011
86323,16036.9162831645
103910,11406.998380488216
93854,21030.610405595733
88710,8039.479016666443
82438,22676.914359210576
83328,14249.911311472335
91690,25253.28809555432
83796,5886.282657335554
99904,9543.722459863013
100270,10673.650309133729
88422,8283.932636944692
102971,7762.115497078254
106161,9866.243413806567
91244,14101.502842807973
81158,18945.605944990868
98004,20228.15406321378
84522,10221.613476257067
81215,23556.228517979835
94487,22997.36394255624
78065,20839.577897801173
97766,19228.496299564315
86180,12439.240766578072
87921,10254.84854141195
76160,31309.419455567648
104197,8125.56619600404
100295,9056.554113045238
96012,13110.500933172554
95783,15270.407136077401
104527,24324.28216360285
77354,24963.944749646944
106062,8849.634268731232
84578,8847.156194165505
99784,12716.651705100516
91716,22261.604111652443
97394,13715.745296789788
97254,22575.899430650774
87501,17685.94488405201
95532,15497.332086369368
91011,24098.23092490066
106069,23501.576628302217
105103,18119.546801604905
84421,10497.679479596156
87363,6027.676578610217
108379,12841.474841333138
83268,10419.695083873223
94592,35846.94356492579
84041,13444.83834750627
88908,20602.31010338822
85932,16378.933481680931
96593,9820.211579473447
106195,10514.913029508361
107153,33247.561219692405
104500,14684.19422272047
85737,11829.684808931557
75997,10580.18700395671
79336,34096.65284621161
77061,41292.0847021047
88839,18375.289343628807
86859,9119.031750816412
101090,13223.493030812151
87563,9780.555770851255
107188,8553.765175852073
95198,19083.203558099874
86476,16066.841726181208
99894,24175.297021570277
88279,9996.187587291131
108121,12760.292254506687
99827,13325.851191822829
107457,30090.44221346131
96509,28018.125120575383
101858,9145.708398769379
93052,24358.68380494502
91879,26781.8477991121
107229,5902.7099958218405
87917,8854.408822232279
82310,10096.322175862793
93584,17218.09886549622
94356,3275.67989749246
76249,48292.63277565775
88386,18125.186066406382
104406,15450.997854843876
98286,9609.680212918392
95310,22855.27265417439
95994,22433.147274993713
79879,26149.539596182127
97135,12776.123101882962
81818,29881.741223437053
108055,18878.103746106597
96474,30621.101423574553
104358,27932.998331461466
77110,11121.570523626158
95124,11273.09198779237
100539,12981.750815056146
102883,8618.167297880402
94081,4369.180400535023
100018,9196.57406062109
101491,12684.737088884674
89297,19059.899190773103
99337,24689.166057910534
78463,11560.984408853676
97799,14089.736253361722
92138,21198.9080390727
83715,15012.81377710908
90455,10838.193058015015
89100,10958.084945815111
79908,22082.631498691997
91045,16188.411457010334
78357,15406.68557853478
83989,14589.288964017494
83057,7763.944160749773
92472,14414.50769295284
77836,7608.108667224909
91661,27299.77439639479
103107,11368.226263822711
95476,28950.61862860248
96615,13084.013135909248
76337,60726.71954574245
85067,15008.122138168865
95176,16525.198375046664
104450,24788.97915609142
104227,24194.660212021652
94327,14972.061993523022
97056,21275.671489876902
79775,16023.404719581617
91282,24505.41695079744
98425,14255.472708843608
79509,18152.205022313487
79798,14072.760254525136
82615,4523.220033251588
106314,20519.6983796683
88964,11073.26314223632
94303,14170.40123611573
96851,8462.466672102064
104465,11568.766778573021
89500,11560.510476210175
100482,8537.508199366752
102159,8470.181157109275
83242,9874.1419139067
104780,18210.74418546009
83902,7527.749882856642
88955,11635.055257709311
83139,4538.181110003814
88842,27304.00418711051
99320,7519.294194608998
81840,26548.745217816257
103216,7214.980420819877
80734,23968.396358087637
102743,17580.576604000107
76855,25525.266022172415
89866,15101.143645074702
106171,34215.81378518223
76530,12236.789518505451
77933,11179.095665522538
89304,11381.77638633546
77180,30050.91068888225
101525,12461.803335072664
83657,13819.323570458428
92832,19608.95550006776
102059,13636.680817479471
98895,3121.7184485335065
87994,19099.60032147806
86458,10095.289759176265
95568,31883.844208180224
79603,25338.692710328807
77681,13212.446495189497
105596,16778.22691481959
100815,7329.544864400721
77113,53840.04320325347
95519,12415.011370058957
82180,12406.01856391513
105893,19888.09967188973
96087,6193.6138661192435
102458,9613.7588412457
104637,18038.5339040227
78633,21165.601098871473
101205,10567.058278255861
90825,5935.328931388892
77280,31598.558609218588
94924,16766.561869379108
92185,32029.20270341873
101547,15747.183441501056
88425,14972.735817406174
95191,21027.159173043005
82878,12528.935548385085
87900,14993.390516085832
90045,6721.761159129526
85402,18488.544763485275
78124,18793.221320863482
100374,9969.284503424476
96192,8434.721618935608
108050,38985.5719831922
98773,5762.145240820244
105534,9350.595782176284
89256,13570.73142099728
102735,18567.045243570094
101683,10595.20776881045
80977,32795.9421363554
98983,9582.687552702602
91969,47591.66588609953
101852,15662.896562148017
77600,13450.478651137737
95813,16601.381827728586
85687,18289.774738156862
97288,9079.673532713481
76331,16087.839757004343
76111,19312.08256515948
84464,13258.881629015166
102105,10708.33477496852
92739,45362.28597296067
87154,17970.062005426436
76313,8980.445871401951
80830,14583.09039430573
107419,46145.34051921576
103729,15790.451495867703
93796,19238.780755336247
85542,8231.102992923486
89838,17922.333177341512
93303,17236.158428815477
86555,10547.882408448077
81471,21869.420235688005
97273,29477.74237189225
84529,11783.613785375477
86886,2433.160495562905
77905,46383.556832074304
78325,13521.39808128481
91821,24934.438192207956
79209,17455.363372441556
107729,10742.98871859893
88328,10037.06843143818
85466,8654.900417580486
105634,8719.01423289916
79780,10987.186514030169
107271,11007.680957981438
77909,25640.09166173975
81592,22282.369237480947
90946,19061.950105697942
96511,10735.69857293485
101345,10628.529413696622
94773,23591.91996058647
106754,42166.701273735205
82112,24931.00744699815
76758,27802.499454541536
99146,19248.544735760584
103707,8303.638908370216
84009,17376.464017177146
84288,13666.809913220484
107688,11925.148586129495
98025,17185.81709337719
94529,26822.809184337857
78142,19609.240023093458
98985,18586.62083500403
96366,17979.31360004578
96697,8617.439830151283
93267,17519.11464859244
98625,7820.502026507071
90111,15106.307616414286
94666,28493.063172411672
102390,7984.540840177363
87799,8750.57444998814
101806,9211.640560244285
92319,16873.682593563102
82564,9811.85693381714
80431,34707.76435572141
90298,10134.872111627019
83570,3768.7890364352306
85343,15424.949163522146
104567,20975.468938148955
107481,17574.816370066415
80625,17373.636253949342
98575,10651.290909671527
76415,16193.057554506144
95772,26542.057978824436
85564,15933.08956107231
106489,8812.158986527726
104520,8712.75351872461
85622,10413.983197034073
104842,25105.644326422185
81717,34385.54121977885
91720,12910.630751186429
93411,31395.219537577577
91818,39342.207614117855
103824,11791.216465188161
106453,17382.46355471999
96056,21702.660521364694
87924,12753.923276907517
76902,27253.04055163308
107200,34022.72524873159
98825,6086.525087707122
84740,13042.568649590625
94186,34657.130434293795
87093,9301.85331939411
90703,9177.443216094205
87711,10520.397729418497
89763,14764.349102860582
107087,9816.167166973539
97903,11842.01898978932
105393,11652.726472991362
77984,18117.872872371754
93270,29701.1166481324
83584,12322.126239563067
95630,23363.604121557957
92001,11505.854159969193
104596,14170.223429584874
108196,12877.542428003404
94963,17046.044203672285
103813,5733.227922831446
97285,10116.56909677827
102140,8491.486800301438
82537,2587.9309782303526
105396,18529.875161553446
92363,22974.002673777355
87145,11126.664190545389
83808,7523.307731943139
98940,9280.5145439561
79334,19511.97791376719
88939,9551.948218695861
86108,12466.599289849475
107513,24636.866599531444
93992,15853.155768894896
77114,15799.627856162628
106247,12302.823784487777
106460,27445.428434712987
90980,23875.870807358107
91407,43386.21869078603
92716,15766.712216149108
94427,24027.221361517797
79107,40265.72894313321
97517,24503.48887141566
82963,9905.390499805384
95600,19070.10727731674
105627,21124.991623055288
94599,24433.578637699946
93831,27413.720473549074
77796,23634.623998781146
86054,9035.414112279295
103984,6771.194600519294
79232,24378.062586015312
86186,9560.952099360018
79993,19798.291525366483
106645,19504.69572784123
100923,10674.42676418034
79473,7097.888227945487
78631,11550.975486620226
98920,10859.683407529046
93487,18822.585390406093
89722,8131.978592206496
86489,9194.510068744885
77792,33632.72363297049
83434,20147.296756994692
81597,22902.205705380355
93788,30978.262170938666
105929,11505.032509548479
83037,16059.240555088552
96675,24142.711074327122
85315,24729.409209934292
88309,16699.277828758422
80642,20791.253049785628
85401,13441.245854082534
81449,13797.746158951993
108274,25478.13795300438
106544,7036.599144594239
91643,42665.25148699957
77829,30908.603234530157
78255,17513.52607949505
106408,11882.857242189222
96365,14421.060888928401
89365,13845.288531373084
98758,14202.841377446759
82412,16727.444133891357
103970,5928.325696762117
82004,27685.9306172887
76359,22598.109857705436
77601,22474.141439341573
87750,13396.173177211298
103263,8156.59510428977
103050,17976.13422897465
106203,29711.87353176654
107465,26961.914409277237
89824,10535.012979143854
83691,13055.256010069203
83517,12153.60661897698
87354,10862.675930735682
80631,48664.34979328156
88470,15897.871871671658
85074,9941.893137864157
106338,11294.694104516228
86031,6513.223834950169
77815,42888.82270362974
94854,30193.731950722427
92558,12055.469794623054
105202,8277.16906312266
79841,16376.627754688858
81027,36095.391023684264
81862,22617.02334039249
90349,16080.863414086823
95059,33473.08827391497
100279,8957.653708779815
106984,22290.170134889377
92688,28086.691176717235
79781,13155.200758326786
105426,22663.295099835454
76908,18094.161303883306
86624,7729.585806538416
77747,23610.130913347326
104911,18569.203438501067
100968,10146.247507295258
103235,4187.351866452307
79717,7932.3444353491695
93346,15915.475971343576
81416,57179.16264280017
105745,16110.802011782855
89942,18498.52118000883
99350,18790.223397601436
77848,14824.927123223035
98163,8497.180605317171
79733,11759.620773388979
106417,11055.066768541521
98931,6631.997145349278
79025,22904.035901036288
96098,24366.14500531347
89627,11874.645390257334
100722,9044.330578003088
89119,7480.841240449071
106445,18950.557603438574
80588,15161.490810340707
91785,32713.903615464023
79294,15749.672541885691
105542,15082.10166970047
98603,14339.249025244262
103921,7694.402666156815
98405,14546.360589534563
79284,22638.546751558686
104738,16517.56678731445
104623,16386.24636965977
105041,10977.227486176296
107556,14039.580376926966
103553,20118.629510489835
88716,20269.26025643904
88844,9180.95037313648
87568,3650.604171140853
84183,15459.395999994422
104240,17916.644201991967
87404,12992.857861235365
95985,15014.31142671508
95986,16553.748433948975
102723,7986.348732809244
93713,28365.463439566836
97359,8435.684582113847
91991,21739.147258327986
77490,20458.266262416873
106975,10051.301503818644
98180,13526.890272831108
80465,4819.300130986634
98027,1880.3101076955477
79085,12663.174112594426
92539,32807.447184132136
92267,25530.485787931895
87807,6366.091369522758
78839,13416.320681706671
102361,9697.077878557157
76828,20431.584112883822
105914,25312.885447453908
80885,35700.05015870756
89833,20306.238885416333
81436,10658.392480850243
94157,25080.435749937602
98733,14572.852585969866
102978,5267.362294280918
81455,19648.795053086928
88578,4742.766680941553
105743,12050.344311858615
94325,53416.482400377485
79801,22201.441129832776
105405,16597.213227119108
80670,25667.39232376717
91173,12113.227438640693
80960,15149.656441280446
80623,36224.954146722484
93516,20172.194667005104
101762,13574.134330917399
104665,16358.57436092815
93682,27757.949955938377
86261,5414.452941556225
97450,8017.206167952782
97153,9681.326325581034
82769,8608.313108255576
81781,12075.657929457182
108329,10890.377401080139
93812,34555.40180785607
81383,16321.929156331153
84306,9792.965825264555
78773,6400.626507824812
85809,11834.17169663859
86305,10240.226321144546
88701,13696.695765539798
99973,6584.220229835726
106851,11527.195777620062
89751,10527.763498395037
83788,7697.382709434911
80351,13833.212162416767
84894,12493.463979557788
97232,9070.841558252881
82689,16326.798026338367
102485,13008.252818855715
96093,10857.352326710465
78234,48324.10911304817
83402,11255.936050217451
96362,30145.143838481712
85275,9830.474299161484
106895,22247.569559063548
87163,16310.539568796321
94751,15977.752412969665
93542,18590.543518720984
77980,21161.316465000975
76166,12721.32720461232
89776,13586.438655405253
106767,19298.909365904932
84743,17656.637896968292
92273,22122.9068538329
97882,11568.070156986336
76744,18649.262439090515
86560,12602.222835224022
93835,16645.596838503556
94203,12403.313735227068
88439,9941.58691520152
96097,27361.6830860859
105131,19939.014005615467
100343,9591.62863442792
90841,10729.711030731583
90540,8426.716836663827
92762,23700.576885564504
107805,18231.724371722208
102622,8866.60761691034
108073,24707.497015228997
86061,18656.271550553203
92883,21757.857776914454
82290,5923.79489650321
87824,9264.86282130329
82554,15876.556590516911
102928,11378.987294620996
77420,16155.983318460885
76315,24452.58778321632
99825,7998.034446767114
89292,10567.529804399383
87301,4580.76710037771
103076,11673.509718033201
93084,28157.61290038549
96934,7707.208891540897
85141,5971.7051523691125
101607,9920.740398127
106992,25894.15101857497
95873,24690.739057425446
83341,5065.16498471982
78017,24067.618525532926
83129,23219.792863899656
92261,13463.64729084704
83824,16800.92476615792
86151,12275.54812479762
88105,12712.522081758787
101848,10202.946034709825
89588,7084.338473825906
93705,23782.503694231134
93017,17979.513817917144
77465,19971.738852887087
105484,11883.865637253282
76751,12218.069663361595
97511,12298.893769843375
102864,9941.775181415233
85858,14916.955003672494
94836,19355.901367124654
85250,8978.692184284964
78497,22593.355630776452
99540,11768.021296837394
97147,28203.082176931664
81347,29349.778092505683
95555,25338.604610842234
98074,20630.64855578475
104435,9981.879212865902
107097,12143.208164310794
92205,14391.267747082324
90822,12792.921779881679
93344,11499.839556576662
84232,10922.255435326684
105217,33302.38115871554
76013,27193.960186894543
102818,10132.144241526443
106541,11943.900146149197
87213,8583.25431554427
94119,17670.914946273046
105753,17654.583459710535
90397,14837.062120567953
87612,5958.49364990615
82789,14739.377158039233
102916,10121.273564797544
104561,8877.494190247011
105428,12619.276970666002
86677,8334.757112149526
95080,28021.463710961307
90113,9356.408213090828
77433,22155.57476093038
106180,20993.358675233198
101692,8387.693471899924
80466,4080.307885075879
99512,17534.50756813428
104554,11861.725466894732
89047,13766.60411305295
93888,29145.51417361391
89659,9502.835055088442
89920,8658.117809568184
86975,16408.872865934965
91405,27600.47749453725
83203,28737.483065063487
104338,16069.715477762295
91659,32749.40002755033
86385,14276.491795480848
81048,15725.778394872477
102880,8073.044656473118
100237,10757.572406913463
97751,6280.529199175468
85614,6636.655931163453
106145,9788.62510090798
105955,9953.993333797272
100146,9480.110897239168
107491,16932.209756555807
80061,17349.22350158508
94324,28547.132367999875
97114,22815.837443670698
106600,7886.449169422645
90922,23212.358050760537
80222,11919.650136949575
99356,8713.716506625049
92780,21991.736601338212
107380,8821.94482017756
86069,10447.190436864123
107753,17970.93781967987
97983,11364.536955891548
88082,8657.693293806477
82115,12470.72472540021
81634,16251.471171157256
89943,11879.974485538145
104167,13552.038890634976
91010,23501.436552160256
85004,11662.109399231382
96953,19377.94081918565
78632,12914.94846789714
76114,15435.883686735244
78570,12179.335794570638
82674,13017.911078533029
91196,15717.625357511331
93734,14179.086515486304
96031,25692.614779034102
102015,9255.382099169516
108372,27532.442254782494
98719,9982.525310583378
83391,8681.99190371404
97098,18818.160307515453
104357,14358.208770670708
93495,19280.21482397015
86422,17525.329945453148
99731,12693.136578367761
94144,19005.88120039549
88103,8312.115429400545
105199,25007.745749296148
97003,7336.6669991938015
99925,8230.4069833488
92816,15371.087720176576
98472,10870.072367589873
91986,14554.60700081508
84152,7812.506306547292
87538,12635.62690065375
93305,19769.259474880448
104249,17279.784592731463
85501,10730.952528610598
82343,26339.689754344945
80601,33939.80014499946
99715,14567.77497954595
90451,32964.502068924085
98282,10470.137115905623
98397,20543.141064715983
76414,16347.446499375703
99016,14075.088935105261
85767,10848.309409267062
102787,12976.081202661402
101188,15030.894599439607
85019,14343.207950036185
79803,12326.871536796112
107582,10001.211876845693
98501,8899.74453154657
107021,9187.741430433784
82317,22346.696822068287
105678,2978.4900158896494
77931,19198.916620790562
101619,9212.15841261393
76128,17230.935977052042
86460,16159.068243771482
106084,7219.495703546116
80551,19949.6945400407
77062,30912.26961378565
98406,17958.78518729933
103489,5986.934000107141
107191,9030.564240538994
88549,13305.559941324
85095,13645.68068447522
83923,15684.475889212945
87074,15567.208733279393
94031,25803.74406219113
99120,6230.104049604701
105824,13357.993281553654
82389,38584.13662935763
91994,16016.669374004792
85060,9175.222157021713
87412,19329.780410555497
94683,18109.792364114484
83069,19808.20757174768
77071,28609.786129078086
81406,32832.732222995925
89203,10638.804631731024
82423,10393.069808110951
88301,10965.724302991684
86758,9694.33674712354
94072,16875.254201419757
102247,9661.081784838814
101529,7751.7827819459835
100738,10793.53132174059
101790,8905.255435374991
96188,8768.716824224863
98656,15384.09794492809
79321,12299.43053678207
80052,18947.039858657106
85150,15303.886164780504
102370,8042.795930083061
107503,20871.136174025625
76560,22151.050758128124
85319,10866.245997904576
89242,18761.59529406945
89510,6959.951169900331
104922,22651.247177571913
86937,13554.386500216267
107780,50844.14835821352
102448,9418.341253566825
89648,9099.090420301174
95347,21181.955144922355
97926,9634.133444751718
104963,14374.918772687111
92272,17057.65104259023
76618,20712.350854258955
87722,11462.416943650729
85560,15029.842777784312
92621,26109.1609143348
87712,10692.781581810721
91009,33217.23004954381
76199,19935.787693484603
99145,27025.81572601857
103618,13909.161118578026
106072,12449.613462009493
102488,7615.618448042558
79837,22868.82434855571
102792,15145.90246641864
86565,6058.6093599332435
98631,16520.942933895974
106374,41458.61372838574
108222,9326.65017164873
92127,19652.040052967877
96068,12560.2265951225
84411,11499.767406149589
102143,9869.613469052958
77502,21408.379333628138
105514,15485.613161888201
76896,33926.12125904992
104868,20222.889499451638
99686,12961.318290258616
96721,20570.749023009215
93026,20012.837681769364
95961,19552.80548882875
97465,12543.907818235657
86075,13702.88634526983
106946,11759.524835490205
97605,17354.205190185898
83156,19774.463253100712
88123,17492.996852960394
106817,8971.170512650542
103245,7752.419592110424
78564,34313.09247279465
81879,22513.981265789942
102330,10642.600577962023
98866,12058.939697257958
87178,18593.002086803503
83106,9737.563509835078
78280,14493.626505531183
101161,11394.733183300394
96047,12266.311757723495
93044,12560.266585148787
90176,33101.3502639495
76585,21506.152824146066
99524,22433.701629499476
97467,23382.301379839737
95557,13771.462839254447
102816,8484.519522749866
87141,13086.998974092954
82602,12953.40513869123
80108,24295.02008782877
77871,16416.88227132561
89910,7160.0867868430405
76255,10163.83335386303
76231,53751.30170252649
87089,14248.47945879486
107635,15268.758353561925
80916,26446.370807807903
95179,34489.096347108076
90694,7601.268494515128
87504,18961.325817228117
95882,19970.63450003378
82944,8331.208022932102
90862,4590.459559556648
89494,10550.691020348342
81196,36002.761975963775
78258,26152.41583615451
98420,9413.728033031031
84051,9921.132532028616
97011,12301.207429242182
97357,6315.188494855803
82683,9777.856137508776
107472,9053.73645932907
101033,8456.578383123006
86376,19169.504498609396
97773,26767.57830369171
76448,23433.609688637258
94912,27785.278035780848
100444,12484.479364872384
92364,24110.680341962805
104206,25648.647229268994
82384,27069.720786800906
78524,30491.7590737375
82825,15499.141353587065
81519,25786.806046948488
89462,5280.14361093955
94783,27944.3663386741
99101,8455.083806569173
102363,7771.089663226958
107901,13262.816050245423
107950,30469.20012638034
94631,23590.97144725975
85176,9071.049335398482
93934,15203.359213477757
99621,3002.508876646338
101616,5510.349888534996
86156,15605.284594556375
96327,7028.761262269051
89538,13791.090808295452
98236,20736.23808986947
92253,20974.609976358053
105896,17890.516223407223
97333,17827.823421493773
83166,20078.345650744366
96224,14712.996114876185
94462,22181.951770836804
82796,10187.648396391323
103597,10070.663473895282
99905,9811.622324799207
107349,15029.175211894628
76754,20209.53806796953
90912,26662.1892270004
108289,25487.994266184753
94106,31210.836857817885
86956,19435.23850389213
82492,7399.020057718287
81747,10120.782481695665
89144,9666.46055652286
85256,11917.43861431226
85342,9096.991432465235
108054,12820.792789848854
94681,28708.427394924893
86244,9624.932261901093
81028,26986.962463063162
86773,7937.851799223608
108431,20903.30519823496
102839,9889.056269362934
77700,13075.099015450956
92967,22874.599849626986
91982,20394.271096605094
80639,11728.333156545303
97770,12230.632638476563
100460,14371.11470472258
100531,9944.893953494375
84508,10370.886672103466
103706,5019.8387546583035
79723,52864.74715983312
88897,9060.883449281291
88695,10483.035501817729
87380,7185.777303128903
76070,23802.223917973573
99342,25903.766788195677
79110,17959.96788472755
89341,13243.77165780131
90330,17826.72879215673
93894,26719.96775559383
104137,5883.564944929674
89113,10725.887995535046
91150,17699.751557647174
79621,26878.77188107109
86822,8149.704934152701
104869,13740.213591177166
93874,15947.828421722937
77606,29743.18231898354
96981,8879.387146715953
88437,8317.8665199531
87834,8867.636997526777
98923,9280.13754033307
108118,22971.287954533644
94447,19182.501316483336
99454,21584.002247114855
82144,14408.029681746208
83494,13755.178472945976
76545,16682.70621046516
85852,13882.213050965851
107056,23174.524836086704
95419,10300.27631729679
76570,19759.33012692426
91325,19149.50227358437
98990,9492.736350870458
107639,13467.416977147594
100232,10563.957662047538
83318,13598.077483113422
82277,39322.34323914691
105198,16727.353379764572
107660,19182.03692574068
92349,25776.901010041543
105445,15646.888735152515
98333,12412.937519190331
100919,12959.17035074051
94295,31102.301240800563
105853,6516.99273824511
100457,11033.771992556709
77726,15683.849878281166
96027,9883.058773664972
104201,12018.510410241459
105205,24685.76197029373
94718,44314.09405282959
96617,12441.824212128253
81405,10645.211089657136
98642,14522.013759546358
89156,13640.304463450784
104916,11450.369235806937
107696,30935.75476721039
87902,11241.94515356286
106870,9776.920768001562
106153,13031.364004572346
85108,14554.646228153477
106590,14631.362856222666
97948,9133.928799772048
77144,29689.603454688393
91535,13134.84315048302
83900,3736.7192657389587
107374,5309.009359111256
106805,14295.3509790333
101971,6866.052482435641
103690,7980.622871314818
107830,13888.677423518957
105302,17718.007140863323
90504,11777.573382520603
91865,17116.58539169489
107204,21149.316401936427
93231,29895.211201948496
94654,16581.777081149252
107435,9577.997584239489
78616,31800.606974396866
102268,13468.842106224325
81320,24948.97098119142
85005,12083.790812663945
98032,7544.495593110655
92938,30596.002958617762
76177,10336.011140127355
83869,22467.268782340147
85806,5656.566343004267
77987,10777.557210750676
103802,10293.080506112932
104020,22752.341076356246
93262,23954.66932752459
92988,23363.621165904213
84434,18256.124235357114
95648,34999.26966946422
77947,32077.308677593537
76135,15026.742239795958
80971,34209.64939545631
105584,11045.510900482055
85530,13581.214551088498
106515,11310.492956184245
80686,18447.347230434494
85040,15973.230536316758
77404,8958.557813917492
91234,37967.37259017113
99225,10371.402747423695
88808,11276.460194537169
89948,16499.883560221086
107161,3645.112949145177
83683,10660.478210143086
83709,16468.983541765152
80256,19043.052546071
83504,13305.559941324
90112,8878.513420482464
93042,33161.37076637175
89466,6910.399209067926
103405,11562.7299006509
86026,33989.70104235108
86824,15704.66127097407
79357,23446.020190718988
78812,11548.37720005006
105364,16774.188596558786
105744,7535.655690833252
99819,22405.27113038084
91051,23129.498751969462
95688,21733.165765494094
102174,14435.746471329152
91914,51843.436984301035
86568,7853.021208024952
98761,2434.414696318299
101252,9198.015272816614
91406,18702.2077876229
78069,12687.763292521771
86168,19241.955376832317
105858,12003.572259417704
83972,17813.06400380386
107196,22686.421018885965
80990,11955.261064309007
101095,13597.558254575924
93806,23275.42546787917
104535,7965.820987958373
99257,8957.582842066788
94967,15296.812164487152
94257,17683.29360137109
100543,9311.751896806578
96277,18616.490110282564
78730,13170.313226881037
82370,18929.214813638657
86050,10529.029721258397
104245,21621.59994866947
89903,11751.62729645089
106353,12696.669317416896
90055,9326.190161991484
78070,25757.66874678058
84302,10955.934680336872
101048,9967.246250571025
97981,9658.677847729621
85001,16598.794583734794
79444,23330.541637266884
88862,11540.288094266227
90445,10305.572400306732
92203,41518.567479255275
100623,8191.343509836304
94528,18208.12398846579
94482,18720.682048187457
77706,29095.92302556104
100947,8711.48814325757
94367,25798.29858867327
108205,19951.787265373823
77256,27506.107428386058
88458,17846.166931476826
102997,9524.711944427674
88421,9049.178046461426
86001,10220.860317584473
97594,11360.073878199206
76992,29091.203802279582
92157,19292.879551570983
106018,8019.593700864263
85491,13086.696721309423
103359,9333.022455258128
101024,7546.88396253584
95167,32563.34096861256
93493,20802.82833807715
77624,16547.509078385654
76803,28898.353705724658
77142,23668.129473415145
86693,18840.445352968633
101755,9560.201474914827
82229,28499.65778649402
105220,13577.12150610005
81442,39782.829970384635
92017,10844.746134585212
106471,9888.05500304333
86231,11212.811557859359
92036,26134.812279346683
93224,24587.04502260784
87139,9424.752134710427
107623,10093.778412993113
81066,27517.59933905974
97790,13692.6360907458
76514,20562.755043559686
85297,10911.320603086428
93020,11898.249404323225
88666,16829.753770489035
98711,14678.98453477356
107486,21401.49431653484
79363,32416.09928225929
88053,7920.793292121669
87127,13717.686861301263
104704,26900.68377524763
103808,8791.618265483467
90199,26321.308777215592
92950,74754.32325641088
92002,21936.151638827825
108435,14125.945464811586
86748,10680.727329147892
86978,7688.093892740032
79932,33734.12649796238
107382,8236.220066547288
82616,13425.997293537948
99198,22587.125742811968
96788,7515.347825021267
92073,19211.677165523328
92060,16830.570910632396
79559,8355.359593967465
105276,20926.950765798898
78536,17760.206441818304
86795,15875.726119443485
103739,15345.782664692117
105087,21826.953850081703
106499,16011.089601679589
81009,47840.15142323158
77053,27329.51904166338
104832,7294.279466360386
81864,13539.405666429813
102634,9028.910833592106
90510,7165.538399250301
103001,6582.215823177231
97323,23966.206818059636
77996,24599.165090065
89082,16105.745724998611
106910,19269.23733468767
83882,7991.316434089047
106459,22503.711747861336
99678,7055.78420719564
92583,37662.28388846216
76986,21595.41002130657
90844,8716.913329076608
94286,11033.314333928989
85208,11509.622305099212
81224,21805.25151049741
85569,6441.712693986906
78152,24308.029633768674
93054,18405.646728129213
93481,21810.686363011784
99735,13825.615200097724
88060,14731.217043071752
97546,12665.414122595314
81083,30762.180236529854
100259,10894.535314390592
77751,13192.986331372296
105093,7576.121629009878
94991,19392.260806763996
91352,25425.75334246581
99901,11881.008839890672
83577,12753.585995283014
95846,34999.630917726165
89917,13455.670829959667
93394,16004.830590260279
102805,5946.179407481255
105448,26172.098344578815
108444,13598.95194230242
100862,7058.293793076274
95006,49970.016811811554
86446,7814.734240897051
90906,20552.835150789233
95336,26758.203153924605
94904,12894.928990495682
81105,13862.350321395244
78132,11418.4501321791
87302,11099.828971281568
101471,9675.407135275565
90015,9588.78009864438
90539,14287.913480867288
82418,10756.267400885288
79940,22055.416650507195
77401,35655.92639791855
79054,11510.749113520314
78493,46969.77259016299
87727,8088.11143888982
100390,7572.777335489823
86020,11414.693061974298
106293,26200.30846958729
105435,11853.66152412529
81992,29280.028796960516
92805,19040.68707340393
92871,22143.06508901987
101833,13617.36104049283
98352,10564.214753861812
98629,15416.527833135005
79700,16844.48598348468
99710,13807.221748292503
84526,18803.177523435897
98636,8443.368751560221
106829,13124.313541213396
99652,18746.341611110114
85469,8157.543899338455
82224,20369.275724707597
81899,20612.654677556704
94817,23345.600928247186
92379,28060.133710351176
94423,30047.845044701484
94010,28123.86502316295
84867,14624.269868304917
84679,15164.525400021477
103292,10139.178581985941
77349,18025.657451015068
77697,11785.776306322616
103017,4341.564595626024
79727,22593.82393693519
86490,9728.823329481591
101009,7401.0685648143535
96540,13826.809952827185
106974,20934.374035864028
80055,20456.95468993878
102035,8958.694406780756
87843,7404.7594285406485
107868,23178.059060602198
100831,6460.120730194963
98936,9647.532652501373
96915,27186.920095698268
88473,18283.5026823227
89030,11811.590873163634
95894,21617.265159833478
92113,22653.678226864784
105809,8537.691807983103
99360,14547.626590360822
86746,8835.46954933597
101917,9937.781068010101
96687,13389.865491681994
101210,8055.073104462608
101146,10010.533383533864
104900,9792.281617008102
85924,19266.463454625653
90544,7165.786060296242
93003,20205.07168162877
98738,12759.979626245662
99884,6923.774601705869
108053,25409.36735538259
90188,6792.0654065779045
91970,20887.895305704937
103257,6863.895537908909
83138,8568.67765681634
104017,29598.31173456784
105104,7689.005925714238
100054,11175.094171867244
87155,18579.489061259366
107600,11371.025463532287
80848,28317.84998988722
86709,15784.392956032894
106214,29584.328724780156
91963,26774.186902069843
97698,7356.302899074166
106109,11262.582197123162
88231,10083.326774888805
104537,10487.559296295405
99388,11557.614511996588
94517,19804.65576758846
76658,45497.49326367119
107430,25047.400287933222
87408,8017.017553700715
105971,15012.8595823677
90264,15450.671927501016
78434,16543.35042656299
88248,18155.841386639037
103386,7041.026291789278
87862,24300.853682583704
83101,16036.695077371905
92350,29758.941752402014
98624,5863.6017097044905
97298,12282.31004699528
81919,17286.313318865454
80556,33458.71182024568
98141,13464.8711147669
88205,15431.57813866461
102779,15747.183441501056
99926,9980.656757329902
101484,7036.186214794908
102869,17874.37628167554
89043,13521.61456247523
92878,25743.461695368464
101071,14867.297190740876
106583,25560.44116455815
106819,9905.533231918529
79956,14876.51569950357
90659,17829.682644693978
82276,11221.696951339787
85881,17069.919003891868
76753,33500.47208386556
102970,12527.10807624387
93126,33248.37851945443
97964,11821.10854879566
81951,11965.62734526296
101200,13132.60374120932
96104,28418.876764819324
78169,19900.87739933614
90062,11137.255744728287
100918,9874.03416267747
108353,10611.574696481077
96642,14624.434604116732
104763,10967.762790696033
100926,14254.330529970905
107597,10663.689166737835
102765,7073.360534502868
85805,11676.566014910462
102162,13340.19399880135
82952,15826.45344937085
94184,47118.22937445023
87797,14701.073743082938
101511,7787.462411565911
107686,8631.312086566062
95366,13287.01415638091
78349,8253.580611632939
100908,4253.060743775215
96196,6349.021908240324
107677,21200.26869666272
93603,24895.951139898836
99861,14930.959675448503
87456,15058.376957602783
82484,12847.992641845827
89252,14768.862655722913
104243,19547.57040231287
107181,31737.920912609214
90446,4094.947332068459
81412,17194.92926210041
86732,13430.630672494846
103972,9749.937069442902
102586,9391.941629227118
82466,13437.416284498593
84937,16818.314120551833
103038,15745.275898600295
104111,19873.026867992063
101111,13485.449194726434
107812,13590.534842549634
81483,15841.969439968398
81303,16023.129790252324
105370,15077.052175109924
80504,27783.71243148213
85839,11885.841124391143
91560,16774.51592874491
92722,44386.51467526617
86115,17223.856747399404
88062,20151.056039105297
104876,13388.218773182829
98777,15074.267726049136
92504,19605.75301676668
94025,11551.281678330957
87253,15042.467832755918
106668,29865.94141887182
100007,10632.001935842933
100956,15173.903771021252
104055,14014.881005291834
83761,8559.773622313365
79429,17832.787749467472
104731,21178.949802021405
104125,11400.323503153446
95628,22552.387899350146
80913,25767.801686412036
85196,13595.755991143977
102697,12801.470902113324
98587,6027.941164709277
106771,18296.41149923088
90889,13968.04756075268
99697,9556.26688445607
101404,8035.341609978103
96283,9730.62215760008
83072,8785.36831678269
84053,8065.835985082892
92435,19336.78255177756
99445,11429.736088120952
94604,23985.905331730322
105585,19052.238953588123
106189,13805.09110823923
108456,27178.147071470208
107914,10917.713676397208
105646,11203.356983000273
99808,20025.84161027731
101337,13394.896489958042
94636,11061.08851414363
100480,7743.467119223439
104644,27531.27332579329
96254,22940.26074062406
105238,22821.04623376846
99534,6182.332769932582
85285,12153.564392976146
82145,20580.885395207904
79604,18149.974548482605
92928,25087.261045966345
82245,26603.04507767669
100973,11702.461673606105
76365,15425.29224533837
79164,17139.621432015414
75989,15971.815023427676
96557,19581.28164834766
95029,5793.773034324209
107817,6779.173480763786
98521,11225.375637966852
103150,11652.300396161969
95850,14744.012184261082
102008,10413.863118974476
106002,14637.260574805816
106077,16874.998398962263
83367,10543.666089702869
97196,14390.935555552254
76566,8313.783092309006
104384,27809.193244851707
80692,14018.260324587578
101094,11374.896462353776
81800,18971.8229492997
86722,14646.380039784191
100318,15955.246909435991
104827,21706.524773272202
98244,6880.373421499266
94712,27035.367805129965
98393,7034.62331672502
80771,6421.52478391495
86607,17427.30560767036
80768,11170.931890465838
96949,18180.098867248722
87207,9962.29637390853
84629,10426.812014402849
76136,20595.105192108684
76644,8993.465143470741
107649,18637.02024630974
90281,13266.500557928353
108187,16887.877397780157
92025,37756.38578711468
99737,23094.87270302896
90801,16592.881732283
100790,12799.864871648628
102558,13982.999691662282
98713,9055.121267878478
103633,7905.421287564321
101449,14193.702888658763
81515,20047.190338629018
98364,10729.999348755768
83966,12673.367594245072
99995,9839.584967947867
99150,43437.88724380224
86873,13675.04825002022
83731,19853.475916378226
80810,35345.32093727095
94650,18159.29342438519
82521,15448.009299206355
100255,7524.109785562873
80454,9185.179789079806
105154,13545.005917931781
79689,21615.282532483903
86810,7312.371670733547
82113,21268.028086531016
85929,7893.630279425299
77522,26386.775099921808
103578,4718.9545312784885
102688,15190.310424826064
90791,17580.429618947543
94401,28637.790107816072
76740,18437.336172943185
81666,14408.464616243607
100227,1331.2982940548652
85673,10393.133433691526
108395,23369.57355356725
100214,5687.346934752254
95659,24148.4981274136
80490,25462.021867936848
88384,11591.998447853144
107062,9441.669148524123
105277,9221.72033489924
79265,19745.643336762187
84984,10486.24752140414
77376,11751.125138807345
77355,23283.29214118818
86313,18975.760081878543
99285,25097.822622841104
98028,9465.917536781797
77611,15062.963928885938
90056,16435.95245508366
84773,9838.608273502761
99264,18289.405070628214
100948,19024.12752695035
82379,24326.952425228614
85047,17801.70946747844
104114,18104.41059170501
107632,17477.975674427827
93536,12976.532562888518
81421,35003.72775706497
104793,38217.25467832621
88141,15591.744593206402
102679,11115.394366017063
81051,30119.927639491685
101005,14512.435801509931
97532,9756.020425933226
102499,15812.279871865749
89537,13557.387917091864
93046,18615.216055672197
79823,17632.00622884597
98882,21788.711406007344
97094,13997.947759222236
82461,11004.048030800264
86118,9613.133119123491
89801,6948.20225606441
83127,15782.376743879708
107519,9902.281763503799
82583,8171.639389602343
103259,8197.930530600896
81152,16999.220947676815
106206,26970.484007323765
96706,9288.539882956933
88303,14763.938773330836
94241,26803.46401830616
95076,26398.263027078283
107546,8229.791845905134
78467,17974.026615371888
98304,19469.313200845976
95393,18869.63952868343
98134,10661.42421268754
104152,14767.51663269863
76818,21829.42904786978
84707,6410.607417833484
87889,16658.123668145417
104736,14928.907402025656
87844,17473.004537544184
88388,8401.991954690384
83940,12591.229251900755
99536,18158.131841790324
83313,16838.394494972956
89864,14388.128818203124
106944,17435.97783181622
105635,8039.768755247535
83110,10613.646630385394
78937,37326.83089792181
91724,21212.652905170136
94886,20305.297821320215
91449,19759.967968890698
81745,28920.97320055352
93405,16183.177542601668
99402,3330.9057293286724
94317,14583.903010176602
78503,21327.96953540729
87111,15536.378842876182
108538,14981.725029847832
90689,7535.552559564639
84402,18069.209306786626
80890,20162.95670588433
101682,7483.899250444803
81874,11055.716202872218
84259,4907.002657927607
96616,14786.429391967386
106173,6685.143469884286
102534,8582.350477934104
81629,58167.433666079785
104910,12798.536594189329
92100,28681.328850911315
98454,9656.044730610565
81880,21845.856740628104
83346,10763.599951310418
95335,21244.197940123486
106693,24036.55788662678
107432,10001.211876845693
82694,10621.409698625073
100199,10544.726361595434
107361,21848.74317449469
88659,9959.785775656854
84237,5573.726373236164
83666,9963.276921640798
104468,29392.911689977478
95495,15371.490173166261
84298,16811.49430151145
108427,11686.263518229218
88238,16453.74800402631
103836,14139.449595740405
87394,10455.200457606104
77799,15424.967842488566
97905,9172.435612023015
101142,15791.318802819002
103274,6794.1442129161605
88302,13412.001790521897
76533,11654.278367684405
80080,25633.23531438703
105134,11936.731202893805
100792,10187.837663266357
81408,17898.752302608948
80410,18809.354183204236
86355,12371.718379805678
100954,7735.829388364393
93799,18289.932381624698
100810,7458.153893978073
80379,16478.530093271438
107796,21148.916134926414
94046,16586.903132115207
99931,14889.205183586855
85890,2865.094159350336
106923,16314.588901621157
98319,12626.44475146505
94853,18707.079937326627
91069,50634.593881086046
78790,7325.893658826907
92697,25882.362893809568
94765,32917.03777673116
102150,10343.524269836793
105768,6616.148797188002
81755,20591.741642725126
96933,9569.617731615675
92136,55796.60005028466
96082,7267.605150838649
108457,16189.313199963348
95142,25233.93689217988
85688,18791.710365592193
86672,11358.084304807071
107583,10577.740749767083
93369,26164.70028149688
97637,11223.245208955786
80868,15403.671022944836
102315,8490.714663473069
108428,16770.97910079348
99478,11199.347685986375
98906,6910.666464436272
96394,9729.414764379604
106032,17912.413011972923
76121,18124.782521211557
92642,15651.410942235383
94725,19569.135724553504
84528,15446.515414689715
104492,11123.698919506964
98456,23714.676462997657
102089,10024.18754874299
105274,6010.600762066243
91436,31473.081170555874
99127,4376.047295253427
80416,17501.523091628675
83419,8233.402337431724
76209,20186.162333986646
91874,14630.999699801172
107892,13084.424319710262
86727,11976.575278159216
83096,6543.139983141373
107036,19900.39817905851
86096,8178.494506662211
89684,9541.258093611634
105301,10891.105191246948
79056,15392.458776943895
103508,15773.900076790558
102651,11229.51869588742
76605,17519.751711902845
99170,5896.051585117818
94850,14234.173583408017
78638,11765.948504364245
106031,16720.06316986436
104955,11345.937590373815
101565,11312.392880876834
105886,27406.213315545574
86499,11096.43823044673
91809,37224.943788974924
86033,9695.242359347327
90761,16453.34964290615
104168,31418.479490078415
88048,15289.69469435248
106343,29962.96964706255
96568,8993.927500240346
90082,34701.827320046046
85659,8894.338867850804
102950,10088.520132505386
96231,9592.428257640526
101781,15298.529845417905
103210,7520.00132777235
95174,4127.838964994104
105594,19775.188431900784
107809,22790.77273890426
81222,34408.33544064285
84506,19673.553951098867
83399,12080.123598027143
88318,13595.335653347047
106235,22814.133405859902
83952,10206.265787184439
103610,12044.786726845496
107273,17573.056826055526
102134,15745.275898600295
77708,28556.176589871433
99754,12438.586438160044
103372,11928.7186685424
90457,8213.289395250456
80228,11153.54923576328
105630,18521.66177976449
78448,22268.814895283012
86729,9665.174387412793
108510,12835.480475139551
79686,32093.9867134625
82677,17066.326816342083
94161,23960.829622306428
93064,15531.543005438865
103595,5794.295269017891
107257,6306.350813834415
81162,33694.44989297016
106410,9876.595838120711
97829,22658.42825334756
92429,21563.71153697987
90183,16124.199428222064
83816,16929.48837735187
88613,9610.414528626094
90025,7498.531751242567
89004,6531.884318350974
107997,17946.01678210861
97458,15892.070187673356
82737,9536.727878327056
101739,11105.841936971508
86766,13956.084481140653
77098,15909.669285331249
93598,21792.157815815965
108115,11567.412309309055
107653,37538.02420800316
94706,21488.332371811695
105344,9378.473775847518
87516,8135.850150350308
98959,6902.606692963807
104557,9397.61407565424
99137,6042.958143248742
102126,6194.803341269406
104455,12589.426688423677
104278,11058.973718901061
80331,24696.60505360287
90087,18448.216106465403
93700,29799.64701390003
108517,13363.170357858427
97373,19762.701243647847
83394,18679.74677544769
100989,10638.790290147821
82625,15952.319692613259
93457,11898.50803611121
103186,9656.210636530031
85133,11830.57655250145
101198,8347.659386451833
102095,7527.644683222238
99684,7792.074126145353
83595,14253.327361026177
76960,36547.859993001046
103015,7870.28964601805
91987,46819.635463725295
78825,22981.147700592912
87668,18493.113741625235
84826,17366.910030008075
92309,11217.83671269646
90969,19799.729869756204
92987,18495.934228750037
105317,14616.106960711311
93606,22678.124970390018
95536,44114.869457666115
92839,16274.186304566907
102133,10091.322091043123
105225,17069.000874783203
85627,9806.554889175253
79013,50739.273434466355
92008,31576.917500328665
80983,19926.89770526652
106475,26618.60982788509
99357,12530.889503919378
79246,23131.19333553471
83200,7473.874049391878
79656,22533.296982187007
99031,24818.29085964663
82780,16594.621185988577
88310,10806.738838123505
98056,27887.799606494795
77289,22840.5557123401
105503,15151.786615296498
79198,35677.76752514061
93429,27333.35147555899
97172,12691.509372217703
105958,19223.380415599207
103180,3187.518906056399
85825,9036.624628103653
81725,32026.678019305193
86590,14932.173779895347
92366,30573.35469847467
80589,66799.71298310884
95454,18308.461094034283
104525,7894.972191695527
107646,3936.794454821994
99226,9331.284712362682
77273,19302.309191695076
99642,17176.257915313905
91195,25800.157947646614
98641,22806.250627675552
107724,20758.116086291513
89646,29040.44772759929
85873,14763.320746614034
81468,36239.771528596655
97648,6939.896725666033
85573,10795.650171230558
102394,4625.1337932005845
77771,20679.22706079869
88122,13756.348578087582
85640,14935.711702905412
97560,5926.93797762033
100584,5497.353086367642
97404,13283.495538004901
82414,10334.299531930865
84609,11910.89553049636
100462,9982.048622098164
91573,16649.924633481944
94716,18989.37775836209
107560,26546.468702847287
79627,20491.78318016102
83025,12507.787423657413
91918,10464.861786598673
87344,13238.82324420253
91683,30256.44637933629
77259,12542.686321007388
95887,22491.558027676103
96802,15199.830711732697
103965,5926.080877884933
78110,10662.78404431347
99144,9347.755098831916
86801,11037.238723196218
88181,6875.082623288352
88262,19339.38990891973
85846,19204.686781632397
97896,14609.43021991575
92462,60045.86560622412
99668,20704.557227504483
89440,7933.612953842381
82867,26276.771873341757
85857,11117.983292491976
79583,31579.598957737475
103090,9646.81983777086
104184,29627.479958247688
100921,10471.31690455467
83124,14019.998900379773
93320,23478.671562773612
81985,26362.103283821845
89618,22081.79876101081
90086,8273.797809863418
80855,26667.81587268837
105114,9869.251152951281
92497,24235.97224965969
89049,9658.92532277679
88584,14233.00158254789
88019,14282.539253003883
80119,22629.527920149165
84879,20099.54901934936
99293,11724.01733918085
82515,16396.016526381743
97600,18357.228755570446
103737,14495.155888617744
102387,15570.177699077945
80404,32648.67573079502
105785,43377.24212175912
76379,21847.77349871404
100569,14675.23071412703
101553,10906.67156109459
105803,10511.30198511371
89151,9726.60829237617
102960,7014.994721310793
103094,8069.462927065128
92146,10494.73046040272
97802,11142.255553684872
102939,10577.048491841106
101492,10761.575636372008
84207,9668.906679460326
86995,12376.390038207308
90024,22778.414091507082
87536,9167.816178269028
103571,8922.82022405384
87529,10847.846294224473
96756,21011.013821914406
92326,17784.758599374003
97609,6666.117919880462
75984,17379.05369527721
80733,36997.718635524994
77150,10101.24793890683
102496,7812.947117757477
86666,16846.0377552032
78836,10759.022699149898
82444,9307.503882438315
104414,21504.08566475139
98585,8243.224709962138
85191,9256.655689450707
88013,11212.287453548142
78962,17126.200931007865
101510,15020.690834720752
103438,10973.913585484193
99474,11311.928134400838
87180,15270.355749050786
82983,23497.937573888557
87503,9425.07008052173
90410,19479.906332661463
98416,10482.74815832289
104117,10719.029726904095
84900,7430.687060552966
88565,18973.957582564268
93797,15512.061728459052
108131,45719.54505904092
78848,16589.073768607373
88151,12453.744935480403
85081,10534.171358027994
78163,9769.173505319293
106580,12608.836019492972
104638,10985.075786329086
103696,11433.568446617397
99589,6536.236020058186
79699,14884.033245801022
95129,27926.95483794529
102173,13233.542635940277
92811,23325.260298843776
84986,7849.748719526871
84162,15980.855846499393
77340,23739.61836163205
79685,31452.1809472139
81423,24818.108620816536
93745,19838.359418462613
101399,12001.343716471432
91611,23053.84259392292
76973,11114.601427520682
83734,21610.490697919442
79526,21837.018760511004
80087,7209.999246972417
102186,14338.49457837255
77640,28965.53437506845
105138,16543.901460947727
79146,28481.173699125637
91713,12445.132433366685
104230,24702.533660164496
101896,5929.510558264137
107587,29864.12019092906
76461,32960.7372303665
95587,30567.268081474747
96185,11002.806982986089
103181,9996.254318812842
107643,26865.542990929618
88948,9812.890151328955
97565,24972.190332364444
83821,11481.838144041683
103781,7736.517196717238
81677,54911.68562848564
107975,17859.306541099573
84106,9821.40529488985
93060,46691.92530416491
81078,33477.30819366959
106748,21130.175325099608
79264,55533.99807811728
84098,9806.036069689364
87838,21179.680635745393
102957,12631.190559281793
89353,10583.392668865816
85492,11525.75715687924
107957,26223.757541297382
89938,13422.10260748781
90260,11471.132807710765
89571,13650.775253058466
106963,11075.886171459357
97266,10478.650073358887
80413,16174.569135268066
86028,10579.288010411636
93343,28107.096835068987
105232,8346.681131497306
107755,9669.636843717077
107326,11649.450460914433
107571,9507.797481510512
100062,9392.257584204015
91477,27043.574496419587
104598,8592.722763106562
98614,8875.872797298896
104034,28542.411215368786
98446,9154.905111651888
103023,5949.5815636013585
91550,22355.699623799635
81211,22717.960759223937
90619,10820.101317442324
91525,40740.77825921907
104422,21700.820356635122
93555,23389.609222404277
88346,9946.927056267674
102067,6014.663010742958
107051,17823.184867574775
89642,16768.378127713888
83492,14335.508748372522
99169,14126.625029317738
85964,9418.30265813152
85179,12293.960351949338
100677,3322.0962558942692
85529,13239.142689497878
86198,12983.408656701673
99532,6838.545111571502
80443,32749.236692166978
93248,21194.97273316043
86958,11695.797314837022
77942,25643.380473123503
88568,15919.45877793129
81730,50019.609293425514
98884,8671.21723863701
82267,15806.614322625455
88088,9970.082807059098
89578,19839.30540068779
83568,28116.401529130853
85083,6953.39803632233
79222,16167.714359513016
82543,10652.1703790944
82611,2641.388636094589
99708,18368.13642371775
97699,6799.666733017558
91371,27634.345194156493
101757,5879.612692201295
104417,11451.304371871194
99830,9477.983546572097
88477,18454.070985659564
104614,16212.082696215855
76098,28537.709613614054
92143,18010.666715233216
81343,30488.336144700694
77212,30201.203800965824
78262,52351.7376577254
95097,27515.754459862244
84440,9693.803037245229
96942,17545.209360948946
101584,9176.232899332046
77202,7329.819174708069
85173,17063.899840398204
82953,15700.048413135944
81151,23189.878062146272
104377,18537.621017841753
86697,1300.8213757893259
96650,12613.110932480311
77031,18397.969738178494
82235,43382.5430929849
91333,16140.86269672207
103393,12176.522867525899
76254,15874.433325305885
101592,12861.356671877063
101865,10061.614157769514
90819,14471.349086950846
76941,10412.609394887992
91974,16201.590801351083
102930,13695.636732360697
96310,20488.62139033118
77912,23882.913921085816
108119,13292.578899233566
93631,15637.572682473676
76592,18717.929969572422
94282,34838.89697387418
77715,24088.34133070462
93747,18813.77274561501
94560,34713.19828616162
90108,15836.631392807803
102128,7275.50791663186
85820,16039.716731060875
79541,12494.082738487601
102901,13564.034313443466
102761,9758.915826367773
91536,21691.592240248374
82089,13484.513181065406
108489,8416.67850306695
98409,6912.781235799342
79151,12935.739069304203
95549,19364.2480293499
85472,6792.624287899172
82072,23003.95270689133
99386,12834.064851508783
92932,31852.5562052174
86525,19208.415198564366
99013,9233.390110522705
99472,5466.008366274678
89967,7696.592810051903
106604,24663.59158170844
91608,15025.40161226176
82249,27796.57610760595
85445,16741.013338740726
106905,22031.572899394643
89122,14863.393828306711
87056,15205.309325955259
98254,6610.718350621124
81697,26992.959936092284
102542,9963.304370685155
86804,9357.663263660383
92626,45365.293325561455
76602,44120.420592304275
87943,12286.199998559368
95438,19977.01249836901
95823,17797.459974704216
82403,75079.60290874452
79347,24385.843387100314
99419,14666.429335336707
88561,8524.299018292573
104572,4529.0769063548805
108507,25752.002169275984
97900,6793.115199044218
89733,14570.189949368278
86211,7023.0390495403835
96713,15857.308844067098
107123,15209.923297142755
78086,18268.58424734687
100576,13976.891185301449
102589,19616.248490802504
104477,28788.090230666534
103487,13521.997797848897
79189,9862.808162723539
89098,16916.287484178363
79787,32308.046779624136
84294,17143.659494168067
79128,15720.327964759153
90269,8601.079015049005
78251,19503.740361577205
80572,10124.785449097977
75986,51651.75321028124
77619,31359.376018548803
105025,16011.746966684563
93882,24554.917592007252
78338,21035.467868129974
80621,28498.150929925436
103601,4841.370063244124
88170,16351.242196195242
102889,12810.321647735476
76347,23312.41311683964
106080,5816.002142264224
98834,22243.44479203538
76498,34195.37964888988
85104,8405.640487821041
87534,11548.806348917096
89883,5179.06099673589
88738,4462.31752895629
99252,20453.16745856632
102696,11212.459327468996
95948,22646.48551841298
105438,28933.67562062971
103463,10567.058278255861
100261,9471.017933807663
95315,22101.70277027361
104172,23055.551453431926
76502,34209.68073715877
91569,27638.32016830664
96071,12635.562161083997
105936,15246.979071910866
97089,17052.11861207739
85434,15595.740987301577
88446,10419.434601921595
93751,29325.104053473115
105399,13710.160896376943
88174,30420.691822660574
88555,8338.841796466812
102346,12799.201508120395
87144,10651.83037145752
101990,10154.378165715532
102931,9863.842000228013
108317,11682.955037609783
87976,10032.880453563299
97988,10559.535948668201
101822,10756.419144081581
82536,14456.429471891666
80676,31605.52735716479
91255,10113.712920773432
94069,16294.650219949623
91894,26065.761664024507
108147,12849.20917201717
76928,24445.677074817642
82648,13564.572726467894
79426,12342.526421107234
101936,12855.401344900698
107567,21916.43715293303
88776,10751.916934569343
91113,25947.043788460196
84568,18049.234605864644
78044,27565.837623429812
76929,40115.527407482194
102526,5946.342654341095
92515,10766.818437972197
90009,7554.962315970707
82978,8265.83305065064
104437,16700.479842898767
101451,12669.20807064021
76325,32177.427666396296
89491,7777.3701054244075
98435,13230.52145458774
92282,16554.48849237337
82209,14534.563600682539
88705,13649.785502468121
104679,9081.220775696615
84919,6935.677528104426
89998,18449.2346983011
103520,5629.99919643522
106857,10979.01098242521
108499,12674.084091546445
78893,40006.35218069283
100860,11981.298122804554
91684,13779.613745217524
80617,14076.50203848751
76634,35780.02237348173
92055,26471.2893193633
83030,2286.846385234499
86154,7144.37578981233
96022,20632.158301636395
100336,17359.83594184911
92663,14015.31276177523
102884,9863.88057351913
80763,26649.758253013864
78329,9875.329507088507
87867,13720.959825562513
104353,28029.01806345132
94284,15090.67922519695
107996,18966.15177947105
95784,22621.17790092816
101298,14788.059639353623
95995,17074.640703476016
102718,6722.01853232564
93623,32952.11341136703
89585,17168.959507451542
77533,22544.100954497906
107550,14322.318649838158
87760,15578.082721575634
86299,3852.537604126285
83152,11288.208936805533
91322,27538.571891033887
91286,10043.673498256698
89231,15987.109400446283
80082,8947.658791613541
105518,9691.73307110189
100224,12239.877734429807
97261,11156.971262309753
99651,27028.662009377123
76487,11572.457222436042
76867,25068.183497560807
84574,12219.559549918553
92378,45451.873617753125
103934,10465.421776790876
108445,8382.702336700675
76872,21441.352381000775
76180,50081.04690948267
106906,9534.023715791971
76431,17320.330634646645
102603,10203.469623853556
78403,15009.305659261601
100799,7590.314793552481
104755,13666.450899233765
89602,23312.47178714781
101656,7764.908910119758
79362,16211.061483092972
102262,16102.207983507236
79884,16082.653231616703
97740,26251.179988412747
101264,7517.825601574002
76525,11396.541012206284
101988,19078.899802280204
102819,19568.79657800899
95501,20458.61813789635
82890,13172.778896554322
94413,18879.388085205115
77898,27107.038514770782
92991,23608.292711629732
82055,10443.859208438635
100865,12776.579932086916
107388,13250.084736243187
94252,22653.032601352457
105973,9165.441273817987
100976,15762.511247877275
106212,27380.866594209885
76078,9296.443657952308
79014,17429.10109963499
104787,10158.851926324029
92342,21518.500063661795
86334,8480.509695774434
94066,11667.974046845899
76062,9805.587049337328
99371,13725.739338347923
91498,19326.616550901712
86406,16929.729824267753
95531,32813.63552492492
93274,9461.68136715935
100190,15740.079937926666
90424,20842.067860895502
99089,12295.162934917229
94306,15059.371669364897
88209,7766.495322111542
90029,8831.47765019778
103397,8507.142618182395
82341,28169.90757954572
92358,28611.143628970483
100389,11037.19619136776
104886,23693.813913692375
98404,9757.63141106853
85100,16710.049073056387
84878,19368.15698545876
78693,24974.382982023562
91992,58224.787622944656
105754,8690.120659292445
89594,16936.621271849668
84756,4995.538179410931
91795,68034.57480858758
108235,10882.93255168273
95474,21966.434727713677
103485,8760.1882226771
107700,9474.950935236639
86613,13156.286086384129
85741,8176.814801894423
89372,10895.005583293312
79735,26820.36625297905
76186,14318.237955643575
93135,29045.004840714457
108107,7163.709598668073
95853,29976.37454205393
106625,26520.380732152924
94400,17240.396931674186
84893,13035.60923434701
97777,24750.723560603907
82127,28031.790936381916
102116,15462.322263143897
84330,19476.22987978884
105251,21109.28086887884
104115,9650.161176795122
93746,14915.367434060878
104982,18923.765516043364
105988,8980.094146501631
102562,4173.174246014653
100822,10928.327108155889
104409,24319.50922026593
80140,15952.00819623637
103317,12406.677980941246
96145,9614.355610540193
105732,26934.684162325022
100943,11378.097754122335
92940,12491.428584003057
108400,2730.240446388939
108512,14010.140831690882
92473,47763.830255795874
99001,9690.306682263372
81082,26472.11538714345
108460,13231.342751515578
108169,11160.555736602699
106864,17334.639374277467
84685,18803.968715858624
77736,29649.986028735646
94232,25882.35466517027
89520,3377.156770649401
104514,18748.70189342365
87509,11016.073428425865
102802,9335.359323207464
91042,29434.250356526478
79197,30948.787361488907
76499,14741.812372624081
100082,10312.48112000887
91224,25452.730620643106
95303,13334.588301222702
96830,12958.239692259243
88064,13775.27928277538
81628,7861.573068503815
84857,8099.621206769048
82032,21953.67890931851
93316,23557.134872505754
104993,21122.312819624934
82315,19706.0054494934
95990,50964.65449057997
89970,16924.872080913377
93407,19498.939857708825
84755,14096.91934874913
84684,16257.439355030217
79353,40148.369737364555
79649,53913.90980120694
81749,27069.499605150784
107002,6374.4521120910285
82546,18557.994763102055
97536,13889.423773783516
77580,32583.8020804047
95967,21077.75821022798
108150,6505.2081312888695
98992,7823.159536893706
108536,9495.707030324347
102358,6390.214909424913
91856,26674.66672668222
93148,26611.638909825233
84957,15191.28944671615
95413,12448.712941447056
102404,11539.492090870535
91495,19887.80405711624
77953,22495.89782498631
87398,8871.604562706432
95955,19073.873991644134
93290,15771.202186929995
88128,9834.02169547521
88830,19435.695842711746
83397,11169.427286786446
81599,32443.88697842595
106055,6800.71834604875
77655,13618.710430547553
92106,28393.580810771047
96536,12269.013951913184
104575,14378.254602206016
105513,10289.473229363208
92308,17614.420510279957
82419,14376.536442274486
96473,13106.483004138014
76961,26395.10439159761
104060,41243.993272489955
91056,19822.9688466554
87618,17548.395755384667
95253,30975.130489539682
96135,9718.699724432678
98015,7536.191791972584
87695,10595.638897429388
79066,14316.933459511516
95512,33154.38036763533
89234,17475.68112694258
89971,12270.077658108548
103750,10797.590134912436
94180,31541.71409030448
107947,21843.970626595117
93455,74824.23493596242
86369,16343.338584375768
78817,19906.722058967778
85051,7281.515375404522
79315,58956.544804508536
92395,27562.61329477405
82513,13154.579055066315
107728,7318.265916318555
90261,12047.99811822786
101064,12593.808694296133
79329,22799.155096806633
88998,10934.397978374063
102002,9220.959790590432
87718,10165.97199943132
87774,20400.64449051722
105214,17672.040071387455
103055,9935.786356587578
103543,14636.541837785253
104548,5700.098394193505
90387,8639.709913659153
83786,16492.470022357455
108102,13651.961132859333
101455,9560.633203880356
100577,19503.699830417805
97483,6786.667680193767
103056,11504.834205189121
78401,10495.76012953152
97400,10726.717680069967
97703,13346.27038698865
101311,9082.777555190518
87912,10598.392323370512
97168,8877.0290316546
100833,15380.564041513331
93043,27031.8358014414
80772,18008.226970142387
99794,5771.381635640102
78326,10194.675668516975
98710,7954.969942440702
92351,20274.121212410613
87356,7622.915742948481
96926,32473.734470225263
100570,7850.7425699644955
95109,22901.167074007444
85050,7471.262679944453
84046,20710.330465583844
101466,15237.360891300395
90832,15154.971264354785
93397,32858.68731668408
107778,15551.209232660667
106710,22889.79570012509
83464,6884.028976884306
93622,17076.794501198296
88744,17076.014619400074
107378,19928.452033184596
83032,11729.907841985321
89480,30264.679373124545
92634,26540.38311571588
81057,9065.86303360914
102633,18920.61415223883
101794,9377.557960726881
78355,13775.330272783185
76544,53838.238558153695
77408,12594.889045310865
104451,34068.06021915797
89254,16787.85628318264
85412,16969.835153739852
97709,9300.839694027887
105230,23604.01537986798
87691,12844.240867231809
90722,9428.05368733442
86679,13979.220760858301
81418,29037.11437258746
76980,17810.757875212974
105319,14011.285671616944
80516,14645.205148685462
88960,9226.938998936503
82982,9854.112505717894
105004,23665.136385376536
78037,37629.76533393936
105901,20913.004638482776
77109,12915.458444391525
85855,11424.94219703961
107355,30270.9048736083
106193,10373.117504526012
97700,21913.755724790968
86150,9386.453209352903
76267,35537.08685647022
102096,13542.262274819801
102561,15045.88690470085
101137,12492.947556286184
92050,65860.26657690055
103878,10764.76567319999
94760,24659.88421831835
102678,11068.84584703619
79971,31207.42546898725
85739,15779.803211057648
79714,19851.574502226547
87673,16788.502466061076
107304,20744.15979509104
78692,30952.26594060351
107274,9407.009162400404
88686,5270.989406483863
90843,13135.105937956567
97507,7898.18943267433
92343,42447.31891015566
78781,13350.73757418721
84990,20510.175740996983
92913,35712.579768001895
92079,47853.87231426096
98507,7904.925147240453
97152,21890.79456342761
78442,36253.605964600414
79711,14733.444442791546
96643,9597.3137910988
105000,7540.515562648943
89454,5595.485809998412
102265,15745.275898600295
94961,29365.073461179883
76335,17544.143576951024
82897,10849.66489443071
94061,27437.706028215962
90661,7297.738971721628
78112,28486.384380386902
95596,17273.143620221465
94740,33579.514611846396
83287,5495.944590404147
96668,14978.083255900703
101834,16749.629038196115
77285,31821.73829535358
102545,14191.876043062313
96287,19321.58116287864
82156,74222.54073375119
87276,10949.50896915395
77564,14733.143043103648
105991,7525.356294257514
107570,10925.003047773955
94519,32227.47139649851
78369,51063.29819703601
92674,9860.346304181887
90532,21466.10326092133
85489,7230.9072498795085
103660,10200.722046950294
81206,15983.90398360178
106764,27653.196977985583
97425,12606.102855538968
96393,24249.297801912064
84960,10609.572487484646
78993,33405.51191426016
85876,15175.815010760198
103936,10943.347361001674
84201,5244.4902097000995
105098,29120.39162058977
85078,15275.230885793513
89886,15747.164146960547
81268,31348.14402236063
79945,17645.08866849528
97727,8504.081139690665
90636,6904.341393347854
80106,9285.244105240059
76947,12613.758100341456
83264,15826.656502744267
101532,6603.123969885492
91558,30438.050111889625
93311,15454.37552309436
101967,6814.396200552844
85725,4339.112918725137
104684,22165.82717433461
89747,13487.942090509934
105165,18049.109606194248
104814,16715.222139276324
101904,8755.190427284515
99238,12202.808954373933
80989,24492.914760408763
93575,13142.10738111741
101536,9408.815927813499
86847,8423.321496286637
99847,9273.577839553336
89212,6684.226709657481
93997,22128.141255464372
93647,28155.722600587927
87846,11560.764349236375
93737,23766.587941290883
77906,25893.914543292933
80648,32804.068332631396
102925,7563.756773757234
103709,14562.156969010906
86195,13271.959155684734
76865,11741.880992107488
83260,17047.263540697255
97233,26859.032994349098
104618,21922.455592275517
83879,7182.959315436268
104804,9858.866231831706
100551,10067.203951161651
90524,18399.39675940358
99669,19943.46952268665
102658,8380.855292123486
101398,9126.635204035329
103286,10872.506708749734
94823,30500.8086803363
83630,10685.904511570276
86079,7221.371886799383
102145,7751.117720750338
94270,36340.389613070634
105688,28643.102100959713
87335,17500.426452057698
89805,14309.58480404984
95093,33681.90399088219
76699,17425.141523967697
83187,17283.698400370664
84218,6146.444070619955
94153,15737.786680424375
91849,17492.44366417498
96202,13669.609822214497
90172,12984.04788128207
98759,8283.937187830175
86718,7319.9036404543995
103349,9892.67234006717
93293,47797.6619527262
94622,36961.58628341406
93181,20917.981733146502
104870,11796.069284687828
83247,8299.500251088848
87566,10357.387665086233
77362,20847.428405712646
79537,20678.343628819897
85049,12330.695726343685
81402,17624.109418164848
108341,14924.410270112237
92193,27172.417893575377
100184,15774.362460717288
106252,9001.05314718086
98047,12033.0507801058
105416,10743.349363186075
90872,32746.582299232858
100235,9468.599450793607
91485,22110.06113068102
90534,22144.565761430717
77841,14956.893273127465
105730,11978.31044863727
84175,12835.855630900347
103964,8777.891671835088
105970,32837.25551548121
99843,6778.984925146647
102012,10685.89817091696
76779,29586.82665983481
80778,19962.299742492974
106638,14921.773850834003
88233,11292.509201256944
102657,27949.794750984838
107180,29229.33968754259
108468,16184.335653401817
86399,11809.93176400586
85128,22257.29128979417
99868,5152.020832447296
100413,11100.280244304187
91125,21508.61047684239
80467,30021.278162312217
78605,12290.622904153193
90259,13935.637479564622
106759,10541.6125923136
101253,8873.3189534941
100980,7330.242630478204
83805,10424.351313236604
96745,7410.485141918568
90242,15540.21405870152
76118,25861.63952893215
98824,8386.736827802873
78006,21075.52349056446
100924,13602.754504644694
77138,70574.98122370582
87665,11480.6670141195
78023,15644.834430027151
96117,21913.044907554446
86789,8147.083565725942
88649,15841.50048421824
96792,8267.093639718923
79403,22465.217676860222
100547,8120.356726628021
106529,12560.323503273083
83042,11297.540955281136
80334,18269.659867755407
86589,7827.352929457391
101811,13739.44930397992
94128,16824.015871255233
95868,6379.7646987677335
76244,28340.867388309794
88957,18986.86061360426
108503,17609.150724175684
84409,8749.08984799393
104962,27187.825269612527
105121,9153.45872914891
94389,14394.677019345349
105602,15281.705484781989
88289,8747.81291693624
108168,14141.652006912913
84978,18447.793190651362
108011,12166.714906404648
79783,10990.513189964433
89892,21036.538383364277
91748,25401.681753173965
105942,12283.952919471649
106893,16387.73230163525
85969,11181.843973656498
105403,14614.91079372691
80319,27730.91932995515
103010,4672.575597739144
76518,25730.780332342114
95598,14772.228874886136
101287,15033.608790960372
84475,10281.921317269345
87686,14208.501104828745
91202,24188.855204184496
85296,16552.806820857695
89710,10260.325039483305
108409,13660.0656869428
104660,12178.616921816327
91493,16081.974119618042
103318,9542.68069185681
83537,10734.101701923146
93277,18488.17979431438
91290,16001.836231868961
107127,12272.335851469781
87752,11306.81011528822
82613,15027.321285575235
104508,9231.902883648478
100051,9421.130075108234
84203,17336.74544778123
88624,11091.235524619382
99483,7030.504346317751
96635,28837.6200830721
78956,15151.107034990158
105839,23163.557525779714
92487,18783.687850001512
89382,10385.405979546222
100337,7186.334847640873
78640,40853.35315038595
99495,6926.9412044903775
95580,42612.61866138119
85347,16744.696267900385
100050,13053.288454419455
97749,12473.627058934124
76587,30389.05158763787
95918,32571.591253686285
93823,34886.77821135554
80470,25018.55689476615
95399,92499.89179706988
101483,7928.537758595313
94776,25853.75895641932
97442,6049.348871270872
79267,26647.249190559432
82710,12283.643188677097
77473,19258.098122886808
105371,12630.164098312802
84991,14630.127357789283
93878,26150.077376041623
107126,17828.33703620748
90996,8760.80969029858
87095,9651.01357988449
80205,16852.753278957523
100043,9771.876897047918
84793,15879.654051790447
80403,13959.857225237329
88018,12344.83484383687
92747,26907.333919939123
104894,13011.76221279399
108319,27765.34984862331
99481,26192.703429428337
98270,10527.788922850383
88155,18437.87529242382
84565,19100.99301376114
80779,47521.32878641345
105684,25343.013795754876
106855,14367.717767495047
103908,8090.602386557174
100595,10600.900334787055
89822,19964.102052373953
100401,11147.379578845279
101037,9488.870131340214
96350,18086.37008531421
104191,18922.201982769464
87891,11763.1761482156
97744,17226.793512410524
105757,22989.09090435268
98966,12698.922136415282
91869,9115.100766299127
81292,18104.97059554321
108284,24955.857795925902
83092,10080.537924947308
78394,19725.129152159967
97961,13244.74811941284
77723,35678.80255382337
87317,8249.208556290616
95065,37493.868563363496
88227,9836.424898741197
108087,9875.420823084447
76311,10306.941412353663
100764,8214.749490102926
87828,11474.454302794182
77314,13859.618305708938
107860,11578.142158099761
100339,5960.686550256344
106165,5960.775215775283
104443,12600.114462978649
79613,34289.53556360453
92686,25608.245255513488
97493,17388.282439060004
78977,31687.23421681551
82933,14666.848901641339
80063,25343.77887562007
92287,22874.30976605521
103664,11871.769198511905
102185,16094.887954335716
94679,16290.110352415466
99024,7937.470524880681
99366,9100.467320027963
96554,8989.973781327233
95906,25289.13260734652
85623,13263.845909011192
84336,16958.931492910662
96560,14948.94167765731
107448,8267.13324223081
104118,17379.894648291367
88391,8457.316340249234
100327,13909.161118578026
89323,6447.639192384085
106925,25634.81826393378
98542,8517.13648652826
93996,23206.383105115117
85103,11023.053650741658
76033,23882.710641585036
77213,18998.70563353886
98117,21372.342073066407
81109,37343.54823989268
78316,22567.259347003273
91021,27115.312507451243
78093,12055.8459629878
77497,13249.077448618718
83590,12932.64300189565
76126,21609.942811762267
90509,4116.535318316962
76454,19823.898335286944
82095,35183.41319117642
88625,14202.126899126015
100031,8180.39524846884
99458,7877.64700956554
88085,10791.904240932687
91823,19071.322268302774
77735,26008.6896178135
91799,7604.729972261139
91480,9359.547240431699
84915,14409.692269122419
83688,11059.49842068007
102334,8379.761384692521
97765,10551.305071054972
99836,13837.683418916271
98569,20046.42559752005
105050,24474.159558391762
80826,15828.561235941868
78684,11957.793417816962
99123,8940.065455261882
96507,10970.523810925934
104742,22212.85127036788
93690,18338.449017671788
107606,14684.647274611
87019,18454.669340989854
100735,9367.800857468283
101685,7415.137395448791
82792,8359.799742926896
100036,8415.946439858933
102607,7343.8850579090395
97772,16690.965018769857
96207,15957.416202776423
100697,7730.780766886783
96481,21394.934916700633
89054,14475.883718761295
97847,21185.508547181886
87528,10350.932780117388
97145,6605.259701628781
95223,53681.76659600437
104325,12996.428728079072
93743,15023.186889644168
81914,5710.0748864819125
79040,22458.972139896792
107030,16832.741963036697
106244,25182.155362351707
79602,28690.235935705292
107684,6954.708084885235
105346,22808.638308920148
100000,15795.05180772375
79001,9906.647311125706
78942,28789.807347881735
87637,10416.700904758347
102257,9646.460637555314
103502,8032.364222965497
84619,4601.063840620082
91129,24309.73303131388
98493,13230.919527218108
107108,30567.919714098316
101158,7359.757047738708
80236,19335.72056539021
105375,12316.980876526699
93002,30034.805380500133
91619,20228.861690262558
83965,14465.446086324442
94431,43006.30266788179
104601,9280.824177773035
92698,30287.06044784306
84014,9107.337525058701
91961,28003.10080254538
77595,55279.54686046762
88848,18176.084724350905
106046,13968.60275063153
99498,9419.846729455723
98153,7182.041619999992
83157,9417.220302368412
107475,11182.008763105738
100589,13608.575945285356
81448,15269.532761050557
102638,6723.552710966533
104473,27652.621603622
102724,6125.919642601855
99338,8873.510524538087
92431,10494.73046040272
84969,9955.029961439419
108426,2214.6871105490695
103206,15744.04479102823
87345,8266.103047892158
102625,15278.21075858029
84606,12888.123139522311
99166,7685.803672074375
94408,24486.727894103267
94898,20423.13232477872
93658,32903.69822440861
98234,15252.14032534994
99725,11781.271596808894
103979,13619.595486841803
77277,22067.084159252303
84401,11872.997581335483
80006,23105.9908917453
78572,13990.377838556771
88781,11093.619087375508
78546,15773.675056389538
103829,17549.998081187005
79159,55853.93638449178
104502,11007.955358881545
95125,27163.585618751
80804,15768.163369859973
96580,25684.64310739687
92059,18641.276066348182
100530,18136.06665980616
78079,27352.805941127594
95036,15276.296980205612
91490,20056.60895363009
103310,15493.504007399551
88853,14195.163070771934
105948,8526.17444514978
93744,20381.959871457413
108518,52092.444934940424
107733,17696.998902556956
106813,9776.937203873527
98343,12456.288870536415
83056,6975.692832205239
105721,22048.987598218584
89165,7204.502313510159
106402,12305.3811387769
77252,46188.039183176974
89194,9431.486358822203
76777,15294.944767675375
90569,14477.314532952843
93912,8631.596409659931
96848,4913.542025120827
87355,8341.517115636365
80539,34939.09924993182
105351,14049.426509756646
108019,6066.974360399916
91331,17608.06591282291
80814,11245.375824648721
95951,23044.403429877286
98392,9147.550190185053
99209,18567.709096299943
86085,9261.167608146974
84678,7614.416493008257
96534,13274.031242198425
93665,26517.370046988846
89832,12097.677703701947
85079,10570.692870673422
79425,15868.088505538866
96052,4900.433379704388
96599,11244.118183299319
103705,18171.265382510905
78171,31689.81596182989
92005,19344.710721138214
101323,13814.07871281708
80398,18788.291913509085
82123,17801.193032252737
90262,6391.001519848851
93300,14918.042889938566
76795,16231.120853794884
91043,26059.917702296094
97362,14276.358917014037
98969,8136.20934482899
104826,12672.564560623236
84329,6516.153873739873
97976,12085.538910334384
96904,5853.161114054753
88148,13153.725627811722
94895,14179.209754371217
91122,28765.47423664608
108145,13190.29605729253
85476,15873.997211957663
97564,13414.318315904467
107770,42344.116176315925
106947,22459.174804892948
89548,14992.544138584499
79027,17169.45905379195
96032,20760.385455423075
100133,9668.9766234259
83191,8839.638889683114
82695,12717.319574972324
79273,50682.316630610534
95667,13915.70799513726
99578,11112.516250297758
84492,10778.662139650613
92353,15371.475875076321
106435,16105.46911212247
86655,15505.64124780428
106651,11977.385991395768
90268,8239.982213936199
98311,12160.496125821006
86971,7728.787401904868
88573,13574.84122162248
93189,20232.487995065825
87244,12582.34332269014
108207,8606.925144491246
95819,45808.8327112405
105846,28580.450430783883
102372,7888.400661600809
83616,11234.053606704645
92411,26706.911506906396
90395,12845.051247076339
104613,15548.334003059286
95808,27413.8598663821
98662,13316.250071643168
86066,12461.103700842905
77454,15492.25594001494
80846,17415.039243579216
89060,7426.144723603641
91975,13253.722144749312
84011,11367.351120499523
88315,12545.932329313748
95692,25719.5175387647
98373,8929.790632347176
97283,24563.040079143568
101495,8242.33846644445
81770,15092.246748077907
87458,15511.754525843971
102710,15973.483030924617
81205,31365.653783052225
97440,12724.17165209413
82618,6736.427646940216
104838,7138.062033552024
103606,12806.534091074962
91507,58855.987143267565
81463,13243.721712821367
76741,37045.458421189236
94422,21836.16474222061
99543,9198.929647833236
104044,18965.312239972147
83284,9863.309665443676
100834,15486.00379276643
108440,9992.658167033107
96881,7260.891024937297
103925,10300.099799890417
102881,13537.645952942186
78690,21015.471685754175
78052,24443.67706685225
103938,14566.443613709176
101271,8851.14672827329
76924,20515.632522060332
100415,10942.938420943969
78455,22085.72374766839
102811,4847.123253418406
85154,14596.891827105534
103761,8308.706006660172
77732,16850.73785826768
85957,14988.95087556988
96779,24839.41082363644
99061,11757.28806793202
106028,19360.422480183293
85889,21350.084043784398
97539,8021.660441516956
100890,14281.793648633968
96058,15073.473605159075
80216,18932.232919170787
93045,20796.48336294957
95789,14806.993221847082
89368,10371.636148895654
80917,20632.25328087695
93323,26613.148509288425
103669,14399.013230641707
81561,18220.136644957656
92214,29867.633965137058
86368,13803.70000555691
95070,20530.950885320482
80730,12421.70286036193
105647,17331.4724113636
104707,27634.376128893666
80353,19664.52238926392
98677,26456.004945458517
89445,9005.747462068426
98332,8216.82092321568
95929,15094.908999738996
88970,17673.816916451975
81272,14645.930733775916
77963,20191.816692332162
88285,18303.910751459563
88924,12095.787180138645
93562,30240.293782768662
89463,7564.858927769363
105407,14518.605800815734
80944,37639.37498231387
108099,25976.411358327536
89199,6629.123236230002
82756,12012.866190089067
79573,15289.786294782883
98847,10692.351078957623
100966,8331.796052064807
108500,26997.3201273668
103830,11403.413392481421
84043,9817.09693056433
84550,11487.495293822856
83946,8585.43973601881
86287,10353.771136935646
77598,14316.110193075358
92893,17038.655812933965
106936,15320.97044226346
101123,9704.671735922604
83943,9668.101797737532
89197,12988.185505072415
80185,63931.93910347883
82429,16453.257578235814
95864,26388.93507110996
100750,15894.051701726507
85497,6536.496445443886
99469,15501.759785206012
87667,7470.479101528571
78681,45864.9377434968
106579,14624.089647018096
97388,8878.821642047527
82487,10857.820018881896
80635,21802.557317862753
96378,8599.441093511929
77827,28599.766181069634
79045,32774.066449396196
95229,19686.443464095097
95387,17424.492374823174
101754,6768.262855927577
90728,7661.75840557143
77618,29675.965158303832
79390,44509.90863524812
79449,17971.961003850232
107826,22295.786153740184
87026,13030.041685198586
77765,19049.637738619287
89691,14872.941065843523
91087,16334.207530132177
79770,28863.461548345163
79341,34097.05059272263
87532,14893.408028473485
104082,7878.276002691899
83169,6394.088280139772
107978,26762.84500935236
97466,10379.43703446166
98381,20187.935186510673
87614,14624.796915087647
84768,11844.304945833894
103605,8190.4773595176575
107420,9983.65698566424
76099,51667.06629492476
81932,11967.111719737102
96233,10761.64158882895
103484,9025.314719415366
89608,14637.673582670795
91316,20302.51101638418
80424,11571.68992789612
83120,9568.55174985277
95888,20708.907185533626
103279,11887.641673113283
76800,12953.798035515465
102188,14481.772488796005
100147,5578.640292845106
107959,23247.903334395814
93341,16417.495541390716
87446,13115.147967261339
103554,8029.466999484761
83756,6102.413027405479
86353,8916.233380881156
107874,22318.74654047407
78416,16738.778090328753
100911,11833.555543588835
86514,9851.317416736116
92702,32575.17597898719
76787,19267.819181313276
98523,23299.197374510837
88972,19527.280255528174
87370,14804.257249089354
107060,9724.997399276928
108186,12999.600971985115
90126,16489.982342141975
103874,5812.0540219999475
88271,9825.462322378966
81752,14628.642618758397
78089,49600.40660348604
102383,12863.603574601002
76766,33592.31825085809
86120,11018.919628602576
82871,19861.025585360396
78647,28824.70166565927
92451,16228.662409284669
91743,22630.99871160049
96582,12219.755934137553
79729,20146.14955151581
78864,20674.25766953412
94728,21029.336866999933
90355,7602.679327260272
103777,13909.161118578026
96076,4891.932837357905
79201,25114.299891436636
106707,15495.87450019288
83836,7124.348654999076
82332,34715.93620487684
106545,33566.91049127407
107268,28409.997986733822
105459,8166.696531346253
99683,12507.44586700734
98385,14955.55637619337
103402,9109.089493847863
89402,12782.878467838878
87077,7122.650744904628
94222,21472.61663737849
89919,6517.985043722433
80585,27374.53777734467
102406,4665.4234118831155
95002,14661.792363583256
78216,19131.62000333629
81346,20650.957922210222
78309,19407.989758744527
93307,22972.280529016647
87233,3308.6682896340117
77093,9795.07740527826
86762,6589.302813536043
94561,14929.80914210093
76392,78754.90004276653
76895,25089.01022075867
85419,14145.215827876602
101026,13839.30215892784
102584,7934.718793535191
81381,28695.81385192999
81761,54999.49373711449
98099,9835.584553198018
91347,15701.299607144292
100024,7481.515935696038
97924,12201.355926929482
100492,10793.915649864564
93559,24775.821067480472
103175,10747.424878155733
98122,14120.024239625209
84362,9307.111881094614
77943,19911.30622481747
87275,11298.687270806653
79991,15140.506872175896
102700,10901.822592177561
79660,50482.23911581332
105465,21514.828369603918
94354,31741.47345829965
96390,7970.573326818715
88763,29013.313371945143
87219,17990.583377839706
77221,27191.87732757669
78165,10839.825280446945
95069,25136.944899274346
85157,12472.201445605635
94547,13455.12932228376
80643,16929.136839309962
97499,8788.130518326057
81957,28123.18694427966
82538,10744.963718098808
83777,15313.520100951955
87927,14194.990544495642
82916,17459.01739799189
104146,12096.06131373878
105260,8713.50621879562
85483,13751.451217216534
102412,12517.688130026694
86508,8073.042754432313
102998,10816.126587484268
94493,36758.423014458014
93422,19651.23681984513
90033,10722.634505544274
92957,20591.706981643412
96584,12799.320401338082
103170,12427.234042896722
83550,17005.134674460955
76050,12607.90898489011
99903,9389.449675635527
95255,37545.596713195264
106697,24336.862968226018
91497,30234.791916795773
97177,8931.892737626988
101863,10562.242397317987
99298,7337.582568433587
106496,4907.504382810154
98770,25225.406589568054
101801,11476.18833660163
85037,13109.27222250992
104399,19160.573904429966
83980,4481.860687233918
97825,18088.53112377453
81924,22005.65181300172
104192,9598.125509038915
87130,8408.386665702668
79364,14894.246988304576
81388,11059.234729464464
94917,19510.514830440152
102119,10980.08707689019
84135,11782.327805020885
94992,25523.93074479601
81229,21082.754076533318
79503,25561.777315231215
84540,13299.126601567055
77881,9687.37566252948
104978,2304.29561111391
107373,16146.892303366543
76208,13604.363076864218
88192,18383.507254373293
107010,50087.44480365724
93961,43833.1508843781
83957,19289.220357043294
85283,7585.939908063013
104226,6476.254143322794
79463,15942.85337324449
102587,13722.251255097795
90204,3836.1649225664564
103507,13489.915376166848
94351,30815.307436008956
95181,13252.667838316635
107410,21988.504385000924
86541,17355.571881116597
106281,19061.684789096864
77315,9465.600255127698
84485,8333.47648578068
77592,10728.892387296017
104262,26357.650827289133
81260,25218.944978812717
94417,58985.87400048762
83014,13454.46972822758
78192,21089.23602990977
85838,10140.014982212339
98395,22025.552334040633
92617,22614.917050173313
107538,8905.650695945598
102588,10421.01070907598
88950,11891.84361119076
101450,8889.285429642874
96101,13286.789244371963
90567,12645.360939012986
94383,33903.97709875373
82961,4691.036928727996
96591,8405.113100080065
77890,21945.706265361398
77801,15808.688161673903
85738,6021.294565180857
88580,19598.204307506672
88914,11517.135181371072
82206,21199.873985523605
107485,13383.928766884344
105203,25233.709224141465
82256,66616.42914512957
80181,33222.286395304734
88792,8409.923470223954
92581,20955.298655708666
101272,18273.885151056144
102359,9774.865354553776
85306,9980.887621651422
106078,17150.775879009976
82442,7474.164971311052
106313,20424.02233466052
107617,10732.413810558626
89719,18681.165324338515
91358,18953.328404958116
89676,33667.04901946232
86927,14856.16593457773
76819,27115.31965936862
96646,8824.886696905232
81533,42735.37401098749
89207,13164.19574248155
90282,6744.623498568356
94908,26252.07808412151
89890,9429.4183401571
103477,13624.535976910984
76090,19665.329892886668
84810,5904.823540969163
98323,11140.354634852447
100552,11914.055677540857
104719,9723.192190353711
90016,16198.294068374711
84632,7408.853252586593
99846,7456.665787892001
92362,29056.441348215525
81315,11879.61716327681
85084,17252.95322152973
86760,9326.960960837774
80297,17284.02399870856
93420,21484.428953787374
78563,19766.391646344757
100791,11970.24414003911
89019,7286.168404928733
101709,9016.161481611358
103419,7113.46610818268
96092,18077.424873166132
89891,6373.829345512659
86562,12383.797212151096
95874,26378.88861998008
99343,12274.671394927154
87586,7662.147095635606
103112,10831.17966033435
82740,10180.28658312174
81595,35161.552192982934
77578,6445.203018788961
94090,19076.84226656503
102873,9013.351971112263
103258,13045.542386743115
107497,8242.9517055448
101861,9004.220619979487
103997,25214.37608763751
79785,15709.398635344141
90250,6808.519837341838
93233,32585.328629665368
86527,12496.905627275113
86140,6159.536646892464
104063,8978.68590772067
77734,19166.444273052704
91652,20996.513606983248
97758,10809.03516669663
95096,17080.62752343464
106186,11103.097404913025
107960,26044.38803924482
78445,22720.767753502845
91886,21784.62926453901
82711,9172.809537634746
99248,9034.979450531864
91701,15896.228657608488
88172,9796.567125849464
83916,13701.783180745722
88883,11516.949495646644
90342,15010.588098504315
102042,9506.06250640548
96563,7904.463041963437
82344,22263.054653134706
102707,12871.16739705635
101718,12531.48078304045
102705,8092.387650423564
92589,28906.105180330705
84231,11658.54270079985
83534,7871.393987823678
85768,9008.04029171512
82141,11648.906811716199
87448,11604.225131908346
79569,7427.879770913993
82261,10582.480942878861
80605,13599.679384955467
91120,10331.270294724018
92482,22960.521751923716
99998,10869.035683296637
82202,20287.439176829128
105899,13834.309742785303
93653,15866.774758331616
94333,15741.126870642338
107717,12513.16730643307
107655,9239.42433909432
86240,15742.733851610432
88745,15458.354777308132
81723,35421.48120833009
84125,13955.031357834176
89476,15062.309804421713
79059,36288.056729801785
77879,13489.407458052938
82855,13590.885986473644
108513,31840.310101347986
83646,6987.160042175167
95702,33369.774925485806
84145,9970.807921067586
107629,26588.13855823172
81843,10279.835841665485
98863,8982.06067397286
95154,26968.28815461707
93275,25505.14223329205
94003,22560.03273044859
81095,17245.31734213163
81099,10703.21611385479
105527,13116.858586716744
89596,9428.05368733442
91007,23728.46983744069
80594,14780.630971539471
82782,10383.759815946782
92721,19200.65203489612
91718,30999.558708167056
87452,12669.5124891136
78098,10155.139992462759
84123,8529.687762588768
104672,13159.964580760856
105118,10190.967048365952
84690,13872.245509204788
88986,10188.341141591181
76028,24173.503376224482
92995,17190.09083989395
76275,32815.23081928704
103315,5491.848147861688
98168,17869.42608756311
93633,15510.043142508688
90151,8265.286611192705
105269,29314.2825477173
102604,4097.710081081755
89541,8270.995047466753
105694,32747.590834971696
80405,29473.062612341615
96001,15801.106667982796
96500,8177.7522805476365
95235,17461.612638138195
88367,20517.162229528836
98850,14589.301129448939
105724,21903.159596581034
86451,11770.257787379927
86426,11268.010798712567
81213,32501.544899410004
98547,17239.26957038424
86461,6554.729588373717
99294,21712.203896605984
99597,10713.779291671046
92255,10494.572954927376
90097,22002.19181366153
102302,12125.340137008927
105746,10297.618516385472
86133,24042.605245629868
94950,55419.454001648744
103666,7771.447259773948
94750,19366.92922490838
92880,25913.933457690287
82349,18689.506151498983
107337,14227.110997707628
82954,6696.747790754637
89689,15645.060793300729
99034,12252.741105999168
79873,13848.304157056218
107966,20747.949824298903
88864,12798.473854645183
97942,25726.715155034737
97481,9651.762011534407
100313,9086.474443878578
99927,7638.052287470258
87287,9323.483237569184
99134,22605.226849199193
104705,17869.12714328071
86134,18700.002961306545
93028,25617.097562045517
80161,21949.545723151925
76639,23106.09969877341
79239,26304.28050219161
94244,21266.792113986212
103815,8390.201530393548
84445,15633.87932849462
85884,8801.5530854194
103496,10695.076915495292
88620,16418.433672053852
101448,6755.502697801217
100044,7600.443742103356
98388,15569.678166377777
87610,9965.098467442898
82063,27799.4763927504
82211,38578.533917227054
91156,16075.025898407137
83323,7921.659569910247
100187,8606.812792278803
93117,23519.424316867444
82227,34624.078086896545
94263,16891.932652787425
88207,9588.776353349293
87988,16332.229057610322
104687,20461.51915504544
79791,50253.46031512989
82242,22125.75772253086
80273,13332.921837233589
81542,27151.780818493677
90361,14366.434385788332
83914,19307.544788553078
103142,10338.718131781841
80137,34682.50836492422
103580,15164.038589517133
98328,9885.395022971386
95936,33661.41588286611
95189,27764.66275740571
97806,21322.449398608154
95829,10366.405268098615
98684,19499.168740731653
92494,22178.202280863694
83016,20716.940778899614
80865,18530.63210914889
94537,19275.01391723983
86293,11924.37080915103
100087,6244.825281024672
95534,18041.374367985292
80827,23764.11307885468
80610,12963.522277433658
97472,7055.204157136741
85523,6755.316453573297
100005,7755.207369610953
96618,29868.839878639115
104893,9820.655560714311
93688,36695.00616052973
86182,13531.48111815161
105091,18209.022516105964
103031,10294.735178704228
99359,8046.318195744879
101907,17071.612747053543
82914,13258.074620378993
83990,15432.718927664615
98598,18571.392830522054
85494,9392.19593109562
82922,9859.726795858132
82854,11175.737976715884
89024,19077.105714913505
91754,26936.52450679481
102699,4877.843588921752
96887,15256.656098714988
102671,11696.193728256734
80646,22405.11891395289
88146,12012.009506172984
82969,16355.466142809006
77225,17387.263285034984
87443,7210.714218459942
91227,14971.93796021356
95731,15414.64063597961
95171,19811.582640363074
97076,15252.763506014462
98901,10807.202849909403
86013,8321.911797957257
80831,22953.343710503657
100258,9063.209220298968
103586,15793.794030341398
84553,14258.924554384772
84400,12889.707544766601
93434,44562.08498335873
86149,6731.593392973691
80336,21715.702215985464
104511,20415.005271798356
93127,20423.746997758317
86330,10940.172676663457
105082,11770.769435910477
101222,12602.010101290156
92606,21749.272051124597
90462,10354.024179227286
102123,13300.6266924026
83212,10778.345279874982
90403,14291.440510797407
79392,23672.7249169592
102630,15772.963365638157
85988,9271.641025271367
107908,20548.87764614552
80949,18007.89166792663
80517,13350.686190003637
97922,12980.45143212841
100296,9825.163130766898
93073,22015.754440459703
97137,7805.726547077902
88311,9128.982995665037
78021,14833.901610050763
81970,22422.820136234288
98957,6717.797905136879
99602,23094.000300755986
91417,13200.411065031654
89429,13494.655650082908
96535,16129.278061620818
80782,41998.08927246352
86889,18702.40798873364
79609,21818.658983840112
99497,11851.956474092254
99547,27414.75638706063
93817,3688.8419861773864
91079,33933.9784624734
81962,14371.562842722427
85833,8144.581765576319
103305,8044.163242422034
94357,16806.198967420904
88736,9293.135882682143
105162,17001.067363892802
91131,23552.87848304739
84148,6896.053060434955
76377,18728.29490868235
76357,25926.86711948653
84675,15354.408382385815
83239,28089.00981336337
86317,8407.54406745923
93990,28272.85482519143
96357,8552.84290435816
89745,21205.531683974757
97141,20096.635460806763
82911,18439.432270766327
82943,7207.728142661118
96282,5212.235840586701
105885,20014.595691637893
80131,43536.529476219344
99806,21636.821196584926
105497,25159.655346147054
106447,20335.512234803802
107746,17163.62285669752
89523,12941.39461883534
84388,14204.690543040697
78166,31927.52934606474
103685,8209.699100627151
105018,9744.495835759966
102373,3943.436789968102
76988,21337.33697365953
81097,25701.44451879319
105521,22525.858052653937
99775,12303.087389270437
99766,9374.650054569467
101346,7988.788414216765
95228,4677.027304264382
75982,24985.03158324465
107142,5976.563861442494
86109,13398.485101988794
94195,19585.10593104974
80777,36497.93230504098
92612,26740.562927585022
99383,9565.833479754136
81686,20260.705803183042
88650,10513.361904530493
95681,14374.970467770325
100071,9670.822675290523
77554,31886.134061366753
103505,5117.128452043985
93281,20300.73420093894
107444,18280.86890673637
78752,21645.542648289913
103057,13146.226480002635
100248,12717.421972116581
98489,11390.209311226985
89189,16096.624747914053
81293,16007.230392779438
83285,9528.208488562523
99459,13674.561102440151
90810,8251.320396902156
82015,15331.2991304489
96132,15884.829574604455
80808,59510.18628650683
104685,16742.8716261807
80937,18327.428336625613
103328,8643.859293116651
76512,19003.26555572779
83456,13236.625653252213
95102,29749.498909854497
79692,24123.479178764905
107807,4197.437176318944
99176,12284.898587512362
89632,10798.952027599753
85310,16760.69731956366
105676,16115.386371618055
96825,5696.838689931986
76640,11035.10633252925
99932,14841.863507074346
103568,13593.16024349796
100906,10592.064684664869
97420,13714.201614209207
86996,15820.86081933865
86948,11672.116878357914
77326,23136.898166288516
89296,14214.887989123887
83087,7747.3215636969435
100477,10422.740651746308
84635,10409.400483533962
95060,31033.201126552314
79303,28807.096107142006
84026,8749.378041078942
87802,10966.678654679898
85561,8425.134925484928
95941,15238.31987943054
107662,19602.65069197471
105811,9902.068923052037
81618,16279.685294306435
95733,28674.836644913667
93613,13861.901899390912
82163,7198.886478099756
91734,27739.131026877814
87677,2387.478075153012
89816,7064.6062280520755
106327,8732.98924398127
101799,9926.876419274615
106344,11410.87152540746
97705,24508.08424296876
86976,18971.79378067022
104847,19749.589595948426
103833,6641.906019527252
103482,9354.347039576165
96532,13654.433256685255
105817,11573.571573224765
80883,15341.2895334163
77825,53664.3316202596
98673,9160.104514886485
107364,6646.276157975866
88945,6477.460808416943
108307,15061.162714822576
78078,30493.626553340382
92490,24712.69038891604
89401,11304.376268998143
81002,16247.31920458784
93285,25527.910512850332
76796,30389.340603649154
99933,4039.110769636207
103989,9020.88317579755
77504,12319.028585690727
77187,12673.053948059754
76477,10228.128476387903
104834,11882.38072398798
90656,18244.90117744585
86161,8414.6720155613
82503,16033.870505513067
95429,20725.02105315651
86123,19885.71728364955
85549,9497.980619773896
101443,9892.821330707171
89089,10603.837437844093
101004,9200.90820753549
98976,11134.332806128137
106328,40606.185520647115
101630,4765.512873540716
79682,14046.618165582324
107885,24410.571376613683
97206,7456.265008666178
80721,29171.80137491257
96625,24959.510265693236
87687,14484.107587614166
91458,28217.706608711702
104683,9820.28375323944
104151,9821.465940927254
108346,34367.66488676198
101262,9662.266829978405
96543,14458.78446974976
102763,7896.164575061818
81274,13641.553193831234
95280,11784.1925497895
82561,13556.432994046943
77783,15711.85005044767
95843,31067.04895702469
99776,6118.242934753838
79114,27944.159717743092
102376,13151.829062410814
101704,12629.724972983264
77297,20338.094140191453
80285,39823.9731037831
83467,5986.318833566893
101059,9283.533847759032
102229,12619.597157889526
84664,13896.557073520022
107750,20841.374180316783
102405,9978.815136182448
85553,9504.982928561094
89780,34455.894231435675
104268,9906.812703549434
102935,6946.775896739465
97898,11975.60509507324
103785,5931.774131647572
98529,19916.99358308172
93897,11456.414057810976
101766,11062.862867561082
95038,15317.846545719334
108350,19139.090455126254
103542,10104.706230075415
106061,43396.993619090295
82286,20337.733579551663
93548,32312.67430986798
89937,11654.477073122162
97650,17880.152848626916
77515,31467.823941212122
87466,15304.131829920194
87489,13922.72746602001
83029,6681.4445304203155
78512,48358.32688567899
93310,20904.404790916287
99598,10287.587543446583
91341,15992.964021705839
82704,9234.755818590604
80819,6185.620424183598
82774,10953.552519537187
100367,7448.434575182834
80303,14719.395345499357
84897,10646.460728681977
81307,36090.9658632146
99687,9287.724433195732
85321,13320.144254481598
80702,12337.086180718568
103843,10247.696632123487
98898,6870.3423327439905
87147,11810.168862964492
97662,8607.635408563423
97518,13697.095572673312
100217,5195.8897610239555
94513,28692.843788771734
77035,11704.47280003255
103165,7951.667909774467
77140,7585.803705303275
103771,12994.932980774716
95993,25197.7334241718
83624,15844.338977078809
97945,9562.882522516147
87103,6616.974711063511
107640,11517.310260130716
99549,10819.782663508675
80464,16427.804954856078
99623,12826.265775810507
103689,16001.990023547947
97337,10372.547550820076
84308,16738.852099283977
81459,23362.6401760712
104126,29967.731809448225
97303,33008.84671668264
95139,19027.867774502043
93074,38803.18066667317
102368,11400.587764996604
78475,9592.485363866212
80333,28231.197828624303
80144,11316.531829249361
100439,7572.519826959661
108154,19700.3193784832
107137,35501.621662203615
92752,25842.741126808287
89896,10465.597783975298
90485,35619.96955108547
83159,12018.557853700933
76671,15021.803404699038
96849,12070.716341379757
93722,36994.912392110906
107787,7183.248364707179
90164,15123.686074932986
84760,14964.178420574372
90370,8145.1861231822195
88117,9048.837491087581
89557,10714.157233448457
98274,3628.104070872653
97325,9576.5047844481
78887,26169.259138040918
90525,16881.051268286596
86491,20976.422210622328
81617,9706.331307645958
96123,9144.175893583655
79413,13951.642926577557
88016,12367.860845024721
104681,22283.953394352873
83330,7919.990965892211
99163,6678.567058328106
102236,7994.436971506214
78116,17557.759388076694
81077,21847.83114303464
81046,31411.625115957617
93928,25563.125613759836
96436,9885.540632816763
93479,16443.5210892592
92021,28704.34036985605
95143,18763.642068697874
90500,12897.838339835771
78940,15323.254794320581
94861,16179.898733737666
81961,15714.928141780516
87630,8881.868539018202
101224,14067.77464447926
103357,7042.2273062906
99521,16370.891581003823
103897,14971.002758027762
76701,9931.76552647583
83560,9926.475906282954
83516,17672.46242300559
76385,12917.851171372577
87311,17267.010351345783
102065,11642.214161121758
81718,22165.13953944233
100025,12257.188783524445
93182,29003.26186168217
79240,23174.053599065606
96331,13800.250322991416
84781,12108.222632518007
100663,3929.2544454163144
76390,21982.35456893345
87234,9975.97562717336
85790,18211.134597328197
91278,21624.02605661508
92254,22763.53889046923
99105,6217.3057645172885
101324,11921.340825106843
104734,9769.610886670393
103445,15920.957212431278
103323,9391.324775682811
78055,22836.101747720586
101302,13239.945960863135
103095,9826.585358697788
88134,7171.161972786117
79346,13155.820142049923
81699,16614.46489464811
96464,21562.86294001214
86609,10436.216805844499
96737,22901.97015222128
100080,12915.159937395836
93423,23693.95749388302
79886,27722.154281677977
89452,11604.946236531894
81509,15840.688606936801
83975,18644.537933396346
81360,8663.81579908843
98089,9193.470105066339
104047,28498.57607067585
78711,18600.33902844903
81025,24019.337075171257
79973,18088.927952942322
102117,15836.572595467922
78400,49931.10370471535
87911,12453.437245947767
82806,15980.914616143553
102480,10036.22775281152
94044,19729.686146164015
76824,10261.719458799149
104095,16221.073413575608
98660,10450.303242211352
101444,10453.71813781577
92320,56682.5509408605
105141,14784.037583061443
106950,11003.518979932429
81851,30818.646814912157
100884,10432.321867912457
95196,18627.870444389002
103636,4064.5451605006347
80584,17390.91452595218
92337,17626.67813386776
85513,7582.427720125676
85180,14694.652877324574
103365,11774.133383972006
85796,16312.336936376732
78462,30763.86386913543
87895,9519.341526909477
99262,10940.273569960516
83363,9756.900163960696
103800,15679.796149334621
78822,9839.435984942187
107816,20543.47859418651
90042,11538.384661395208
99022,11456.498140324777
81854,26477.23934471206
102619,13226.411482961272
80425,18273.59229556321
102306,14898.148102661618
99778,13568.237062838092
105957,20380.77724415124
102184,11295.873138300749
105195,9741.09681681865
98841,10693.891041699606
78452,35706.39827582323
98974,11877.41359900447
86430,12248.861761233456
87124,8200.383292228558
105872,20914.652826733185
108077,15881.859627405132
103608,9730.302780024429
89218,10916.322752948714
106418,16615.847839647267
94498,10205.938572874818
89269,15698.001588039311
87283,9512.90008978163
97545,9457.492697606753
85408,16067.375102642893
104594,8903.31335264889
103905,9252.407270139234
95101,22740.681023382273
83226,11060.6328714583
89257,15847.270293895168
79479,11556.164192031756
77652,19351.132679372182
96606,9517.145572978188
95504,3264.6362115932443
84103,10382.824895687476
102843,8282.90147707704
99361,8722.977747621142
91098,17467.945700607404
92937,12365.226672235622
85635,11694.492687113598
105348,12199.690054271627
96427,20947.212737443264
89473,17522.116487024687
79316,31501.957348035634
89157,18097.487540776372
92217,14113.158015350686
99761,19155.76672424292
88748,12555.579436816615
96029,25071.987729416116
92916,29263.62200796998
81210,15976.089582792023
83778,22184.778077480612
89380,11339.873049214722
103398,1864.7135113050629
92869,29116.687076087608
105278,20991.698943399777
77054,17259.442161197945
94021,22685.158555764134
85177,11378.678080700805
77904,21410.212493167757
99917,15938.34474905463
77123,27386.93537055635
95195,20794.428230391193
81922,34897.538061855135
84281,19769.23403166136
101289,14039.51679480214
108200,29837.008067716248
90235,11473.85634988377
81150,32774.33849187507
104224,14582.977123289149
90071,13136.591362304052
93187,28511.881675045242
84284,11839.777646013383
97109,8020.195066025436
102231,10023.264242449113
108093,8476.379454451331
108443,45613.704815590376
92992,14570.632265435752
80438,64011.96451301276
104913,10522.240403797043
82772,9570.849644539734
83960,13132.865437125292
83052,15581.43028592564
82939,7086.0097358195435
91175,25948.00683117641
80115,24310.756239981507
99384,9077.618636960873
101540,12049.98344919704
76849,34594.27488856072
97226,12563.315530834507
97672,22822.432366337845
97579,9532.665424086106
92361,29015.594443862206
91952,38081.14147985111
79024,16947.457094104826
98048,15209.947103636958
95481,20883.442417621045
90572,9894.265414254683
91301,20232.476960061063
103209,9893.216079528684
78464,12544.054910804025
91311,27518.621294944278
105722,19200.81230448748
96211,10203.531886797038
105482,7692.217104887704
80750,57713.09522707996
85880,16222.21737049095
106997,20564.30028967045
99866,22640.219061515214
107262,12390.152132460707
98814,3782.31744295373
98650,8122.948058176307
93505,14490.59973115269
103810,14792.978541094102
92931,54136.67448622152
96126,8641.8615936849
104285,5499.140082861885
96503,13293.973763313365
76826,19105.45545772133
102531,10105.940392576387
86939,14112.971551381386
98276,9411.442363336113
89094,5869.119016068743
89376,8041.605905106744
101715,8606.678534293835
98971,8014.582904778727
98359,12989.009601669211
101520,10713.716060660392
86866,10354.114622153884
80468,18287.55895315045
84146,8897.315291040331
82628,10509.934853351504
88012,17062.501087551398
78341,15605.493049974642
104664,9643.934908241577
80753,25570.15618930871
88296,13806.065456827359
100349,10254.831034848421
95307,23187.184963332464
97982,14271.111033681676
99328,20812.401831320407
84689,6485.417171206378
86620,8045.476551146807
105565,11599.345496547114
94198,43869.54222207176
81959,5871.4194144011335
92894,40014.51734098505
95163,18861.980314680197
81774,17183.100160934133
97953,7151.926167731435
83179,13062.02980635289
83316,9100.768012663322
88506,15488.842478971294
83533,9618.401947564013
84069,11184.667866112168
103724,8273.664289917497
76757,18155.69841557975
88222,14825.344735602355
77382,15766.52530644956
86702,16062.809793300556
92511,14927.517526798816
100163,14256.680795953514
78982,22104.365386102094
94043,15554.849425135464
87066,10135.087788768365
79987,28142.042899063807
83428,18410.012481929898
88886,19203.290156073752
79836,17962.830153201714
95090,23833.8578341517
77868,23980.566527009225
81415,23761.057120330584
76542,26160.267354295513
99066,9530.601927901425
98211,12814.825947440388
77789,9538.18752621689
102614,10112.429984438035
100676,9057.482633067902
95751,16080.776155096675
95684,19875.41879259952
108508,16572.38762369781
82075,17714.815356838804
78948,16305.965642444113
93337,21043.582951282035
86465,16792.09759503133
76163,28466.974452760907
101688,9531.546887960092
97445,20582.601471657024
76672,29645.85200733918
108153,27549.176119428812
92963,25876.34176096062
88441,12464.823167969334
76274,14347.50486036767
107189,8111.246482355806
79393,11003.265427899796
94684,34521.06908317116
77033,6649.481411425474
106413,22553.734927923815
90407,22108.889454199983
86730,10580.608026249733
79417,14042.957458189216
93426,31275.33833848298
86689,6093.737149645145
94562,20819.275121690218
101792,17895.697756051763
99696,11848.603968908432
84181,19869.25264032507
83652,23609.220762313806
87285,8525.953456692037
105860,5216.052968948624
80615,31219.769282703703
100040,6913.038643881997
88919,12904.138496546115
84980,11064.81332346132
83969,16144.218355103869
103616,6004.168248558607
105097,13178.877532168748
81573,27273.872347355686
85124,16651.713079399073
82995,15057.958394053687
106976,9850.378041872633
97250,17348.312365537804
91609,15106.774650194173
92582,30233.92527033023
106719,12601.176117157833
95711,23890.60374771842
81868,25789.561008177487
86650,9723.17373270554
84727,7970.032019263768
79409,10984.190753252002
90538,16285.12268760801
90346,7446.960607226387
94050,44431.452553681156
82866,9615.46021248986
93402,14089.174357902264
95803,60561.50355436525
88730,17841.106157384555
84023,16193.2820713767
85119,14744.356919843107
80528,29268.88285334677
103284,8440.021523604968
87269,8472.263903384748
80708,15259.21908715704
96853,17434.884098018607
77191,19248.53587920365
89419,14526.61167606728
106060,10746.19898780076
98372,4030.686710826466
102076,9829.308248629364
79960,26848.550539929296
97268,13521.492810531967
101849,15696.651390825211
96850,22937.6927988956
99301,6494.747484000326
81672,21321.565523338948
100709,12686.822053845282
104616,9940.320015463592
89965,7990.152431626332
93313,12507.840289506315
104340,12516.359812406004
103783,10064.341675013708
78842,30548.17553821787
87942,11038.22385273715
96790,6852.459982675362
97330,10332.716015625712
90180,11833.672678192946
78934,31349.07080966244
90145,24331.208387951774
78173,19871.16042302217
92455,31081.184269318208
81565,23883.98247608987
78530,27454.3826749638
103732,13847.886970386897
91559,27280.215249432546
100802,10636.766388256348
104472,26266.348212925077
96556,9000.870478147353
85610,9704.53422488812
81512,35764.91369530584
94005,27258.505369243947
88847,9888.222992234509
105272,18664.39981946023
88156,7308.6938853254715
102245,11133.948035829542
103740,9031.186537087475
98554,2544.2554906693877
82268,11168.368483836455
80472,12986.680855133569
77127,23287.924423239347
94612,11337.153965338232
91124,31908.777495777773
85847,14323.960552319577
95527,25023.67057350597
83373,16702.928668176755
86221,16381.051600423885
83131,16768.972602575745
104639,18588.338671083715
108323,44692.10296201626
95465,16733.59270350069
96905,18301.46863865184
104272,16151.911473763592
90562,15582.404230545166
81396,31640.443370872177
107589,16196.850263233126
78022,16368.13818504277
89141,24073.385141960316
87808,12126.250639629601
92344,15999.861345588712
85181,15398.095573654833
101172,6379.6598223973415
107038,13220.3091550345
108214,56127.874995492384
90048,9761.170881461376
92619,21024.279343014463
106279,13923.568862765755
103918,12340.559966966277
96418,29321.048876113484
97891,12286.16950139962
90459,8089.60582733799
90230,16583.516334029366
82589,10918.544840203718
84093,6658.820626157147
84128,17338.654861774838
77775,23036.196983938244
80709,16250.513221745668
87084,17202.11428105216
78358,25600.09569270212
99051,6881.212449269108
81732,12802.332077143905
94316,27278.044220472006
95333,26549.966439156444
84653,8318.474717754407
94200,22136.831114235672
77707,25408.949951778308
78884,9681.532584008093
87384,13320.814481993983
84311,10611.942777629003
106179,5558.562418252204
77959,51310.628325031445
101918,11624.944090138722
82519,13096.766866071386
90216,7051.3763462917495
99455,9459.381194300933
78784,31292.078429392437
93016,21581.15610113966
102343,7672.5412369377855
91681,28002.32881769629
94868,15978.108049183327
87562,7682.569265676914
96639,18011.400990563146
85312,19643.220995816937
103821,6706.08916718219
101157,13962.396607027556
98644,7682.205739068387
91060,20203.062750828747
87747,8384.299593952173
77903,22691.30784184025
99482,18937.294076754817
76170,17056.25355281043
83750,16982.848522253822
95288,11957.331088724
83977,19032.88965066773
78300,23552.780342751106
80362,7917.182414536476
101315,14904.230506334436
88661,5745.352417035812
96575,26655.226675126953
87420,15839.187529970794
76175,8687.541342368495
95867,26886.279641032732
80904,33347.149652476895
106939,13803.049403397043
97892,9829.429543873484
102282,16293.677212879762
81764,19655.927671110316
103326,11966.8251815104
94064,25022.340624654335
97529,21226.548555152818
97606,5519.87439616703
89922,22297.61252092353
104023,12805.12990101933
98885,7037.7790145207955
83365,11572.611284792243
81828,37715.3740287511
100521,10802.774379230237
76827,8895.244766790953
89850,8901.508736432383
90528,12938.231078032415
80710,26214.544316982247
104646,12593.514295441815
102709,10835.360415664658
93055,17232.438254419456
103701,18216.771937879017
103548,8200.89296756631
96053,8614.755598365906
77609,31905.96060170981
99637,15487.763822495437
99911,15362.247525160348
87622,13153.54405259938
95938,16220.971004605026
93648,16524.578663554104
105208,19611.280978273837
82558,22837.418154790226
89781,17866.654142060142
94210,44133.18382750791
97589,26552.981287886578
96120,14080.064470759478
79277,29585.68543058568
93852,26179.568404396836
106276,13780.283844740823
104292,21229.237881152094
103994,13423.494117276872
83967,14196.140086698915
77971,22915.508016163305
76636,28161.919269874277
105328,12457.952552868763
89518,8257.151500446584
107941,11878.117952907545
79721,22597.150350820433
96770,9072.26209904224
105293,8827.721324126505
81503,48455.52247747211
97932,12514.266825680781
101258,9460.948483652463
83499,7670.324038047063
85447,11723.228573171431
98221,9465.236100425118
105617,26245.20160152757
103224,7265.769660320619
82749,5012.477400603839
104578,16286.683276621774
77279,26279.66443046519
106045,26594.99910093323
106053,9330.393083150646
99749,15910.34425601532
102786,14687.525393425976
87467,11081.700082641315
97949,7775.09508027363
91680,26991.588608320722
86203,17728.990342352205
102078,6742.713700198585
94020,23262.22331436222
97807,12332.639229952256
86146,12178.336316750969
92130,23451.525455245028
108463,13525.237020894536
79600,27997.52221816407
89904,10051.629846640453
105696,12068.720262890218
105440,11799.55569964497
78666,26953.209913495757
87225,7989.5459986819305
92285,31020.941684650206
85762,8345.127921087047
107249,8559.877060652665
86894,7985.296585434859
86790,20019.39622070104
98272,13443.748854098221
95514,16002.329368875682
103863,12707.01495514179
85887,10369.677492078337
92171,18744.829090924384
105828,19687.955895267638
99025,6020.759127967784
77032,7228.5606547198
96993,17821.55000425
95599,14284.764412461067
77651,38112.043770825716
99249,7024.626304243241
82347,30178.85570172421
83547,14995.09065199283
90793,7901.620791858039
94114,4511.267766507893
98376,21104.10862198478
88356,11420.981452052967
97473,8740.996418373557
84728,15011.8573395342
99765,10550.405735840935
95147,25752.575579383247
93220,25502.19246941395
91907,28741.570836467366
100215,8974.672207577287
93841,32543.853306789406
99392,10345.264470596934
100078,10414.279884858308
98334,39416.72097927439
97491,8150.483498446001
76179,12313.118793480839
96845,20046.728255711634
99295,13150.778526272989
101419,5879.732261935898
88658,14664.074785223667
82883,20526.842974785246
76475,9751.406808546213
99742,15099.54122132077
93385,30123.83528921187
96197,7791.056960204093
103239,13725.934440146244
89746,14830.47614478789
84083,17200.28927437074
90921,35914.25765228273
81029,35541.9500541974
85735,15328.700716847425
100511,7074.390301032659
86938,10123.065395217693
106540,12115.57159708696
95088,20226.145907124755
106791,26357.873410565546
101353,6083.554046629229
90012,9108.361889680038
87810,9818.818130757247
78427,25141.170131018178
105147,22285.24522758786
99572,17575.89017786495
95461,40372.51327797573
91238,25742.541767190974
89040,18917.456904255596
106508,15640.710428577906
84365,9167.371396969478
98635,14172.475756559703
95456,27197.164137860378
82157,23264.83177053582
107710,16382.27441415103
102827,8761.043168446258
79534,21871.951544819087
81865,27264.93456175098
88639,13175.534569835681
106981,31860.1998855716
105063,8496.993564550083
89959,12699.958705011079
76364,19369.06459180026
82709,11425.701735428749
97975,7442.029374801133
81231,31068.93780745415
91395,21152.66541951495
102044,10195.974159875946
78668,14255.633048301588
78000,18502.20953680334
105797,19266.946564538885
97820,17749.80448974449
78541,16702.88603842167
83979,24551.516943346574
92189,23722.574921935953
92421,30733.40193162541
104433,14676.222728833432
94419,24822.276297751127
81249,53857.01549286753
83181,14100.09306981261
101041,3961.0188397627294
84544,7214.24917854515
82304,25469.831717339355
97216,24404.707676295595
106909,24775.408463390868
88158,6708.089622866601
97244,31988.526927908973
85241,18469.90593401474
93235,27891.991919808992
84502,18442.637062576658
100273,9852.264191728498
99220,7947.60903091397
100249,8067.598959108923
98796,10599.203172447398
100226,9582.98737796779
76989,60726.71954574245
101824,14632.974048996763
104347,17716.020632635144
83602,11890.983268097187
105100,30842.525342753226
87507,8429.257139849524
105460,22025.372449725557
106962,15748.949686934762
76968,17558.67714134915
102530,11058.62365764764
80270,30057.242682679866
76134,12414.180981646661
81648,23030.41465885526
82846,11240.208757956307
107094,29746.622492048034
88963,11287.3405607631
85665,15933.05124228969
83962,10266.488652563583
96200,14035.120640858057
89390,7302.021139635436
86778,7692.869423259287
87626,14180.907243704502
76994,15456.17804163706
95430,14230.374862931827
99912,9450.901354636238
79916,35065.23878510245
77558,35797.68519347504
102504,4383.047898048351
79125,18345.025608797834
90514,16575.632578390818
84199,11383.728343871766
88179,13764.111158228923
93132,28801.27380401032
103105,15754.448214322632
91760,28446.209027513858
102027,15278.041715275462
99456,10204.77102699879
97843,8565.104161025072
98592,21439.35004426108
101912,10703.204098273107
99398,8511.49906639569
78585,16400.436115983095
99870,16317.046204173777
86989,17241.80139365191
86206,8865.044063455367
84406,9582.87104247393
86226,6180.677204459367
86528,11570.613152825652
84765,12585.17096470784
86600,9305.947864221504
97750,30260.48292648503
90475,8340.221960692345
103437,7646.826560862703
106713,16336.778427013269
84811,16292.794939750862
79863,34871.60348929422
79529,17618.59835020753
87367,11040.451701474232
93885,27170.03934046525
107524,12567.290338619261
77240,26164.74291944904
100091,11203.61083318099
77872,18460.369938005075
97015,25494.72198308363
78978,18415.341078186822
95091,23269.79636040468
107650,15041.360153938984
76162,30877.519091855153
102355,12569.376296968909
101524,10235.652342775356
78720,38719.7953835254
108192,30780.642114631417
94404,17429.271433088492
100206,11386.390740012896
94915,29969.96473888599
101631,7097.678727351563
84639,11997.867933378719
108277,22801.231427789662
103453,11314.4952498056
105392,19416.28903307627
82369,9165.427599944202
104666,9118.029720537847
95742,28666.386524035814
96912,12237.541224062998
93541,26100.766514996696
82393,16562.4948052717
81024,12583.019535197012
81284,20190.009770228997
78406,20194.814314456402
99306,8390.620579207123
108130,7483.744814015189
106160,18045.33977097614
102940,15325.071774010028
76742,19672.129481802716
108025,12907.613667125946
77658,23780.872252567613
84295,12061.918884720377
91996,15677.412809706966
103468,11102.741856168901
87336,9848.887920195197
103993,24836.79789005455
90396,7496.632391670327
97935,9568.939889160936
80399,37002.04797585881
105883,10697.776245131894
92823,25455.545653717458
82238,19694.675292554934
98091,18070.30585413372
87257,10948.285505205435
87937,9559.948217007319
97548,16348.288997410407
105775,17114.17745585952
81363,36698.67966084962
76833,32945.08985544469
91768,21434.52666696494
99627,10865.127039253422
