carID,price
89856,9094.066172960032
106581,24022.623375418963
80886,14220.177423035439
100174,16516.758813411117
81376,23199.375096936063
85391,10312.937890035693
82175,14912.977276691783
95250,15401.351195451465
85071,5057.791531629794
96210,16802.272079732138
80317,26649.313285228513
92731,22336.55806611188
107704,9841.074537593397
98302,7434.406431416964
107055,22491.012113797984
94621,43387.4673809215
91709,20738.406052787454
98193,48483.86808180606
76189,18129.692498882996
86871,13422.851034222904
102917,6731.867712527084
90923,25004.7490792855
101603,10084.094082907854
94196,20326.906746457604
85174,16283.300291983562
103370,13552.433395000973
107877,15746.893108631868
79567,14149.648595370536
90091,9126.360007221763
76169,14994.3527028756
98708,11089.338420266855
107347,21215.569324146574
89583,9236.520841251004
101591,11675.484628639108
92160,17159.456320899357
99676,11327.74931159293
85354,18385.18205544491
81900,11539.210147818174
80345,22062.119274577293
78509,30768.116539618626
100872,9690.931813828634
95087,28141.08933430364
86027,16130.862934418925
89135,14069.163078857506
80557,25679.371697489987
108092,21176.280062104106
102672,16776.865028182867
83022,8850.075877158717
78398,20182.256707043616
95889,29728.831769092823
81117,46178.97550241021
93730,18627.1201906368
101380,9202.605524236349
81772,26402.753076407975
85304,11364.636228345817
86107,5523.086393915108
88696,17063.43877329711
104350,18705.03864291507
87331,13285.624318126373
85206,16994.55586703045
107445,21539.123773557385
106539,29049.218376692417
98712,21029.79572038185
96875,13850.666091790574
108464,22624.87851721698
99890,7417.889903871269
87771,16985.722128775105
79442,19847.574810213
84170,10630.021282902815
103045,15274.965549308816
101544,3699.599832152945
77350,10946.978034380198
89225,14962.062985770688
79565,55259.61508039061
82849,10102.4096588268
94360,19964.613272240196
103040,6600.517370679743
105101,42759.273278795714
97077,11453.659185968936
98674,13624.99315388694
93447,28811.839658604546
84951,20086.890244903672
91953,10529.523682323552
102101,8383.219110539321
92604,30540.41962510771
89010,9416.733343534326
102729,10062.770506004354
88024,9379.253725812001
104367,12106.089383365048
101230,11120.71748395279
82524,19084.433395933385
95279,48682.093063125954
106098,12215.238840923335
89749,8521.565866357798
101277,6400.05465105382
108016,26728.418177073243
81259,25482.48991171464
97434,21418.17151177542
105289,32273.74054483848
103379,9897.827342273422
78317,30828.663977746553
104166,19754.023499078445
106660,30618.238165469505
107490,12302.626434972648
90684,14224.3694008331
90032,6429.128604505825
79481,19456.812170476533
102524,8880.314679023146
100778,17187.327593315324
77810,15107.127917627924
98979,13062.201058641565
76558,17978.62566256919
94550,21893.57908302792
107246,6112.576259448651
77429,26369.16877363458
106105,12367.729035993087
105213,9412.271285720797
102747,11948.720863943867
104958,16145.671071225946
96036,17360.18132322777
92310,22674.096838985562
100837,6257.464464491438
82858,11379.439185260142
90119,10685.23515152342
77304,22232.092959487127
89011,10863.35337508276
84623,16179.753385047088
99665,22570.257069366944
100592,10069.951103722884
82623,10984.791896395438
92035,17682.749662750826
84305,10136.556562702248
92903,9498.414572258605
93398,18920.150245649995
108067,20315.413316388862
85062,7821.158122391248
81727,36963.30915886396
95637,11413.049353128008
89690,8239.419424949658
83240,17974.497906075627
89711,9441.73880214639
96945,10531.822425476863
104924,22743.568920421014
79633,20873.89234923199
89582,4633.9769855748955
98080,7179.576209923781
85992,6702.566932078669
86712,12811.913358846059
105767,13264.590829315552
100590,9048.93916126326
104574,15822.855654238105
97246,13027.31846873858
78141,19214.58314613942
91590,28517.03546087906
80767,14096.577931580692
100344,14744.861963574767
88987,21421.992053546415
96479,17717.46399503083
90598,8994.72476509601
83880,8474.24934404647
86802,17049.047232858644
103078,15387.605465209082
84736,9639.755775725527
84196,3113.6867656635163
102062,9990.933861605323
90110,6064.753623950876
102907,12247.247775558917
81776,24392.612279356963
102431,6507.695615506865
80442,14629.767509468275
78656,26769.472893515474
78537,34697.41679600552
102511,7063.738146492121
93612,20043.75253265338
99284,8023.849922648275
96315,15574.551927048014
94305,35601.972255889144
100636,11004.552064373584
81816,14912.428752432526
100352,15933.666223669417
101476,10113.70673833455
93392,34442.801988108324
93995,21681.651311238496
94261,31573.935936877577
89117,15215.37046239603
86506,2407.2443879408197
88456,6516.435816386227
84134,10946.191474151372
81088,12887.418852499803
103960,11542.8033960304
84925,12798.70969223701
97306,10461.256938221728
83752,7479.409837796282
100696,4829.425423633619
76472,12303.9932241514
101128,12686.002654357013
105932,14380.321206852232
86416,8382.632164203693
79616,26021.83140418709
83395,14155.833032172177
88734,11669.84885745034
106676,17888.15094296676
102442,10404.69108174227
88761,19022.564756746007
79708,28771.81683525994
96808,18885.617563404412
103755,9506.627615114883
86273,17220.78947543153
97635,27680.743663336383
80797,24976.663618513918
108000,17065.624869916395
95126,36087.505187696115
105187,31587.308275374806
81613,21153.57998217368
103906,7131.633430693953
105729,7982.493331341462
100637,14544.931913458087
82861,7806.670833929525
107823,16972.039009918277
85274,14013.446950657419
88926,14843.417404280955
87871,10455.770771187656
97970,6547.396613352123
98044,8703.477304227727
90277,9802.580865677959
85647,13971.455023461607
107447,17514.90275034184
79418,8316.479517361764
80383,26670.09525392708
79894,19377.99690879607
105875,6606.043493798976
86032,13495.298651274014
104423,15669.452851416014
78437,13665.340679110766
79480,17437.51402266531
89973,5320.020194665948
94007,26183.395715503946
93952,15267.32031125024
84548,3760.8921486307763
97885,11019.043980201963
86571,10413.642874171914
77839,35982.600084741505
102201,5696.924744399198
98731,7548.724504653867
82395,18017.247061241622
76816,33307.77332163623
97956,8886.134767367008
86012,13555.093275203853
106393,21219.8839752785
81832,26392.318266179085
82787,19259.160063445506
103974,6694.446910414156
100725,10598.353176950883
86552,7015.081497357643
80174,14346.863196070426
99189,14962.758789121499
102543,13329.931494702128
98518,14311.965769463857
100334,9264.256572982586
92673,18993.979766143788
88008,12045.428990678072
105207,25463.01547359948
106462,24532.112746953124
106106,16524.916657682323
79705,18839.289930470422
108193,17200.829254355558
89668,7825.637486592214
86435,12414.006377982629
101281,11466.966400921792
104753,26298.91510025641
79004,15770.842752149198
89732,2872.45538252161
89201,12843.782039150918
87282,13939.126737895349
101589,10014.27722625302
87352,11648.433138659346
103388,9797.312876386168
93619,17293.06239452625
101941,6530.938400465718
106533,13725.150261010169
90018,23547.389007525606
101265,16997.893586786762
104255,23644.882510338997
80093,26579.274933520315
82433,7723.484787819108
77254,22187.255243011543
106400,29544.23056284242
79847,8466.183326953285
95735,29503.458894200056
106733,21928.78996797247
76318,16993.237294992494
95966,16800.35509445268
101690,9298.431612182354
82845,15884.780770422612
96266,23652.162140194734
104175,28651.744912244467
97347,14670.770333281402
92730,49153.689328561064
84738,8970.587875243464
102596,5849.947992991179
78356,32678.248503233663
94062,30739.599507615723
101662,7386.739925636028
81715,29817.675938226945
103046,13440.605442281596
108133,5628.582936127736
96302,13526.445454503455
83859,23169.24124005011
104815,17356.85326343941
95903,26503.869737874207
79683,11298.658062084096
88888,20665.821400406247
80529,31394.950197503113
81898,58819.09481910505
83435,9766.58834808069
80448,13801.194591576774
79241,31309.094021540986
76056,20267.504959887763
76342,16520.52066709202
98238,9297.739564453608
85878,8135.2365658470935
102846,11160.620122177934
90215,5384.111143278657
79635,53949.44873756043
77561,16979.348914384555
101151,12980.272506236728
93594,26373.2794743971
78703,39692.68518799651
87596,7608.603471979338
92572,19047.417889176962
90757,8233.702999185085
95881,19889.041023018675
98008,12826.39805055512
84805,8971.87089178569
100888,10690.558028260317
82504,16124.61715130562
82177,17658.998236941505
89472,33664.79335052792
82301,17137.42095870897
106483,8587.712697390121
79808,13261.297126933485
83412,16721.706508253643
89386,17256.139307738198
89889,21187.158786121276
108249,16954.540067756596
98252,8720.073212566103
83525,9631.051302713207
102595,9915.615709693218
94255,11475.05970791693
91259,24793.757230905703
99539,6988.467783751931
97379,24684.234196697907
104452,25973.93550425123
88479,11153.265716956066
95424,28446.06301666599
94732,46783.56818384349
89025,10286.455985579332
89497,43784.26236900058
92405,15845.503313071014
95346,17273.343281488607
91337,18686.182423677765
97739,12192.963435311394
81087,12300.107881439508
80661,10973.095213514707
105537,12841.545779829055
81073,27695.427865082846
102770,9588.519775503053
99299,9678.179130122948
77528,19622.195623657484
95278,35102.8006020023
106536,17352.349644673857
79421,14760.149799202934
105026,22978.103217128933
97887,12197.500932976787
106163,16548.76939689127
103242,10062.702155243072
103098,7843.4981454011395
76195,16065.799766979599
103418,10952.538983876586
102091,12434.490834998043
102341,8553.627867341886
100315,20182.413789458333
100377,8068.080269769874
78857,23452.661672233196
93748,30246.836968118438
107891,9723.841251998421
77063,26444.641056182656
86916,8864.798817048448
108347,9801.246069026354
94475,18587.999963264763
100383,11756.676184517535
80618,31168.570615641263
98926,10220.160799839332
77228,16643.565347556003
106915,14818.86551975295
92594,11745.120328068617
80745,34129.24274464576
78361,12483.865377168298
95725,26262.49484584696
105171,8228.927396977495
87007,9543.261685294328
104121,15676.024534031627
92877,14651.091664001317
108335,44169.835183523835
101357,13787.975544756539
89325,9915.281280562647
103144,8933.510913562848
101413,6473.454619276985
85182,10972.306475067815
84097,17512.693094361144
101970,5288.449094918529
98315,5122.009392926957
89048,10661.839311711363
106141,9288.964326264955
87105,17053.031413661894
88472,14746.07890484243
93361,16166.402211599678
87040,7870.087012422352
99831,11259.608566681178
95677,14516.15945568379
89770,6449.662958714528
77371,28589.68453298898
107143,17727.86472973951
100271,12317.27707394749
83905,11994.268909254715
101531,14589.85910414866
90617,8398.121375111818
83895,18574.86322492922
89453,14195.01152067249
106012,21312.736177470983
76381,20573.178651865514
106986,15718.975549624096
84143,12387.042482509869
91665,45140.757207845156
81350,13916.463551695588
80422,13387.31627970092
84794,6258.089878859859
81156,31397.111526140423
77082,34140.782624766885
97356,8545.226179349638
82730,17605.624334256794
99244,9407.227665934332
85538,15344.41972973239
101585,11177.034700188828
90288,9411.432246285907
98799,2970.5408153575618
93547,20932.01644697303
85142,10798.065734578564
82012,31921.33693860638
89654,16165.98169219921
102304,13362.714770710614
79288,48957.88584093903
77400,11296.609626075968
98597,5958.531584895617
103156,8185.765875227086
95446,28662.87733071401
97036,9013.34864901258
101401,8774.604107215817
80817,10377.27140752241
84078,6934.072137879408
95390,26635.29299034609
79883,22651.510828006663
104059,12348.038882791565
103041,11360.16742274172
81651,13881.254086485713
100432,11228.58447953418
84933,13168.945173466316
81600,16915.43231090054
78379,8392.426263319525
90816,7553.065375108923
107414,9072.498006421489
105633,22081.809413591473
99508,6395.7922783234
100874,7804.787531834945
104208,17930.3462020665
84774,12489.479460234872
96518,12664.002776396741
91543,27513.329710419275
107146,20258.54661347451
94426,19654.149182421403
99059,8787.751284076587
96640,7950.336051848633
81277,9601.244861881063
102409,12158.615620819432
104800,16387.047687588893
107498,19032.887417344602
90942,43834.60250843844
80202,26205.382156087035
76794,15376.439210270411
88973,14500.646057790627
91958,61879.65927718352
80562,19600.114149665
103486,7608.900972059666
95237,15797.966125290246
105569,14360.853999986539
106560,24748.96629444658
107977,13793.365171256564
90076,16330.689906822734
93050,16134.932863604123
80609,31323.22843374459
88557,15979.23690842656
90894,19393.761424331802
83669,8911.867799123398
78849,16929.884339019824
101275,7777.216394382836
91858,7927.701081277368
96243,14990.82074979812
106227,26011.73313952396
105300,14852.590657697867
93065,41370.099526470876
78002,12205.440695835894
82500,12872.881421152715
78204,9589.533786943395
107851,8450.41426624198
86217,7297.61836554182
82662,7624.80318112518
93324,32360.676964073456
79680,12240.658393105936
104920,24072.570463256325
96735,12456.692939644574
89992,7597.339781122789
106961,25165.722354854024
80078,15287.10489484857
101429,10084.139941045727
95551,17320.079127465648
79937,54188.545988136844
80680,18324.413998978835
99448,11342.865442742126
93909,33596.874797298195
96888,9593.902289942127
104584,12034.40933159901
107289,23493.853660969755
84126,16625.312977759
101282,11124.417665639583
92474,21121.965840666253
88871,16192.892560273955
107177,14493.907794789853
106026,14616.973881037293
96937,12513.31971324926
83543,6602.967873421879
81094,19686.197924790606
77503,21792.382753551945
85351,6073.1181033365
96000,17509.64124250735
87374,15594.669964968147
86394,18769.860438389827
108364,13129.896969386506
91441,27827.0876181531
97039,18319.656036584434
106685,11494.251276817677
95631,17032.003985984975
101883,8918.619316100087
78238,12346.873321640223
97508,9156.43655750922
98441,11901.806346811665
80066,38252.40472613755
79095,47241.02852363437
80007,14314.983365580014
100219,8694.288597593255
82511,9925.360173322448
89270,15324.302849045023
88713,10210.765194142356
100353,10456.24821116208
102841,4602.837590170612
90117,14089.503069129347
81549,49233.75611629429
82350,29045.438348985783
76546,36866.90730948726
81013,18629.326730993227
91240,16325.290322627905
91542,20061.599198515152
104518,13421.752299423462
93537,48219.516481192746
94372,30764.210000901003
104419,20299.2529919853
97636,13419.897537963738
96288,22880.618850062387
78717,10097.037937373774
105610,19592.915578511205
97754,16787.920784038382
81458,12405.273777665454
86931,18342.522778838353
90713,21937.4415061842
90909,34717.770139844426
77251,41527.85134789077
95081,10456.992397737286
95560,14409.200135283838
93288,15422.081619449693
105036,13433.313572131068
108490,9823.125931218845
96935,21414.215752942317
89373,13052.113843453473
98010,8088.138757129049
104699,21856.387802922396
86692,7929.112934222196
85024,7294.418405090955
79086,32199.224778403855
89939,12649.21739500556
79098,19167.462045261862
86141,16981.83794338608
105462,29578.01688664541
92870,32521.504760252326
92163,20271.093619980187
87481,16950.753717816915
83276,10260.984231669743
79356,25377.94714403021
103602,11462.938999014905
88460,9835.27783823283
100934,7139.423358327634
96659,6109.633535346825
83204,9001.564806567114
104621,19298.954063826277
84110,11837.2535427291
99265,11332.87572545651
79574,13653.45489229619
78186,11362.629356023623
87005,13853.357603715836
104043,17254.35697454262
81574,32013.640190333317
104091,10877.498642253944
77759,23423.95884024218
78181,10714.614639087506
96169,10940.88964054232
98267,19602.513118535822
97837,11890.800081411762
80133,17516.120490427624
98571,9759.11699289007
88628,20203.739467396917
78622,14627.346278263938
88678,10798.992671167662
87278,15633.659446710531
86963,9822.952488186591
100350,6118.486157413758
78771,15724.433512892514
95935,17698.006956310895
107590,13943.787274684031
84458,13225.038855600415
85656,8977.603981774919
81611,3954.118567923105
92638,22791.488888118758
87478,8089.494794831834
98407,3414.983636563513
95581,9350.684708970637
100645,12144.370587826426
97184,6464.96071619649
84473,14964.255372213349
88951,6871.745898921017
100836,10212.767212250326
91338,62067.04804377835
94112,18253.137772428636
89882,16298.784770630418
97097,7534.098196323808
99151,10737.850157131275
99607,9111.437049682267
78931,17406.667628752642
97805,6481.237079916679
97477,13015.504279246332
87819,17933.9485245661
76361,18437.470768711068
99201,28605.45471262701
103410,10719.486799135173
108436,13723.848505042817
105558,19364.86184661221
88025,7697.968689396463
101944,7982.051915728645
80786,23267.317631819973
84001,14667.842870216005
78304,21716.878601227574
100501,14844.631017751832
99693,7540.349183817108
94557,17678.031116993006
82152,28109.234751147782
92039,41954.61510756304
83177,15654.864088059823
90726,8063.878911739694
82879,13157.967086792461
87378,15765.311039121572
91699,16239.522786788973
85500,18121.772823404182
97050,11202.87371132965
88754,7827.925882430283
79069,34425.3900070145
89329,17218.29262297305
102605,12047.903274533239
93090,18107.195084445364
108403,16411.10291782281
91391,18997.200750214957
80964,21631.309074323544
89444,24612.009742893493
84092,11519.456083888794
100617,10042.517946692626
107962,19873.250944048556
106640,7164.093255825247
95123,13111.91237365256
99114,6029.686984969951
94461,23037.8076000514
88654,16322.715573401383
80421,16181.43622601172
78113,19837.77630826855
100558,7061.60252717669
78873,25886.48178989742
85480,10099.434178316393
103902,10698.679133595026
104816,21064.685123780557
89039,14744.280981702777
95169,16682.238038013696
93971,19981.890535086906
84450,19650.170520801283
80824,28324.270671195012
92545,16218.615977388337
89226,6370.714378098017
93873,19386.448044909845
85871,16229.980629695454
86343,11351.416169938913
93634,38765.72849434677
106942,9187.680563196014
82535,10716.75866704662
92259,19731.342521045644
88794,13743.049059250458
77385,32865.45585183746
76996,8006.818834600288
102708,8755.99510729142
81359,14462.50964717788
90486,3429.347878632111
100200,7738.140682643725
87970,11933.72833381684
107512,11118.115296087142
79078,28097.9687990121
108477,14698.247251145249
80312,35181.91083099702
82208,8914.55416047307
100695,11914.841916772877
99506,8198.608179885707
85773,16925.278910691453
101887,13170.655398527817
90129,10858.087363044331
84730,8989.363162806912
107601,23272.47339765039
89592,6282.818307886752
84844,13575.724114939096
96938,16502.55583742511
84981,15589.5276218126
100698,12705.193196688528
103306,15621.28829242454
107175,22744.074183933248
95411,31269.45273387407
101169,13678.493931827874
99407,18127.16409693106
78248,13802.943899543201
79031,18258.88603206896
91040,18738.038171488923
76464,12142.767836599165
102813,8513.646032007136
86811,20625.258961975393
81191,24602.70293795746
78202,33909.088216383076
82471,12579.958338253691
103920,7323.288590197892
79904,25467.321818833716
95670,29944.039519115868
89931,10180.369572410129
92605,41471.47095064028
85695,17077.643832143345
98750,9790.073757600903
101284,9984.615696024624
91932,18286.77552835454
98623,10391.236166654217
82499,10053.531564788656
93193,25434.365553533353
106110,16832.364401994033
78500,26988.783175498782
89447,15924.863630024474
103373,18446.07839690871
87872,9130.569886913003
99425,13312.079179638336
96552,5797.1718700802985
105787,11791.763008028265
82567,12088.978786295931
102894,7936.607780122491
77641,15155.006124405178
100827,12675.501736215158
97712,15212.123692099904
95197,32192.409009797633
102993,12348.211225800447
94855,32522.513408061855
81534,16804.05875039145
95133,12979.544484011207
107468,5982.2929706249915
86402,13417.933510003115
102666,11579.165794716238
92984,24583.882084870267
93891,11429.109004721922
94312,15103.33725166245
91959,38175.551796285086
91802,25840.423989428306
108175,15584.393991239865
78293,29283.471964473632
104991,9137.868778824739
104302,9965.132523492415
79807,15387.416779324083
87167,13783.17832297805
78620,21606.683314985938
81174,25259.499376714582
83125,8718.63565604979
103123,10447.515479832915
94065,19412.304677279535
78480,16645.161832491835
98280,9350.709037089546
83415,7808.5713323917225
92297,111819.02450777152
100221,11006.000058255451
78829,17924.307741568322
93418,19403.95115808912
83424,10388.350206377989
101749,6393.681656126706
103456,9459.305278619331
88503,11364.952608014168
84931,15486.792375024239
107552,21940.591216711247
108037,11140.54428856957
94539,24071.636388409242
83697,9366.958390152484
87455,17099.857430077234
103044,7724.527534661358
104852,22555.233504840515
93437,40916.992200621695
92885,17068.052935572847
80922,17556.4389874578
102886,8232.108354888616
104586,16763.943836611903
81164,13348.789493765576
106074,16674.93383760166
87617,17439.75854546369
84513,13869.290582242258
96743,14304.964190900733
81209,13182.065948870653
95463,11785.668583325321
95457,18502.46694437883
101606,11682.884739126037
97485,25986.394215094002
91916,24212.111532366376
91629,43085.16470257489
84215,13009.626328190086
108190,10053.543116748904
88314,21344.233411608468
104526,18008.623339586688
82467,10609.222363981382
91827,25797.224022836013
77885,61468.57425473774
83459,8406.45335422406
98375,18970.778972292163
101233,11749.770038250414
97186,9275.148457768008
95520,18635.745660872228
95216,39977.282149640436
100878,5377.784976963625
80031,29768.08036804513
106134,24918.702663730583
103526,6866.732424135603
104018,44729.25992100228
83920,9527.032011158277
88245,9673.218901226102
86248,8451.08150014306
86315,16778.12250859761
108157,29640.82429066547
102814,8808.00047774703
84371,11184.042393273328
95270,14754.127441614553
107670,19308.606431281118
78745,14513.270133500564
88772,11375.09707876382
82335,17497.164205915455
100049,9573.493903178502
84953,6887.4403410331
98948,18464.14475702246
95952,38255.54665448243
93638,22735.06876670478
91164,31500.937313824117
87627,18499.419739676316
89209,14827.913191773552
94140,18355.556936010362
86567,9623.494569777624
81451,21608.848041624457
94658,25398.81222019088
103969,10231.694710084268
90158,14942.440831762986
107712,13734.428047577354
102518,11361.441895150898
91367,28787.96663186904
78764,15543.798182434326
87411,13403.55861052436
80790,26992.078994985466
97848,14761.088615938643
97985,6089.7423495567455
99323,6478.947296061958
96854,11192.927159488054
103917,6864.649579323577
86223,8523.25460985332
101812,8287.756565630802
102098,10524.938511780041
93414,11862.156323685014
86794,9866.555276495059
81508,27622.284974428767
105781,16602.3170519629
103758,9366.574182704046
100877,13460.83655686816
83075,16221.688313688526
100303,12605.879126547276
85269,9912.700926438618
95693,17798.315400909163
85891,17915.826145804604
85991,9532.314822895594
89378,11237.314621235902
79718,11672.25686976109
96415,10032.580928740012
87510,12658.119176608558
95579,15542.266193273834
96453,13286.71950858583
80182,31421.62743652543
103363,10098.542163220125
76430,21485.23011457489
86302,8481.75233625959
78876,11765.492530832342
106740,11266.64061143836
101855,11700.195258139522
78987,27158.810081650863
100155,15324.57713792971
76069,29379.472417093573
79889,18445.804339372757
104035,19813.081057091076
102533,7332.236369410026
85374,13331.522311049357
82210,24960.450535916276
81145,12959.250080100132
99738,12636.61567446489
98201,35483.89601993827
88630,8738.470347403107
94084,23917.009900993038
79771,22169.812707601133
91057,40454.251265935316
92492,17959.993677176248
103600,15529.151644750005
105315,32795.78448948565
106151,17968.269977478503
87426,6613.736178008962
85249,10460.369716844296
77379,7770.315893259886
76190,11423.121810192784
89820,32504.49989620612
92650,26788.921353846326
82906,17255.642737809834
104766,15999.303478107602
104673,18243.0084821951
103734,6644.256563776339
87652,14603.730664669156
107399,16080.05596731852
97222,17473.53101276002
100614,9159.420152372883
95807,25797.224022836013
88084,13841.607736607904
97997,14207.801775955484
83321,15416.111804373242
83002,15999.812747075328
103995,9252.27097502831
102305,7165.6703858649125
97774,22302.742564964326
87737,11186.802496092585
102191,15520.780206360818
78470,21583.824269952347
81787,20219.401885122155
90975,37558.49065786809
76598,20930.806960056958
88308,10698.456808552217
105997,15131.130835364982
97095,19843.223190728124
100555,9533.579469519262
106628,22014.926791841368
84638,6055.159687092572
106752,22824.104527848933
88072,15687.879538497475
86734,12754.403449388903
105842,23377.42366104184
102037,19283.871880267197
96623,11393.567448519909
80943,13325.3131609104
107882,10153.819822108882
96069,9089.89169507146
86796,19118.748832991954
83234,15905.398935382098
85044,11385.516537850133
76183,28065.326242974876
102124,9243.58574899046
105963,11712.615629104052
108127,12425.884296447295
76435,56055.80624360437
89809,22958.298279555085
98129,11913.2694085912
95632,25295.45354891233
77264,20619.449500746872
102849,5792.482057072819
106860,14757.250232205184
90177,9200.958594454873
104336,12884.148256096525
91068,19831.57519257151
85416,10343.699864058592
92720,18479.11453904122
105257,10418.203732707825
94524,16433.046216162635
87069,15367.517417878349
79026,17357.971796100446
100533,10520.002552597058
107396,7417.950250283789
77220,11395.246869035667
76863,10979.163013680894
89441,8199.037614820261
86301,17529.541697443376
82808,17173.402591028585
106681,12706.318634734018
100673,11639.222096318696
87115,9414.942508839902
84819,10017.088913306168
99889,12128.227048534325
100435,5991.90336544564
91329,15554.516713553063
105897,11000.508861720227
94788,19906.225436349614
96403,18731.868253108416
105780,26088.169960766365
81290,19946.7309995668
91689,17179.045421191055
93660,50114.07929330257
84018,14863.3998043413
79166,18758.814125975478
99850,13217.857168404767
89900,15783.668656198908
76628,27025.147674094576
99136,10960.606419641796
89388,13144.552650333731
86441,16006.809384515607
100362,8313.554952415736
99493,10641.241322606807
108082,13395.598962377739
94759,26653.18302322229
91954,29072.990360466472
90378,16634.903076198392
86126,19664.10232513788
92990,16386.72212190558
80507,17148.68686307835
105394,26480.862035607483
80679,11637.914041994325
94014,19453.850608982844
78092,28318.730121918565
92725,9702.9442949714
104609,6582.790076647224
89940,20115.557570312572
84337,15334.438704981589
80392,18765.336774897787
90992,47241.917835349544
88342,9514.364374827066
83193,8268.626986701336
83080,27392.253961236296
87197,16594.640140583095
106043,8915.746576877336
81316,18845.553742583852
105197,40993.1402211726
86103,11191.004474750907
107819,34524.24766708167
94911,17064.119306241388
76597,31294.382968369682
96614,8822.143165315334
102197,6288.341675763775
104617,7394.368651275983
101445,9102.008655598818
94521,52830.831715729575
107290,17579.79717955335
93099,22785.552497372842
82179,40395.05460144503
96268,26683.30438194861
83202,16296.31387877414
101568,7136.563587187304
89145,8000.3256583011125
82718,6273.458373936701
84595,17173.193476536973
86633,12694.019887555663
91925,29411.766023849512
100357,8532.118399341487
93684,16043.183690846148
106465,43088.75629939481
84631,17151.075277754535
97796,10407.921599610465
82836,11096.749741665475
81314,56402.70403759723
96868,19835.64944798477
94329,14843.010789199727
85728,7148.874919536384
78259,18167.46165253801
107084,19851.392180533643
96134,9868.885102450718
81583,28542.443356014082
104264,16050.941483997107
86202,10789.905644213975
102867,7357.992598902424
83461,11779.722436922417
77589,15753.027086755063
94394,16048.66877082961
87588,9931.160183941125
98769,12657.10921536481
76735,21498.599549561714
105592,12490.740803906441
95260,18555.76929448886
82699,7871.407590870868
95827,27691.831070988017
89294,9271.934482254619
90853,14061.713088565759
86522,9946.492941478093
80958,27410.160053818152
94038,30240.13613987514
88512,8291.657586827616
80219,11213.721815472196
86063,3899.2705308737027
87724,8227.46651708346
88835,14475.022663995569
105687,17496.981496022585
83567,11254.589125032187
106584,21746.498409334057
98492,5988.305475131633
94494,20999.079096410966
89061,6347.187566064411
103125,11982.994088482263
103883,11532.879369986027
80430,11102.70473298245
95544,30196.618985634344
105136,57310.97308004515
105560,8436.636434129397
108397,25738.05082256754
82236,57852.75521233625
89477,14623.798218161217
98106,6892.614676701276
85996,5333.043889771341
103439,13642.535104880877
90831,7656.228512765448
100746,12550.665291084104
81518,12269.206103215218
98610,9610.63160751624
100644,13961.636866585091
105486,13149.603962066722
79765,17963.151692010673
107609,10728.198539789086
85407,12360.364363188088
81527,25713.603902244144
80955,35254.47989864437
79400,21872.903750632813
101238,9397.440710470057
87024,18471.59215666206
88662,9856.200949412061
107983,22350.001109093053
93662,28817.103217901127
81557,27713.620889941234
94520,17413.05283285256
97010,14641.539544911424
77628,30399.130414866588
89561,14644.703435020743
104218,15510.809511906116
99839,9085.176202264205
87279,11093.109810893917
93760,19532.502047864262
89551,7333.85928273234
82714,17229.11965234228
98166,19717.44545949384
83812,10605.8989712923
102617,7057.815290278282
76869,17371.726541605338
103735,17051.687428600184
94201,19955.371405243237
107893,17330.804807646764
78651,11969.508483976799
85246,10776.968968763742
81194,24148.61751772985
81133,33300.57299669653
95611,31046.703429296595
93004,15165.820746623815
81826,41115.74653758388
100157,13351.264078770897
103768,14493.7394994315
93350,15959.576104432721
76901,22887.197408157626
88742,11198.707828531587
102866,10364.120622394097
76438,28072.39915916696
86105,9952.951632746739
107506,25269.092219622573
108520,6278.904503589585
106613,10538.004785940464
94164,45796.19119875659
100964,11414.817621741566
92769,11914.61227321547
82221,10972.998930783657
98686,25318.23467309411
79762,20431.65097634637
84645,20277.801231755537
107656,24675.278606926648
97538,17146.196185697754
99552,23284.274714553536
102157,11040.104996872204
80935,10879.052898100768
100578,11800.764391318542
94686,27136.394389368812
93268,43134.37951079179
91842,22396.216716073846
95609,37101.62750924768
91576,19986.593659821632
93139,47963.74207543321
101030,7540.017751632149
80172,42469.9103961904
106262,16087.849518072326
101562,9134.81474916116
102273,2658.8903853916486
87102,5427.197503854464
78491,17610.86043127974
90631,7356.107386202852
94672,19886.106951263817
77261,55031.65175462506
80434,19244.04932371796
86840,8942.501306479633
95011,24934.18734752353
90870,10399.362220704776
97999,10229.655467001157
77016,43595.53218162529
96931,17256.844169054995
85215,9742.337027216578
105268,16577.856431287706
99519,7156.168090845458
104056,17542.80095805743
91117,55603.790035447964
107099,24787.977282978747
80475,11976.442046754773
76216,36556.52853670046
93207,25885.72249736194
105166,9626.42560397785
107209,15341.42672955247
100109,9662.642037918957
87232,13534.680525267622
102624,12156.153173581797
81948,11101.934910489388
93625,39694.34025678692
90334,9164.504557701783
79878,14217.037842037798
105653,19591.230404113234
108014,12854.96686135289
105491,22342.61668288559
87064,13999.830399006914
106773,15804.250671062682
93489,12493.007775874365
89490,21717.444653813294
100771,12997.55953707064
100803,11824.01738877505
92144,15752.64386015797
88632,10758.03374764069
78778,16807.940265859863
99308,9700.919499111373
77161,14523.084460558228
97501,9282.949139048864
100933,11178.511374737529
77489,30505.575976960543
84309,11413.228386103123
108040,7162.088750399001
97159,16677.784729342744
95779,15596.80422706779
89650,14149.652908791184
80999,7151.5261495410605
91887,22400.73134215853
79753,29219.630154122333
84669,14283.311407935651
76401,14544.627267601145
90299,21728.624905264267
80820,11502.463384221881
80744,35994.98439961314
96151,12164.043419850985
101368,9495.047941253606
106886,25374.441434692584
90590,14422.484682491951
102988,11965.037759513461
96155,9501.259497648538
98069,22245.459207991596
99349,22555.030428324942
105341,6832.357116212588
97054,11721.00783449559
80210,25009.017212193525
105334,12883.950849708646
88495,18968.36989745246
101578,15813.780631396272
103240,7204.048730890875
84979,10932.979670026109
88799,9803.583465772692
83073,9018.806698237226
107288,14200.48371160527
102097,10668.661323397268
99042,9879.729761700783
87242,11868.896130630961
77310,23387.764274423316
87982,19842.807785720808
95506,14358.12510313441
106574,16768.687325226565
80962,47884.005718401735
102168,7730.657560604022
102528,7395.251369752593
99307,12798.688738204817
89354,12831.900738958939
96717,9722.77734331805
99267,19358.29711143137
84588,10051.121464257725
88920,8261.713603341717
101122,13599.99387053456
100916,10080.538938883215
90206,14562.71581112828
100314,10064.867903459904
91528,41153.5837427474
82508,8076.906786767466
77095,48004.88765707184
105943,10437.134559190365
92610,23825.43844191372
76706,17584.883475692714
101753,8181.16046828709
97020,12377.903331683592
103582,10485.043399595083
89559,14746.625503526524
91293,12062.428882193919
76698,31195.568642656686
105365,25039.63926909107
102755,12655.740735339665
82363,19872.364152701302
94314,20078.549796254596
92463,20412.647555642463
107566,11418.835713923076
99251,12880.285122241467
108140,32311.477957125124
99394,10009.532700982463
107849,20681.687243080018
85021,10943.64058266206
98878,12599.432150732264
80258,8395.563586967966
85751,14957.212808345303
77932,13943.18614116035
92120,14168.575213018472
84462,15425.281303243966
104744,15769.145838317905
78174,12029.706671948943
76239,30829.509226642225
99098,21051.017176073663
78068,20232.59014577958
80129,15564.918888358172
92276,25295.450345619185
84297,22208.099659170657
99082,13869.942601288774
103218,12392.341268438631
100512,7217.620752046375
100481,7310.4866074033325
77761,15782.711844781172
90764,7343.752289887402
103431,9660.781922433762
96133,18453.62495508849
80377,31893.43308874736
93811,10281.947822902963
99125,12755.986411811456
92377,22579.691859627284
84221,11989.194234116527
87280,12964.242502634552
91188,22305.41541521929
83645,8960.492692480238
105967,8196.168632865456
89389,9790.06571893971
78866,17904.434890746998
82761,17244.156462684077
95049,20771.558834030202
80729,8247.911506794244
76702,29224.51548156578
93554,14037.810208143244
98932,25599.76270496438
91264,22306.177380163954
86993,12219.636430704186
102784,9549.436967494488
79105,21458.71459573463
102943,12976.078303932833
77065,23727.660006623435
104740,14084.274428765331
95500,18545.899680596736
95345,13821.933622596613
103581,11696.700598868838
86417,18377.974000080765
87299,10996.078517989643
101375,12623.516056298195
97640,33092.922046574255
99560,7446.471991082582
105849,22016.694313221262
95701,27031.602594933374
89124,11750.443625308744
78589,17619.61304162939
86742,10224.383874591202
84620,11722.970983293264
91165,26486.100502403155
88463,9631.013847596552
87571,8329.547181006259
104773,17243.891535085782
83370,10924.49104628662
105599,11013.48551201852
104275,19326.3907659718
87908,17229.189662375928
92637,9320.138294329752
101747,18103.776842733052
99271,7660.810044341746
77493,31672.425791356258
100122,6500.130334645376
96424,12962.058069903725
103113,5124.641633106534
107985,27548.558035783917
103634,9530.443952656904
93302,28656.55449336693
93877,13345.594452447702
98121,8473.008698788726
91191,15698.696238812083
99106,20572.864205323916
83151,16259.377303195179
87913,4884.053427003975
105517,12747.804241112719
99452,23353.950334289984
95017,24293.39140143587
98803,11280.400255371947
95625,30164.82968941551
76846,17864.578152856684
101791,11315.596715832275
79911,17396.56481105758
98545,10443.143597994329
106811,11637.969052508632
78007,37042.91944710508
97259,16437.54187747037
96999,8520.745907630517
101969,7446.502456916132
107018,32895.43946189198
76246,24570.95018559451
77303,11300.41089682153
103674,7870.298491737991
100794,14795.131772402174
84367,21396.30768472583
101652,15636.749795951519
95111,19258.16508310067
96965,8937.499082207714
76396,15305.93263107999
80269,17891.8200525259
87328,6401.016871045221
85984,15981.020846193627
80193,29618.191000682225
98525,6680.219366061797
77460,31989.002905516
85424,18007.36510954502
77271,20232.59014577958
104786,30513.394887639133
103727,9531.61451037505
91819,25855.376978977143
107028,20532.186385583962
94966,20423.124021795174
78126,14289.32784557066
86200,18034.25613091424
100317,6893.331838773013
88403,17765.915474918715
102036,7764.797086450618
78858,25229.57667771809
85122,11251.491117758484
107516,19750.241594124192
103432,9599.827351147465
97354,7556.718195934334
100218,12860.419938055307
92759,14959.619890891157
107648,37687.6488635582
97107,20531.83430553707
90871,9301.869627080847
78611,35877.44623654227
107537,12108.062886112722
84840,10810.601569022347
79802,20476.992683440083
96763,3579.706636170211
93033,18938.260016734057
76969,32790.07761856075
106154,10053.240494846035
105965,10494.727482202547
83644,26021.151491747114
83889,10067.349133931257
88026,11615.034174505381
81652,27621.338518097433
77312,16065.022037487319
102749,10811.658812868884
84444,15824.395193429353
81496,18376.845446671472
107471,12011.027854581997
84265,3345.645283039441
92346,41526.98276842365
87248,8645.7938609887
94931,14412.265260528877
93712,24188.83789163326
80162,23981.879070465966
79351,24190.794602682825
85734,2198.9175870096856
106372,12361.225531467635
96106,9117.667198121439
96702,20078.817146243397
76823,11253.406302407595
102214,6045.273946760463
81128,15191.478073492242
88320,12214.126116556488
83531,5541.386555114695
104506,20448.952833839227
84074,6378.461756827486
104709,26266.14795451873
85626,11250.2603536943
98427,8802.321395267378
78699,31924.61281140542
94756,23397.70745446505
101283,8577.75381033632
82397,21972.50895230268
77954,25362.016755318946
81630,23823.795417702586
87025,15299.831449987305
81189,17149.772195304766
107048,28184.518098666613
99510,6665.83533032466
85462,21955.765920393776
99442,7241.888740964638
85541,2030.8624662825307
81635,35358.73882633312
83983,12309.159825578985
96161,10333.42010694857
90359,13564.252333208227
86597,9459.317380558114
77633,12216.982913650696
80552,30181.910134858994
87749,24381.650662052685
88246,10403.254907852492
100434,11617.499603420072
102049,11631.87425778943
84649,9831.711507390128
80783,18360.88337160855
102021,7944.080781711837
107760,14576.994649196931
98095,6606.607920871692
103474,8796.956173075885
101486,14727.712730734891
78334,36147.49527050491
97026,12321.649402191451
87049,14381.69517407424
94207,24001.27470296042
90080,7251.487507314208
82025,19239.790244277578
94478,24993.130807867372
90501,7997.669013764766
86699,9723.950983039304
91557,27560.89469298309
105343,11188.741033652479
80034,27934.034502160805
84220,14555.187778846044
79498,22253.014314040705
96294,27394.767829126442
107974,8053.480387657001
80316,12977.57616246152
99928,7702.444288383226
91851,10826.044630974373
87827,9821.864543915264
98130,14383.635227540537
96139,18288.630938410926
93176,32848.373950097455
90903,31661.912698752636
77200,20476.122892741205
95858,19349.864772073477
77764,14429.217727151208
93978,36816.59786361678
78852,12499.746789919554
82121,16012.986273901673
91653,27823.12350138258
88882,10487.434475141557
107327,6693.097507155923
86583,9939.808236313982
90101,14759.960042862584
90893,19307.686348341518
93813,26182.130908922838
79215,15061.90186228175
96480,10974.190524591228
78841,35203.249526475214
101519,17256.874935694013
77704,25523.847867084234
95308,21113.07564546691
106617,7911.508584726958
92279,20346.873463908873
77974,19638.35583943452
96897,9711.58033292757
84841,8305.28938132229
80966,12800.248459785073
81646,28273.254824335385
83773,10521.868363495523
80357,30154.704044519745
93576,13218.927435261767
76332,31378.273465194372
100522,11800.88929968747
95723,11364.72483472533
97599,11395.414384703743
83267,14000.845216228907
107086,13314.080730988982
80173,27909.15257861467
90902,48785.94836530679
85442,19184.713483064217
82924,5806.698335695604
106669,23486.801536168103
77358,22952.227119195893
86661,18690.020338062328
101073,12852.96532884381
83897,10367.558962878442
92465,21340.527291937757
105110,19043.75250249454
79370,13877.209521769546
106568,13968.850939969483
106121,6390.404005601293
97194,10460.277658142599
89289,18997.956219078016
77301,22092.710516021467
89051,22879.34611254889
90207,14094.278120243993
95193,17946.32446750603
98653,6593.870529454052
98934,15934.315683369798
102897,11646.202685200346
90845,9702.220980059494
101868,7726.912755340353
95210,20976.732764673263
106341,12028.854650600677
101091,9813.774615854565
98060,11263.846360300475
90026,7356.561538020579
88157,10549.108539265972
97383,13379.402128676351
87451,11056.473631621195
103381,10059.061053420995
93512,16643.295790837594
77414,56417.13923385274
79553,13225.490241647238
96377,9560.0225086534
105001,6933.796491461243
106183,27582.11186710795
95745,25696.729334669635
107011,8797.99079217879
78953,20540.507323093974
85187,10151.984512405425
87941,11386.749674424887
77483,18561.852938151325
101372,8853.393514594058
83730,8881.928778524198
106166,20806.666963627387
83753,10668.477986640684
106514,28375.518890169915
101583,7609.125052970558
105137,2104.3028454182345
105295,26713.742365392343
77657,46673.57049837122
88515,7332.4629317663475
93729,21009.729296249985
88280,13126.758240428142
102832,10149.224943524177
97873,12774.904256841026
101671,7805.462570989233
85210,14317.250364433783
80735,25061.567561670363
87811,17851.15549928222
97684,9839.112036240003
99915,11950.273392728617
97502,9085.995788739341
93678,36158.77708090582
78821,15327.29365764562
93898,17709.3929013347
100832,14299.716577008865
104921,14732.874232139733
83890,17020.988644526387
85696,5895.675218335424
89485,11977.79768880472
87460,11041.824165707325
81080,50590.68422070563
87235,7478.670917900303
87587,8135.5872874242605
96329,26067.101948259096
108174,9147.037862424748
106700,13022.336807193007
98539,17402.96541682668
105234,22867.190757529625
104708,11253.462620227785
79081,33956.881553168605
90270,19081.30144569553
106057,5066.34036903457
80928,32034.51330908908
94218,36361.37372623082
107429,7525.873213646525
107776,13810.143631082605
105303,10242.789084322661
107166,32226.238215176534
94379,25978.220995832835
94832,3432.713028292853
83043,12051.40773484369
84114,11188.445358202163
84283,11982.473561163219
107679,6627.965030427444
89280,10928.444435435575
89840,9169.694777512936
89927,9473.440021487642
92218,19256.706012470673
97100,8583.36407562007
79443,10422.675227473088
96551,8644.08715097638
101305,11228.099856834046
102576,8481.900784519816
84060,18312.150918527925
92280,25941.12299472229
105210,12412.547240573173
104496,18441.637336791024
104267,13897.415935110057
91491,31504.635695889912
78595,20232.59014577958
100913,7197.004682295939
103028,11360.671222565741
77788,25257.265596150715
89629,7543.810077573267
93781,24742.538275935793
76551,47478.50942994385
84917,13178.0168899651
106009,15101.352655730849
96109,9196.067834795533
78933,20459.14964316278
80386,45149.63739070092
105590,17748.402183253118
87670,14358.909602607255
84443,21792.868113620458
95776,57187.850156308035
96400,14569.840172315857
90834,27109.11403577946
88360,14589.911516276072
106848,25457.10518460755
91981,27999.8091372215
89126,9693.455947906352
104879,21033.20245266959
90449,14664.847063589441
90667,22449.082779073397
78986,11919.378430888642
84945,13883.213000319576
104356,9993.032624539115
105159,21424.594012322053
87755,2669.6596153614614
80978,26327.484221596478
87272,21220.05082935436
77291,29604.171267188784
84904,11681.114729608571
99446,17433.664732885754
78688,27594.22790815479
86155,12599.722190416842
79551,28205.01020575003
78281,8810.793471713296
94551,43279.98156054785
103232,9421.692440791106
104767,10131.667796140888
88566,7545.249302843509
77896,27164.866085194353
96885,16899.987201944754
95778,21395.788028277013
86874,10024.118528493123
91080,26371.113740826615
107737,15304.110539210344
104851,22849.942433815508
85070,23125.344019019903
87362,10638.381441692502
92302,13343.166218321561
93294,18544.042608391468
83422,18067.651759265933
84862,13041.740868146664
84415,10897.074505958146
78737,21073.245399172174
84686,6500.110689859405
95112,28467.741654446803
86518,14027.056820565238
84839,11653.728668621785
81172,25185.547500646026
89932,19963.6508529751
87300,10980.23388778142
105568,20201.878193658114
76252,13947.804471652546
80951,33992.437306844455
83509,14423.686380270972
108493,30860.58157573831
89976,9095.177106308422
102525,9224.84330363594
88102,6108.088209210706
89605,14941.494639602444
92381,12484.624615419563
81987,37950.951711802154
91951,26057.42528007697
108167,15931.082105872894
89798,7560.372543210836
97312,12889.845465917526
106458,10772.472644753778
80611,47082.76609401849
83390,9781.531866659558
84346,17782.378894599377
88061,11702.512016326935
91266,15646.054934369658
99611,7940.977780900066
106366,19822.43822029579
91936,33443.89930147128
82520,11151.669050259417
84865,10435.746478309908
80141,20002.06978482894
91890,16511.52043574212
76251,20172.34352346642
84247,8599.11398116097
91298,30192.401031059067
88015,7835.588136465405
92776,26471.221328466698
76709,9672.603300012255
105728,16424.989827111887
103796,13065.112425307883
81171,20672.444613157648
88413,10441.171428827987
102155,7363.1813381513775
81200,18782.666974971267
95674,16187.242893703717
96157,12925.275686725496
79020,19521.47424022987
103587,7290.2176958602095
104190,28585.217648570262
80486,19433.942604690583
91177,13784.921738920673
76909,30989.724805732712
97278,7760.720397776673
77170,19815.502888846448
78840,11550.116255576047
107987,15274.624256521489
104444,14570.696290264867
98408,4134.28252964098
90629,12767.62591285269
85268,8894.62679852516
98419,7673.880787071745
90747,16040.274832348077
105907,15270.736366809542
88335,10808.57746166959
104161,24868.75845437974
101427,13186.549409915588
87176,18849.34046337324
94012,29140.729820723856
106937,19163.57714373471
106573,42860.046719090984
96877,9458.15826668464
102568,8232.108354888616
93510,21671.412201866653
78820,31593.73102707113
76763,21751.827812887987
106884,7018.142804205297
81041,13699.934473610117
93827,19671.033436308728
100321,8205.633595271951
81450,9885.226479472256
95107,15982.95963581046
93670,22081.766842566933
103551,11734.337382578275
106715,17715.108253843366
100863,9999.547592995094
79259,11680.755926964557
105336,28483.05863426368
88906,21577.22305917827
93039,29717.741080672153
85639,16362.322808142846
98378,7761.177795618703
93639,12742.78579770931
83518,9804.264531968525
79592,14188.215181449643
95678,18807.63285336547
87400,10066.066507170388
98813,12858.626852687668
79157,9108.92738310659
76223,18695.667408700294
95406,19632.299986691414
83724,5583.081226330009
89739,14872.710563858041
94933,25515.892979831333
82605,10174.363702956161
91566,16559.00370337346
76873,14953.378718052765
96884,17428.929814183182
85901,11212.722561205417
106449,22384.282480677997
90672,9994.704125110302
78513,23328.95846123206
86464,10487.367788507281
82921,8233.335086493751
93886,29111.186100773994
76303,11541.182291288686
98243,17580.866211831806
103497,11119.59066769595
87786,15270.399130980752
87780,12999.535196958277
99339,5075.85206702701
95351,25271.964546467265
106965,12292.973137859679
87540,11356.99083538974
99854,10660.563358901765
102357,2600.1638440613638
90737,7284.921691212723
85392,15082.20828218814
96882,7172.830674230384
88268,13514.39218736757
106075,25373.921275116125
88674,16214.581373445846
77623,15263.923455993703
80394,15606.937661732509
94942,25095.21137506318
101237,14740.235102150125
86351,14758.966763524684
87055,8400.36086829677
94851,23267.18724178232
79816,13753.16288757165
97214,14180.398638547784
88900,10423.413297486042
97464,11254.047672977707
76403,16372.475168441968
79786,19142.866496420214
83858,11198.37912504352
83658,9238.185789725581
96456,12245.443585504518
106217,13584.45020817704
88111,10183.017230471562
86581,10671.496373147733
98218,16011.30886775552
93801,24027.458919064367
87206,10699.64037360835
88569,15800.00195706946
104348,13431.757087216774
76478,19269.371798778062
101509,17746.096722312595
100915,8643.12526912084
79676,18654.705428256322
102673,10122.321038744823
98151,6518.917812121996
77583,14782.786830645573
106602,34117.47271617316
90134,13112.447014450192
84228,6313.029698510752
100131,11703.26847563042
92807,25251.913130852165
95025,32063.021603603127
79779,11915.793665064992
77216,27437.436191584584
83476,11998.363326617848
88942,15576.471051707807
87565,18926.280362471774
97055,24964.09078864478
97212,21706.627684866162
97321,22309.112803011354
102240,10086.218668305386
91253,15092.590459005954
90284,17169.568595229724
83582,15368.82723747001
81255,33487.83026528982
93903,38623.5848733101
96241,17949.933996373835
99117,6062.015632993301
79874,29295.667745492858
105193,19588.40020436905
98186,5752.219796351236
103313,9935.47253055164
107714,15552.81667338701
101081,8661.63149520819
79663,5028.1585654304
81108,10566.36402727296
86643,6005.583570057834
90931,21930.849998227586
107518,22090.703326219787
84511,18643.875612277698
80689,12778.339545980074
86547,6387.531563008269
79670,14021.378541811866
82281,15523.13976042661
102274,6417.817055601879
107948,11630.197802599434
97149,9064.525316757119
95980,17078.42757789565
108047,29644.07907679751
94763,24635.115699620965
106148,17130.09920016783
84164,11357.25575625324
93448,26782.157878858994
103837,19983.167096684258
91861,22876.73203904212
87914,11394.711925075375
85944,8727.444958323867
83795,10638.919309527219
97374,13994.89008127119
80569,11830.370378567195
106331,33372.19244498465
93177,34182.69216786375
85257,16154.01009187512
80094,17967.854047786583
98473,12317.432980085516
98021,24039.59472176774
91714,21730.979736369238
82569,16175.805004859054
96451,9608.309796177404
86310,11298.283611857794
89702,6578.771185350017
87577,16663.04157863905
85221,26522.250731909015
100454,7146.7679408889435
96748,4929.219475674757
91472,8025.56028999743
88350,5157.3093125845235
84386,17401.12589347968
107993,13075.827122363262
101496,5572.956259755078
96805,12434.729204140178
82084,18863.377036140613
94643,30785.846838279507
83871,15922.228499535113
82327,18745.881127955454
90332,13080.761378822888
84949,31005.41546560606
83111,17354.011016363133
92067,20164.333010615523
106714,20678.16921692564
85531,12790.469802874826
97311,10512.454632331466
78102,31421.69352760075
98348,14494.737313582764
76715,22796.99743215623
77091,12953.763596225746
105854,13494.529722110325
85983,8223.746628380542
80823,12978.29555072368
102612,12931.600455600661
104209,18196.53165049938
97643,7824.235203542236
95340,24008.4100069113
81183,46323.92730869365
87928,5839.740409806264
89448,11457.390066472231
98522,10132.134694788077
94213,11534.736736844661
91583,9710.412561018995
90280,9965.884091988273
93287,21002.08951567727
84510,9051.506552657078
98179,20634.367323103503
88162,18579.558648217426
78449,43549.13450412093
94548,17394.27010914763
95056,29459.249084583076
106725,10311.820594662866
97968,6887.462794287455
104923,9532.494703871816
97276,7215.192477030495
97080,23008.189384121044
90691,32221.799407280905
88033,17188.37961436778
90160,15502.964656767303
81661,11830.131309730772
101260,11342.468499907014
79520,29118.563480224184
78213,16016.334493053751
76187,29377.586749325128
85752,15795.934831964532
90729,17654.1554235682
77637,19897.974414868433
101847,11915.867561302153
86787,15158.161710201894
105758,9825.931925965699
79389,22781.261980454477
98312,6788.035780096473
100222,7421.30321105405
87873,10059.432141510464
92965,22303.353846616457
89168,18897.748760176968
82368,17693.62343909854
76505,16289.99707879349
100946,5233.385496001866
85815,7719.402718011038
87705,27959.970632836124
106931,10751.253416623063
95571,20547.329202648474
80308,19626.7819915323
91824,22787.82250064364
106743,26647.41727026512
101866,15566.131537275613
95817,31607.047227732495
108505,15267.996920533325
88722,13644.546567176663
104371,20921.580372526863
93879,14333.714389752702
96038,17956.971103292126
104690,12408.814336246689
93199,23418.84440451291
85967,12708.52873863185
88714,7611.583003238326
99467,7404.68271487669
85701,7583.16617357163
103450,10188.646616109592
96943,10850.121767945759
88526,14019.202162384143
79326,10220.688899930343
92314,33408.01365618749
106373,18442.82002679412
76953,20589.920381292664
89741,7423.575687228092
100458,9576.43626066298
91895,58617.33670463491
92356,16956.318504778323
80632,20102.935382220265
106959,10149.814658011845
96251,11549.980714623402
97996,24300.483850934666
90021,14831.382453305974
94899,32731.92718084162
93093,16307.259610361138
100175,14431.298770060937
89968,7581.968708002044
102132,3984.3463436445554
99121,12512.321276271772
92662,21365.582135390432
96612,17321.87396354809
77399,16934.388063964954
86443,12641.529260099542
93198,34497.9874336276
98001,17654.50341488471
97764,13900.69570735794
94983,96678.3087384869
82703,11744.537733824684
94794,30666.06357707928
79793,18263.902370401738
93376,11819.266009556726
76374,23267.8099233092
84045,7572.843160705291
106780,19776.42291742581
93213,16612.626531309055
97870,9895.11240028546
97748,12705.444162789305
97255,8271.699665690658
102668,12016.423058122598
105898,12615.17138188635
101786,13916.592251509028
87690,14664.15059534308
86329,10461.019590421722
77696,34778.79541057311
104321,56739.939102085424
86782,15511.984853080801
97134,26937.73176884952
86684,9272.614898067235
95509,31360.527356928145
82314,19329.558740035816
84124,10832.129603154242
87597,10668.634569588601
81357,18457.92170059367
95055,18237.817103205223
100244,10504.06677947112
79271,14869.834483366834
82043,21252.940075305793
96348,20799.393514994827
76594,18142.09032501003
79552,14016.636276390129
97181,14745.890939246636
99147,10998.412527594883
90786,7223.599135469045
96203,8369.191792054064
100288,10976.841901109265
81529,21190.021826051787
84229,16493.107083835654
94332,28696.185932260512
92714,20260.846991299797
107716,14508.808436601435
107685,27906.27360482319
97836,4001.3728801112243
98284,20762.606317342223
83128,19085.674912792845
105500,11794.863744045691
97781,11436.223412930845
99341,10013.011138523416
91793,32248.4856655149
76224,15826.845277406066
80840,25756.074308565534
94587,17867.318409649448
98667,11164.561789681931
78973,16338.858160018392
85175,11922.508332431651
107489,35628.71968524701
95790,12186.701619555839
108044,8521.037136247407
80652,23049.26663551198
76007,15469.249726676559
96039,8432.228444287099
102618,14538.585903617539
80863,15643.800589289913
95695,18388.426861818145
78815,28553.736443498936
98063,11482.615504314874
83732,12853.268796847115
83190,15145.916360969952
99504,9704.844922272834
82372,14168.501619711305
77977,42367.40834141926
81688,14242.719023603271
80154,22756.840254336334
108106,22058.939188087414
80724,16425.305050285522
89190,9353.05876962317
102321,15327.747375970395
97375,10156.15358601322
99379,25092.344613658
84767,9621.008749256205
89470,12388.059313580643
85592,11698.502924689528
80381,26883.907733570315
92149,30352.75400836921
96044,16793.888537726445
79041,12097.515792383645
103108,18017.14312273276
91118,19336.14947746426
96434,7691.155468058574
86875,13842.928706299022
100326,10136.858265349148
106416,20563.765374867246
88074,9709.572663242483
91579,12456.658033162876
96819,30284.192450281535
80373,27117.52333526523
82681,10156.988411775263
88450,11964.678044481001
95040,15707.91471786306
76720,12263.890548119954
94576,5304.356425301815
82502,6831.679294645092
101100,8100.069385763079
104522,16839.657861811065
108039,9831.49959522156
77894,47140.89510687871
80888,11391.103012793777
80366,49295.643764014414
87653,8743.258786238495
98083,22644.06677474913
89042,15705.081118954906
102520,9802.092136157313
101620,13398.55557494704
108340,10434.510084961768
98465,9730.678204423175
82307,26853.227873039083
107499,22322.317172647134
101440,11898.075576940862
82392,24237.647313706955
79371,27018.345394201468
103916,15231.459762537941
81192,9086.22004407259
108185,9784.117771951573
81811,14769.42216859359
97993,8697.797402279888
80214,24449.110101702896
79896,18817.358658774734
86793,16521.665385744214
100548,14899.53514581534
98986,9191.819422477864
82411,11750.443625308744
98467,7731.354783141821
98645,22646.677546085648
84530,6301.9069599918075
86479,7101.764676649589
90655,15999.093980113183
97319,11061.947296262446
107749,24670.66622543485
77199,29644.222920799602
79255,16942.190520695764
85072,8328.069626346276
99421,13649.23717857586
95187,10160.158533628632
103262,13340.128395229114
94589,34754.68678813828
77608,57583.00448620652
89729,7013.857488775431
99171,15131.488338376384
90914,23979.16297407494
83250,15248.529640135639
83275,8697.274591033038
91269,23986.855827448497
83003,10290.78412321999
98988,17639.811984292293
105748,15325.458998890148
77688,17544.929494663793
91090,17617.207379791493
100544,13809.02367275637
96608,8328.774619921294
98784,10427.711067942904
85655,15585.122281044058
104236,9265.637356263278
97437,12218.971312883195
100150,5913.155420133068
96911,30436.636515017122
87126,17893.63858591955
88544,10078.597318991182
97889,11196.872319652492
76768,13620.736919314566
101722,7595.438070328326
96407,12011.206955848289
80640,19396.638617869387
88000,15915.289152902134
103451,14650.279925801746
80542,40983.57359550224
82212,12543.93632453018
102407,8852.33062657632
79895,13714.085521931576
95909,19825.648882939055
79646,33575.05131512274
77051,32126.812901977843
79375,37001.06073757549
92023,31083.3902170859
87608,8773.494133352648
77731,15311.476284253575
94671,24900.387033106545
107804,16027.94718348267
106359,20715.344508498794
102758,6336.244595965903
76944,38530.25162982513
92103,16123.569080173978
81188,14116.1146916401
84157,13163.616242685152
77509,25210.75593329963
87332,6500.2636201271525
101597,10934.975158481171
84021,11299.110117679764
79820,25545.881078112667
102505,11734.168126528715
82887,18649.61564697505
98676,11091.473889900159
89288,21208.041106781042
89410,12776.043913389623
76489,13688.414206699377
85587,12862.956090762083
93752,13970.930302355177
104857,16599.604860282474
91582,31519.5535059484
100760,10136.15461432167
95388,26069.889311793693
105606,18903.205935649534
93352,24796.926084509414
102452,11872.415817901634
88997,20167.784849590058
107478,19819.81767466868
82604,12512.323642025152
87188,15966.419154183235
97769,8198.342974395715
77941,22800.94131307794
91489,12038.127087245688
84501,16008.835764481566
97428,17208.064221696735
107961,13988.559434533174
106520,6936.520027851305
82860,17761.80253312846
93232,22532.86621640786
106592,7226.0337755970795
81719,8693.09565308758
81658,16808.4416592195
92676,22044.276442072583
102253,10102.086563112023
105237,12731.90898339974
78527,21921.2543292684
97452,9146.119510578528
106530,18087.224571297167
84118,12778.319695992444
84314,10997.677474376962
92313,23023.421053447506
91271,29111.194875193847
86067,7668.202242216263
100751,10696.856708975733
99647,30563.56609062653
79872,51320.799028623405
89703,20676.93298204407
82985,9342.095493926583
86719,7079.57901185699
78249,32364.047480256297
94826,31781.390279774867
80867,32327.84356098735
88405,14907.200140309213
92596,18579.12523043434
90699,8260.868739765892
97504,19442.92737527379
88236,15795.992858045398
90859,7674.725011229109
84327,16025.588479429307
86926,8917.180115773983
98478,8567.328836519131
82435,14994.324875446868
105477,13599.864647493803
91685,13999.018980264293
77406,13529.548287231954
79806,17548.124959415483
95728,15380.588182195082
79181,29943.316566960515
89777,13602.321921190993
104090,10800.276208369345
106849,19989.052143729754
80612,21659.10834739233
78114,15263.983739734327
93850,30285.840030777676
91913,11686.150830993989
104359,20041.431156270748
103818,2342.385482830345
78505,7391.793785953329
78147,10460.427640551747
98618,23476.78219549974
80947,17260.963762666473
104926,8455.338336322062
87266,26630.763320208545
100085,10705.811933322484
99550,10062.9316717014
100618,13213.967744066504
88609,8812.238033508664
95379,25125.728251111505
97130,25708.34545077592
98078,28695.97273219538
81543,16641.617767832606
94442,15270.141745513685
88513,8464.447383414968
104084,17307.840068589165
77862,17023.184062559507
83231,11787.140307095993
80020,26764.384613161445
88533,41112.21205378529
89260,16377.547427153793
82264,13377.914443001922
84569,9911.568461220966
94361,41313.673878238325
76511,20308.956423150805
79088,16355.586794938677
85645,17369.000803579267
80492,27030.004306024923
82092,13215.178204684622
80792,12019.94424988012
79022,15863.830251756313
92175,15501.263858015462
87149,15792.540540313103
94676,26114.640659578232
82453,13090.947146107732
88623,16427.933055871617
93157,25389.362867382268
91767,20751.110855188042
82525,12335.01167316505
83387,7766.009789903859
104711,12982.510867657465
82040,21553.847742394224
90973,21509.594353434637
85628,15126.24485242815
96701,11717.550498794737
95441,17916.586844230354
104513,12449.967490933319
91247,26828.94292508795
88940,3274.778071763935
77571,22636.665310233147
104299,19701.992471485497
92609,21989.74512814469
85134,10537.72681744096
81305,30226.378472569708
77683,22698.783510367874
89313,5997.312727632508
85999,10006.762746806562
100266,13544.914354673483
97102,14458.155168733923
101321,5762.226993470014
108299,11519.017761440644
85057,12798.090361210818
84995,13698.694170695955
84612,8612.696797009012
94300,19565.925965182323
93656,118448.97208698888
89647,10662.47842743084
84389,7342.391034650929
90197,8093.407111555847
80844,7855.872684901766
105331,19765.340014941663
98831,6674.966807193943
89697,18326.97097698033
103351,10486.888946054865
99969,6954.808469102624
99325,12046.347341272967
89198,15544.353366626645
78239,16193.043128123041
82481,8815.775652121189
83655,15199.865428747584
83006,10374.030947092797
81067,46621.78314202399
82451,14806.012890826445
107390,25960.205930551045
101406,12730.196103397573
91715,27677.237108720008
99989,10234.40984092082
93206,31898.295495671213
85902,15394.435178781128
85195,16571.8160341737
78130,30412.23773383762
76552,26569.634545108805
89420,13735.226876032977
89566,13872.410376265942
94682,40567.55236357256
87373,15209.538430654795
83481,10742.48475444688
84348,11521.82605911475
88809,9333.781009312761
107886,12785.20675976552
84976,18885.061417382098
106340,17683.64027593787
87849,16754.036703621936
78363,7579.239858715655
86657,15555.501010799873
89773,19415.564968672385
94449,34978.72088152215
90861,16393.861939182447
91749,28985.44478525309
87090,12702.695960372756
80200,22450.32612627946
79369,24139.814329239503
101679,7792.663878507778
88080,10865.001805137466
103400,6915.149000456887
100960,15717.875585932146
106116,9825.333537065519
76678,32977.65822753979
86832,4086.828880154531
80278,13788.43580982717
92718,15438.116432694214
80121,25355.561017947603
84360,7791.5056700157065
98000,11243.129979802954
86852,10244.177934797692
84665,8143.608651301226
104032,20049.058399084515
88348,6818.545234538829
85919,13478.809239024506
102408,6113.983714970542
91678,11996.99874427099
86965,13959.687946993845
99748,2421.3640863145324
79192,16545.7940123148
100469,12529.05155990957
102772,12102.788583366466
89526,8516.199311890105
96191,7015.762504475902
99222,12775.905472617073
77086,32752.73218081948
84447,7434.723999597264
99981,8394.058618443434
106052,21285.40772666616
79612,26639.26349802655
106792,17177.84945633149
99124,7625.757365170344
79678,30797.23363225874
101632,7641.379268515229
77692,18057.88180417305
84345,7034.173021429908
95000,25907.514032406165
83015,8981.082696111076
99423,20870.760965101857
107480,19741.96446828877
93765,18509.322655877277
105419,9968.893723484724
94052,15092.814805434806
97432,12922.025315883557
79133,27088.186843645974
93225,22663.184928169558
82956,11193.537590635087
101231,11125.43133062456
78727,18627.025049280128
92150,28288.410425309165
103869,7710.278779509633
98266,12070.383202750996
85017,9319.913900563773
76853,32336.477237694897
93027,15491.39763202574
88493,9569.23971818685
104829,27611.584529468644
87800,16387.78592733588
94723,19545.30867666659
77219,11731.908120645507
94891,12449.277067844434
81656,20319.052201274564
97239,19627.039518826747
83620,11156.516962266931
93312,20119.3260074321
83441,7942.615556178974
83959,8676.642084448615
83653,13257.795034735957
103364,10719.103167337124
81279,10116.67535726563
94483,21748.95926098441
78683,14967.912366959246
80423,26235.462314371674
104442,11426.822149095793
102026,9285.903914502975
105992,14768.301885963965
108007,10261.367347411811
81476,13319.723643785597
82770,7330.1181064053635
97979,11865.406003427428
103866,6222.130889247306
83147,18052.251681624322
102902,7861.802937520061
105918,23807.412151051743
100265,12395.745125869946
86165,12106.706064795264
107697,26927.22924004311
94497,31274.89838759922
83540,7772.223798478609
76617,23989.013710665695
88133,13161.126294705191
92181,26014.0892082402
90065,4436.347228746799
94177,14892.172614311885
86942,11539.031532118828
82629,5544.7222837823665
92087,21586.631552796403
94508,13673.228500290159
81678,13535.81685979086
88106,11243.73798479199
82869,17455.902185341252
81744,21437.189338605996
89208,5006.832247927278
93035,22339.796087610594
94656,27386.599538147897
105571,10636.884544453776
86332,11466.470055818878
76711,20854.41957634373
87423,10378.722685776562
97343,26913.71567497697
89591,19491.58527433462
83291,2100.0074830181616
76146,16060.44115552391
86683,10042.79517760942
100726,10796.054386794594
102328,10798.76876578971
100991,12587.01282504589
98049,12388.647720985065
104948,18115.177745294648
103129,7964.721025967149
87892,16051.124650435302
90770,24673.058916065595
97113,13567.623926032651
102422,10876.039326646858
82462,12369.8431477949
99700,15075.099632372669
103799,5979.668601501116
96959,12774.502659697688
97715,8303.074461561295
90880,12308.591803023519
106632,11554.110101689235
102656,11015.21046800253
106686,9757.767284113883
97346,9884.09213805429
88283,8052.108802697458
102248,14685.582704187249
89091,12332.818979961055
100474,10945.428489159747
103428,8266.626105015557
82698,7394.548664689309
107510,8737.07328656554
99122,8576.952210368097
93152,12737.775519676075
78084,18717.734488787522
103130,9607.33236157881
95826,41756.40046110778
94977,26045.744601139304
90104,9089.32528702278
89105,2558.1480142538426
95397,26176.865382366057
77476,13974.265450745812
80208,10684.065972597065
96744,12702.509079071824
81310,24215.4256851441
88688,7861.415129171997
100514,7731.121236307576
79490,19752.732088187717
89236,11863.894988551594
106677,14249.250110469997
90882,11132.78582705159
105048,6415.573206457767
92458,16711.904086384624
91682,13932.83990807518
104659,20330.302965332045
99559,9425.405575281246
82608,7651.856469784063
98793,8364.223105607141
101083,8471.96645054976
86469,11964.959462963498
106304,9772.301528961794
100515,8692.624209406851
97006,12094.697781547118
87531,3208.2924173838214
88873,35984.45278893685
91700,16909.182243926258
90471,15265.354490777272
88077,19937.02165543077
95546,40456.005702593815
77965,14070.130004027229
91548,20435.90428493363
101360,16602.868189447232
89845,13548.737460277442
95934,24945.86278369159
103745,10562.89953794881
85862,17289.989286054708
98424,9078.127709914645
81736,30556.29886140822
93391,25113.402133946962
76523,21560.40738160233
83573,19209.671277998812
103118,3926.483152186983
84399,29498.539832624167
84864,10975.738222313867
104282,9031.085024093967
95389,21684.32412850493
108097,13171.911413548818
94999,12709.344461543782
99345,14664.50876568847
92946,46926.6257730292
104048,12597.08312694868
76817,23304.73000710633
90448,18405.06106727566
107837,10090.417738049793
91182,18005.5123338811
102654,6715.617832991777
95298,17528.537038292463
93659,23661.1559547196
87866,18121.03594411503
99990,14599.490338623611
102469,7172.115395294904
107351,14980.85927378669
82490,8919.987118652982
80756,15921.365785342441
82365,26318.602585116587
92332,16668.2573905569
77456,30115.561512394044
81007,27620.011389480875
82391,18541.063323258786
84647,20115.776346804687
76296,18716.26868141873
100192,8158.582843779941
84547,12997.108058559526
88877,18499.2496402944
84254,11882.164162388168
87836,9062.812619157761
85970,9125.21165321525
94834,15658.362690883097
107159,13612.416148830305
106800,10332.511441657027
101989,7386.978645940349
95604,29881.427388112057
103637,15621.28829242454
104301,11334.665616900867
83799,11707.877344628349
107855,13237.673664578178
101506,10531.435327517465
86644,11831.205856771434
81902,66859.64696043445
90490,6794.025537015954
76314,19704.49885137221
95360,30201.25787402086
96272,8041.674058524779
103911,9109.841398851733
106553,8659.313970662108
106063,14101.1938575229
84179,12580.067200079378
106912,14858.969840614114
103819,4495.119715820331
94009,31830.54963456645
98285,20536.05084222621
81101,15324.41885203937
76806,20617.26721499841
79127,12924.267659033356
107416,12737.413974946894
93786,28473.94701007655
101542,13474.67980041153
101640,10246.385569611422
98800,16361.786757327294
91451,35120.26198987775
104033,14342.349413410608
105550,19776.288889047762
88203,16751.17246352896
77481,17714.318372887552
83704,16439.10563096308
94474,19314.917985898934
101924,14851.18544745259
93203,32225.984380885784
104628,14650.40453650568
93308,33080.68623725001
81984,22253.58857489494
93228,27861.639040799997
94247,19947.052104405564
85162,10584.109369342206
104670,24433.68801885705
80875,46119.45384455671
80850,26529.862866039584
79475,28303.23250468769
87229,11335.384189308166
79162,17807.551753691856
107652,7344.7439641886085
89835,19049.128666218097
77430,29920.48307921704
97568,14338.793823787386
78947,46572.2342869018
106692,9535.131222017524
97127,5239.681535998544
80876,21232.90560879551
100152,7688.886511133257
88949,16384.55320998167
95804,36051.399275567885
106833,8812.88982569367
89283,12689.408455725315
78115,47760.03676223108
86941,16055.319103654672
104794,17694.368027580003
103892,16595.08731531907
90746,15307.002571868528
92996,17484.474342281595
88679,17622.18175897663
101007,4444.57658178453
97824,9320.717898482439
85138,10101.153555670606
87869,12763.561403900845
84266,10067.650135009884
88682,7930.1487650281415
84543,10992.857437638315
88967,16609.992947548948
78831,16373.640610569095
80227,20857.177051145783
88995,11204.208719539422
95761,17452.716476661466
82060,17422.66635864458
78253,21001.26155610805
81193,25811.706758505847
97309,8104.784870389197
93654,18725.3853632541
91399,26657.592153509486
107195,34281.74849923777
82137,13559.436125767119
108006,14099.914917944287
78534,56549.35013774648
75979,28478.17246537239
78847,7527.414762953011
94746,11631.318799089022
76591,15786.420215932629
97366,13205.134142784122
88756,10595.5588505122
105074,19170.01913266595
107641,22744.074183933248
103717,16162.313747333164
92559,28378.41912975547
85453,4002.5514651926196
91736,30219.169879498022
100632,12374.122829972195
93314,20037.839208093243
82593,12858.840308967177
105791,20163.94377175352
104431,21237.3512607166
77967,17770.680629774473
91373,19120.02583565603
86095,9249.728841321321
90950,22237.057060895655
105410,18634.40558818724
86516,7628.581345736167
79221,50086.93455970136
86603,15954.984767926373
84058,19069.883706577883
101017,10095.233128038719
103065,9979.866736428528
102817,11809.942257787792
106443,21012.339252898706
96455,17561.958315566164
103514,9383.651329968297
88407,15744.72267093562
104658,20647.53306972486
83823,14887.846085340823
106801,16533.37302374192
100859,9339.8258409061
97156,8164.278012960075
99816,7637.511830760139
87726,11601.764861350925
88783,12284.937575963759
107654,19962.054806681463
102420,6352.028799993872
104147,32448.257665341614
76019,11346.624871317956
86158,10909.267646284017
82852,7174.094853581458
100871,14759.895706457026
92537,13696.278729415817
92028,12206.196811120624
78319,10266.031070853238
77111,21971.780508200714
81426,16160.409187520176
108336,8310.20047993533
106048,30311.008456669
108482,14914.046834905668
91336,20662.806066477737
101242,13716.41813940003
108309,18919.565657468545
106397,7497.062697332046
82413,9975.413577710526
79355,32446.42833058786
92826,28775.071047179685
102020,8961.835639865936
93857,34587.32553304246
88875,9833.271673802321
81926,23778.37616658302
79236,17773.316229785003
101106,16356.05397814527
99069,8128.555133738143
90017,6875.980738524631
101706,9418.558189628146
89701,8675.93672292524
96760,32709.069820983485
103901,14479.166773423873
96780,23836.82426225743
78905,18615.67940007185
101894,9291.990270586823
94657,14577.983664590682
93703,13558.222243384143
98690,9160.565474985206
90597,14209.98963217541
80138,21988.237235460845
97044,9765.056477093895
84258,15627.002698779834
98543,15587.425160097788
99833,13503.700436719795
99848,15487.72215030555
89178,7908.210871669614
105598,17396.17571236568
95971,26349.30297583765
94875,33443.89930147128
96048,8703.573380000358
82606,17633.887448311205
104545,9308.218061884256
85571,6041.417963450796
103757,14034.253507394065
80192,16638.52944095775
100422,7818.037988024627
88065,17260.362038730294
83544,14339.459574371393
76851,37195.099005135286
90464,6575.692496821459
106501,9726.315064286682
85011,20122.25536011371
102308,10044.375726495498
82241,68092.6945495209
100655,9032.459659054979
86477,11576.238676754852
90830,2261.2017793493665
83274,18113.092427676274
83251,9483.978010035267
82122,22682.682967653524
105600,18631.475047942593
87514,10792.839904411954
82184,30028.438742361333
84829,10627.05539976616
90704,21854.344468690622
86306,10862.194948033597
105655,23964.986277404427
98964,6804.102783438081
87189,18856.171418901828
80116,13519.761274266259
78366,28493.24751204826
103668,6030.277127758275
95799,23115.630243538617
97496,12996.011846064146
107112,13139.901992138877
79698,34006.61941844256
78946,37669.833721078954
82843,8366.390692475303
108537,18612.74858403679
93675,31583.335323499883
93629,19408.378474865916
103134,11788.692006002826
76458,15245.39621441294
79219,18355.38526072742
93401,19336.981283126945
87666,10724.713615054618
97697,14538.486344811774
77945,10493.786805647165
76173,31139.83183034605
94835,23469.452738639993
86700,8260.14380254496
105682,27705.859175483656
88546,18724.402235870075
100486,7339.328563696677
98187,12276.05144223896
81395,12588.594093329091
104408,13792.46362251835
79922,20434.08741560791
102955,11012.503408615577
85515,11373.457235561424
100490,14207.12850774796
91070,37914.74062366068
81321,27438.870682823697
90925,20136.620153374723
91291,31141.093398902616
83986,15266.05262060396
91729,16424.528820780582
95830,22707.720218568225
103720,10280.079033079266
97023,14359.121958398064
84892,7343.171153868928
86618,14909.538766611857
93094,22043.304043113767
102487,7665.581098541739
76952,33104.731600876374
90121,9603.632808150254
89687,35039.47474336925
82663,13197.76988838279
80253,19231.382573914492
96004,12967.555651836929
102267,7716.365210068863
77777,22380.58330355626
85135,15380.350278819376
103806,10259.18938269825
88031,13129.524272687911
84252,9545.207691682697
80246,23708.010905822914
83445,11536.201347764478
107528,9663.03772097455
95161,43679.547714016706
105132,34294.73640727504
107504,11557.524806446854
96720,17393.088797271044
86060,9024.22739324119
76370,14348.992568619993
102092,12070.479324876851
93523,16852.18437701319
87963,8330.541423557976
94183,21508.06562124887
77548,30700.27283729965
91116,31031.34132809318
100013,12469.518337486867
105525,21498.452685278877
104210,16387.144168439212
91137,21815.68048309573
101960,12917.843820515662
80662,30962.302447147566
84914,14194.203030021083
107857,19621.42472642386
94916,24747.552799989586
102858,10538.181785795983
88182,9649.37193718026
85339,10652.942250361797
98692,19840.257046326
98460,8892.271443515754
101787,5910.534614838533
105924,15055.815440030245
81440,26352.492124606353
107043,14803.421937042964
98747,8997.875467801456
76065,16876.30021840965
103452,10755.588056172657
87162,11981.122713026607
85972,5141.431926819951
95159,29796.92200282695
81106,26007.791148743956
106324,20597.96327789021
86957,8599.297753739178
76900,12373.775585295605
99319,14667.108930695538
105884,22172.892049780214
82889,8594.584629699384
82253,70475.9863029636
80818,9207.935182549794
97074,17650.789425039387
103269,17306.426253049154
78298,16648.65216221247
87216,13499.878184505804
104853,7341.407896274917
96298,20087.43942657537
86803,6374.839180515911
91326,17447.769495134762
90948,17194.970939860184
102795,10668.661323397268
77163,17797.375250120163
93519,35392.54290961705
94980,10764.058456115488
106455,24313.544591478923
88860,8218.937534065919
76536,31496.580806244518
106556,23368.99666479367
103002,18446.07839690871
104193,9266.425070280548
98247,9295.987579075685
82529,9264.670827422438
90499,6909.558848529649
89400,13450.092507970014
94595,20008.40283491376
85870,18889.377439089832
88424,15458.004289382965
82715,15630.551235917519
76324,7120.539650932219
102259,4175.13815251163
99192,20918.606555933486
81437,15864.871799678842
97208,12761.20189381867
76420,15339.387015661128
107557,4777.648634476961
104202,24408.469753462705
83400,22006.01213842148
99664,18345.67613415206
87781,12160.06678709073
105706,31993.113302664635
86320,10493.672751605653
81907,33708.12044175932
84881,7070.517083675536
78575,12624.631537637099
101857,10668.661323397268
104378,16690.993817744216
80281,20114.3760602827
88208,22494.719139075805
85864,7403.998334694601
86973,11881.56312127259
101072,3557.567701557275
102664,6423.6343425667565
107949,11170.214398642996
88832,7620.518191188801
87046,2558.9707834301853
98930,7728.07712376224
98721,18307.388970624535
103249,9180.382250435234
88230,2905.9540528779007
103604,6407.385641374839
90645,6895.331852765865
94246,16057.995843979194
93604,18970.811687092657
99287,11689.060193654239
106684,18151.90360459662
89506,18027.0605986283
98726,12599.58819052125
77060,20384.812710401508
107323,18616.496470109545
100559,7913.1295244665935
94511,32756.58874362356
81367,21721.170354647827
107185,16926.930234360898
87243,5827.864189120685
93241,16021.375287040872
90899,22903.01339684821
92791,29346.236786033856
97429,9876.916727714584
81883,32953.46050393262
82428,8990.514716070318
85224,11794.430186428792
90818,32742.00009216257
107186,16988.95546552582
104489,11449.907275317162
77026,17396.819417815026
103119,7767.77617781074
79360,35904.173110868905
97763,7004.458439895794
81434,20979.14225510954
102270,8972.133597449869
86171,25665.135301154165
102255,6982.086424382903
91018,25093.553919339312
93219,15356.541963844546
107667,19317.936431848688
89301,17872.63506263541
106869,9199.45783093593
101867,10159.43857581129
92922,19097.77491383993
80057,25188.7834307515
93951,21540.32866309273
89450,9663.058059230467
99681,13528.475282744106
85661,15935.491392485095
76072,33466.44275309915
81693,26626.168217404727
77375,12107.393773426333
77649,29474.30597366975
105904,20639.448412153135
81679,23387.518627903817
105555,32191.482382529015
78762,15280.591712271495
78590,12279.616965444422
92784,16447.64465295146
88497,6500.278264398546
108413,18103.50492399487
88994,15874.075298927226
103426,4809.542292464834
104394,24343.181280214132
88703,10605.5200752987
97376,7535.353860980393
97470,14851.140896338327
88681,16545.35093826202
76599,19490.80715677499
104274,8743.985166432316
89590,5767.987803397969
79749,45892.398162561636
107386,11329.410744132992
94829,25138.856601759166
105123,13015.743911853091
97602,22935.92931986699
93900,29369.47176614752
85986,10020.87990711244
78014,30655.439346640975
90073,20032.497610175928
91815,19606.67181745844
88067,13470.080730441725
79079,33361.89394274948
97590,14008.100408276863
84491,10078.636990015728
81997,14691.412382830766
90875,25771.01815632912
88805,16874.365175245366
84708,14503.228279133515
108010,5144.5201186125805
96549,10545.885563836271
79023,9261.634275928487
80493,26218.1332432875
98860,11866.224741296865
99938,8872.081169182771
91154,28761.03504641337
102202,10423.048635046409
76479,17969.256261245035
102548,15459.20227779281
107979,10443.626411038998
80905,32873.25954386734
82630,12689.361531205284
81130,15627.566662718586
105382,13037.320254194266
101905,14459.753517131774
103353,5887.70234139369
88275,17708.600459411995
88052,17699.500214533393
85537,20535.014038852296
82742,5674.090148872212
105960,20993.38094511364
95151,33947.80984629062
102555,10328.765560445361
87742,8211.455731289932
107219,23732.551671589146
106170,10076.42058280435
103341,6652.268041545642
98947,19221.809629731382
90933,18858.559110306553
107651,6386.896205196443
107937,11344.39376434891
92742,30689.40360565032
91138,16955.63057401162
100134,7732.964935977858
83718,11580.155291028525
86977,11261.00679274815
102165,10099.611194838291
91372,19642.2896656486
95812,23993.619685303234
98911,49983.01025351277
86966,6041.095240228515
107280,11917.671158827072
89020,11483.226542378752
85167,15712.076879531869
100394,7729.775779236396
93450,17172.738232204818
86838,9984.299878015374
107563,19682.147679752678
99692,19793.88357227007
103946,8055.064027215384
89586,7499.8493115045485
90733,8997.333138843258
91071,19649.07821173238
89142,9712.675351846057
79359,17515.62765109831
94435,19688.10736377193
86980,9712.282508622407
92661,35701.24319165958
84734,15778.198745891323
92829,20103.036851678742
78925,31989.788836251646
88863,8476.395393201554
100507,12672.345615582566
97469,17256.74225057004
106358,13602.632550887396
94446,18464.98248483091
100068,6583.9781145862535
80005,21709.44563632861
106548,9086.409866850909
85323,13707.76322984475
92629,52240.695415276095
78057,14338.819375322179
99591,12891.521336738973
85307,18319.180722489215
92660,30798.697188726055
89525,7633.985758022209
90953,30208.438247913353
103312,6494.183907169213
107912,22961.597040717512
93292,18993.979766143788
81638,40169.131438291355
105433,15826.656335340365
94804,34496.78704110098
85666,16027.988068723946
87338,10711.718054844356
98818,24366.045621350167
91960,26988.165604280755
95612,25194.20776025351
93399,15851.74299240174
86492,10698.799517117153
106169,11812.111405137495
106699,15020.592852457357
102175,27150.613612047517
83555,11048.378032658034
80941,22568.272619665833
91366,17759.641081489888
98045,18021.076498448485
86988,20397.231450542386
89139,13806.16749234928
106277,13887.482379828638
76317,14756.833277915175
101300,11330.686156331452
93086,13154.876122275933
76936,21511.22629354231
80711,20999.89316268639
106659,12188.397611612565
78296,9112.00856761131
97527,4984.549542135446
104494,30533.59061881376
77982,31339.529200216966
86456,10777.282630723304
85161,20169.92800129344
100583,10040.49964848484
93063,14927.486579528944
85331,17595.274469470565
101731,14306.54835620415
97389,29307.416150572335
79902,19688.298109118125
89643,7884.232945376019
93175,18679.981291944885
98389,6079.958019685172
91334,14965.914710319461
98514,11311.082761747975
95382,16231.248687243127
77018,12469.20273303467
76437,17462.65043763775
98250,14079.112283805463
77104,21992.94768433663
103059,8563.952347608081
83308,13949.702193765255
95106,18065.293152670463
88684,20204.653667457784
100870,15253.573063895412
103498,14189.00994071896
105342,28994.227963185054
81398,16112.359197665737
91833,31425.450075973276
95311,17553.545396536207
77369,31429.191581451632
86011,7655.2185922332565
84952,11034.545100766536
94056,19139.70642782921
104796,10270.314534389265
101571,12334.269375910817
77188,15532.818961967692
94304,16716.70983543444
106008,13982.137924851453
79849,17360.45534662021
106099,26146.316582621555
105086,11830.49769636114
85658,7788.650127718544
102040,11991.096311025236
84343,10196.96112630969
104882,6104.768355797224
88582,13018.074762832728
90328,19426.697539292094
90536,10258.760492064113
90805,12512.930028781306
106058,29297.656578498052
78871,25736.299198440058
95489,30640.46380373913
76637,15919.214604814955
87818,4561.18275859185
84478,19369.075137311513
108394,19995.528635392588
91676,33834.337191867504
104964,1734.53184520498
78506,32779.322742508186
92557,24407.396580621127
90715,16723.264539218282
101721,6511.867337308286
80715,22274.8271791272
81705,23209.412815869986
94219,36806.31049247923
85893,16641.909846762228
80550,15388.736641565263
86662,10256.49642135639
85271,20534.971952224845
107075,21454.992826842696
100992,14107.65622099627
97396,6521.580700588566
103943,7931.033897125631
78916,16210.854407820894
94516,22129.18094210635
105411,9062.755814453723
78377,21745.416616259565
103977,14186.859925992665
106716,15153.166298326358
88465,16218.404773659367
77421,13637.414538069977
88866,10925.075211586447
97787,21035.460324045598
85063,9926.970520565115
92555,16136.995566227448
83695,9968.571271906982
81797,14705.084142788079
104241,32397.381529434366
94730,16590.12052915598
105191,14335.064582504745
84112,9148.291481355862
90379,11448.892077376513
88992,8993.263682806637
77423,22501.43985491591
85126,8978.286649045102
78691,45246.229718040464
80320,32433.18148999118
96309,9866.997809154822
92577,15091.078431266136
78891,15299.073194359045
86056,15127.882385653164
82129,13996.211169874035
102436,10369.738032628962
101469,6313.210410031491
95885,29596.44158672825
92879,22460.65157372219
81484,4668.909500086111
95550,29506.63794567338
102726,10603.865143240184
95252,21087.64919084892
90695,11640.088180090925
95863,23495.165484986224
108338,22040.170261592055
105327,25988.792001615788
91616,16020.252861288149
83077,7715.477139267482
105582,16494.033399104515
84382,9030.331385478636
99666,20855.802140810436
84818,17277.531764380317
78498,48305.63106996429
78378,42398.87817836272
82799,5871.098615615447
81429,3333.254683003403
107572,17193.027984410168
91279,26943.283148282862
100475,6792.553764094232
86325,11469.788328046749
76825,29082.67375924601
107657,8322.456538117929
82346,8722.094431555992
86687,7178.037981383795
103471,10724.245185206879
78209,19655.415697212113
95328,13971.26854971232
100363,10323.730463587406
87672,10071.728354798379
98994,9527.501316652088
83549,10655.182666234858
96370,14147.950101006942
87842,14314.858199974307
86297,14131.348332552814
96716,18069.547364718874
97492,19959.29301448628
92786,10398.718005578401
78254,15453.272950533395
79291,25218.64698448726
96050,18053.957958830928
82240,22290.23837038612
107938,11243.006936118498
85258,11205.085916970576
92512,22834.498999341926
79919,27107.927873042227
101410,5877.278750768241
88700,17822.362455828697
91847,62442.42162429392
101835,7935.8701655512195
99878,13463.626986786483
96318,9405.003120450609
96245,16192.24284696891
96194,21876.77660570026
97973,8730.507798673025
76985,22209.87623193956
100002,12859.503778534125
91364,21690.75939111696
106980,7155.786585956226
76285,20114.00924993033
101396,15933.261747653196
83368,8816.941270425845
92820,13620.526909124252
92264,20032.85442347628
84052,8001.412621020971
83928,10595.250115760758
105324,20595.203851098526
98502,5600.100186346784
94457,14058.884654769334
79073,22377.879073934848
92738,24603.32918310369
91008,26814.31223305266
76447,31857.094213959255
81627,19570.61747144635
97016,10921.225432504029
83182,8911.13569708926
95791,34905.23787410544
87449,21176.916284743453
90013,23168.609741242217
107223,21540.17646116069
96785,18327.70264054352
81473,22319.265897883648
85403,15228.440718057953
106473,11516.040451617462
81568,18967.896905775433
76748,15074.604232030728
77020,18261.276566144556
93210,30548.440780176064
103955,8335.49674791867
86509,14856.5595393388
78291,20191.145395732143
88895,9902.420588243525
98026,10031.538583978774
108410,22350.69976575913
88039,9844.872077942331
91193,106637.8730335023
88087,2830.952273062653
88708,15891.722281682754
98485,9325.729268815767
89847,13619.00565563942
81318,52474.0442324516
103971,11979.088535133003
85649,8330.00088804137
96137,12709.791483480594
81112,22349.140918489356
87825,18954.69610875663
103890,12794.098497971041
92845,63967.05821452361
95649,25583.031031735063
79000,9417.742771227693
91668,10595.705613804597
94544,31574.742532949404
107024,19401.39950360654
79725,11779.694676232957
107343,21265.693707720784
107612,18383.75124946113
76647,9277.293664075269
100922,6820.485003224291
88583,9940.171253823994
90425,16858.759890579506
86258,9025.736917439459
81973,19126.211684380014
85370,16339.827803382937
107854,11239.919925998567
78195,12801.903460649815
82124,34993.71647216936
79050,16308.899033291838
78880,29801.44725161231
88596,17166.262323610255
89033,10288.185475406255
78792,7239.874541521284
98664,21114.792077244798
78544,11289.4511665358
89184,10489.866660986783
83109,8447.089741782103
101759,14558.923809208582
87164,17064.80982283782
104156,9051.529164326395
107607,25624.68040654184
99705,7601.640370852182
79398,15190.417217430375
98401,8183.6735363689395
91911,24574.26472416055
88175,8266.315382452878
77275,22314.548333298473
88946,12280.589386487896
98293,8998.285887964574
95991,20298.401781670873
82196,13541.101585233055
78514,37789.368821407144
102853,14042.349175068783
93984,19848.154244936966
104689,26644.5815749098
98534,10378.261997996397
98744,13812.235778640925
100456,7533.433078659988
83468,11352.492681887656
104432,22673.110072906184
86752,19071.299177760236
89762,6935.483469403735
82788,19719.25945112481
105604,12020.884921018162
105490,11937.548175300477
79447,16845.697829449382
107405,19202.61255504823
102782,11076.9904704542
82786,9398.924421924608
100557,14482.330000775533
77711,18378.8947542096
104935,6489.254650266685
90750,12495.429991476349
94396,26723.134955642952
99628,14097.532003803644
87360,8944.062217621271
103238,10043.250522559438
84883,7692.428463534821
91450,25641.976256746293
96221,7862.064627306347
82400,23274.03191668234
91940,10269.672310515652
101320,10511.302547438365
88653,7464.345620343478
79446,9113.806505341077
92672,21809.55870005275
85552,16721.560892347396
89858,13383.229614021355
96610,11198.407102538078
90447,7024.049442260603
90357,14259.67732038345
83266,12650.79552849047
106259,34079.68611607639
84489,11661.286888602383
87875,12351.632123997171
78430,35989.8404612297
77249,16514.30799750751
84094,8745.730916510518
102218,13926.345392360889
97151,18636.776255804052
102064,8456.925477294795
97655,15779.245150099356
97387,7594.890429012954
97118,12913.123211324802
101804,11598.473323865119
81888,20921.657877327056
77455,26638.39371976837
99638,13569.860473512557
76845,15205.224667426086
85493,7272.925340099348
99781,3736.5013898557436
79322,28993.091305677364
96766,19765.54587155236
80513,39773.22671293942
83907,17734.206441899354
93217,18279.007016652555
77426,11850.23383031364
105044,9222.620467467896
86573,10173.295383817522
95251,30982.14916875703
86098,4831.104584725774
93674,31025.416181409648
104392,10157.568827498768
82340,34915.874776983466
85899,21999.955715453754
85579,5599.429311604116
86725,12408.313766731142
104810,37814.50561794426
94570,15271.584158723472
89607,7914.999940381202
108478,17511.735060338167
91464,24974.247269650125
77613,21510.56248027107
83067,8096.30338415568
104585,24656.96892752066
94473,21287.984134837694
98756,9750.005893820462
81199,21177.926529966324
83741,15887.24711231725
84972,12404.376287093986
87486,14599.931398895202
92290,23110.960076366668
97049,6421.053736311064
81960,28226.908792863516
85765,16845.28477651089
81319,22319.113167869153
84335,10766.06549459577
98897,7913.462283953149
83649,10727.529092377443
89567,2665.5548169556764
101958,9991.283198702647
108211,19036.54177884549
88326,14362.106190381593
106424,17483.279611363512
90848,9892.259977320517
104944,23418.66169101818
81300,30869.271207302085
76804,130259.2021799891
93569,19409.814247376256
76839,18764.95841415977
92611,30158.501828240853
76006,23451.505903388508
86953,9844.931318107243
107767,18532.742450716316
87949,13432.858049646484
95782,27334.95682064965
94414,23493.326150130863
98483,24024.983486223497
95988,13861.553646987832
98640,9588.493728383979
102899,4358.253645158059
79367,56092.472528782964
88430,16536.921160206275
79428,25333.24592858968
76247,29998.841769525116
90955,22919.920409516184
100711,5942.786981900974
83720,19181.56684421444
93618,23188.76067076824
94754,18621.692466970337
78740,29994.29584955715
106522,23271.351526017323
90165,8107.380035544626
99615,6379.978677239952
88112,10584.393429297284
90759,23990.508900930825
91835,13839.46949249585
91563,21795.430113392475
92736,32665.142798960274
96939,20815.480156789163
100301,8512.929192758058
80143,21202.884703534823
108141,10346.96610122302
99743,6326.89965081205
98627,18183.363916660528
86233,11652.035206287523
104568,19115.399843459385
96489,8802.213668308004
79018,14820.175423181772
92173,24479.762222957153
81198,14893.919287644612
102450,11346.980401477182
105038,19445.348447334556
93284,21450.978192173636
85848,14604.521447675763
89587,11112.548686232554
91457,9939.465842932332
88804,8886.176735340607
97228,11463.972674651735
105841,23781.81592732881
107331,16831.551951570702
81008,13490.668464381888
81853,24652.58195936126
103283,11219.20170730284
79036,17599.38169211692
90376,15542.16431080443
97271,6902.63235572263
82967,12257.8213885713
83663,6528.42080708105
81640,24671.524059938383
99076,24817.842147720537
107790,17016.548716970618
96460,7656.6068316337105
88286,16533.600981004176
86545,11528.22768060347
97634,13429.080599516745
94452,15942.225386043416
94409,21069.535238495777
104877,10234.671998068128
102952,10846.296586165685
91502,15794.235735048542
105695,7373.903656779563
78608,12632.857167405919
77384,34387.51261609341
82188,22196.642303999888
81054,15911.236037325552
92709,20046.256136588123
98260,9809.365911700155
78996,18455.220373639222
103868,6774.812434400522
81809,27848.524240882132
84251,11108.91882218802
103762,7028.623466484104
101479,11121.291067556333
90533,10981.056171761615
84636,8099.323096675686
103208,6020.958761857196
90274,8900.356063614032
87517,15922.229307426045
79671,32331.850670788564
81486,30568.49490453074
89338,24728.362121028444
76912,13111.906494147957
89675,9267.471615189284
101294,8055.588558502518
98316,9214.60596231238
82457,15923.409396901987
78558,21237.550939578905
107933,12552.079805823394
87555,17530.111095507582
80873,15293.629713886026
94717,22910.43378127469
78922,19082.038935074943
87376,11013.101888042365
79203,22304.71898492325
83801,12814.75744618027
80314,20987.784278405135
96011,9197.363326171182
106585,21978.408544576632
94122,24073.978873013948
101723,15056.027217830184
95561,18698.17380848832
82751,16253.069521984222
107424,21497.812469263616
108316,23986.789542941282
79229,8206.543672498949
104835,3142.0349100683993
106289,11460.769822668983
89876,11590.19328237301
96917,11052.862285273866
85982,22645.90040010959
105023,16345.62691995764
76749,30934.550985599897
76453,25536.950508243703
98954,8934.71397523954
101783,10809.131718918288
96734,6466.760720789037
76884,18246.906845819285
84277,12499.366346889548
104756,10382.373522388145
89268,18652.541817349404
78955,20952.63166884436
99279,8633.324762036802
77361,27428.79855923644
97823,18283.98244971976
84313,10721.531663793068
80520,25357.22629058486
105472,26718.23813331148
77671,7938.416689928535
93098,28972.77147885621
86559,17675.08896058157
86582,12427.70589763949
79414,11360.54103670463
97179,13827.615958082464
94617,20178.826809508693
85780,5181.085379018734
90904,33467.41896225925
103178,8811.450678081985
105752,19392.442825238995
82636,2427.774802564096
81069,16439.81677455265
76784,3956.197706828137
105061,42451.48039682204
100732,8177.462602182384
106562,9722.366493931384
102833,8498.896746824992
79029,15523.738609617765
91944,19286.42642969457
99849,7137.903235053879
85213,19277.91489701964
92653,18045.108575928814
90824,8862.722068853154
102752,13118.74895826561
106732,20652.27375958599
77076,14022.551232421369
101825,16850.4719884554
78920,30031.300855012938
107404,18838.001792288218
80053,8900.521643069515
108062,10164.980250836348
88256,16998.650457746768
93809,29665.679223289582
97342,11055.26930450241
101308,6172.5591741515
94366,22958.60212656644
88228,9820.42863004367
91471,23738.337488742432
92294,15533.217312163675
92018,25134.525411298673
77448,36661.25948065388
91091,14008.895280923987
90892,10057.236834922252
93754,31254.036143418813
103644,10477.808204515504
101170,4030.6962526447273
87238,15934.51541535222
103651,18239.874360758353
108015,18779.73184881527
96704,8899.390309141247
87938,11958.83818002634
82456,11315.131951074174
94735,30233.821576193288
79831,19629.263269935014
99435,17307.60349224652
77407,19615.192276805155
105163,14022.30668544291
90450,22111.35351716318
101144,10533.263830443095
85101,12011.65082203253
102152,10308.365488616753
96445,25293.651738178018
93062,46684.72454100908
100172,8916.138879783819
91519,21989.74512814469
77563,108880.7228696686
106245,15412.267180007266
78606,33393.24498743574
94171,17221.100320045956
82263,10541.58502109485
104528,7176.003348862003
90918,28688.752515686298
85512,11765.044825653395
88317,11499.782732494348
77807,11316.133339994803
96992,11464.233491522797
93802,22403.20920510521
108022,22766.042348884424
97029,12842.294863905907
92027,39898.73072807478
88331,11008.790578904616
81387,13774.812412083435
78465,10921.61992163885
104119,12132.997070202686
86438,9831.61709842754
78315,13028.345999226445
102212,13804.435211998325
83625,17304.10729662022
99983,6110.4446431104325
93838,18189.412812539405
86485,15582.628274425855
99164,15289.874435776535
100640,15482.81034193854
91693,25978.590609046772
90195,7578.909381008987
85076,10258.447860877843
83090,8496.870574243985
84161,10798.976834276844
85985,16287.202727677068
84759,9767.90832566719
105838,7115.6161491693465
94748,20483.16196805593
108188,13735.569610688335
94465,18189.502763472978
81856,13382.002900663694
102715,11113.131947201466
106448,17386.441500677673
103923,5086.697034900478
79482,31567.841887090155
86062,10792.31392875415
95217,20024.762933685583
95712,44422.64676951629
98498,7575.27536865931
79175,19517.247714884827
82244,16494.568742388707
91792,27833.995842897435
81626,12934.701127395356
83185,18038.207294172604
83134,12429.835147114882
97667,11795.56447247393
90780,15495.218419476696
79383,30475.514294411238
78440,33749.67426933494
93657,17485.00068015074
98771,20929.52691570866
103569,13689.134516763395
84696,30862.639608019123
104235,21211.647346458743
89916,14754.916342018178
108238,9675.811615645633
97737,19951.842393803945
95184,36804.06363337773
77985,25099.877982862432
100680,14547.310817711172
105919,31285.817524158087
102177,12075.052621402572
99133,6822.457842266143
85097,9742.396899014882
102464,7336.706194341525
83036,7145.704501130725
82142,23131.344573320748
92118,9190.493786498157
79734,13378.550377807753
107861,18363.748403983634
98253,9861.210729040247
103183,8311.375450666714
98112,10969.60634932717
82339,20953.098997592835
84875,16917.18376323861
99774,24703.23714583303
101808,5640.9429459374305
88731,11459.651334294611
84055,6245.864189044087
87777,7780.384381429924
93362,15450.278964380062
96195,10176.112750493323
87650,9667.744577047333
105329,8121.804175654321
84167,11139.304254407796
79667,17465.04376648188
85111,16396.863073275123
79561,21099.647533609485
81753,25789.076583043967
99584,12480.046845301886
107389,6286.536093903762
77634,54563.62938001598
97353,10902.101618159051
88362,7817.685567838019
78923,27830.392855253187
78687,31050.28349571709
79611,12770.153715788098
97264,8605.971760606826
104372,7472.028926164085
88340,13648.70617373681
81409,13002.122269874848
102716,10568.43481879252
100489,7031.371131035818
86616,9238.964285383543
96450,9551.33674527103
103898,11682.622683096146
78965,14757.10858201179
77910,14937.782304179304
85534,10696.580654137353
81814,20936.350368261767
88537,13538.584150206076
97930,6727.398605739828
98346,10349.95211086098
96397,17598.321374358962
106812,32992.991305239346
88599,15467.873365684469
102760,10955.237912250122
94884,26604.588844249054
77319,34782.984373485335
77255,9900.954057106876
79483,15381.142859764928
93869,16980.8624292912
78283,31366.91725829272
79491,17055.00131344879
79679,18792.322295765858
104817,9622.083272571537
81355,48999.29297411922
102513,19995.19655756982
102311,7662.366810450943
94639,22547.53540867958
92057,26653.104633931867
108057,9816.261576458252
78415,26914.961038729347
91755,16414.379502596476
94507,15333.007239256933
77368,26428.230510339254
88838,13032.996872083182
86482,11770.933445826353
103032,10490.96369581763
101482,11480.351871183275
95744,21508.076279932753
76424,3117.037173620605
98537,17264.28772635294
100039,9899.386918983404
76025,18567.653910702957
82426,7085.897868111788
88387,10909.604901321094
100785,10829.846238839551
84030,10775.788216512043
107046,13332.443720867492
80159,9996.31017743562
81743,31672.850698282822
85348,10659.775345675005
79901,27122.89624875933
108373,19008.475627284504
79436,15158.39701375352
83626,11992.299740335386
84211,11445.794971161784
107879,8794.111523242618
107245,13688.133368279388
102868,10668.673320229442
98034,15735.977450342978
101634,10315.682578390519
78902,20552.91441676705
104908,24696.495874414562
108265,10417.207549880146
89613,16380.555750062747
100852,6689.548690357957
101045,12629.75274385566
98194,10943.008096725154
87876,9999.917060496487
88436,7305.258998002033
103563,13069.86642137375
92679,12112.522421852189
97639,12539.17820672367
101310,8634.4721907556
107398,25825.3668418978
98740,7261.426892733972
103081,10422.916998653327
93701,38723.08656945084
88341,9874.429999528966
91276,21484.46074205253
78877,14933.829381077256
100579,1648.6117436055083
76474,21807.723909545908
100963,10997.326834966527
98672,5548.739445350497
94737,18292.822776522004
106382,8157.071646641777
90771,24663.999900035913
82118,20140.593213313925
104839,28303.40582785652
88881,6165.093998209008
91400,30393.76097442622
89615,6007.804680565863
95916,35789.38960874983
99952,9074.522115306532
95605,18395.949157350813
108251,12123.366185073812
88507,11197.602610577915
97142,20814.394990901543
97129,13533.24743433807
106320,6099.711265211851
104569,4050.4635282512545
86018,17048.10731692857
98054,8960.406518939026
85925,18959.603165597877
82859,10064.782951352832
107329,23354.045396553727
90943,29642.134872724404
83393,7827.322004350371
108091,10774.146395388163
81571,17598.818932793838
102704,8993.55980909775
89511,7663.909469655127
86361,16958.200032699555
86449,10836.340411937399
91048,30866.88033889234
88932,10448.023463326612
97096,12837.292308672031
92493,25840.423989428306
106005,29800.26636521363
92101,21674.19393300733
85618,14542.7387364826
92275,11881.579127947078
104354,8287.00611761286
100165,7515.506401496359
102137,12402.217555788078
92251,11880.666005733927
102299,16035.352933383849
93358,25289.625254148785
91807,45898.83242669027
108402,16706.876562548205
77155,22988.30461510332
79195,26079.795443920422
96974,9571.727275289924
105848,8787.879520296587
105425,10009.955489964803
103620,13325.370143274667
79238,31473.7426196241
82292,20984.633189980308
84451,3779.343785569799
93942,26729.175204001374
104577,9476.507451131269
105690,25489.227214215298
93421,13538.567995914871
94411,20277.987463783273
103746,5810.233291209156
104927,11699.888035723874
105798,11990.05749427337
88601,8322.375659771824
87898,9212.878111425023
87580,11768.289461783568
106294,28300.363477888346
83194,11203.46256277931
76073,20308.199443030193
98161,8878.91983360673
99152,9855.794139720376
78180,12519.849533974226
102662,7696.9765046646735
98915,12529.337815106714
103302,11394.59009418355
107764,11089.439527164981
79227,21827.9697172187
96799,13170.58998285259
106081,17824.633879825695
107508,25082.61160600721
97995,13245.59547110333
97586,19368.52924810198
87104,27038.0802186139
92790,42931.68365817605
101900,12903.196886317548
107104,13478.986711939546
93384,25020.53315647312
100649,6786.720844275162
94525,24230.141788157965
103004,12176.830259531444
81477,57288.62041011032
94774,14218.665985720269
86403,17166.262323610255
95958,11245.875058570486
85977,16027.25765310712
106000,24897.328224826906
80189,32247.70935338304
105330,20139.607662503553
98119,14371.505419276835
108242,16451.803069815214
86122,9964.843427463273
90847,15457.71149272658
78649,18081.72252498931
78043,29558.967391355178
83454,16910.94251890964
98842,9961.848321975407
80378,34486.100426377576
100525,10695.962164493918
101979,9196.329580410007
93192,30664.50120803807
96062,12782.49515203952
96319,10436.841226244034
81121,49988.27583967464
96527,15912.771338801691
76762,55671.02170635618
89658,11585.363842349147
97136,11747.806345764347
91941,24943.03248544278
107113,9325.13130111322
86846,9341.17627606213
102674,12684.844658835136
85905,19348.53587913635
78034,11691.026362287184
96919,8362.661697388023
81474,26959.125109817815
92121,12726.161824626144
108308,23491.80853347626
105113,12919.221300009396
77939,37259.52260836932
76253,23283.713352652212
86272,9744.165200858595
103786,11219.20170730284
77663,24621.813698734448
90143,11765.398166767736
83487,15477.062723305664
99629,7732.61848093399
78016,51278.73527629334
97062,16044.455991683113
87499,19500.090618326878
104580,5681.4461131433
92086,21146.80955562266
81704,25476.722483918766
85458,17450.78379027935
94697,24938.9640325603
95730,20287.16165328556
95533,28649.31158817058
76852,11479.191185989706
83813,16916.71653753557
91465,23980.430991914305
98380,10832.183965269214
86923,16854.663193942954
81159,33485.0958842836
99462,9980.581682973365
86553,9802.523821559495
96547,10435.378426460655
77542,11433.962237433778
91704,27492.858807498815
103567,13762.259538042637
98508,10279.079874954958
94989,11173.304905763447
96305,15236.974461483092
103772,15945.558018852873
89923,10045.67080088218
84616,16493.654043533676
99970,8561.555747693406
100286,6777.205228328139
95785,21825.108529424408
77239,8804.37548747313
103828,8572.63483552936
86204,19991.57446290433
96855,11319.102820449716
90132,8965.822903971386
83949,5129.196560156278
97042,9947.3738678773
81439,3729.0123514310276
78200,29209.453767798557
96583,16607.795310017045
77935,16371.157597620848
91759,17258.417880935936
104912,17395.972950052073
95613,16794.24503952225
105447,9598.018571770279
89828,10725.728690538226
97297,25248.204189495234
107599,17332.946993653095
103109,6688.791899342751
76094,13671.568725465884
104324,17657.3517873218
82877,15967.687376745303
88953,13997.139317850737
106644,17297.176830915178
100086,5882.074451044425
103949,11638.934729016642
87447,15468.562722474966
103384,10898.639182807377
108506,17355.655766529333
82045,16297.812304407975
86346,12385.670534935101
92643,48938.443281229585
106532,12446.071042382158
100209,15387.605465209082
78371,19032.307481239386
79815,17980.20802648683
99946,7547.916095551599
85965,8808.930360321261
79558,23190.577954896624
108318,16949.039851254067
100907,6262.031944162535
85301,8232.987302607233
86214,4591.044045936577
76307,13109.26324240324
89487,9802.753557883467
90272,18571.32887098889
92470,19740.652700469713
89056,16872.290757468603
108376,12507.524879706883
90393,17215.573452531575
90202,7842.76141997357
95164,17462.006716046406
80501,19890.948362235
80614,26588.381486324204
86354,9934.910223179095
103851,7398.0643770589895
91517,3116.5396391999834
80179,34533.425309105856
97710,15320.15364538612
94083,29508.277028888595
83733,8020.122922799098
105032,18236.611432122874
91064,26285.849153134608
94799,26834.345261629558
105548,18420.854235537652
94248,45434.40025995994
91984,27119.72281553488
105390,11708.479453924405
84137,6922.857888188935
84643,8650.220038647121
94173,28600.91186699748
89789,14940.050555492538
99329,7355.836349242423
107125,10507.763645393637
81011,12000.349163195107
92062,56249.87189834088
76630,25047.12302955944
89022,8792.930476427153
91463,28362.303941237904
101563,20699.73140493276
104307,27942.51718237161
95572,18873.59025732702
91019,15600.747319000728
76966,20460.239625013906
76916,30663.93432770895
82319,22656.31751113973
93863,20681.351314881387
96798,29921.25126700916
87072,17513.658233302125
92771,16639.481740591003
105915,9024.877141382483
106830,13103.053181341511
88798,19705.83266327606
81750,11804.136582571167
90415,10883.054616709165
91110,26450.26074331534
82187,27883.790110648344
102386,12453.23566178678
103517,7051.070307337481
86270,30925.648585338113
83526,13422.249535897234
83728,14760.399947237982
76878,10580.296181812539
99712,13827.338950613374
92556,9556.055749694762
89879,8709.530936790587
85276,7040.9108811133065
85272,13698.503742087154
82645,10422.28478838949
81445,19241.34564603314
97841,14639.827086034244
97088,16718.076803762007
87735,10088.231326063878
100748,17815.82052902041
94315,27513.619862057436
105218,24675.23923026046
79295,22366.134281957027
85482,11075.417967819734
105112,10545.88215668349
98458,12676.71207409562
98177,8286.405932894939
92392,21791.910197632697
106885,9134.52930656511
94239,29115.69690400188
98355,5859.019539016269
81111,20534.38778775842
101464,11538.757538503887
92070,25063.107883353383
98707,24119.962998258005
91095,18726.401210131746
84486,12450.364113261448
82898,16362.926669663735
108233,10083.672607944174
80001,28515.05437329055
83538,14781.653331967298
88563,7152.517569204799
98871,10161.193056958926
80645,55991.10993472536
82054,18187.029677923547
86397,10788.440355945859
97865,15575.659833548232
81700,23889.736272951468
100417,8494.906936667872
91017,18666.49509845561
95218,24543.097108448488
105519,10392.0379960214
98097,10254.498452912869
89232,9602.772330465994
104997,13925.993044349581
94952,52038.33893201555
87017,13324.216912342035
94876,32521.504760252326
87741,15756.516653742903
82776,10559.812884264713
106221,21003.93215541537
100602,12243.766784211946
105337,12077.486728214202
94476,22014.269441075463
82899,10788.642640058766
79145,34962.29063228399
90481,16213.615054552547
92396,33689.394710525274
94605,23877.839735651516
101668,8269.757716158216
79742,9820.597877473623
84465,11875.423390988564
86828,10643.667784488625
84944,14399.831354767242
93680,32066.774278953435
85778,7050.89525534423
82841,11049.702825529403
96597,30003.941406446556
106852,10642.627737225735
88003,15020.70977518152
90461,9386.236532604937
91184,15455.041511086036
88055,16631.1134207143
99180,10625.16384871528
87766,15999.445790297897
86691,13988.550244322849
107751,37891.59329030442
94882,31342.510067399373
78637,26564.453482159086
100601,10668.661323397268
106271,7151.6122262701065
94355,25621.480511020203
103261,9793.848125315497
84449,5184.91571937923
79799,22811.48106764728
78481,12818.753667814584
76569,29830.511180233938
90516,21540.73759676455
91054,29557.960550067928
97435,7502.654980577422
91203,16564.99338997039
86130,3836.47382048369
93768,30946.967873100002
95494,27999.165057738606
94319,36839.11849934554
83638,13461.461332399325
82289,34640.09647446738
107990,14925.416988645542
76261,13210.525714461402
103466,14489.769435089633
91403,22058.935472933852
106025,14684.885191264866
79465,25132.5229102613
102871,15251.09849617762
108446,12562.935878009994
107305,21241.828007964796
80190,26879.868339621786
81649,9769.27721901046
104611,12798.017211559474
79821,23000.290212140608
106756,10116.29538189541
94209,30834.793193221423
81524,20311.5545556122
102947,10763.501725943304
87868,11537.738213319608
95933,21880.25167688089
86850,8848.830510236017
108381,14033.633623496442
88771,6590.215147027252
83105,12005.466601384582
93264,42772.49513647846
93240,26027.55291292049
94060,31635.74393217806
95003,13848.829640815811
105812,20186.299834544316
76675,26903.244603809475
91421,15493.205053927879
102047,10767.383996873601
76316,16766.370254119924
108385,43287.76388056262
80043,20857.20276476262
80122,11529.593211944943
76885,11902.964034858815
100765,12995.406813654114
90748,6660.510571632764
90799,14765.531807724257
98792,12011.578460842387
90085,6055.647844240566
96967,12995.493004248296
77008,26092.287832949987
100132,14332.598696405945
90720,16025.8293932507
105966,13656.64404172565
75981,15516.648950568459
83312,14023.30337456348
106478,16759.995143820805
107800,14062.688143054374
103769,11020.789935211911
91814,19242.671840286413
92683,25886.354136586742
93319,25671.315390488035
90670,16547.80081454798
105982,18646.225797725172
96565,11545.130884574159
89299,20687.923004011074
87406,10137.090083941446
93260,48337.26922932304
101201,15682.280473741326
85414,14997.221089983837
87273,9404.710149544413
77653,17376.335669887234
94848,22897.623993660207
81983,10148.410291373024
98927,8370.110110043794
105078,16619.809252614814
102825,7770.0014777274055
91211,18827.654361154015
83862,9795.0406388191
76624,14337.76897432066
96502,7983.190078385319
93149,30430.86608837714
105761,17220.408283938144
81327,10705.071711162673
76688,14910.494432783536
99302,7542.606735161588
89052,35988.503642272124
106892,20379.377382592993
97157,13559.001295192586
87715,13984.643171390968
104669,19730.831737089266
108522,19620.65669093237
104725,25150.116710245627
86473,12046.789120520107
107402,25544.55155889599
99376,21642.305591707423
105473,9352.850686346848
101761,15887.498178935173
100229,5878.843505920071
104122,5440.2364686000265
103433,10608.208699918468
95259,27191.924988330742
76691,12119.011466153095
81526,22073.142440590702
90817,15194.36164714283
106577,25297.767824133498
105900,14658.929155269296
86342,15108.485997850354
100902,10922.480166823436
84715,9799.581267147703
90605,14641.164058267763
80255,11140.601913976596
84484,5937.578534964995
82894,6714.996140192114
86148,9189.824525850414
100981,5813.933013902856
104559,31944.118685875026
96603,9411.214100684781
79461,12801.408103068714
83864,7079.734095280038
99364,12632.762401640244
98182,2665.4357722412046
85145,20572.14217606067
102591,10869.482509440224
91416,27644.495266507518
89032,16829.095429049827
98530,8824.684561273492
98214,10930.941751726803
87931,9197.448846804586
90835,19291.704036661005
82398,27598.534667648393
104749,8492.22153450692
90735,13259.667868132032
105444,18456.00576496567
90324,13867.710798526437
102500,13935.872188993451
106702,7623.053253136266
90727,7436.85975825145
97427,18563.37357627895
99844,9009.908200160155
94541,49974.32946124552
84483,16085.692175568396
100773,9828.864106976365
97910,7350.093010257455
97461,14654.831642065232
104846,9558.20191344314
83951,15605.691019917127
90276,11423.306816605036
85508,13812.493365727994
90153,10592.03552968432
89830,21758.314209274213
89708,18350.18381680617
98504,22575.372634106898
80397,29411.225837015834
76172,44166.91660935419
85446,11460.445303384964
96732,12244.475258638573
90781,7636.108158959882
86208,7685.296418872124
87814,9787.76957059935
90938,30175.39125025142
91231,24004.164193389188
80979,18724.295640708693
85098,16648.828265129454
82160,50330.23925904793
82809,22080.38249838796
86468,18352.247305877976
104758,6330.935596573064
79772,33005.02209645101
94343,22068.157584918154
91304,28675.837285977217
88751,13234.421777870475
108437,29710.97206325764
94059,29612.97869992467
101856,8487.763780836038
76319,17978.66907656793
77918,30181.253227163328
81976,28622.784048304566
108377,21447.332623855385
95984,31045.476857510035
102208,10436.449075995639
84420,17988.589044301505
103716,15110.705161158587
106428,12385.576515594268
94602,16352.638895800043
101119,7000.1380614566415
77387,15079.410814006838
107227,13525.050474747419
86164,13055.26699854987
85096,13449.829362952176
108198,6750.590435355049
86401,9983.229970073926
86386,9956.566013048014
82726,13832.47464832267
91977,35590.269904736415
87805,22074.936939199735
92810,56750.87534928222
92387,31931.774840215538
76117,14086.71946176453
103862,12128.298388706968
86962,14490.335829068497
77023,53665.74290299299
102863,11113.178191462952
85375,9133.735209758563
84363,16106.565404870495
77485,18208.551175909874
99266,9918.280219491779
100253,10840.845860005078
79037,15914.855769552823
92228,26429.542825722267
84144,15538.411885185445
96577,9822.425171089515
81837,13052.105719679006
77791,21257.093014017013
80717,16978.278454221996
88865,11904.904219699523
103611,14357.406955403816
96150,27952.93708256044
98071,22895.120600175807
90964,16000.57412902984
108523,26213.44253081168
89431,12054.424905767735
107595,24605.74126287829
94778,24845.078303796112
91385,18037.973755415387
99288,20565.24664475936
82885,15583.505091717921
100437,10890.093690375606
88938,15817.978109937525
98801,15081.021744604814
107023,7425.753155207171
88675,17824.938016386808
90159,13054.386078621586
85804,10565.00671587169
80088,31828.247840384432
94929,28962.61934814326
100421,10436.449075995639
90603,9012.407928276552
101899,10838.757432651526
83201,16315.833312568577
96023,9298.066358900798
102019,10668.661323397268
106863,12001.934119363808
108263,25940.11380482158
100605,8442.76367383351
100998,8704.053404217806
105544,22120.88390970192
104343,9245.451694048848
89692,6842.852322475428
106309,8622.28181434043
86065,7319.495938955505
86436,9858.163383635225
103991,7844.668307153196
92712,32735.137945788563
89709,14315.250823936136
95415,23401.913876273935
84959,18750.791181745517
89069,16049.894688424964
85580,16511.15739413706
100728,10684.588654987341
80638,36227.76336071307
105713,7335.9917901464105
98494,9985.792477752835
94819,29956.08030127944
83800,7439.024481851855
91085,16681.25661035414
102276,10814.135389727364
96111,13266.937206792356
90891,26478.335904390107
80010,11254.715580218348
99501,8914.813148574622
105431,15380.665255785563
82161,9727.952595859235
97426,9365.604855379532
100242,15908.483138787991
102470,12153.73871546622
94769,99702.11911574377
83472,11223.942886172588
81138,31469.69709786057
82719,15740.643905634657
97305,12879.080621979921
77744,13526.503314399812
83536,13053.237790945745
85355,9747.36880885719
84273,12883.045925049737
100061,10703.194563683703
78109,30180.475213833062
86119,17825.621026117067
100274,9866.802450165987
90390,15165.645099070505
93338,36829.142083786865
97460,9645.305077929612
87833,12825.659954320214
107064,20130.55481850024
80942,13426.964406572723
87473,11371.266960068991
105869,13324.208979814513
91776,27566.684635454076
85853,14547.344018710945
94909,23363.58241444685
82407,15527.937875544427
97633,11519.923917354234
80176,22792.2397811546
88572,6358.799387720979
97971,52023.09508202229
88633,16631.31115737059
76234,20983.920715120552
98579,8237.610051250778
90034,16420.813580989307
80857,25737.4834567276
85633,10944.095009299203
97760,16978.253078263446
88831,10043.1705603321
101303,7168.7966413778095
104373,11437.03038984851
83512,8261.9518435897
102692,11773.305638590571
87092,6859.144441846187
104305,20255.879793327622
95344,22959.14201458157
76629,29217.008845794808
83699,8948.757612605197
99290,7501.425045613202
93528,33386.428762791926
107251,7966.440315137945
103980,13226.423455035148
94469,28159.57962359928
96448,12630.94299437624
93511,21104.13766702853
101249,18680.689737760124
90543,15559.088536904823
94928,23739.553508190955
102623,14664.078599132745
79505,14852.922192202628
90175,17528.37797816889
77417,16401.114054693273
80974,24393.95676514773
78874,13638.054096492435
103376,5944.701390454467
106490,27009.788306881852
103267,6292.3008078248595
92434,32743.196224220144
94016,48376.16421037085
107217,19542.67578742082
100783,5887.884793586034
104306,10692.052521634845
107691,44614.2836089767
79101,23540.288951831928
79607,14871.27337390939
96910,13948.612513002807
104648,16617.999099641478
97752,6824.465775175523
91917,18785.836443662276
78307,31461.74035669933
77462,10937.559569404233
92958,106718.0955036996
92148,53928.2856103875
93317,26082.53471975373
77824,20342.796201404424
81043,17012.64129220985
77339,13874.855286917022
95942,23794.1411334842
106865,17584.96734272171
100781,14502.07406388014
82907,8251.878202340191
98541,27722.03977172018
99032,6787.596717340065
94935,20052.781211197253
88567,14959.288510872808
103765,10403.131428792036
82436,10849.887457828396
87940,9508.787967127966
83542,18676.179161893062
80229,30352.535834497583
99988,11164.291447010168
83379,13723.731597985117
100404,12205.47851183536
76340,19994.359181051594
104105,8939.351161579381
107460,21277.031885026772
83058,9978.17212538158
87987,10854.548104389552
105926,6363.754959897887
92263,20468.27789401228
76100,16836.311187762065
98059,12325.646796673698
97622,18272.86562773526
100124,10942.82014897738
85132,16071.011456323764
90849,9245.17917005272
89461,8817.009363054995
104144,30560.927279015104
76429,37988.421728734866
95660,36807.01934605356
93649,23134.252105083036
86295,17850.08126238343
91313,47425.753672263665
77778,41222.435060259595
76003,13158.28030454345
96131,10919.982622561181
80441,18318.113834063322
107065,23948.784796009153
87237,8796.12686151517
79135,33440.76079692031
79471,14185.840985755221
88444,9567.738813063772
80954,12329.875950159178
87030,16416.899715364754
82803,14143.667649079887
92307,16753.489710217775
103846,11132.07691878798
81505,51783.413065407694
96454,10815.195000727066
92723,23834.49567996504
85406,9661.969569915616
94692,22197.976677342027
96459,11101.209376640169
97045,5171.9477402470375
88125,15688.399248549562
107173,20852.908554250833
86708,12615.407812892156
104799,8950.77737407707
99726,8687.23994233254
83300,9224.700678489338
87117,10366.614121446828
100398,7535.9708154121145
82731,15732.822822574873
106322,28374.569743201788
83937,11260.528085656493
76509,31630.723893197573
85158,11187.60802294159
90411,16318.721685774328
79751,20509.608709446286
103864,8544.420763319196
85183,9896.703201282195
83429,9884.236851991325
104401,7136.998786252593
102908,11550.072714282504
82107,19424.76870584986
83546,15399.517006170427
101326,7148.263210071967
83489,16223.03125081954
95464,11476.960598849577
95312,19179.275744351136
76958,13234.815503254933
87284,8081.559658846222
93565,29471.060660916322
91521,25293.490962686083
103751,12109.411839580653
102806,8904.865124215707
83404,15370.776281742912
78539,20215.631100695246
106376,7634.09515621739
84742,20041.945420846176
80991,14136.78265245185
99185,7308.430232373089
81160,25516.424006669793
101309,8309.645672898607
96620,21464.590902945893
85514,8164.739568645747
104504,11121.727499619026
90442,13364.044554119644
78824,18065.975466827633
93907,7956.772167011037
92574,38632.27628137452
87966,9919.384552868154
84013,7977.096424017415
76192,15751.137336828277
101039,10571.755796789339
93377,26161.740380627904
89911,10100.323170349588
82649,9086.727870340965
92244,33675.446897763315
79456,21690.484361154373
84577,9057.517996013326
101829,12596.389262599261
82454,11064.876641034856
90738,8275.389925511137
78614,39403.54286622328
105723,12317.876713182786
92281,5353.645022417002
83361,5211.76005350061
87484,11750.143161664544
94268,31807.39764099615
102791,7398.639913587033
80098,40211.682843305105
91058,15082.227084598098
94029,30223.190302423973
88543,10481.910152542272
81670,21934.283448972838
101579,10312.152283892076
78436,17343.30502499519
106875,12366.717191597862
87655,14494.575334393243
91929,24456.04553792507
91251,22488.114221935568
89471,13562.82271100944
97578,8095.891028505405
82672,12410.79392662907
78444,21718.378587488798
100808,12018.673199616156
88869,10847.430942325684
85357,10351.3801729451
89167,12892.831453115357
106862,26149.984388670982
91281,50123.866090641895
87788,17166.262323610255
95287,16634.53797170451
85680,8962.104842487803
94781,20135.16541697915
84268,12569.037236751763
91867,33674.50497764002
77714,21838.038680221653
103499,11695.378814584854
83996,7556.875888605712
84187,12204.953438388533
94237,22272.230550935245
86917,15449.638306335974
99891,19243.92243751108
100901,9660.46086745071
78556,31743.69451881743
98139,21433.408467504494
83447,17658.242783047106
80732,21082.836027487425
81168,16372.335642007047
101789,4784.417667899357
96183,14536.835137176302
104888,20747.890701588807
79944,57737.974526176
84752,9022.621032570663
99274,3625.381292872884
101601,10895.268795114021
100509,13987.888219364759
83579,17629.744590114486
78657,15764.470981072172
97894,7842.91853357401
98305,13494.07791700636
81298,14237.927326155652
98132,13683.28078048787
83681,12059.973045891958
103875,10668.661323397268
96447,20487.270108431618
105060,20130.479091589048
79150,45904.608397098134
105628,21152.11824203197
84027,10999.856145173833
98984,25390.546859226593
103343,9568.948377449284
87304,9572.656585066981
92483,30795.591403943283
78555,17851.73532848316
78697,42916.17483614303
102830,12276.917905988093
105192,19197.1162127986
88749,10999.856145173833
97670,20502.5725099852
89034,7570.414664777719
101691,11097.476983384247
79307,25972.89742404738
92856,15043.130713849434
85540,6784.913182778844
86841,12060.98126516899
78144,21278.701011232308
106175,7630.543514270369
101199,10668.661323397268
106284,13499.497599456277
107920,4748.029770159967
85677,18624.885993942487
80672,26550.513637631215
87751,12010.483329828847
81660,23944.238760356886
104608,16411.775961468105
90356,13086.890492674742
96037,19343.678971921872
85376,8880.968350569823
94596,15844.972559632726
88457,10782.098429831458
92475,15438.492489608429
81195,16345.163189001358
92529,42424.406366818235
96471,13314.56216683394
107840,10460.155200319015
84210,11383.558212690963
103192,14055.800679839034
101468,13668.333343463013
105529,28498.187297050663
97367,10213.94402742382
86100,4875.701751289365
106778,13948.342250130101
81881,23750.00061255227
89597,12347.484044806219
95589,27666.813939828055
78552,45448.762094905425
105240,17252.162708426447
83448,11129.690200163559
83290,9412.33057263624
93867,41221.535200722334
104187,21100.129322328874
90760,17309.27975252819
89599,7060.196421965506
94415,14004.590131866475
105080,6986.915549761541
100371,13184.659680521585
80360,37931.18800744446
101046,6846.80928651985
76264,16991.284981033725
93041,23895.080515523045
104160,10675.193736212821
78058,51525.02829059628
93770,11450.309168251042
101223,7020.475932608466
101983,7381.525692222383
98730,13497.271362330835
89800,9470.049589627259
88196,11926.377357940913
97641,6025.705727119414
103870,10253.630612762992
84704,6044.94852468242
77526,20844.634031569094
77738,21960.858872392782
90078,2859.132337103437
94292,26824.159877545422
78838,17017.35748089014
81836,27891.15254169301
80276,26645.987183335634
108312,18631.52091447695
107467,22682.7070854133
79713,18294.9255473583
93468,37063.66671317676
97220,19269.313141746305
98297,9235.459342618627
91141,46322.983940157195
105107,21216.6449051831
89334,11623.853449623393
80077,29110.86740104517
85326,15537.864408076124
88677,16956.51996737651
86517,10593.211476303266
78770,28747.92317609099
82840,19500.436577458164
84256,11443.109758956565
92318,28252.12195822574
92119,19401.44662396631
94970,26534.349446485307
76714,15845.565357805779
89170,12676.166643269966
90548,14545.061890836918
92194,29442.560619398406
78522,25148.01667386286
83527,17047.897456955914
104239,8912.31897225838
98128,25092.248019357416
80712,17840.032956105963
80259,16073.887691182777
78469,32284.03036538641
101923,4634.615078210067
103655,8915.56115828227
101481,10781.873176772413
86550,15647.27261029105
90289,11490.073505649396
86255,12114.849746724427
80411,18794.58299910888
97263,10982.595768973619
91086,10030.507465909306
80675,13600.40527505399
77800,25087.00882136719
76613,30859.7296324365
87002,17365.8069133384
104952,11840.422228044452
94790,35696.63596550839
89888,8626.325333657143
106268,32998.61859817625
76926,14610.820465711206
90503,11769.856635984883
89083,19222.715604685294
92741,10164.8353169936
102911,16604.000301136704
84601,7106.733821301632
84846,9838.981133742436
87884,13223.308812933465
88305,13002.858890210086
85335,11375.185293688868
89396,16221.659738357297
101992,8641.884253771621
90693,14940.969250515609
83262,14938.882418756633
81620,19336.68776266128
88435,14850.190380174221
80013,34560.831410674866
79539,27457.91413066002
85226,15608.03838355677
93522,35935.618299288966
77175,45479.19171255403
104947,10391.484208106369
100869,9851.180839130091
91575,39193.13992070878
105880,31154.528808886695
106564,20434.72137300744
100585,5801.3963832278
107332,10682.049969051024
77295,27129.232323068583
90575,8325.9910265272
102261,6668.679728526263
108080,14321.973078083574
80364,19115.845652664077
92476,9308.324139970651
104078,17325.035858554944
79184,10369.58464402121
107575,10905.005259921152
79281,17421.3751631672
88560,16041.379123097518
84166,16232.366710724524
78054,12545.710701127618
97324,5531.571600832954
85558,15499.308261893993
95710,20566.202642622153
98600,3592.8937501310597
89622,16694.425528338696
81838,22229.986570769186
90646,15310.492441535122
88110,6892.768088226509
104085,13119.894272121996
98242,13297.46060257429
106226,12145.718480375937
87500,8444.748524786417
104807,16180.505889683398
100160,10474.291768063691
105379,6001.680053225956
96754,24013.20034128252
84863,11934.969853730272
100130,10832.860087403955
93462,38068.23482801279
91640,10729.460367688976
95922,36011.968035596
81137,28984.96259655009
78194,10960.24701684106
87308,11420.062503498972
106775,9107.321181037198
86629,11839.364844274327
87659,18458.411486621473
76404,20365.49233725035
87258,16311.210211224095
100560,12396.16119308804
78660,12269.332340780065
76485,17292.521276146254
99545,20439.05421960555
103074,10739.89398550654
77874,18597.994283510427
97514,12254.587030195673
103308,6780.1949557673515
94753,30792.267681007972
80045,23428.85807343613
107089,28774.022202092452
101236,7482.090998633884
103264,15621.28829242454
94387,15712.737687908071
91926,15864.840782577165
99972,13200.245468480962
98651,6923.063553262353
94873,29362.547139351238
80722,8989.996205588994
95907,54033.75311143357
87746,16045.081289930371
90574,11693.004723500022
85387,12062.010063708998
84204,9976.554532310056
80453,17661.846119983595
95244,34600.34483237809
79952,14668.009484179544
105770,11142.711732468597
100419,14999.187199755735
84200,9893.265485920436
88059,10658.890834250895
85615,5885.173489586663
90795,7429.240195011872
97219,10442.756771416894
81380,12829.966631131214
78928,17116.906742154973
85613,19292.64047515607
90529,13856.402028211369
89825,11886.533924495889
107431,9991.066453923775
97707,6388.794093451098
76203,19541.40760817456
107808,18057.081819478582
106497,9969.891639951618
101925,6317.994609807955
95434,19007.01038910989
103718,14306.768146070435
103544,7774.381903211954
78735,19869.427669325607
101803,7178.316240467757
106491,20071.374145752477
85594,10758.862538777908
99930,14471.165527792355
100927,7224.639569927936
76097,19329.833284459837
89406,17850.599290729388
103773,7571.208733649997
107843,9954.38768423749
83507,17025.736928733062
89693,7588.492821249946
101441,11480.99584097063
91438,10633.816788015505
82189,26632.861664503263
94224,30343.105554292655
105046,12994.255405207592
105441,11250.115290667854
97014,5346.128863508401
89955,9685.142830579904
85532,16140.514812274476
99916,13259.335390968059
103336,10937.089546394636
102567,14364.546105447942
77309,12043.376327928252
95074,23874.011748357487
105279,20244.27409399327
77443,38476.17637114971
100797,15621.28829242454
97954,5905.567174749449
104854,9995.696090448595
77615,12162.503397810015
99982,10927.088669555036
91956,17621.104857108272
79467,24463.89533848775
80293,13877.152574593081
78335,13939.606199180029
96252,17057.844519053342
94301,26037.17453460616
97832,15100.66486673941
103557,12658.264114975931
86997,9672.411439439633
78106,10344.437430776681
107176,12486.581214001339
102079,11958.103509321902
87624,17157.548310549937
108178,16553.388537740746
82226,13220.341695078563
85709,15288.309837547737
78061,43536.31531768617
98092,8593.289912326163
77846,17183.39618509539
91751,21119.590423494843
89344,17708.71355570813
78458,25958.596552045816
90444,14429.435578352555
100411,7125.158129720993
76272,19690.206766071755
83891,11905.196002299797
87391,26541.524448200187
83460,9036.03226810559
98018,8471.084907595281
99334,12773.599331536077
97352,13924.899085202724
85704,16492.644655940174
80151,12090.469642319014
83044,11450.033929910409
98476,7816.08232518421
82495,20629.295658008545
100766,6729.441583466385
87429,10524.019548442522
80457,14735.482245649111
97923,12591.241620212842
84002,7851.963451869238
100461,11395.435809031322
101414,14145.986832144257
86834,16389.650638002342
79455,29934.165158110864
89913,8240.11262784544
88592,7943.279697137956
90339,13622.726781644522
94894,31345.193957288084
76725,24992.933124997977
95859,24279.92880440177
92694,13444.584870345154
85619,10531.762616674381
107634,12187.620015331839
101014,7573.247468625456
91174,26541.88099130421
79521,18136.044590506503
97334,8865.519321380805
80761,12339.580868807438
81867,16346.659232178668
96925,14410.054441505436
89478,7960.56294895445
104606,19032.05178913748
77120,49195.79894539512
94436,17007.591306909813
96562,8901.379139415232
100076,14965.37502160516
100900,11413.197738930423
87706,9848.332689809678
84868,8391.58339179452
77447,9328.62100784241
99633,14532.429338624135
107182,43900.05037251216
103805,6825.609723944353
79968,21742.975005696157
106861,21495.70979572063
81356,27629.1924962733
90962,30657.398510391813
102794,9820.626386647291
102702,13908.023111513738
101649,9471.699770498297
92766,10918.506994575911
95750,9603.463949626088
102296,15327.747375970395
106629,13105.53392748477
98746,12034.022598626789
95417,29866.467646961428
91178,18752.694274050693
103915,7599.441370097273
94148,28165.248836629195
92159,22844.466723639765
89562,8812.184473779855
84575,5942.5133309447
98654,7650.67640978939
96212,21116.1294179988
102653,7521.526317486928
88269,13816.604571980604
79684,33338.317227142135
83922,13932.20571448084
91288,32109.445192870888
97422,13524.744094771117
85223,5727.370017440423
101422,13887.272072073893
80295,17364.79038775026
88778,19750.266715432557
102400,5632.603311772287
106858,16700.29437616812
91510,27319.35202619026
79257,24684.931009694144
106694,32999.19883829106
86646,19426.499125655126
100380,13617.08235226662
79631,45910.662108794626
83337,18229.783895343124
92866,14047.608281327375
93764,20094.961181273517
100701,13140.277474779801
85085,9974.14371078241
102731,5242.633111303796
107928,20349.91589882378
95668,24119.182325392678
86229,11494.606062409155
102872,10657.513978859764
95063,21785.370202203805
86474,28785.455674851753
80950,47921.274559073434
84432,7414.356681344656
78964,8696.922790497656
86914,16389.1379640569
97272,24772.622963588292
99757,11627.410740100011
92235,18546.92767745954
87764,9579.733728643407
81233,5165.119843853468
91506,36989.36365912787
77920,13481.908236939267
104487,30950.442759880534
102823,14262.801129662561
96590,12310.083539138357
101069,9250.887740097001
82549,10395.686600460464
77585,21926.728186145214
98854,49639.234021054515
82501,13287.061321319641
101386,10274.52851433389
86959,8329.177777187588
105135,21625.063140072652
100304,13653.900023537204
76999,23222.151929284344
93936,14729.013184312555
96755,6228.8469279347655
102115,9991.627400052246
81953,10302.286771304074
80238,50548.84101612002
84324,9071.993078781974
105850,12282.268514050742
86327,8813.366281930248
87989,5284.734439739955
93530,40757.465250980014
99610,10976.046251862499
102129,10990.047000980587
100985,11410.542591505862
76008,52619.89392505402
77703,22275.29524530101
94691,14067.857381257005
103293,13837.736947170839
84439,14586.977171004623
77444,17094.316205729392
85455,12851.797785816027
93989,66757.69217345062
85336,10085.061260907954
100517,14500.823862993571
108179,30077.80696328968
77395,11952.769074773296
98462,11216.052466151388
84943,9472.750224973079
78028,29866.91235057098
81596,22053.310475131628
95852,40312.570103010876
88816,17564.869699375133
94448,27521.95782462062
86470,12053.807386122851
102503,10388.046132397445
105474,9566.39278870925
88119,11072.352054348916
96141,11512.499698080732
85763,8184.403707055913
105011,6943.854798831553
99747,8088.214203752874
108392,16438.02910951945
90949,14403.226485718042
105446,17097.15573054589
95792,34452.60944799464
94956,21208.91643074455
102277,5509.7599764914075
77366,29257.195657764183
91112,20410.71301299183
76355,22933.32132655297
79142,22143.116477139738
103859,4872.98425044793
82352,16102.122480104383
86826,19203.592114862735
86754,9877.759466310406
104363,9287.732933753183
93154,29363.549398426065
90930,21450.41127656773
107269,18920.86537665357
104109,5237.375277594989
100487,18735.833364149632
106527,17414.619903433242
96225,20659.060683405645
89925,8542.790129913912
76775,27084.680574337104
83082,17331.01450275267
105115,30775.885206019528
103481,8295.411006129105
105642,21586.66018452608
92703,18298.29231021919
90864,9972.238174800827
96072,7386.831321037067
98628,11891.103184362784
102378,11366.552819784847
85185,9793.421039417251
93707,39690.72120413045
98795,13889.312106614429
97577,7484.205848908099
79804,22459.308366273777
95541,13550.347828753223
78568,36834.675248997526
79608,23639.853791122256
103860,10045.808582599733
98449,14484.659867493861
91377,26336.062025161213
103436,6272.740854790929
102582,12635.001295396076
78381,10247.595058509278
90999,18215.266309252125
89764,15334.14625072408
99515,12572.054428501342
89133,6164.3257228159255
81859,37702.73956483619
108005,10638.080318992212
103733,10041.993649618025
105155,17812.20601158629
100185,6598.405186545102
102347,13057.515089552426
107943,11117.773155499664
104445,9576.479595715002
90149,19959.908068927438
106593,16305.490153577372
94733,19994.78374375302
91481,30967.163550536377
100201,8608.23026385942
94149,21757.661605575962
101639,3310.4434631088425
81577,26777.97004359693
80120,30689.13148691369
85995,10003.628916368492
85199,11150.467177728926
85909,23203.355181243376
78676,21755.896140416768
91948,34499.48413966651
88041,16333.050567119
92848,25818.42683275643
87598,10494.477269996296
83613,12748.021692098602
85054,11382.512035252234
96903,16523.42713893021
78725,9550.586349146468
94869,33884.885342550915
89121,5990.803754391842
79858,72653.97823548877
89079,15999.445210950127
77639,39518.28754778851
84498,13509.10338279846
90431,16174.843501338079
80553,10422.184863105507
90257,7762.54041735604
91607,31011.350454559524
82794,14252.135416295307
79243,36107.23935858808
93687,21269.621409547577
91774,30776.528643297006
104622,7231.813285002
94152,5295.811664588676
107441,19667.883880194742
96359,12051.62297239892
105873,20033.53332516368
82415,11714.121238598495
106807,10125.014518443764
82732,5008.4005143781005
105350,17789.590374526742
107206,12607.028169393192
82693,10503.6333757995
101998,10027.302704269197
107032,25140.699709619643
88200,13196.955864008662
105801,13138.330111849893
86649,9395.675689237605
104334,18344.46254807271
101972,7885.195422793623
99530,7529.839822169418
96201,14356.386034875652
105972,10190.236221704412
100425,9025.511512676578
106763,25435.759518688872
90434,6542.012208479377
88690,4729.357141199745
88747,11062.425648677976
92158,16695.791208338705
104298,17509.199115749558
91527,21266.73539737635
91731,20299.273271472335
89575,6593.069070500333
107525,15320.3214587032
80805,20491.44408707507
87001,16017.573580785207
76256,29557.014659378285
106726,13540.598587154025
100912,13497.321709838994
78223,21598.249423109195
78232,44411.03372858278
79424,22647.920931719513
83551,14902.95711309387
98945,5753.241233869689
101673,6608.617476973415
108525,12379.58874668097
92543,48442.97596840448
92373,18480.258007434997
96994,2924.403158846891
80957,25752.68229483592
104185,12504.86880204525
107318,23024.16459697062
89348,8820.800143347322
108046,22431.92503360505
107385,16881.009711843275
104247,23440.632426478314
79675,19469.705405763918
95374,21722.90590718182
108422,10448.372409208454
76584,52313.73688163511
94645,14410.10167738496
87779,10336.563900606308
76043,18468.0258883494
101605,13554.187271310104
83501,17725.97207185932
95444,23999.320601617
92724,42659.20209232105
101099,14274.358753505183
105469,8045.35491808575
78289,31672.134892975613
90064,12381.883924277914
93527,14103.951351337244
102951,12112.81605434339
95138,18679.372617102126
90436,20370.043362451685
86900,11300.4137667411
107779,20423.621399067342
98096,6830.689026034307
89305,16211.558286598349
81735,14060.30386405409
91537,18490.520451860062
79302,13436.999077077027
106769,14989.265055410386
105306,12513.945137415052
106670,13792.34457868838
80113,31728.98547382839
87168,18842.511951046254
90710,6344.2746763737
90995,13275.631166273994
96388,13335.586934987725
88029,15403.703203509878
92389,16929.111753081757
102649,13106.528013334475
97530,8663.54051019079
88501,16763.509108026126
80998,22217.2485033273
89624,8901.77140396877
83063,8237.760073429212
90128,13718.66099517179
104897,7883.621801253938
85490,27370.314866110013
99453,21229.309735926883
107743,10547.837577972605
105662,16849.671087871684
89186,16362.636206520758
93355,24037.017004225472
100497,12484.267615684179
104389,14510.739090726296
104476,12724.214073659425
94822,15295.251720447248
102639,9123.035895798908
86493,8998.621843006673
95602,30402.861605047616
86924,8487.319650015474
81852,10985.314326252077
102319,14597.636478168406
107863,12186.647183291065
82938,13847.00495489381
89666,7645.846474202128
92812,32018.44555423365
97393,8164.4524224297265
92386,31414.445959864497
77152,9421.107612165824
107259,20149.62834828068
90094,8698.92012141582
103704,14594.532900142754
107194,22687.17574807372
86326,8887.351564937668
84993,11837.603760268948
83853,5464.187003313485
98484,24441.102230234017
91880,21149.278137228415
89715,6498.749009431603
101393,8750.29228321845
87375,11037.558459995449
81722,14574.717532479186
91249,17821.5779317741
103603,15577.167117241288
96576,7279.892319043921
77094,13754.17989332768
97706,17356.438535977548
76932,11024.37720160681
86648,18359.391246883843
95671,19306.54842657524
87831,15801.18555598671
82577,10769.545817729218
87475,12323.048161248827
99557,10042.900926520837
82882,2894.2248376169487
97798,9144.813982288271
99009,31998.354789633137
98120,9279.302882270644
86637,8882.628906047197
91310,16796.638139523424
101677,17246.17725154294
105146,10867.959508582573
99727,12614.123875131785
84169,7056.726663583875
91121,17928.42623628074
87151,10774.946927333933
107732,20854.229357680757
77136,33132.71371886467
77148,5686.13571386058
104946,13180.10233427295
88249,9191.76874417105
105127,16514.533895459095
89504,20275.48026414605
81927,34625.44000683088
86452,16680.564179408222
78250,16646.636877075838
85921,28753.684472974535
81378,12670.399578462291
106286,16878.468798576552
82085,16034.520829400817
100957,12208.085733601276
98903,9326.766861301021
93994,29141.706564819437
95727,43790.05909863047
102483,16410.624328372658
85566,26308.487685541022
97406,6302.018175510833
76120,4514.3501095758675
101642,9801.556315635371
86245,8034.555772979349
82830,17968.985787786198
85386,10909.970048670715
102072,12781.588563131367
81015,15691.219604417936
76016,23182.51653423633
103157,18238.214138970878
85980,12284.900981892331
107548,20722.41785676686
83411,18158.855098865904
99745,8801.106430771171
103338,8900.215138531767
100366,10537.976545296151
107718,29468.1566074591
91888,19565.36875371557
106559,18552.066021467803
102293,15566.131537275613
88007,16342.356331553801
100545,15483.737450251532
81498,19757.043554711767
81632,59163.09031465645
102626,7947.776983511128
91621,17862.866136998142
88591,4276.018822989417
87743,1688.6549346325337
79289,36184.93634092442
79813,30924.501328885228
93561,41202.02130017864
99218,8084.413769558447
83575,22740.2784257327
86909,9970.677257072077
81952,8166.2313258269005
82101,34760.02088836612
79912,12876.837332430683
106129,12603.723719621343
103614,10747.183079522067
108271,10273.549741333894
88813,10183.963349374973
105533,30172.875391168844
97693,15175.905893317047
106423,7628.182650258593
88858,13106.30903706579
79568,19442.82780558723
78667,50944.443624453335
106744,19420.68137745987
79183,21016.381711309383
92329,19142.998529288292
93551,68513.06318663992
84807,6683.421150625336
106251,21159.290871304536
86816,10611.662943162419
85547,8548.758027885013
101577,10376.008532333353
103281,7870.709547204016
101919,13428.093314756556
97281,9438.332818105522
85353,19368.835908400833
99143,7440.308332278536
89606,15172.000824088644
108144,16981.312225142963
94628,20609.397252401996
78418,29847.83822317287
90238,19479.2890877388
97412,11044.598860203701
95368,21107.772377119254
80945,30447.799119102725
101657,13984.701584273002
92454,35732.933289868335
79075,12282.491757390968
81257,14609.885967055954
99019,9047.722124935764
91946,9392.956554752931
100356,7263.245914920967
88464,7331.529448186249
82081,16503.770081884122
97199,12609.119226598033
99762,7823.5036802063905
101497,7026.880721150217
83716,13056.698944209287
99067,19026.756425878903
107895,18873.08295317412
84198,2960.141887805944
106770,26121.06842632973
87767,15902.729929287621
102945,10235.259913810867
95956,20544.50676840021
81644,22480.35986052257
86278,6834.216632923548
79399,12347.303477586158
80474,13777.284062179393
94588,29367.09429333233
108471,14320.05510165194
93417,15635.557318268626
104702,22739.869315513413
84151,5834.624894137097
76589,14290.519489745115
104490,8813.29244307752
86365,9294.37552867192
90620,5928.907345818765
81071,47177.112514477776
92311,25848.338031958287
103019,6308.5711664586
100231,11339.98531674145
83298,19106.64854446319
97958,20553.8744833419
95436,23689.045610606576
85413,17315.8180990684
104619,15005.215495026558
84835,6995.691316586272
86314,14394.00357172829
91780,37000.63235469626
88338,13297.09948111453
98012,8956.624539492044
91161,20868.900059100957
108156,6994.914950640313
80607,18218.42958827883
105607,19071.22454033323
106586,10494.766441707477
93442,10485.240606155532
101779,11529.932167976453
86324,11452.995580203358
101056,7155.049811364468
89524,9320.03824461384
96619,6283.8706522722005
102914,2606.452441862618
105085,23966.4856504169
88414,17311.635414307435
94174,16696.804255530784
77296,12557.41064475075
93567,16778.265569408475
90823,11355.34004531994
83440,9138.55489994367
91053,18756.409126044455
87349,16014.386947814863
93853,14578.620155209272
88334,4380.922019324503
97251,15587.76382573174
108429,27774.28881834246
90331,10425.545060224957
86234,10218.05527766361
102632,7445.333133296513
82553,7843.909983522082
105227,18791.17944647049
76476,10719.535411227389
99277,9295.332732261713
107214,16243.349468951925
101622,9562.59350662251
91446,17944.606407270894
102009,10171.286260758006
87852,8486.213357621038
93868,21177.80041580369
106100,22396.552487689078
84477,15761.544034660248
90371,6235.963748275719
101643,5306.986133351539
92270,31509.65752289142
91036,29186.038079516253
93120,11888.21239515886
96986,11418.585892653966
88712,12921.32167035669
107673,10879.193151066127
94689,48849.4521299012
91664,33594.333999957715
101139,6904.279527426088
100211,11283.0869568348
84843,12796.491626918574
99077,10628.973955247006
86601,10480.058323565958
82207,27328.44752646229
83457,10314.463863009827
78306,33089.0229555711
102397,12319.586625828539
103423,15374.699314676458
105818,6928.134393641057
97146,15005.399054681704
95680,17662.53304847394
102459,7263.70418165127
107092,17542.530425589903
92734,42415.28260266213
95647,21129.64372714038
77576,13544.288780586036
101530,13086.50421128919
87264,7437.1089793472765
88978,10716.929989126542
86197,7876.514488079745
107810,25557.279022717128
81681,17924.90267880526
105951,10229.156888458852
103476,12697.959254227047
100268,3039.21239290234
92647,21824.107078261128
80498,19672.805319969655
90634,24176.56676551316
86670,16684.40795279411
108110,4856.690944485014
83881,13321.964665307905
77006,16035.69468783824
83528,15409.403684689843
86178,7190.959438313268
105430,7921.805218426284
84321,19344.639936689957
90491,12535.686636802378
86339,13452.214372359502
92286,27863.104811642595
101926,18867.4164431816
106776,17089.45036407474
82619,14333.184451413177
79817,18031.528981976917
79626,15493.24063444655
87043,15685.567122089005
106571,17287.730609308874
87059,15839.161370026153
97729,11811.636639232047
100298,12088.746333809442
98256,13114.906898288038
97907,7511.059032441466
95953,19269.094181732515
91657,51256.27923657564
101343,14973.048035990367
82111,63956.18484284864
108388,13796.11151179694
88818,15795.155186068145
77029,27997.07544097675
104074,19181.712931235827
86201,8515.729235282444
81545,17638.65418898432
87713,16839.247345385396
92371,20448.82655809881
77156,10553.027480425855
76880,24138.75093842497
88282,12464.209290248553
96654,31006.789266290405
97866,26463.750269031614
90293,4808.149213956519
91292,20425.58624533963
77320,16486.708451762952
90383,7885.942609660358
100241,11575.195703794892
107973,9855.273405590357
79074,32510.324114571013
92862,19686.127026703954
96379,13479.079182519246
100683,10823.194011639336
76236,28222.075874391878
99113,13532.132702491488
100305,9865.162742830853
86570,8762.36189421515
93251,13814.82173533494
95890,19310.69819610239
104632,23938.830820828865
84213,21332.576228722643
107818,22448.755655484976
101521,10957.873767538977
83053,16520.362688130015
92890,18720.488603309008
107449,12718.973803814193
84022,10330.347748040054
90915,19392.220603210975
80324,48413.91572990299
81352,21379.01503978539
94642,15551.038732077248
76123,27341.855203730294
79202,27555.320722786855
104174,25004.990164499588
91030,25566.543556592143
107033,19376.60030091514
102759,4620.640838772979
102192,11052.073711221288
101885,8625.616687411883
97716,15972.811397592579
81631,14004.564459955238
81759,28122.76471450441
98702,9939.994990049978
105784,26414.696502267838
81817,22353.708329525158
86529,13051.127316911166
97857,9832.978055451587
82820,19074.866441669034
79072,25013.33876163315
92301,25756.722607078613
80309,14526.239904643835
102835,6637.546785342409
93599,18509.130539138478
90253,7795.279334926147
92875,23611.506563150102
83698,11089.517336084851
104398,47760.84265906347
96860,25395.411765141762
105925,27697.156072734397
97861,6728.119300368086
80226,23494.987482998808
92699,20892.327627676346
85949,7994.815954995024
92215,27919.169559339727
84214,10033.953838161673
106157,13612.416148830305
87047,16198.92418464302
102413,11699.485415428615
97955,12318.955742762608
81441,33994.31471015032
101029,13283.161672562996
91634,20262.03148167087
84859,7500.063777637298
93328,25978.942461934446
97318,8628.91751751558
108048,14943.142130454711
97815,7232.489763746607
101921,6674.781813602073
96260,6953.423919315561
93491,16392.568449079623
95257,15682.46645340002
83326,32411.410700341305
82475,19072.45601612213
107393,10941.718047506614
94132,22243.818961162757
103233,14775.409344555803
88140,11430.681739624626
88395,8375.771801477327
95094,83514.83511583715
95939,19306.537553867223
108234,16381.957542805856
78788,26412.849784683356
93021,21225.446282233184
98301,21807.93901687168
104221,10273.582623140368
92384,23813.6652106923
76288,26616.21555091682
99805,11384.500539753251
90900,10165.430768055381
77888,31062.260451966245
100126,8500.511859543245
82197,40250.92945648749
90987,13719.8506524446
105383,21298.048264300807
100476,9008.05495714091
104238,9086.220172824103
89211,13595.439502813573
97794,5022.334826446486
105692,28337.614992437746
98699,12719.149016132755
104212,18732.293457290012
107544,10723.977361317082
107748,11973.952270154763
103427,7657.158416688165
84063,7458.42126311405
98384,7880.3974383346695
91209,11910.076760556769
101379,8619.17822745236
78090,53327.26605323047
88321,17701.87920925392
78786,19319.850130788887
90751,8419.143289827822
85706,18016.618794087924
100853,10979.77739083427
106131,18839.54350710648
89397,12018.523935477322
76263,4086.9023784522146
108441,35211.56779079398
88221,12857.415484526155
92526,22840.94612269527
81169,28506.46660065627
99853,10482.468005972087
105516,9558.723519096593
85227,10915.557689866087
101567,9384.514224594097
84331,15769.929652630433
78187,29079.055736736038
94441,15018.796001149281
100067,6028.348260214021
84660,16474.62649918709
98951,25595.324438918655
93815,8389.176624662054
76848,17394.540365226756
83378,14346.35243683592
79966,7950.219642905808
98219,12441.517767558087
89076,12227.386376833041
86619,15818.61769150623
106225,15778.17883008344
76793,34605.258527780126
88351,10583.805421617848
107927,28608.689926770312
93374,23144.551741749117
84067,14784.72957359829
100355,13769.929363597015
82099,35940.50759254131
96457,11178.202000173105
103061,17997.925238397183
89169,15193.736409321118
97340,6818.129304116047
82912,18505.70130634539
82266,13318.738402716801
78561,52319.444409581665
100839,5286.187242835506
85302,2728.482663355762
99375,12440.859010956457
99881,10471.024710111647
88083,6911.662266847108
86412,7567.4942355662815
84852,9608.192595743365
89087,16043.026318889295
77702,58462.59753950932
94308,22591.015538050393
100896,7779.185992816372
88225,11994.893098321749
89796,4485.959974135599
101985,5781.795577201444
77360,25304.473584584637
92220,31308.68903578756
83866,17035.904879334357
103140,5438.082254564667
78348,15031.678405403043
95353,25198.8111805186
81413,15277.974297534456
77106,21733.65938873146
103700,16409.77796733436
88524,11782.534621181829
87461,13385.671446001685
78565,33310.65072903621
82507,13367.007351239366
95578,4371.895348382472
91998,16941.619735388656
98342,12678.056899268639
96413,12728.16798778458
78273,30221.083319231835
105735,13701.218464044276
83640,17947.299944218874
100599,12289.998077663337
108024,28286.33005098961
85550,24712.328325973533
82875,7956.441949024986
93272,13189.14038932622
87870,10131.213060484168
83279,11680.575642435335
105742,15616.983232466084
96152,28625.648703869672
97215,20777.463658313474
76322,58995.07364753895
104938,16378.70806583638
81197,13803.209333522527
94638,15149.246404252195
78474,33300.18099962532
78282,14832.787033305141
83765,14049.584033770092
81798,19216.00586174472
84877,15197.207479986346
107924,8503.957251477783
107870,8835.232023076982
86640,3653.322060887772
90317,12360.764953800814
90787,14706.39590413448
102045,7744.424160094956
95893,27728.743849475308
104067,11407.974892841065
83702,8398.983064760885
88581,18637.848966395664
76140,20237.980429193463
87782,15598.668002710365
96924,26738.464839089946
81993,29194.53395349845
92440,22606.74105521826
97803,6919.980228290044
90468,6814.630032493662
77617,27991.605540922592
108325,14900.803387356915
78387,24367.105424415695
93953,105891.18046159363
87120,9315.613208120409
103344,9440.046208628233
86899,11373.79663150106
79585,24518.98372452829
86908,10241.888184515303
101362,16656.067992238113
89150,15372.649923044557
92083,18190.927206803997
81913,17689.823095898995
86370,7102.393918364141
78733,22167.35602871603
92552,23968.75620897703
89154,17320.41872003328
97775,10623.874592040278
94930,58657.95209790891
79476,13098.55228065642
76220,10902.35132814693
98869,12702.236586467883
97474,15833.199817651475
99008,7252.84763085618
107702,25029.217460625947
102495,13697.195340680744
76423,20335.448222921637
76460,11149.679603267974
83918,10749.719959235841
90937,24451.427610625153
98893,9071.349816618076
95015,62323.38325243268
94231,19564.80318523428
107866,19144.918987324385
91935,16717.00787384272
94141,24997.247453791333
84712,9752.59957970309
85125,16880.31462234973
102606,15933.054738013563
82305,17366.933828651556
83086,8270.823026808837
87329,10296.76394132279
100213,9352.746495789685
93661,25617.970713277824
95973,25818.42683275643
103243,6896.501801171458
77036,13314.160288061594
82262,8823.590638081243
103648,9125.88320100815
91920,22279.888550697684
85960,12194.611631036698
92632,38788.041255642485
97381,12035.239362996235
100466,10269.111149619732
77087,15280.892042283916
89734,15069.821776269617
83766,11274.818584320572
91812,69924.14912701632
93927,46755.826684257154
93439,14327.177280499885
98318,10336.425702244127
86863,10806.618491914465
95233,17458.92128126786
78974,15010.820417440993
89793,7023.028153214125
92799,21677.831715277414
91635,21759.594352759814
78414,14125.25830140559
90596,13641.223912506495
80519,33611.23727548153
89515,8180.6198895305515
86481,12040.911614235805
92047,15614.435013540273
77635,17267.486794040826
98546,8096.953947533543
93556,14175.97740105128
76764,28307.10707564903
104600,14524.049244102562
107170,24981.412738057657
104809,10205.421009356649
104957,41306.157199825764
100565,13127.965533487895
82733,10775.75363999052
90487,5849.774617496081
104778,4670.670446466822
106916,32089.17720355303
85771,9760.82888808763
99896,10668.777647244448
94796,15668.23356325203
105856,17031.6011792669
85845,12964.353414409505
102590,9640.545630775996
95913,43839.13941658051
104395,15059.637641220874
96422,13150.42113782533
101279,11530.495815660923
98041,5972.593512710227
90702,8305.521754295609
104988,13452.075139310857
99996,14479.322185189212
103713,9134.701067287328
79170,37690.48527537613
80452,11996.63171514964
105657,29220.413461931883
94986,21730.760841932184
106339,11286.119863307522
98568,7536.2586182408795
88304,7280.749695167719
87628,10274.890792924803
92003,22700.42149451118
97111,9763.055885005248
98892,14300.882821397749
97778,10235.56836529666
95960,30829.3969468383
80575,17199.144333821525
94709,21111.852196554737
103647,9923.325529374904
87784,9223.913248725277
77344,30310.2111043994
104068,13426.420485161441
94747,23597.48970856122
82797,15352.992980223054
77079,14713.730243496846
99217,11470.189209106353
84624,9631.809862445398
79999,36004.25467246809
107791,11941.507097690868
86274,8701.07070063209
92407,14674.096457783218
98109,24501.686640838332
104428,22968.30391709016
76693,18730.533711336288
96321,8200.751603892339
107222,10522.414975462352
80693,16741.209767260098
87795,11098.264729519467
83814,10665.347516957927
85548,9327.627846559753
103252,8355.346798872517
104453,19044.81793360987
80578,30080.213151741646
103826,6194.6290334749765
103199,6442.017070666678
97338,6625.628031094524
107287,11400.184026565164
77059,35438.56865227435
93965,21409.231741506337
89513,7149.206306464787
83064,8269.69824963363
103490,12688.36093377193
99116,7288.808581146016
99690,11336.971899092563
96405,10437.49436063396
96969,9050.184161716079
84317,17307.74256242132
86480,17267.312643469395
78305,50274.15972835991
96458,17001.015623168725
96847,11669.610699044668
87888,9825.58994555418
92753,40858.95898829472
84191,7513.1433936058165
84830,9058.441363331
100910,6937.241393244763
94969,47412.253180113556
89103,7735.749770291699
93092,17577.514630531798
106511,17480.011864465665
100549,18046.317725980196
90741,15138.059238206637
78118,19048.91236826805
94087,13151.1343365695
87584,15905.411338219561
107254,12086.768248961282
105985,20999.451137483724
88323,14440.276846481118
105221,11741.440958153591
101901,13560.254313009045
90944,32627.991505496157
98634,8844.765994151041
94057,18525.246597784237
77391,11201.90779020028
77284,45461.271016336585
95838,40275.72145804484
105720,10268.089632387513
97257,25531.339122118603
96339,6600.066790690226
81848,30922.134578251804
79581,24549.24550561543
97762,9343.932749261068
101710,7691.0308375803725
104892,9531.807640798388
98689,11863.98358400466
102340,10115.577644940038
103335,13230.878060251547
80348,18708.835169944963
101717,5492.980685912524
84797,16968.185958278238
80101,21350.46113534163
83224,15601.780449416186
93736,13644.975353866155
78612,15319.274126436007
80009,12665.056712959393
90246,13912.336093345048
83348,12128.681123358943
102263,16266.17981460009
84153,16075.744257050612
90556,15476.279519943122
83726,11030.190192543032
86153,5934.02226180927
99219,12516.365707242301
79008,20715.202922704055
76574,17649.67557521009
93345,9833.881076112508
89271,19631.983119267523
84424,16104.212440543482
104788,20054.4173114479
96178,14938.300439074725
90344,12088.654253278984
105532,28413.084241493307
83994,11390.564493722928
91151,27916.027412020485
77889,33050.61346415556
76382,18708.09162895077
97738,6304.167795109108
86371,16806.826542611234
79800,44953.02387857059
79323,21521.56368716404
88652,10793.576230118291
94397,19814.07612849743
80125,11020.295560583934
103621,9428.352351784897
103073,7118.534510904865
104977,19653.823300599463
101232,10052.501600784542
92921,10367.76312081576
96524,18366.884064681104
108206,7320.879783509879
98011,8657.826019720093
82282,53953.83494173978
92162,11853.99752659096
91162,22835.884459886496
98222,6498.661530634155
106388,24833.92338129789
76194,13609.93838828751
93165,15569.519477969352
77080,22296.14389409848
88188,10359.318059413134
95987,10982.770924615275
82919,21131.74554364314
106334,9832.167478600873
92868,30818.077038136613
83314,14385.312388022876
83498,19051.49510524165
99081,9246.694775190505
101875,11528.547060955036
76353,37349.015388571126
97969,24216.00113121311
86292,22476.030753069255
76622,26827.14270687613
103480,19226.180136001418
85818,12509.239409614998
83971,13548.128853237431
97382,14812.194946838754
101439,7718.936492580954
96661,12641.7932707528
77795,12071.035249520017
105731,22043.27746854469
91696,14724.370168439815
93939,20016.76327658979
97415,11739.986843576573
103354,10724.399309278802
98909,21488.766997323663
78125,20856.90528619842
106866,8883.947367121365
98910,7463.165450923732
106208,22108.42564337151
89885,6689.415273976508
76580,13204.475537089716
95892,16391.695574235593
91957,20935.496726079462
99645,11871.844471264012
79562,48724.858816684646
82838,7624.7300945364095
101076,7897.1172478215485
81361,28169.766172761076
108419,15665.715822667018
93085,17130.844173647612
104426,13398.356856075103
88313,12123.30484710497
104866,17738.88172935348
101788,8977.789280354826
103172,10850.799155635323
98374,21968.134897535012
107111,22473.16843780368
93480,18389.60806408483
94099,52404.320661892176
100358,11074.71839918042
82106,31513.474878290228
92783,30674.362078500453
95978,14854.255076000456
79394,16041.261850930225
81521,21175.030605321903
88260,7625.696796152471
98649,9929.708733774025
81422,21935.125469380997
86500,11129.514029890588
92997,12506.602296347779
107940,8919.797417063271
80225,51285.48179999669
94805,25327.47924377656
88709,12940.017864785763
106470,10670.726214162236
78835,17103.09797091828
90721,10304.625886605232
105429,41238.00551989555
107998,25684.50907731039
89287,11750.1292825028
77311,12273.140791782638
87200,17929.55355955131
95348,14001.250090914227
83148,9341.747984630469
100616,12307.637844751527
81487,46890.56672645986
85031,11967.953648960638
86761,9404.16591969511
108219,22374.808745835537
106290,13051.451609834961
81428,9504.361765991747
94572,29437.798558946575
99173,11005.630302572676
85760,10330.810251265095
89013,26005.862149835822
85726,13270.407805835392
98647,9010.042073351726
76300,36393.43246568716
76204,14312.422551295405
99199,23478.40389566696
81833,14583.122497701183
79245,21596.09062050679
83196,10748.073806122487
85013,10297.920642440142
99200,10349.95211086098
96238,17664.29552345324
96548,31910.591609645136
104251,22329.310964920223
91169,28537.167831160827
91530,17696.074261040998
103143,6816.925405137192
106804,10846.527018387565
108066,24322.042669391347
76048,48091.76354341849
75977,16729.164380979713
96347,10826.016850173406
90190,15999.116566383635
77081,27543.491114211414
83861,6301.902894628015
100546,6139.812846361783
78182,30051.687956191032
89589,11440.050483566876
85606,7939.6611715265335
78359,19190.502610251
97559,14770.394717996742
76721,14359.684069332492
88097,21756.38838537413
87435,5779.485961718599
80798,15130.482693149701
90537,7063.896492038883
100528,7768.884967245599
106401,20669.401394671753
81910,16024.808267582044
92691,25608.948194129156
100615,10761.88902045815
77234,47888.9287251312
78332,24497.902683772067
77572,6087.971348718424
90150,7245.465310764886
105917,10126.448257227898
76449,27137.176414693502
93412,17206.286447756644
86269,15761.966632422664
87995,9256.376621647101
100075,7001.944997318587
80021,50391.27217692185
90343,15233.31519985956
106349,10085.90328766784
87255,10284.677669115134
85507,17807.597536854475
76232,13137.707427858564
106308,13926.384531160727
92289,18073.940496144343
104499,29816.687965322628
81788,8343.014173197935
100405,12163.833600446078
106380,13060.063628166354
81018,17845.583272355052
83259,12561.076186482245
94489,31360.27921814954
92430,25033.28932274237
82401,12499.04200635754
79510,43883.736110657694
84456,18968.884881130616
98445,11735.23668713966
88466,16232.234015358228
94340,17628.82830554572
104411,17866.173267719118
85378,10790.58366293557
93363,27376.165623614776
108217,26274.854636558957
84003,9962.998655581714
78674,13301.665711235635
83754,9180.5659320278
107659,35104.81522348477
104134,11518.134277485618
80428,13876.567250650975
107034,12236.758810073401
105024,21789.078679281403
105501,12763.175582092015
100183,13692.998010856156
96262,13551.706741645838
102419,11748.918690475335
76520,17117.439507053074
87564,8259.646304096967
95034,15190.82223837489
102071,19756.281028274647
92236,28988.914484367728
108245,13106.651027595684
90472,5159.476677391974
91733,18649.478951284356
86418,14096.881521092491
91544,15350.006116730836
108294,6152.490779465281
103067,15594.771488749157
87683,12498.551192607221
99427,7412.390291821997
78592,17364.464344107164
79477,28691.5022981439
100575,6892.700043825537
103629,23081.892375748168
86341,16694.909346349363
87901,7607.145635502161
100467,11837.519551839854
77769,13509.300021606567
90466,9942.576343283816
105120,30272.52798491059
94434,29209.63599160966
90333,9236.520841251004
100483,6201.675649236556
91083,22087.743548070146
86536,11628.429523581886
108361,12055.429554781007
102652,14504.661070255068
84120,13534.143703048147
99541,10396.716488215387
80658,12470.540274281148
96028,22850.63953480332
82478,8619.02598954345
99296,14352.709880354632
92923,19964.215524388674
84564,14407.313838987213
83515,10749.687607106182
80070,30833.14166054076
104027,18253.80714878995
79391,16800.131204243968
108108,9165.818974873855
99156,8336.593141097714
94668,21595.59277078131
107534,11426.138143066659
88509,10092.249531695146
78713,32089.465968520006
95033,27869.988230611056
105878,12649.411986358236
84590,10941.3656631237
104297,17337.047925393745
93140,24577.088332668936
95943,42577.89129516199
87298,18747.292699749123
105774,9824.664769673005
98658,7100.730343627738
87070,18790.875876916856
99465,13839.334957348545
105845,7635.372704407756
85369,22348.929383410352
83600,7189.413495003628
93030,33737.13544348997
82159,24691.246460800056
88527,10927.674881941957
94866,11756.36008090266
81680,25530.058477612674
85293,12803.70837241111
83020,10801.238185634253
92112,9799.520989323453
97809,8494.254059762894
83970,7479.248386066163
86745,16034.27068680848
100652,10740.232186678666
78837,27313.985156795192
96354,9752.650214464089
90084,11753.77710298104
84838,17525.840603143588
90416,18151.776867980505
82908,6909.445786415502
81469,19861.553376827018
97939,16013.672933699088
84109,4867.891731793213
94042,41749.3160026509
78843,19278.791619533222
94386,28672.45934587839
79961,41931.08143547357
98556,12160.63975718591
78323,15815.755372614016
98349,11600.414351012334
104599,12113.580102050151
92804,18362.286762965126
81485,20442.889966172013
86984,13299.244929785817
84902,10802.234160818392
87230,15548.689038557915
101698,9477.7193489988
81187,27581.6363528968
91728,25584.61377832761
90136,21046.702854084615
96483,9263.133169770994
103424,14902.800287605642
85712,16767.090654323652
85509,7853.538061644111
79976,18931.546559975286
93406,25193.39333010028
84108,10477.049524544298
82598,10241.288500965242
88086,10064.889505762694
78975,59998.575927169215
78989,18017.699920302275
93597,15575.909173325374
76707,24441.21711306571
99370,20814.371059402118
90372,16970.02992553971
97227,15686.581340426865
93053,30137.213186244568
99724,10046.357659450148
101261,13454.606626213383
85273,7408.3834509187145
105019,20940.702056848204
107234,13514.205551008508
80816,40691.327540316335
101175,7052.917037388648
105866,38586.681950599166
96858,9249.089860418533
96226,6632.870800454862
97454,22563.72249569428
94540,27287.92658029171
99937,13993.148142158909
96637,11393.486605870034
82607,9785.992478899405
107708,24402.60585214086
104404,20080.454059176853
80758,16943.70016594191
99346,12829.04962406598
100310,14943.545425968201
91670,28117.073916302066
91353,22554.88911002274
96061,11899.097059194626
88206,17082.526562863088
101814,8565.652605599094
82298,9902.033290305524
94958,21094.878514358617
80444,30293.86957262065
93957,35031.66897798867
100830,7471.036879903252
82523,11142.778884904377
96073,9338.96519729423
87933,16030.383924244157
100553,10471.18632613757
86623,13416.314324158442
87445,9560.766141273127
87890,10896.022442351732
103149,15621.28829242454
102862,11330.451194882748
77553,22277.69324371629
104728,15295.42355042307
77884,31848.99450210536
85105,21926.227200690857
76064,48666.66370841327
86071,9784.163194324528
97148,22489.68089971407
76161,16759.415830243735
82950,7933.106649728804
87334,7597.3710883918575
104120,11142.797991871079
104591,5720.868533219923
106665,15352.25027719972
103766,8003.882820405217
104087,9663.897733351107
95947,38410.98753847558
87165,5768.887338086716
76294,21908.975622694667
108455,18342.108308419993
85399,9408.569159505336
84698,10637.031455788174
80713,11877.487462403784
85799,7593.008704878232
100254,11089.069659317056
80264,10842.54920388536
94211,9251.76718977098
98839,22182.21242351015
99631,20462.246812334586
81506,31563.025447210894
76167,15131.337818072334
91308,52089.40832667349
78803,17118.368507045434
92010,14324.526062736288
99424,7204.631244462334
82042,15842.232236327261
89760,8539.647886288943
78489,31985.089840785207
102712,10963.379017158595
90935,28967.459327614117
102912,10738.754441501205
99041,7981.088867290352
79903,45483.05619198985
96670,8783.211388675763
76729,33202.5315185093
91107,25890.96573918349
87286,12429.614071816639
102303,12575.052050701746
106623,22757.078816943667
86955,13320.597120215109
90173,20372.556955033364
99829,6839.332992867909
106155,13684.484452491834
95426,54456.79739751816
82218,26806.756844645326
97534,7385.113771276596
104186,15408.07132609037
94450,21923.371468316753
77720,34195.10802402306
83278,12100.309629718011
90401,15642.04946979813
95842,20475.975363407284
77025,16168.980190018478
88288,10409.99050546666
83552,18351.76885560286
91467,31217.604428452094
78417,24988.966041095326
81312,27080.608689284534
106656,14435.19777419773
93396,21498.511797039242
89063,10581.323439822274
94830,18030.259540745887
98183,5137.8386333553935
101338,11887.362705225421
86784,10511.935250701486
99315,9038.392709527143
100058,6117.393070956324
89181,10461.639527381847
92271,27287.57339789256
97562,12649.848542122885
79601,12583.772747774558
95361,14779.049416144011
82021,17003.37057049428
80766,14105.5309741058
107591,19966.85467343665
97689,8681.60995012045
77322,13279.176336336732
83942,10160.804664897627
80703,36707.25523770142
84304,8793.785382763643
92976,22437.564903822196
104652,7256.221969371089
81684,29555.726892282517
90189,10884.413588134083
92960,36835.91156158913
91335,18472.535128492964
105310,15243.418849588958
97940,10392.635423026508
79726,20083.941174387142
97677,14879.13394951745
76868,29000.820794663734
82008,51114.842694018174
96078,17811.479153139877
87835,16812.698399969835
79247,16758.447405398554
77781,11808.282676707331
83214,13892.748216704638
108215,25791.035001588185
93824,29963.29443349596
80787,12879.008041272387
91615,40239.71161049207
80389,34019.82208235173
103596,12927.191914319363
105821,19806.638702368815
82476,9264.992821650088
95265,18725.392337897323
98399,22339.910052352967
76238,25000.013348134456
99100,6198.577818423083
104714,8593.109276495648
90919,12677.922498000247
83623,28237.97769261086
104865,11958.173107748064
82002,16622.13072360792
78910,22334.16896833744
95502,40997.49601423625
103857,8515.472016151916
97624,12817.627735932183
85720,12320.153112345208
96531,10777.419128156485
83085,13987.156379700145
107580,18723.931300701355
100283,11662.622557419947
82635,13572.617147161847
83319,6354.96644644231
82752,23994.121807969874
89036,15674.959505411607
83309,13000.327798057127
91103,23837.63664003242
78064,50318.69304995492
93250,41428.470092666845
104512,14587.253119941837
79857,9285.921456863114
105526,17801.12765819245
95901,32522.513408061855
88558,9460.707760232832
106352,20426.23367264933
77802,17095.726775103372
87315,9056.603063490564
78742,28657.095509988045
102737,9496.31910940841
102515,8795.785480557759
89811,7210.70625003565
83376,18014.879233088046
81478,28611.62552234038
90640,14082.627561224755
77782,11507.64475188167
95954,16728.078854898264
102593,10820.542593694652
103795,9417.714369600475
90806,15579.50154375385
89657,15633.877281131454
86003,13105.202123200617
95380,21520.438087642175
105152,20229.29076711115
89783,8873.362559717378
94941,11992.175587612142
97059,12242.077324655598
94104,35021.678729638676
108398,11483.879994345923
84930,8716.566135294037
107156,20907.61725095336
95687,19045.329386819958
97033,10866.516506454302
103036,7744.055098723904
85849,11230.701386378398
103638,9893.98561016446
76938,29097.191796715062
86884,8212.190457596906
88711,12180.717956620401
105179,23370.306609940388
103858,12473.915788964681
105362,32452.579545310127
77038,18014.592135433348
98935,17826.779925924922
83763,10029.145880684508
106254,20448.98215601514
96326,19598.087911333267
91225,32925.84141657613
90336,19953.928611458803
99070,9187.130446853249
88213,16097.518862528701
80925,49938.927494109565
99202,14416.354645583613
98190,6587.6590535626165
93632,14453.628420946847
103377,8399.858975557963
106788,21304.713361543825
104266,19556.772119908874
97957,14098.33899858258
79055,24877.83166665691
99963,11301.370055579586
104883,18683.542256569162
77565,17241.973140314603
104641,9146.135185358607
92456,21934.261460708407
90989,28120.458899569556
96336,9051.097168428789
75990,12432.208413195462
81685,30315.52458851641
93610,27086.667078414368
92156,23212.22555314679
98823,15950.522696587803
92141,37463.06459548896
87756,9318.676130137206
87211,10894.071614773215
93983,31315.97261454374
87098,7183.555490305171
88453,17574.221542713094
78408,16174.269796629194
82661,8893.42612314142
105658,9491.718867510775
82377,12380.933827158946
86738,11643.456264656894
90498,7983.3258171354655
96128,16029.464651763437
81136,21324.92750532017
96840,10409.472504431888
104970,19917.293737955002
102228,10223.497846251788
77466,18287.415716013227
77981,10717.989671447913
94406,61481.77536239748
107110,12279.566079148202
106442,20825.595989857484
90593,13731.05958352024
85731,9049.002225866725
91243,24649.381249575134
88327,16777.708339057062
101596,11741.059381399216
91216,27164.047450120528
82093,53768.95624191517
106882,18236.74435465441
89713,12993.736823528456
93144,4241.775385841344
88299,17749.89863990797
78242,20366.902371704233
93200,19574.59085062146
97874,12863.163188374856
93836,43559.165959335565
77774,31938.889972807294
94322,23509.453637602208
98230,12017.241991465076
96006,10657.880243091011
85959,16023.613577776187
88398,16733.2436904133
99305,6228.354925253822
86936,14759.28856823082
107147,12823.442302967082
89432,18840.029889154295
104475,17017.213834578488
93164,16089.512079637001
77276,16777.15856169604
107454,16990.43346945032
89979,21440.576602336
105360,6406.0063038634335
88586,9770.880462244239
84105,15054.636461472819
104625,12095.395407740982
78707,22387.804943554875
98962,5242.690133971163
105679,8215.697107389147
107418,14174.827498400015
93072,62289.060258992045
78519,17735.520178907642
98281,20426.13876007242
99872,7282.712177781156
99188,4814.0577574371155
102719,14194.260680895684
107129,11400.26426033386
86785,15330.775827786838
80533,17189.47015817348
78168,17989.798910175505
96300,31795.836106737865
85605,11612.462942244105
77676,15333.43336391193
86360,10365.30332610796
95177,40325.9798462848
77263,9369.430932336518
83488,18485.460641025216
106949,21993.47256721462
86400,11898.612932914093
103763,11020.368484089668
98495,11141.048704413912
94363,6632.552293873639
101940,8684.603800859
81366,18055.155416973572
99546,11199.1369286696
80651,15168.387387755854
101196,11947.312682631677
102050,12657.913714016267
99804,8433.889234619774
87153,8341.825779292656
81225,13928.843437438501
76181,25091.51231014604
98469,19319.319151150023
93979,12871.336697229588
87480,15803.305695349753
76369,16282.458738716608
88375,13637.39842409697
79983,13609.488736079169
87393,15120.771249903974
88732,9729.037384448902
85383,7409.8393272102685
101126,5644.904699046207
95928,18998.646711421865
103011,3422.9859568596153
80083,39880.49494931232
96118,10563.174249835522
85674,15479.707496158515
82917,17751.5689684599
91143,14264.073469284062
101645,11082.278535294536
92817,15890.090078024328
97402,9028.953508950784
83885,21815.448995985993
101758,12818.06888670341
98594,9914.072209438227
102018,1915.0184270833754
77568,18192.223549206323
92202,19950.037322691784
83954,13579.554515227974
92567,10472.207813066347
99006,27450.03657459811
90732,14257.199022424627
81955,14392.958594680302
82585,11605.087012035225
106285,10973.577297297144
93620,20134.75419634624
90725,15743.146409698958
92088,14624.02346124878
107174,4533.0842230927055
90304,14079.278632305508
104127,17955.663958387955
98880,8611.447138399632
83303,6087.397972695211
94770,30551.476348833017
89074,20311.064055916373
107549,20019.134561086492
99624,20529.200064653643
105181,9055.629993390346
88189,9061.085921440075
76455,22003.21564772986
101020,9709.763574282908
76745,15118.024717901837
89568,17153.734954964217
83478,9552.082431433882
85747,15913.234529928799
106272,31119.149714518364
82872,16767.441263105397
107532,9724.028076881677
90049,9321.662970965132
81364,12258.604482521998
98040,9451.966717419962
102958,14962.569733893133
79260,29477.13486223293
92243,44971.53143756196
88478,16483.738685106397
86621,20514.09056948141
104072,22145.923305639168
90813,14154.814074119107
107620,20628.259468072432
85958,8808.738426551468
91758,26511.107944976848
92388,37467.92045272825
95940,17319.362261364735
95423,27963.94857495325
78205,15595.567109112983
92781,25330.224360035972
76964,18250.388258836378
91309,19904.64723472947
87312,14729.140062035467
99960,7901.484495448864
105615,18433.08518945384
81777,13993.001247585942
90088,7901.632564132392
101916,8254.341244848516
102032,12272.77484382934
78757,35291.286066251116
85089,11284.884233594443
107536,11856.173928363281
79554,10105.225270147363
100053,12405.510457661254
102087,16832.863349918294
79180,43631.05768802051
78292,11336.436706791465
87547,19426.499125655126
96714,9755.92277187159
101388,11818.534862287952
98889,9008.263800827646
90037,10826.618948657519
95831,25450.70525552363
101678,11125.672220173808
77780,23783.69491533106
104014,14721.202721784572
105304,7143.2671633808595
77837,18678.170699792518
88541,6938.806559013994
89143,17200.809849881512
90294,17359.007839413127
94097,19793.455070116317
99108,13867.109144148184
107044,14983.422058060783
108467,21282.94693468918
88739,21845.464328154303
102441,13666.714202202065
86183,10134.33235544578
106346,13172.17471213575
84130,15546.222179696048
107757,8915.519385167525
84412,11466.149954720593
96522,29427.12075894374
79372,21313.930254838837
106945,17661.845102885512
88312,7972.5439131788025
97814,15093.383865873104
94724,53585.09747275713
79892,18567.146883886202
94500,16896.604999880576
102161,16656.067992238113
85073,11345.021280952235
103316,10997.930021343154
81537,14101.391151694876
79187,31142.82956489086
93646,26861.076644850593
84942,11618.430956544567
105305,35829.47023698376
102440,8055.921346188971
99694,17041.184448753604
97189,10612.782697164632
89680,13993.09082666921
104471,10800.276208369345
98066,5223.448084057928
104541,10484.985863635684
90039,6933.3288145514925
99640,14278.048961346569
85034,13769.153791602048
105699,10089.839438018478
103097,8989.73731883578
79154,25798.145539375535
79730,21675.043761416047
93954,21487.437461265163
106821,14859.136827878512
108129,10263.750995214186
81433,25158.859315045054
106810,10058.174615141521
89340,8391.528953173736
92137,26750.87716168846
89457,6307.136549561669
91797,22577.05280377425
92334,20959.615927911454
99141,21918.005404733558
104901,15490.852824485957
98189,8953.878993896502
95071,21034.43339735985
85149,16034.673593134627
83164,13548.363736097055
79589,5289.907043298993
96533,22679.46609244036
79514,22466.777791345517
97024,18121.73321379715
84010,7960.018877787336
77716,39266.780256565995
99999,8043.559237862359
91937,31920.781963824356
83222,16907.395761935168
83874,12274.443543830415
85379,8667.942593913294
80923,25510.824043333978
87263,17875.70748664828
77648,14061.907715247617
90784,23549.35333797264
76092,26568.36709696871
85877,11352.866474435328
108297,10098.406012016072
81020,32132.411015338523
80092,26060.08097319409
94008,18906.638203702736
101425,7231.585455081825
81218,23335.233827198685
102599,15415.829690044353
79959,24041.74695823408
88223,18482.92014258487
97792,18557.296473812166
98438,7449.847721769893
107986,37112.514567600905
83947,6741.8200995549105
105867,19170.6490462601
107403,20476.51534183883
88885,13770.859846182995
98450,9844.50011487389
83554,8741.513213539625
92398,27226.330979834212
97238,4989.232070290224
79115,50207.145535845346
92394,14499.952209481355
86813,14110.058959085938
106364,9628.93739229214
93974,25098.726052262933
96921,7841.442170439192
76493,16728.774491447588
76358,14260.306586437566
89895,9372.772722301763
91354,23676.636600113892
105589,20426.890040960727
96412,26522.649756377163
98970,10713.033537429365
103020,9195.341004267788
87261,18699.183581137702
76112,28807.410602809417
96166,12441.54497017865
90696,13832.957608284045
94089,27705.884170132147
78422,16603.85463506482
106298,12913.547081324507
105489,17376.692614274114
108304,27138.53279351457
102353,7035.948701925885
76411,18197.268491066643
84847,12135.25566722646
91646,13138.8632202285
76141,16900.810402651725
90730,6320.115970831938
100429,10677.654814199743
85989,9482.014122691298
105539,11877.50593874007
79951,38890.22494568263
96676,6991.82028991998
100762,5398.868004738594
92509,29388.836300101306
79582,26278.615052873214
108529,19635.43050661985
86542,11922.96353575244
80669,20036.61418706676
99953,13225.446298295425
93023,15927.434891044404
102223,15081.20648658543
102167,6953.201175240956
84525,8694.352930972087
76654,32964.715973084734
96998,13383.126721096003
94337,18627.485525816614
105106,10217.159437170787
77494,35640.17517951398
91245,26556.422059674922
98303,21082.336788784793
96838,25821.208233313006
82064,16684.25898475365
101129,8512.970594866985
78108,12981.381724645411
95497,18863.175897906152
81175,12673.34214677644
89631,32782.96810167352
93976,19145.70575095577
86199,21345.041958097925
106842,4838.4241170510595
78263,11534.20596671472
89187,15481.120590226878
104396,21223.629335425096
87198,21889.730244959228
78994,13760.63101341547
82655,10105.76963554017
76432,19509.279366411865
95404,21365.62743254224
83767,12573.579000365202
87719,10279.236043798104
105980,9548.345765024147
99851,19174.766108214157
80432,8346.451297819105
80344,27031.26435502471
83694,22006.529437496683
96247,19899.45821753223
86395,20403.00187312258
103276,8696.749941753753
80262,12818.204659134728
88698,4163.259364615218
101575,9563.410160483758
101293,3356.448542699185
76732,17210.27062179447
108287,21214.392999469434
100140,10354.126470510484
85239,10761.489792861814
85252,13893.345325817101
77174,9903.72764274983
86250,17771.323882070956
101740,11857.271384853188
108134,8761.280138477812
82406,32775.16019792357
88667,11996.975562562295
96978,8859.23015341142
78635,15516.625511998485
96572,8390.678041879892
87841,10965.81115519336
77951,19778.516561419536
77253,10780.590545818597
99102,10749.037275921031
105959,6489.808933842296
91687,26703.5235229048
83483,6214.381845296316
80361,46156.578978669255
94647,12736.04060278113
100857,8183.503920506224
82465,11981.168469477274
100672,9601.295785037773
88369,15788.157037205005
89345,12230.207310622704
89610,6626.976648841426
108452,48269.977819752676
77913,58821.6543707677
94990,30547.256252448253
78501,11551.340271118022
78393,12386.218766272612
101975,7880.809799314942
93585,40877.906856259244
80079,21598.028025095056
92292,35087.04138563904
88595,12751.917259520491
107865,18998.197465207224
106687,17576.96208680341
101741,14216.563583347852
93999,20153.368733526997
107722,14765.707126867508
80167,25631.834543320718
81844,12243.139360495814
77048,18798.661204019067
107873,22641.86898122035
84939,9853.58410492416
106486,19734.52425472588
84683,12510.847373232937
83721,26758.94280210398
95371,16490.121038307396
77370,27324.26421435475
81285,29154.308561814953
92306,15277.808525245093
107739,23296.953783455654
89483,8482.308606947892
78832,20799.766733495853
95190,27495.588896106903
100747,7078.530958349811
106957,13741.649843558556
101143,8642.742116591467
92745,31665.168621395213
96890,4359.437227928684
76809,10717.59357978471
101202,10015.058479267893
98845,17927.644123916503
106599,8789.328267657798
102195,8131.127874818082
92630,21907.786799987975
94558,21400.458724643635
93959,24489.50747132027
77993,31491.863104681
105814,22439.16619546827
90144,14606.334732530095
102474,10545.03515985075
93582,40338.065053285674
95183,18773.994061788235
102451,6635.574579110556
90109,3368.047946720007
78889,18336.577933539866
94338,23909.676861343618
88104,17856.602363374524
99955,13958.366375087777
91274,19208.97692042078
82254,30097.310536041958
94279,19083.92432693394
84677,10889.126768190636
86814,22963.527144110863
107316,17951.86785385902
108497,21495.70979572063
97403,13718.297117530448
104859,11594.073631392781
76106,27890.17227540015
77307,27666.909268841453
105083,14464.307917658542
101644,8853.358293034576
75980,26382.181710568737
80678,26931.50893899256
96987,7109.566900476464
84261,13504.323269829069
103391,9734.843253491292
84290,8681.93442989936
103179,8491.54476024972
92887,21260.357387017728
88486,11367.015602009424
95325,20196.946191657305
108122,6366.6727280786545
85364,19240.942461691717
80688,35408.6802989952
84356,20312.488961349103
82717,16649.116639950462
95166,24326.46835219724
81154,11738.627899570552
105294,24927.176520561767
101409,20974.612002088536
90808,15763.230355929352
91000,31520.822451749787
107931,30674.612537008026
80058,19692.9326694128
90511,16188.720965920249
92525,29267.51223910123
90057,10656.268931486338
80266,13315.904553056067
84467,13323.97729442201
90576,18965.352084239323
82575,15935.80424164035
91601,30898.93118954704
80196,20655.337746799432
83418,12547.444831633567
97121,16759.47399416841
102024,13005.584347355983
85225,13667.679822895541
107001,26518.841878870644
82592,15754.489006494397
96681,12165.958947683843
87462,9931.809140794083
96787,14222.929705711766
98868,5783.160301765975
86472,18186.884168657285
91250,17353.144940550494
84328,11786.907798284337
101840,7752.517707241963
78225,20517.796103635184
81026,11515.517802452827
82325,11582.251416733638
106596,12070.197952264753
99810,16928.590561205307
88054,18525.350269599992
80041,30160.855345562108
102577,10923.913983996481
95870,20347.80073298285
76937,19199.734085922275
108359,17482.683568126893
102482,12779.857883202289
105228,21525.64610978843
94110,47530.152260126444
91022,42441.48233176666
84243,8487.254006583413
88868,21386.401506789873
86994,14895.558985243651
103924,10832.514499270113
102415,11988.939485224091
89954,12651.646370207078
98212,6973.082864419641
101117,9656.675928708808
103865,10389.89514692815
81944,14570.793290803997
87371,16241.538729708049
103778,7995.352636116076
84310,18662.39439238597
78146,25253.275321511668
83910,15843.005000655745
96498,33134.64104259283
103937,2522.0955349578553
97439,14463.259865437478
85156,10303.046966657617
93197,16797.412386019518
98573,7487.078339324087
96816,13058.068791097807
94610,18400.43556010016
102536,5273.768925726967
81021,14084.390962925658
105037,20483.63948114207
82891,16473.376125134415
83601,15045.476830588976
93413,14914.489704498254
84517,10396.893800266696
98296,9584.93049272788
83442,12524.121937153675
83641,9898.742720760903
106454,27259.642662982125
88540,7221.455187896889
101350,18694.985125452517
86741,19750.89735128935
79411,47858.02660397192
81400,19535.157171360483
92460,14936.189274298747
76076,26886.738539550173
85593,11906.607466267276
99476,9393.6635994228
99991,15192.101811668756
80184,19072.19162499462
91365,39159.55765504425
87967,10112.856718308167
97960,7673.106524458122
106216,8789.359862672556
94470,35609.567334736
105054,17789.393483228185
76801,20020.98908375304
84376,12118.799242011899
95818,27473.26700125194
101354,8780.198667613262
81184,13755.275657683005
95386,28345.516337600475
94813,18030.48165890696
100188,11167.034186923753
97816,15593.171940829923
101948,6858.397439018901
108229,20996.050905168566
77604,22892.071318162314
103052,16307.564458784434
83998,8995.017450257621
103163,9636.60751587464
78407,20880.811701044426
106267,13494.59600636601
84808,20196.86872329104
102176,5606.254799904458
103807,11691.561893255106
102936,9789.703039383305
77803,19166.66226544576
91153,19062.378792973264
96806,24568.03095455814
107797,19011.326039555148
92654,8688.666110796234
82110,37400.18936101188
92570,20554.820991242217
84350,12048.618974502411
82022,35276.29398706551
101036,12528.166092023852
93012,17414.72117356777
104053,9053.322612325746
79339,19842.16606401747
79767,7888.687652631966
97252,13934.410807185131
95098,26232.762580839244
99791,21957.55314182789
95121,20528.036626515637
100598,8838.65681815387
88806,17247.221626649498
93433,17572.467738023337
85064,19902.349342713947
103820,7120.585568756664
86190,18621.612124204137
96438,14796.566316897828
106282,9767.13484432601
93667,19024.61405167529
93191,16526.813569775375
103899,10293.40072032769
93568,38420.05082431651
104546,24562.053602336626
80852,25810.899127892513
91782,13994.001110179554
100867,16683.276273729127
96727,8373.901161644495
88787,15259.171038577842
80175,13309.2441865147
106215,22592.807610003772
82884,10198.840554894121
99701,9317.308157149564
96972,9234.146897164175
102844,15435.076955827562
85912,7585.674584695723
105580,13337.508233433558
92949,16269.471046580546
95794,27112.59113640608
81410,17041.793742509795
103413,8055.739250179429
94880,23384.23748633754
87634,7563.531270581378
94036,23437.11164618536
82130,14438.434083163798
97256,13263.748068583609
103817,10891.068910725637
104456,9744.768703907437
78003,13512.492610524156
104097,12135.89812426407
98797,7718.324460583732
107315,16318.918494559204
106755,30886.592821438586
81147,20130.019812065293
105271,5803.261578330849
89017,7830.447269841776
90194,21114.149799326868
106608,6672.284601235038
106146,26819.72211981569
105471,12334.578523562528
104538,9083.851236328994
78198,33685.83221582227
104720,14399.234034191877
94900,25993.613710470083
94045,33156.30517849635
100816,12494.930710595305
85400,8505.247155637218
96876,24419.98454223536
93515,24944.594470508055
94077,25897.361818332887
87247,22956.069860137293
105067,27692.7237813657
95538,48121.52693023881
79301,15868.334898214203
89679,17027.03234201733
90677,23383.375782621628
100348,16116.696511866732
82373,24681.50044435413
104030,15589.540636410688
91200,27825.733534648913
108132,9993.66860423385
96587,10730.189798911013
92498,18717.93599656036
103409,10994.439302750014
91232,21925.74400679004
80016,21927.89467668095
98705,9730.915049617455
94058,43975.09678767193
107248,17035.372223113198
85165,6330.431266271731
87202,14261.734276788357
84291,11267.360303301963
96682,27994.181551986498
76451,36905.747801496
91004,20173.98769484976
87541,12987.50958951502
84735,8764.397133489307
86029,13311.194963646445
87675,10954.147447944297
79434,30947.09266442134
104691,21658.804802291143
95401,12676.694425096592
103975,9929.594198274952
106441,12261.040666372372
105335,22491.686027823078
86453,6369.814196991728
84490,21692.731022799566
96908,12795.8138486907
87472,10548.684373912858
99908,4896.046743800085
84898,10326.429310743228
87539,11749.17584360061
100666,14134.153543856066
82231,17729.078718394027
92648,22821.00549304984
84694,9475.63560475066
81594,8788.073205083276
82685,9214.321630842136
76620,34082.14640352361
76943,17459.83161822107
80231,25091.683098784997
94782,13628.322949421085
83815,16369.000071643586
101713,10846.2271220792
86358,11365.043963639126
98701,18979.819156281228
106421,10451.667515922969
97920,9380.589759870983
108072,16796.88802575592
91315,21933.952699464535
98550,11888.431721894964
99263,6382.569716926842
95373,15602.294403854688
80445,9815.979902328243
76982,16743.774781021766
85544,10748.796753379578
101977,11948.935456161078
80279,25627.504700584366
102808,7278.697951024464
107325,13622.79858821246
79988,20521.04923318762
83473,5527.61511204966
80074,24275.191068038883
87094,12354.86504649984
80523,16741.436922275127
84129,13609.48316027
100159,11181.36039668311
94256,26467.52040448376
79199,27784.965571600558
106674,18829.38034729447
76299,16010.210733650807
82217,35613.26469894762
87294,17013.615203195597
87361,8070.739698362417
105782,12067.939244770341
99109,12315.21727593538
97733,21333.833726879002
80963,27360.94316515579
105129,15855.495686978169
103322,10663.796492936686
90068,14836.276757457035
93845,17661.839572691162
104956,23071.988857417884
103473,6958.759410209275
78167,20531.54540733167
80718,41634.89204475063
85621,16472.34576112771
88490,9819.265617270785
105456,12648.24002476572
98490,9831.346227968035
86488,10006.730973297954
107303,20230.32263765196
106463,10353.723005557838
100403,9589.769336950003
86991,18721.348809335806
95381,39321.274184814145
85219,9661.202642480926
104635,20999.451137483724
99004,13057.27442396781
80747,25416.807650083378
97854,29067.939240511438
102646,8151.2355996299375
93364,39615.249875942594
101209,7207.677368066145
89140,17203.628104167212
96244,9724.321923159876
93727,14759.324240877319
82138,28431.613656376758
97759,18755.512278131857
86015,16108.44043004928
81090,25202.569710292133
106085,8264.617756994747
101600,13881.880992602044
94831,21735.564152090516
96566,12574.922592579434
82361,27324.291107239867
80479,23685.235472290053
82068,10356.130486871858
104750,10552.269640603092
93539,16762.657664988074
98127,10189.061952882696
96971,14335.711398235298
94105,21708.312435948545
95326,19610.894631060375
107438,14119.767153715064
100536,8592.964060982957
92659,17840.666387671103
94809,34527.908695828395
84186,6269.496658767486
85631,8378.302790765363
86381,16355.432662289919
78721,23711.237064514695
91773,20096.630800395204
90453,14609.1037142211
107225,16710.14573343854
89949,11658.855917089406
104531,12404.114015701252
76979,17817.045394014352
104743,7986.95802193195
87731,9164.137861887288
79915,8685.704497333301
105072,29740.842997847794
99332,9494.696148763313
88800,7487.502546467865
89522,6886.563989461661
105361,8970.030912668866
96528,13063.846450042432
101546,5684.330927934491
78680,21469.123829392316
87029,13401.782338057392
80591,52987.08588497018
79887,24166.207555145833
76107,29309.381352381
78272,16261.314992561636
88116,11029.299135033421
99644,12046.64108004788
87595,19380.690109009312
79324,17414.430449266667
76408,45538.66622991403
79173,13635.900000435195
95084,12844.602739122678
95455,25170.76718181659
83809,12187.69302874979
107320,18254.186658089497
78828,25932.483311706845
76284,16477.414310734686
105622,11646.833855178522
99344,8726.09647886539
79395,16432.77143591757
86906,11367.808533973017
107576,10299.330269820695
99418,10863.074008047948
89050,14998.703826349616
83758,9499.306477818978
76289,27064.791467651645
95798,29343.397751271452
76119,21031.352442623735
87583,20695.232077640794
93110,19363.576242841296
92911,20112.657343487615
99758,7612.9408973721975
91697,30069.202918319585
85260,16575.471183764974
108475,19974.076843590632
84184,10364.239087464948
95737,22295.05862167304
105286,13529.916722717679
105354,12468.398267071092
101587,12252.333233616908
99526,12080.78178212584
82328,14246.591066377305
91052,16491.388000561656
81332,46249.90965483283
84562,17952.020080652146
86175,18929.63519893385
94828,26245.755366404086
76792,35065.43359980162
80436,18371.720648952443
88143,9554.64448672019
102644,15557.87173079227
79459,25037.801869484138
82225,13957.865915592194
83772,12319.509059145095
82109,21685.373391813333
102803,10219.356012979624
91947,48156.36068395219
88498,6179.7208077403
104204,17580.13818052258
103303,17570.23911134114
95989,20147.5589996338
90917,31128.11967811441
104994,15525.310209980193
91408,22305.471197977742
79084,24977.059830323855
94840,9297.287027109624
103127,14387.239081697257
93504,15783.29338375893
88642,10910.627500205977
95535,29858.90155111118
82775,12476.570237095013
96490,7965.11696510937
77545,46753.691327204084
104939,7680.235237316894
97679,13627.968154932449
95462,15070.196926534101
82601,7000.665849420154
91541,24407.396580621127
82997,18199.511675119797
86757,5812.040226268995
86498,15598.668002710365
78468,16980.231465240526
98262,22941.427837449108
108488,24509.77844895966
84813,9746.894656188822
84965,8494.66766564963
78478,31443.55039319391
98819,16471.111533506686
101543,14589.928174646584
82061,25853.948064799562
101359,12775.47709643521
107203,12131.976098833595
98811,29291.636739062673
102982,10035.505595837565
89603,19563.577319920456
95083,56364.13962275109
102426,10534.86145331619
88264,11907.296006776336
87119,13395.29830441915
86554,16292.51366022139
103454,16307.564458784434
99382,20663.67442309761
84255,9424.974310354275
101580,8503.426604685154
82690,25828.70237961128
103650,12055.363815407696
92587,79874.79375807954
92831,12973.112093080956
104410,19961.137766287276
89264,12784.14122241283
82865,16785.482873580677
76984,20932.06352769045
94265,26404.66669681219
76786,9799.03096379279
86379,11132.783669822005
89735,12098.7369229174
97066,12703.215898429018
77007,21539.675645464224
89137,15089.130428918004
78243,17354.53130430343
76669,26595.21542285748
89281,18779.72636904534
105621,23435.01307400406
84020,10421.985161792823
90142,20595.08885335904
79677,22981.76345597037
101025,13122.145437223062
101821,12092.592724096827
77424,14095.176683639635
80188,20835.255175143866
94655,29691.453472902394
85282,7910.586959673764
78763,10854.263947304855
85774,15855.854526226341
79278,10312.664854005392
84460,12283.977761218894
81489,27397.32222886679
90788,18989.14036875497
90191,10980.014932761938
106772,31924.225034604126
108112,20635.93283860621
84380,12775.727789421904
93636,65463.58844114612
103749,9059.881743881071
93435,13579.931382444978
81394,11974.330631149342
82146,33464.214315651196
98362,3109.7752194596137
88250,10456.248989535792
107041,16740.53092417914
103478,11601.04728140386
89273,9089.196606766587
93583,30477.29177267152
92107,25692.752561164987
79557,7786.56017307644
77861,11638.574329951352
84591,17973.308288871398
102756,5018.5858472274185
91798,22536.10342696303
100309,16307.564458784434
94987,20962.779133534543
89991,14305.097216845972
81523,25181.558056233087
82815,14727.021495123681
84366,9129.469799500057
105609,7145.913128256951
89695,6917.106148935064
86242,15287.72934144888
82477,6334.377203746601
83774,8210.811977256382
103676,9002.055905061845
85371,18705.337313838496
77386,51736.908382178815
93572,10645.327566861795
77535,23802.1293391244
97174,13174.891564067377
78330,33440.76079692031
94032,12884.632209238836
97537,14229.846642602406
93975,14306.050954599485
80657,29870.938448508143
85971,13137.926877273516
77536,13889.11522495683
81757,15064.383139520693
81232,26691.6505220621
88606,9892.290425290803
107709,10108.156711613961
79596,23648.84081081495
85671,16977.460055404204
93617,25818.42683275643
104211,16440.775633806632
98843,10244.676706852397
76153,48370.79403197811
105258,7624.736602381473
94812,27526.736000038927
82892,19766.85961033513
87816,11505.48212066348
90058,6804.08387374491
95471,10483.174657933443
90419,12522.43870208423
88777,13582.92517634648
101559,8200.561175735942
86808,16463.2826885162
93637,19817.8619989767
81562,14409.636874622134
76442,35586.38056921285
79967,28731.85830020769
88683,19855.02602516916
78139,8834.345421171989
86530,11933.640718036162
77000,28693.182652662956
101915,11001.258350401638
90706,12156.106885708845
77396,16116.8250434282
83475,16458.96525441848
104217,14478.8520547343
101461,8749.6443544098
82676,7209.011276976946
104438,13047.696032818936
94757,25224.72914668952
84916,15551.349654162934
85934,17136.15987849017
93051,17614.516719626066
85136,8225.706239847686
86448,10374.24156712082
102828,9817.472388744694
101564,8911.518729618427
85740,21841.512609900223
107725,18716.450651174786
77165,20624.339134394835
107859,15293.460820707292
83065,7614.146434748628
83470,28754.47862636958
82147,22359.05544266419
103691,6746.691268516125
84024,12356.415858514834
99630,9423.944237855689
105243,17683.627279611643
103804,8866.236637234233
80130,10588.783430089872
97317,10894.579540554289
78532,35308.182077653066
98989,6995.053731260157
87716,8282.75181686824
103640,5280.589172514259
100541,16912.632047598912
101428,5917.051605993392
100899,5031.581058479671
91739,28050.135142416617
94502,42382.4021909315
93919,25367.09609494139
79707,50567.097629600496
91516,35147.07648562049
93156,24983.388891787225
93340,29081.550627990244
86892,9948.342518509791
80420,18076.518652561568
91660,55815.9363133072
104006,11747.946629858441
79833,40405.11870407259
101663,7495.720612640435
102471,14018.279261905494
105380,8740.560536120778
107076,21872.168916066545
97009,21427.804340952847
78577,34654.20872748826
100281,8132.7898348537165
81075,48837.949850337114
105712,27614.504336035698
90807,14476.727673216865
84240,15417.520274361408
96951,18487.25277047775
77270,17467.79745833395
81760,11834.991608271252
92040,39624.066574446515
89339,16723.205462264363
95256,26975.17778002637
84788,19314.183882747828
83686,12416.750688275786
98633,7769.409432468459
76608,20534.071593605022
98918,17543.13147571294
100264,10999.251346086347
93998,18512.366230487805
90051,8064.696482089487
100506,12104.264912869885
95747,15161.279421132222
91393,12778.837710423086
101051,12527.043778257916
107844,15228.155228848182
105479,19562.0778724714
102468,11392.342909066521
106785,16172.813757348522
91577,17620.741353521407
80832,10829.901177028201
88616,2559.7128041799515
78897,21578.876958286088
83228,15191.564352625446
90389,7773.601232782293
90154,13805.94501424652
107664,20839.549188905643
84602,6618.270426825092
103155,7625.917907511375
94290,23922.224555832705
84292,9806.733890338734
82455,28388.062375601745
84453,8185.956016308328
89161,15530.792418653795
104207,14746.03811854089
85660,9655.713950711943
80032,36213.304351918385
75996,20884.39626557833
83712,12797.046279345339
89784,10074.467811102146
101364,3996.4164358172607
79099,17731.40686746921
101423,10423.079811778543
89977,11467.23274202332
87688,9899.88885912047
87401,15970.062127200883
90723,13043.953614386808
85875,11177.940641402256
106387,29734.68147101229
76002,11451.446651548014
99436,10148.235375947492
107239,13568.311211883247
80251,27438.870682823697
85127,31091.888970732412
90351,9773.035213109211
95526,22676.87774336129
79335,31378.007138466743
104754,11309.388148368671
91081,29063.73577667094
82005,15595.982023096547
89414,25536.894502596595
102366,9494.242819326364
107017,9429.099494216689
88810,9610.661401561218
86694,7427.8258893129705
79641,8561.891569912876
104863,17224.77294260306
100526,15494.61162320164
80318,22364.496866903908
100931,13620.189296457193
102375,10924.277918464855
78617,22635.135284628475
103552,11076.96414673299
108268,13974.374952090535
77842,16643.32424879255
88774,8600.086210246192
82323,12593.293487734656
94125,26015.805831304253
98661,9498.67379359102
100997,14907.096687433159
76933,5494.719371618916
76957,36917.76905152983
84347,10631.67599309452
102000,6983.522602752456
84626,13928.567327068542
82214,48737.07974906378
105909,31644.563474675637
107442,9182.18729025525
102342,8078.668192308091
104461,21585.588114145634
80095,48339.017126624676
83558,15527.157826858596
104376,19746.351917368305
105494,14451.976553881985
81702,36727.11605199031
108056,13382.855281753693
84131,18131.435765942235
94242,22735.708113806028
102987,7160.941110267625
99643,17337.81802638417
78954,30686.28069437899
85511,17462.268532922786
85380,10049.659810855295
77232,29778.52905293974
86585,14697.658263982206
99729,13096.918266335599
94946,25992.893125868017
97768,18925.038074000302
83855,19642.893929143323
92397,12659.564253580293
90311,10223.912511598674
99324,7441.585278783608
81167,15369.201876361116
80030,32464.874509475736
103679,8743.22777417769
80164,12260.15366469958
103198,6011.320845583118
87658,10756.730248961665
102090,8827.124431524631
92710,12950.659290886913
88551,10379.060414868043
91001,24082.356481521765
100653,10464.918532875397
106050,14471.073436092793
92084,13076.946583438808
77402,20361.1449554505
101296,8826.898418089575
107242,15950.20075099063
95646,19131.7480137239
99126,7745.8004381743785
90982,18445.682062667405
94896,26584.813470173154
93011,16405.31456577739
84607,17689.986181518445
83352,7062.4450885402575
86097,16484.739058940853
99312,7321.031290469156
77584,28388.598801477863
97372,13141.574942246532
107179,16985.103742103925
105835,14654.85477689301
92924,26969.633526760477
90798,7696.804106690574
77487,20232.59014577958
87523,9981.720449366183
104328,28742.24947832645
91404,15987.024700792921
105702,21584.293328644297
86051,11087.676886194471
98136,11834.111534861058
91149,17682.044435598218
84015,11458.084663788266
78227,19625.102220291592
91810,42944.35507352079
92345,20609.98034334114
102647,17240.877033410754
106549,10960.381108550173
97007,20790.168460874058
86887,16373.727336959439
103983,14555.441275573616
89554,13077.965330731782
88066,12217.012369726222
98778,18800.75924288949
91459,30942.315361839934
79659,25948.474753563576
83978,6739.502603390083
88036,16642.276988608348
80483,21415.62885989457
101770,2389.214370661434
98220,21350.230647844048
84427,10749.687607106182
94491,16327.086049459183
83782,12611.757288931853
101945,10821.795479993176
96613,12310.31368231146
80126,47908.41513888992
83381,16862.461604740663
100263,9875.064522928667
94953,22318.43749446918
84413,14506.015530445331
94816,40246.1902683023
78578,20468.434013055223
89766,11994.093104194568
78560,30133.064599983743
106444,16648.24712790773
100883,2302.1675712502474
102769,8575.866868203844
106426,32489.967901017306
92404,39785.33448940855
84800,8522.992189021095
90714,11023.502742664263
96274,18469.34051983876
88259,8978.2322605486
90683,13421.988319584067
78878,12264.750996639497
78675,11734.152593061088
102189,20344.672614530144
97959,17986.753481223932
78324,25488.687047518204
100397,11182.306586282117
89808,12195.834423680451
102920,9286.292431816502
77724,11565.949812919913
97183,16752.997984939688
102360,7240.744905830069
81748,19439.191488221353
100225,6856.541295200245
101411,11922.13784066202
93887,24960.222754212886
94437,14619.090243689467
102317,7772.659628160886
100939,10760.796607438027
102016,7194.926542060879
88651,10126.563590038666
99340,8449.859716491943
107078,24918.702663730583
100937,10478.75539258827
86922,11531.788886348437
77864,27569.661900737392
105180,14039.31405806199
85599,7658.183025955143
94556,43798.189749145124
88368,24130.15384572306
81005,54794.77308411875
79083,29961.72609610597
95200,28338.710981650504
94374,23392.116385369885
94160,24182.66634454076
104549,14194.787363371
85933,16452.847084573554
104848,20353.56978394343
104424,26609.09888635467
78183,16988.137455300137
99280,22512.652515524765
97928,6974.39577193628
93122,13481.910645675884
107991,5519.736939603209
92468,28353.904807977433
97451,8537.818664213328
94463,17287.829244108096
77629,16809.73119766553
86008,11893.098381306598
106210,29127.942338833942
106181,14472.322168370427
87485,10235.237732969426
107645,10453.583538668336
100084,12981.956270297322
88201,11261.417214354571
86236,17221.580669808638
97090,15634.231611684641
83909,15948.901485612932
77686,30222.20801815586
85505,20140.853285755427
92046,25990.826313712365
76681,13178.752855343135
102648,7864.114463606025
104998,45802.36728712486
86349,10505.28590883182
77229,16237.944579733296
93379,19558.107968774722
84973,4045.573133933953
80681,43498.0432513918
97876,11130.097011532098
89330,10065.44398279904
106836,21314.521609893283
96449,10352.112743431799
88765,17481.9857171723
85710,7910.084196351636
104002,27747.74884306519
99224,7071.888683718026
96767,25193.88347654106
91035,33407.55962077308
91531,11289.089561340787
95857,23217.147675458255
81338,21905.130261666833
97921,12948.66618862796
94040,26932.615879459034
88240,9829.142504224335
104643,12515.99847776553
84702,9544.163654002394
79809,15100.627384985157
82171,17000.409641327427
102481,11219.20170730284
99514,9604.074465554093
76656,49387.10213643386
86176,14015.285947042225
85784,12922.449061052659
91529,24666.71234861538
96184,8138.014194957044
94982,25818.42683275643
89887,19252.69937109406
91306,14215.469618313104
94801,17055.26246266622
84873,12285.012892118653
105262,19089.350497076437
78755,18388.920946625705
105378,19502.660056214736
107314,25710.538889142787
88401,17954.463911334395
104523,11286.974494207145
95968,16618.805027727656
106940,16952.695710267108
85854,11994.652642580902
100090,16656.067992238113
94299,25849.71711733143
95815,44240.7678068588
83336,13472.765838818184
93357,11102.875033823188
83671,11830.724063520636
95352,18061.727871048985
81447,13461.019694310891
82530,9954.806352520072
84072,6879.572984075654
79590,37789.17592121988
81072,17795.231959510562
100894,11851.201307297026
94501,25950.00782230785
98410,17643.661638674796
77356,35253.18623061958
89008,7416.399937769495
79270,73656.87955092787
102768,9948.074171628728
104671,15261.650386352056
91482,29621.025230808875
93496,24995.541761705168
89699,7244.620291115226
93711,20078.417657860376
92768,23171.562131497114
102118,9949.679402610516
99410,6883.4587334716025
101552,8069.578331104417
105876,8788.863440961157
106386,25597.331388822342
94563,21609.808534663196
95860,16352.314695056337
83636,10179.030320980077
98837,6641.176449837307
78724,9680.567958674621
92579,26302.249682964397
82223,26594.32338016213
84289,9324.058229183871
77579,33156.74300903066
83896,7303.956373573633
87389,7659.6225640791945
88139,9126.290019884065
106790,32121.250357065408
82260,35175.43106397232
101627,9549.93858444158
81876,22262.683748822205
91029,19232.98235788129
84583,3718.0357723304264
108158,10682.0400604327
108203,15994.729264668118
98582,7713.157847845057
107003,43790.534678885335
107777,27752.188219859505
90308,8604.096872076849
76799,15080.501858877922
101387,13698.566521187275
79964,17979.710154522665
91606,25286.795036255644
103952,14082.39834972487
88622,8828.851429912025
94559,53848.797522659326
76143,17599.293164138067
94903,21597.33100824761
104486,22047.08795302805
87551,7811.084504275477
78063,44723.8773761863
102556,6082.3892158524
100052,10668.661323397268
107074,38561.65373925336
92069,25858.713347315057
107850,29653.69379746954
104540,13551.905822040591
96846,22497.839155833542
92391,24616.897891828547
84659,18401.929054790056
84117,16450.06344126331
79120,11912.027250583054
91389,12744.946814307496
84349,9113.160871393438
90954,43463.407367892614
92695,15175.013038875732
107811,22008.433075369354
81971,19311.540535875636
83450,8120.65074053955
75976,27200.781355566844
102965,10001.306481648611
90287,22524.21027726821
77605,44685.20448734318
91214,29415.42424818281
108303,14711.529713484555
94860,44286.60334896945
79366,21291.011971800235
106091,13336.24118617461
76439,33998.58456069652
87417,33498.428538881075
93478,14191.399513098102
107216,18689.096695850167
103764,14080.9180359955
86879,12970.675626656084
103625,14489.338636230388
76402,10702.721878427299
80311,20013.699260586323
80391,37872.965078483576
100880,13217.705028458828
83171,5838.394199407979
88078,7777.090591008639
84318,17313.560691615676
93526,22288.225192524795
94190,17973.111607393297
97052,12085.5192673369
86101,9580.758356217219
87543,18690.497888486883
85029,10452.074139055398
83740,15834.073812376937
100089,5987.0102511168025
98227,16919.389879981456
98248,6497.639361355444
107138,38178.82193910284
86854,10234.370684208558
102785,8461.346194153159
87839,11999.643883928526
93906,23830.64818127343
84661,17454.117593100134
87432,10969.603885409912
85654,18337.41457343817
90678,14781.584600369099
95299,19435.8085826882
95236,26954.983679984256
107608,28679.102760797083
87004,19736.42561688309
100566,10827.727078113357
80665,11002.806593765998
88010,7632.08312653984
102663,11031.102524842725
85485,10880.63274278713
101269,10517.73895460201
104674,25769.862374739885
89263,16609.35306394687
95420,16235.627369879221
102691,6530.384109185021
86663,7777.090591008639
106138,16322.280648174756
91571,22867.71659639984
93819,13650.544219236728
78571,18202.220800036615
94985,12272.851874255586
93301,17497.547541549
106718,11615.760796811717
86771,16444.030007279387
87704,8044.541027488527
79666,17603.68589344604
107584,16231.362974354495
84895,10866.150936006497
108408,10184.956718160412
98171,17521.945180585524
83310,10665.327082127566
86673,16047.111404070163
82853,14146.666843723342
105650,12992.162801193605
98670,13605.733870372587
85066,5407.20763059746
83794,6029.988924601245
80583,11897.707113277978
88130,13971.492903422073
98999,8847.3425788791
101330,7141.583206480585
94984,19601.231385682146
97990,7926.026609119222
86985,19485.719623177727
105865,21387.6899261057
108519,24006.699205645913
85264,16546.935876728912
99920,14615.348812326189
79757,24957.18684584262
102991,11740.960478873214
82734,14976.791318397165
93798,25289.013463940846
78739,17305.488410261478
94102,26783.426334719847
107720,11388.084487401684
104818,24684.01141796905
105035,5466.112811953362
78882,12733.702479314841
106768,8661.863377652948
104488,17534.622656939267
83401,19719.05324268117
96513,11736.100822408178
103742,7448.109743806941
85746,18710.744094015223
89503,7731.0991905753035
86162,10447.712196638287
90081,11118.135811677736
87809,17159.6772467697
105903,13627.3264042363
91476,22265.633624572078
77323,25211.3538932129
79344,44607.99299337096
86967,14709.196826449823
87631,13770.913980512367
91478,21918.476112326214
87477,17296.178027360576
97456,27444.653601469414
91210,31192.512970064407
88841,23021.17167964873
86262,14041.251304367828
98038,24212.9237470003
108461,17484.18308112838
95645,20976.716561193964
91233,17599.575756521757
81480,24737.130226148092
82671,16857.927751602674
105275,10427.780444063274
77852,16756.239183673002
90565,22198.377163915393
89172,10746.703223126668
102384,9515.550473947247
88944,8638.028614998284
80531,20014.46579501439
101795,7713.146216170202
90744,5971.574198922486
78179,31997.718380686532
94388,38849.40765249621
92546,16592.04443746329
84282,14500.651901392663
87078,17922.92693149873
93190,38165.44569370626
92014,14463.18536773826
104501,25992.43237336116
79523,19866.534700553188
81096,20281.64792076627
78193,32719.200712315233
94720,39427.17834469817
97242,9806.060725903142
103784,12018.027852707983
100186,9275.509077041714
91494,13012.089794990743
98765,5744.263654258511
97370,19221.41920925905
76295,30184.95660650814
105840,20983.818782562295
100641,7973.633624606874
97160,29730.74108891499
96440,22691.53916930344
84853,5717.139780262536
105223,10135.410787936791
105879,10107.802027605137
80347,30465.980569491832
84534,10714.358067721245
85045,10848.674361761472
99348,24379.376671783564
105487,19181.369290508395
101906,7292.095039732353
84905,10526.918768451482
105810,11248.031106459279
76346,11562.70765858402
104163,10154.717960166685
91997,21834.418395483688
94182,18335.542997806
98583,14023.423002099029
78048,21575.891479174315
91650,16436.757315839597
99045,24033.27419065278
90167,13491.90702151108
81936,9123.052343021001
97322,9495.027341655452
79506,16934.61288951163
101689,10045.58435049346
99677,5595.617954205214
104364,7494.786576112213
104493,20336.384539530587
85811,12602.134316357045
76088,20729.03506127646
107014,9569.681706106358
85517,13257.280238323501
100065,11800.77147516158
100700,9155.044221732816
100178,9956.774436278596
86072,19792.18028709345
89071,8693.846684889812
76027,11584.255549307567
84394,12824.197417048967
97989,15585.656398843259
77527,11276.409838359908
89342,9832.469932965541
94118,21306.25359073726
94468,31990.302964853487
76061,19974.031013358188
85744,9028.457197449034
105185,8283.981213845416
79043,15832.688533879716
103948,10980.404345465351
98325,7012.576319291603
77056,19480.42040388976
85262,10878.707865949922
94885,28165.52052704095
92436,64677.103240051474
105339,10565.601149500255
85288,6814.069645080065
92944,20193.51517585802
83145,15501.664701887406
87905,11078.541384115733
89188,11756.000790711278
90245,14553.572470074292
80370,17732.04359758747
92165,38922.09465959488
91638,16912.941174296604
103657,11673.997079966635
81016,21302.217682876704
103792,17236.63676816741
94815,14754.010815145804
78957,10939.852227823369
83141,13044.01657427102
107365,12400.157163367203
95563,28237.21260457796
76918,31077.15621036864
87215,14177.173700634576
108328,11762.30957010285
108027,20904.555235097658
79325,37938.46120118623
89545,13350.560777058748
103967,8054.809020062739
77530,36866.90730948726
95330,37197.88338808738
78671,4588.290813370266
102103,9405.965744440959
80024,13043.662334795848
89481,9897.947951503269
89138,10857.549522926016
98762,7257.762361359904
86166,18177.661884888585
91396,15614.388513749967
94749,36767.719079228125
95788,17238.90716544721
99730,11914.5153518644
102801,13906.114048177571
87208,11451.823001679148
83098,11000.316764381098
96015,25304.038322148277
107970,24293.42279375051
77471,32685.16516575008
85822,6501.580816063194
100518,10124.855060040858
97282,19605.327502291726
107193,8159.82236507783
104825,9492.63125356796
82687,30841.23258857071
83026,11671.623244657845
77470,16025.8955692286
79254,13441.620273363867
108020,5013.3871103839265
99103,6094.674715812361
78665,28586.129267588633
86932,12558.637521522523
79269,20190.09401449896
92024,55790.089171728825
95652,29115.58218317146
96170,10506.6961802473
83586,14623.586636511154
100804,10135.876201679112
100758,13074.65469858101
107628,19235.210710406252
108337,10892.422263984941
83175,16601.984216752957
90838,6091.341315155658
102741,14724.806226046741
81263,14759.5060199067
97071,7566.454059552893
95004,21244.440273098102
107019,16497.884623572143
95503,16096.86965113898
86249,13934.837185186663
106921,31119.149714518364
89972,21815.96653583673
77660,28191.59084953673
77328,27610.37340802288
98264,12132.720616757611
86800,15875.379769067782
76661,20218.757184310896
81734,33656.53316979227
84741,11962.971468549385
89926,32666.55994349502
79502,13147.155896948947
96963,12398.168996244283
97855,27464.38883901512
86877,19630.90892103983
96814,22962.487604766757
94648,35363.296581175055
103104,7039.236054847955
77999,23347.555400510857
77500,25492.718816977565
108189,12066.324027606903
107124,17524.67305324082
105320,15689.478324238542
84589,11300.471323466452
100502,4043.4272887768484
84272,18929.330541850177
90146,5990.058708429548
89016,11746.958119451143
92360,19791.870382269375
97341,14646.147245855818
99635,11178.20011034717
93758,23950.479342210878
104345,21470.021123424358
104346,12369.966526837516
103219,18066.064869740472
94240,14316.353697190618
100510,16491.765301519947
97788,9749.620748774334
87877,18672.773338043713
83993,10969.809266219405
95268,27367.114922183424
90857,12277.566810726647
89897,17770.748111165794
103642,8011.273579033653
79712,27872.6147680402
84733,6286.5356857069355
103510,9701.207021423152
82151,13426.297647650943
89275,6113.652384157824
97022,22554.415422137372
89964,6990.716941501596
103169,10668.661323397268
98586,11988.86730553463
78199,8502.15892177688
78507,21321.304681421985
88856,14615.538411631667
79309,18526.386040423607
85685,11388.726964680416
76527,14995.509955588417
81636,15168.770345266295
86638,12425.06018185021
106517,17446.718313083715
102023,13802.938550603933
91620,49429.576000142326
101886,6908.2639093854
84887,15308.056913762133
84751,9664.257597445656
92613,24396.841494106695
91825,24512.954131754228
101895,12289.46235321066
90560,16742.237952843065
105545,8851.11253918951
78700,17470.52667671401
82886,18123.41889140651
105649,11284.043991179276
77577,16530.011248907835
98003,20558.195800021047
80537,28037.55166073298
87387,14446.941291173962
97626,5753.279015899388
92948,29121.657659874367
104000,10548.745328749515
78385,21213.98515299629
103301,9572.223663271367
100102,7411.440647475584
91401,15689.066522423322
105726,10024.910294929157
108002,10838.547825647243
96055,8280.203039813889
86533,21562.762995182507
84966,14362.220261556064
82750,8679.523524054699
84780,16866.585239833264
99760,9609.715141027456
96353,27534.90337123177
90252,19127.22545008927
92114,20791.152456081996
85641,11278.356213674102
78846,29270.01366703176
97479,25727.234867790525
100657,5707.198329054671
92553,18198.78897316461
87684,8071.260075616866
76579,19508.88484303319
104441,7954.700938203539
102915,12752.223276395625
98255,10353.256060927884
84716,10733.323708690745
85426,10916.71417192813
76829,16510.248711431006
77899,36004.76171343565
93875,18103.11335029405
94170,34137.726468844936
96206,19025.474679939278
82777,15405.434855041078
99399,8760.299240208291
76017,23898.918795136662
78785,15138.908640409583
104195,7851.751043349468
100767,10473.936183926444
93500,14865.854539988954
103248,6866.608594354282
101828,8048.034523647504
93209,22924.613692906576
96665,6035.446679159091
94208,21309.008132349205
81789,45137.898314361635
92578,18048.258871860515
84750,13498.68100503664
107543,15733.512138446382
83294,14997.221089983837
82408,8933.75832893264
104836,24819.21948475022
87366,9106.120759216941
100488,7910.607546169599
87296,16385.05262967694
99820,7070.780261547436
103856,6559.341242348602
80536,25750.68880228692
95407,22476.358405981628
78024,21471.036481206076
88166,16648.908730161595
79046,15613.22533258201
100829,7489.632570815686
99250,9322.91793333339
107164,7817.722311518433
83857,8318.615642432389
90031,24847.686640901953
97531,29350.788697569165
78237,17971.17478317011
77205,20228.60386319113
84796,16654.757846445253
79769,18708.59785259262
79899,12217.155830743484
81570,28442.646558863584
96209,8446.786151557984
108012,12429.017529134719
83784,11374.762662283498
95293,29552.10588264924
107894,8947.897489049523
90118,8094.630143468085
81548,16519.068945088748
91246,15478.540786026588
106066,30507.589131582234
76349,54840.89227320415
84792,10688.849319971276
94792,17824.69547899045
98772,10137.039630100751
81023,27899.737491785527
92760,13816.208167076727
81049,30105.24250178434
103697,7317.211721614997
82248,28318.86345733005
85475,28200.009516248123
80927,26607.6575405056
93520,21365.77059008626
103034,8119.125023370976
88006,15522.916109464877
80697,16452.56957862866
89565,18317.10048943982
106983,16605.897454111546
76042,20489.640540310353
95214,22615.245229076452
77712,17561.49097211575
102226,7776.7146661397655
106128,29188.955201215394
94347,40567.26630066236
84176,11529.252862515916
92633,34886.68135055976
89147,11769.440071767767
76200,18635.069662054426
91972,25694.41710428601
95624,14716.618372335752
88237,13204.555063541107
90626,18836.328403199568
79402,29440.2623843988
92751,17452.74886960444
93494,26498.89688293125
77785,28894.047240066007
108502,10462.974171355572
76356,11646.277100944317
90256,8208.013391029404
76286,19493.91066113845
98835,24965.62223214277
78799,26776.943766566932
99864,13326.740515414933
89317,21241.75641574746
81235,35991.07193280686
82980,10076.533422170101
79032,12919.277349456785
94549,18199.68369398942
86872,9221.968390148355
101730,14450.33276729259
82684,11553.519721175277
99516,11085.586595546225
80017,7454.230530894361
99863,13101.811801183627
92792,27883.83400587747
100593,10554.187770864448
86135,6616.3225336243995
78870,11300.96364616678
107586,24180.000573256242
83757,12719.869111018095
92765,22326.531796548323
84890,9014.145045659232
108290,13760.107032333606
82893,27747.799650033652
89660,8663.850920798384
105543,12692.769685778298
106368,14047.105441026384
81799,36041.615136272245
102757,5428.725462287894
87520,8203.562767110183
85172,6989.690672195504
76593,18495.108396669566
99431,8965.07357645679
104403,18878.59630029195
102932,10063.073343554177
81998,13528.401334119382
81391,9653.46068196989
108151,13504.536228199211
100164,15621.28829242454
77950,37947.21003884764
100416,10616.647935797868
108237,12994.895966955186
93464,19142.88224129193
83899,11850.106779721225
107184,16740.463474921067
78001,29082.070565859947
98816,7325.154224733318
98737,22993.850546532252
105432,20571.16121525173
99160,3328.1468202850615
99195,2180.2143705053086
90337,7759.971436033467
85546,17166.262323610255
107128,19355.146588341457
93327,32066.742847717484
81501,30123.647706608535
78485,18477.43028610174
98491,21476.903923956073
91265,23164.729677454605
97185,14520.757929278407
95708,18661.91967301242
92269,21960.15103366427
90122,13657.317452279212
84219,10066.568151214153
95920,18180.229468062986
82679,12432.589527673737
105174,14622.098137666515
90879,10975.65731209115
77507,41968.977321492086
88757,13669.117367735576
101256,8137.890578778973
83426,18145.682781219628
76075,27611.036299074887
76871,19611.989278667006
77695,37058.06812252012
103555,10583.07686546077
94893,22767.5922517748
95836,17732.509701365703
92061,14549.281866273748
79710,10589.963621884506
93899,14085.578731009686
83299,10437.476328631863
95620,33657.8810159824
104279,19111.02486404619
83705,17727.35275495084
95472,35048.824645920045
106260,16727.58835994381
76886,14735.119478963743
97248,11686.694200132379
80660,14993.506225659692
101333,11425.69919807172
89360,7600.114834188422
85450,6987.191748981625
88836,15989.223125843724
77416,27172.646790975832
79577,22283.723417262827
98503,7795.325356652189
76778,13792.323907469672
93681,15050.73227734537
98418,6326.636519735233
98615,10183.392731695085
91857,31005.120693592493
85059,15265.49032240159
84064,14646.31907523928
83511,10979.031740125987
87961,11595.749676736881
89756,8250.050902210663
106904,12062.07260596249
78218,30314.216761674244
91503,24786.738468950705
77126,10213.018529693112
97801,8836.90101453551
87474,10945.291395583336
77057,24411.848541689178
79478,23124.993779765256
90041,16263.362608808933
83374,12900.391381507594
102094,10269.945375850206
103780,19984.54624979052
105079,7977.2912281791
80462,24792.12636237365
101705,12105.314312571376
105756,25204.516784267013
88993,10922.362505276227
89593,7894.446665091411
86338,16871.793894127255
77853,25015.279651711542
92077,28591.819438598475
102494,7425.627142164798
92534,39089.804183196
78971,27204.940155554785
84687,18478.145282084515
88376,10089.1022162174
105707,15016.251706992707
80939,23918.57544891335
82258,23153.49592949884
104917,9119.344986798385
95086,20329.981934945885
79275,14306.715107115166
104721,11032.140545223972
107939,19524.12228562485
106703,9271.35707311122
107820,11957.723765610248
79947,20175.573777083544
89961,13035.936980274544
106451,10184.0994373225
98821,11497.740135401968
77748,32715.542811363128
104802,25180.78108936879
81481,55220.14808041323
93544,17149.088369748482
89611,13753.923493021444
79850,31027.135323451723
81466,23193.967399029276
90668,7107.971554463914
89743,16677.044206272454
106672,23579.48935901938
76030,17679.901588292163
97231,6492.484268071737
93484,30189.337939909776
81393,13937.080202429337
94369,17271.35275483142
93507,31815.450957242985
100752,7818.78389987737
95565,24768.584357702766
98749,14532.825972816268
99634,11487.268612703654
86127,8959.374405235056
101842,15273.99935353307
108481,11173.631813193631
82863,13496.624318057688
90043,9653.336349234482
76857,31323.78992223481
83241,11482.110507459964
103197,8271.156714442746
95458,13734.751383282271
76515,5921.00730424491
84987,12933.952822837384
80199,18635.49573945004
77835,22955.31707470207
80809,12636.355681161514
77245,25254.789747323117
104828,15839.301062514947
107338,9195.586702187367
78811,33991.89585066727
76708,34882.21923574222
88559,8261.98501235821
99380,5234.895376347595
89411,7386.152212978628
94532,25661.22721097461
88046,6459.09335257611
99155,11051.14584004037
80986,14858.576565622609
96122,24035.121164076092
78618,18991.864685712517
98205,4952.139693794461
98995,27910.616753337985
102432,9606.403791290159
78709,13246.178626440646
93586,21498.00130881779
98147,8627.213813957465
95468,35045.54677027338
95425,16412.658398800366
89106,10406.272451816576
85764,9593.47428827346
87674,10970.722896788444
106365,37097.930434944996
106263,7415.935294991001
97423,14395.652290860955
86855,17063.000296222872
101637,9041.49355350775
100129,7894.343034326416
89346,11274.317527320169
80037,8437.306869871429
87439,8115.5909943175075
76329,57761.301691241366
101234,16935.40418428015
93715,26243.752608149047
96728,19749.517400419652
88023,15176.778399312505
100289,14856.750600761341
93685,10819.330398379527
97301,12912.370213001514
100588,10567.416704308866
78240,17483.254782373926
91194,32169.72572760569
78088,20485.033915349457
103811,9865.992379649846
79852,16840.619937757758
77718,16791.915970242437
99968,6934.854012209296
82937,13966.93825969568
106774,17904.336855034024
85107,9794.12223685759
77329,25758.282885553854
106498,17188.270306215083
80946,22460.179578609597
89630,22105.292656044698
105995,25544.12041604127
79926,47052.66524244763
93982,14395.430959157962
95152,40794.56516704003
102460,14228.96770702656
86797,18405.15380818762
98696,14088.691412149985
87491,21562.64811716557
93185,22464.144652394854
90910,18500.70557108245
102510,6281.190511770946
99707,13500.101634566965
106468,9445.704912714102
97505,13820.453744153618
85240,17010.760914763552
89795,25564.269406208266
78677,16559.095397511064
94311,21173.171920252465
79406,31412.553724590296
85528,23045.218416046348
95656,16953.95819424006
102783,12483.953085262023
76191,26576.700106797503
96193,12271.642387770955
108352,19091.97514368186
94226,25454.190989160903
94472,20812.537604555244
78628,7987.638111663339
96861,17394.38474539631
89698,14810.746153754433
89021,18502.722789408457
98919,11363.801765602357
107511,31998.570006185822
104317,13018.460474959867
105587,16836.647467532694
89244,14153.864840620086
108221,42584.619276955185
104558,20420.14365226171
99691,11753.12029003455
81153,22956.040186485476
83019,12746.277247073169
84699,7988.99549818705
92354,45119.862290077384
77258,34366.387659326916
81991,12943.875734396875
99191,14828.280814724661
80072,18961.903087176514
97195,25030.723506132505
83104,16491.934530842424
104712,11379.48242727966
100443,9260.347884405957
93443,28710.430510645405
85543,11983.941120286352
82977,16981.72799312519
92597,28906.621275475474
89182,16972.083013641375
89737,9449.734610075504
103093,12638.4421269182
103417,6379.5322551193185
78550,14096.386154002083
93081,32740.92071396611
80992,14224.5340723106
83725,11106.68345087842
90755,13478.304555088363
89727,24500.95303284957
82723,14103.325011003692
85046,7514.4243758296025
105507,20683.353180773167
102497,11251.648417674787
86897,9795.0406388191
81522,14320.00860880648
106201,22956.23546572828
87615,11107.28458553018
84646,10283.172338355182
104296,28421.192435072517
84433,5648.5520059718565
101470,8908.760204322414
76641,23222.05858141773
88265,9333.198816579634
101728,12192.100662230358
83541,9871.617578015033
93807,33483.21391506473
83873,10428.270545309022
76785,40029.84131117269
83629,11194.863946978354
87576,18161.577015797055
93395,17709.5085141205
95537,18634.1356014841
89598,6937.162524729433
78074,33762.788302554996
102980,8588.089791615064
104929,15717.628987182552
97395,13278.217563113081
106751,23129.265982927107
101628,14887.236481073689
103613,12813.888547080729
103641,12065.701883584643
95834,19559.82067502302
101797,1833.3166699018973
80042,23383.797375571412
81608,19817.874442871696
86535,15339.223434644513
98235,22548.59216651791
94784,17726.528289268997
79342,12322.489683596974
97906,16270.945298387223
84622,13073.953765684037
85948,19649.148510084193
88274,11953.295900911076
92480,24990.377929467242
86378,18078.48081583944
107558,11338.560421787864
88531,13789.230712023758
103681,12187.457823366503
103559,7532.9673061038475
102821,11839.748716275955
77372,29205.680211044804
108078,10743.097974403438
96014,10058.491085959155
91072,19016.25399010587
78981,16084.45983806889
85860,6614.174989199421
91538,19167.673434690878
100904,14658.58394223055
83903,12393.901187019463
89075,10922.607001757478
87210,4461.55921132625
95405,16277.062213598354
101957,12879.09803792334
91384,23384.270607361283
91816,22126.209568716942
93271,19423.52578021202
106951,18520.214950041234
77457,16526.797746484983
99216,10537.002557516214
106683,7793.978362852199
79593,14399.482549620256
92575,15583.644259824974
106332,21202.801390181216
99751,13316.900814952365
97844,20382.06270627701
90776,10106.280427101472
107788,32273.759861850816
97552,10761.328717151515
85396,9428.30268501218
90072,7163.187526491472
104380,10010.446336569774
108171,15209.215170106805
82534,15434.66812812199
77917,19164.3147325884
76212,17860.373288550338
77975,16628.56524831519
96718,26540.83219128332
101250,8428.79241092634
102875,17371.94352108725
97385,9575.127115677227
93943,19712.09417679572
76389,18637.705642664452
104653,20092.649979290363
85000,11423.18111719655
100844,6247.751471398199
94384,47220.13210793022
91625,19041.337304532306
92124,25536.33860099564
100983,12107.445525532377
97669,22417.45360229556
76674,18889.769922641408
104012,20462.50040337582
100742,12433.777165950889
97937,9151.598457441296
99509,25123.130223716285
99834,8680.310334908274
104037,15951.863229819348
96369,15055.078898363152
86125,9929.938226264016
102999,5362.828402071206
85473,11219.806062828195
90508,7721.183888087866
105281,29274.376780723447
90368,10236.71775135656
84029,10612.246202160046
88603,11002.28758184985
102423,6964.80102763913
105253,20116.260323206756
76230,18161.15465843507
100316,11444.576579660388
102553,10022.517414479826
76308,44506.114472112895
101348,10843.978721484094
105689,26498.84438955573
78347,24312.355290848453
88127,19639.08816977856
97320,12542.255879165405
98421,13684.92125564015
87422,11263.945214676236
90886,5476.039227835787
82580,7774.377042440359
106420,7301.5410594960795
80218,13879.230986742225
77197,10519.536692694157
81116,13989.533874034847
103847,10643.620744705062
76611,24909.619885357642
80677,12815.037628776912
91546,17076.669571163722
83706,12476.43071643355
83288,9960.215297805627
83664,10208.359687697268
81103,30197.839034633827
104136,17783.497901354647
79754,28028.62110053648
80794,29146.364404956483
90027,6388.132495700364
99186,11020.809154811635
79957,10898.42908857018
83420,12315.864722513557
106971,10148.899240713943
88929,13000.188446161219
79354,16262.162562529755
104624,18513.88943266194
103631,2606.684168867856
106329,13100.750343288815
94466,25886.562607186654
79495,12151.48961341131
92262,15224.91569624107
103626,11930.696697054667
102620,9371.869764853951
103026,11390.073867715833
95440,24607.037558221455
90675,8235.295406896472
92169,20387.357816113996
85598,8662.821727079125
93980,14077.716268891258
89884,7957.172196589879
100361,10493.970775108915
95314,21190.10652084091
102984,13125.72830294102
97290,31749.528979593102
88702,8133.579171978114
79250,22651.891728694434
101218,11011.671960156542
85994,15264.590581744991
91181,20561.208677187034
105974,10215.327201431672
92222,29924.48031010662
91691,30822.918816650552
103472,7823.059965953513
90116,10619.671450840293
94185,15242.130042896017
95705,26565.004136729687
92442,7582.895263816703
83759,11030.751006216893
106311,25205.97837140097
108531,17177.3156392431
88487,7773.4575462415305
88956,12778.02389936712
80477,25878.123202892235
95422,12769.054696114381
77410,11846.74473820259
91873,24788.287151233268
95274,21345.289570798537
90023,7278.539944709007
77204,17636.311753999744
76504,16429.384846420584
105902,4943.549676386265
81820,14469.487246536006
89405,9669.947962576975
92206,15652.421878109164
79328,18026.60481854847
94971,18750.277921929635
91185,45759.59261080802
103332,11174.122147019407
105983,16998.441598876772
81775,20839.99372476129
81946,22938.22437981603
97846,24342.220746550418
103884,10656.459054181345
105182,8315.926608650441
76148,25036.57701435584
99255,17193.63536688765
87785,10749.719959235841
78903,12687.416780319547
94578,21082.24840235775
107853,13098.92312168991
76717,28424.789036644368
99052,9262.560863479333
82390,31600.951017861866
83676,8545.253550815522
87748,19571.14462596093
95443,26933.710884239554
94430,16022.646917990294
83886,17847.699040510463
78492,13575.806363921994
97540,12750.881898010959
103167,16323.256515494482
82621,11450.184348047105
88729,22030.71236215881
97779,10818.732959680321
87179,7959.526806918448
83693,10654.826653645167
83068,12343.520003581903
87978,12162.275496085684
77547,12608.678715498669
104135,10006.330723216293
91838,20712.113501073774
81044,18199.38831417288
82100,30477.561760465815
79196,12101.314960533206
103420,9114.58678602268
84430,13042.51503468
95116,26770.5259840854
88758,9922.641828318065
102600,15563.233255143354
97943,20828.59717900727
82923,17606.18791029736
84173,18263.992711243864
91455,26811.606811709076
104107,12499.316738576375
84031,7974.1474723535985
103307,4710.513161676415
103516,11541.642299637995
94534,13293.202681940176
89498,18089.333343938084
78100,11642.159204984175
86728,10027.788275416544
89787,22681.295819379488
99604,6525.87760270044
87920,12459.051483455598
95679,28808.78104612519
106342,11562.135676233422
105013,8764.953476339351
94526,25985.665749773405
79217,14974.647534528509
105206,19967.680450039705
80930,15583.203697099165
101748,9515.381902199737
108486,12318.751697568427
93949,31258.781790575915
99658,23823.586408841144
97561,18686.91110173042
101617,8042.937233970497
81330,51411.21482873326
101771,7219.201773255848
97270,6375.1428449861405
101595,14008.997373540375
98215,10593.762854805122
84007,13492.016396008898
92680,20478.43155341953
78992,17035.733738376206
107596,22924.63929535048
77206,14128.169459880142
82743,11925.207961987988
83701,16044.069061545511
99165,10557.56087261226
94432,19939.8481714215
86548,13002.02427124672
76397,20616.65156801922
100070,6430.115948829607
103513,8753.435517182155
80091,19852.937029282097
76782,20912.13339596571
100886,11490.696341240067
103951,7894.520108269675
87351,16796.446934508407
85974,16839.651704223816
79314,25040.394308962106
102475,13188.778195320914
101614,7303.105394037547
99033,9288.933076110776
97666,12629.450761029375
99253,10152.286818522178
91658,22743.36658029047
82007,18990.281868265152
76687,46921.06921939786
83921,11827.268567410521
92186,24485.47653965423
85865,14722.653902431248
78521,9180.650912438967
77902,15268.106896831223
101697,13108.939891459158
98102,10505.755335250478
88037,10157.79124130492
87226,5898.272876096317
107492,10391.387862710259
100723,9677.31973924683
78581,13896.404424640925
104777,9183.012361798095
95606,15946.308995377245
101145,8025.70716838303
98544,11154.760360814142
96417,24154.822440339067
102714,10668.661323397268
85830,10684.379758225878
80541,25998.179495531658
88142,13943.358001603048
95553,29612.59330495817
107711,15220.951740458027
82572,9946.604589393619
77820,57340.57101911247
94456,18315.549756835713
90433,5707.647870322603
78161,29985.839351512135
98322,31670.031238397038
101884,9317.700385561953
98723,9040.716004309425
100828,9306.422578956308
100612,13012.632867126622
78754,15766.162421756802
95053,46806.96279378377
87293,9688.474886441112
83679,16756.036019091865
102810,6884.359794685142
103021,14572.574576698593
90497,15199.069134472102
106798,15254.049883286078
96234,12490.789964871403
97962,9838.294104055743
81585,10756.509425059121
101255,7231.678338250073
95824,16014.605256536664
97053,14501.534175392682
106657,25443.030635115072
107453,18268.885898482396
77979,12664.041089382417
93717,18254.17803913242
100424,10025.094531007073
105579,28455.789523136824
85608,19089.289520022
107878,24254.292134599134
83229,14089.43647498068
95478,28063.36975566411
104405,22723.520246186585
86681,7542.623980195584
81901,17546.336579666666
77806,13575.49100914225
102650,10214.758405481743
80845,24212.973320881047
77445,16906.857569020194
79206,33261.49073585155
105219,17546.87486016238
82665,2765.4016388269606
79532,26048.856234403822
98125,6549.180347977479
77147,18676.204455927553
84836,9915.490846505183
105376,17009.655122420172
77343,24858.569484891832
108114,15388.028458697036
94994,12137.40979158437
88610,6067.335229890187
99609,7192.895531536407
107243,20615.431040331867
98829,13745.218873079732
85362,15185.740889209332
87409,11278.332561435192
95322,24080.39179717293
86185,11142.345754820923
81792,32787.75277259331
84113,11738.994295457436
86139,16794.2998862522
84719,15848.785267949179
85120,14766.071200996952
101693,4794.788996644028
77413,18728.919175827607
77179,16861.6284998902
91580,52397.871575604804
84116,11967.850184052813
93025,44787.906582282754
105224,8685.140876375875
102854,11550.457343155245
76237,23989.539518332203
105595,20846.609406594835
80155,30993.421534290024
92056,29165.474055966435
103229,14877.22683986488
98783,12286.479116716719
106357,10650.194150475078
92305,29702.893666278585
96312,11332.22015706519
86890,8231.655645661098
93354,12878.104097688809
86898,17731.741678451257
76058,19355.151172423488
90555,8280.904583403877
107136,11000.057616956996
107052,29740.897672538867
76384,47271.46996690642
101670,14335.247464736476
102438,10959.561989184502
81063,18498.85062457409
88254,11760.412995716513
87041,10860.259019998086
84909,8779.515849116851
79053,17969.169847234854
88187,9533.336461572066
85814,11870.018235838794
106396,19619.891349389265
90460,15748.67693478607
79261,17431.321273602935
105167,10232.017827926657
84047,17840.798643273694
96771,12979.503716801775
91074,56207.558274367184
92357,25682.537817595738
99588,8491.155542348159
78138,30039.48416558749
94328,17544.41929439095
92019,13793.674993014209
77557,25510.129818497175
83024,16890.62542133243
94888,14423.86860122902
94193,29935.748875630994
97909,20333.837205953027
79111,43301.24425338125
97936,14852.271164665171
95276,38627.77448785788
107815,18067.6682245472
92806,19931.397965671433
91317,19010.21886406388
89507,21489.698278806467
97462,17439.456690444116
93693,17260.54315444365
81331,27071.353583896216
77260,51097.79447122836
105287,11708.263691648488
86064,5751.418344422329
94906,27309.072539219436
94965,18428.71560466331
105863,7791.789554712359
96962,14767.809317673456
82573,16386.631926632974
83271,9801.319226447042
94624,9948.669998063908
105014,21903.916027695275
99965,10668.661323397268
98009,11968.780071138348
108442,10639.8698725032
78211,31202.06318101729
87609,4086.7483598110994
95639,15120.929662897654
83389,12298.707830686073
84086,17148.31663813532
105956,10800.276208369345
108384,5149.2086690536635
99053,9459.954908174628
85503,10020.00393461754
100879,5592.623487632052
102238,17045.517309015115
107311,18767.540381412047
90740,8140.748688523054
96463,28262.618150786668
96521,26559.20795569369
100020,8112.82142023413
86048,15878.689737355315
90310,16176.449529419202
95810,12651.683616380995
106809,6999.694828865377
90420,14500.183500359319
77189,23529.967769329083
103940,12319.942615338134
99054,22604.440259342206
86669,15936.299206807247
108226,8416.277007864832
107731,16605.27846621231
102410,6552.711576444703
107012,10973.902701055962
85117,6215.833159020393
89298,9191.31344771336
80880,18656.685456383264
86954,12037.324483950662
100029,14558.1174755598
98943,11903.097548413889
81089,33640.210779832196
89148,10863.329774162145
98024,9281.198802642486
84621,16441.02483286879
98748,21281.460081435194
106824,18826.69644864692
106049,21872.168916066545
108266,16017.24387859563
98763,4978.25967175924
100238,9951.480948465543
107279,10573.657480681748
78188,49831.62666391856
90443,13207.272813148487
95384,2692.527161801939
98928,22440.769530679754
83992,8319.689911278489
94914,17199.118735391734
92340,13836.311952709395
77677,13794.424828640815
90840,16326.767174873588
106434,34104.170220994834
83736,17316.654987089387
90022,12716.240838205225
87633,2767.813438762956
101312,14692.508246679621
92614,25960.5915652062
79410,10460.275953877743
83220,9731.672623959277
96064,10013.45210592812
96470,9262.726991185058
77247,8609.985259762863
102732,17414.168266582157
92569,21447.678406820432
103467,12996.415215835774
102976,8274.448191670419
87220,18947.9929541696
82183,15526.428812263002
88173,11678.504646696514
94227,22356.617483000755
83048,16441.0241373911
85320,16645.73482450402
90217,15527.557569699497
97112,13808.424823076188
78246,10722.307687914297
82000,22985.18613739399
79672,11581.515115340377
93499,19770.577667570735
103355,7247.512117849036
93334,29745.163001137233
77302,14400.622448212223
87100,15031.458653684205
92568,39415.92877316217
102148,7663.844663894977
81098,21621.731216882723
77544,32149.894438088555
92644,32224.63716481102
95996,26481.664683843555
79138,14053.550595094972
97082,25578.854191972674
85843,8713.23278727371
103831,10994.56138138764
78047,30722.393714734135
99184,12413.445728679762
83023,7287.871109584196
100629,6134.281066070583
106087,13452.89858828325
87161,13748.846937145312
97572,10184.893454313158
86106,18359.849444694755
90163,17924.053993181118
95623,45493.58110096139
104349,13994.517597274214
84422,9071.580391935875
107061,10822.804790452943
78175,35187.25724638215
87468,13213.444668872458
87136,12853.599870930137
84238,9489.485385257192
85432,10927.875868807947
85363,19222.24499488656
105017,9673.911332941057
80633,29663.433033512913
82273,28871.281679252654
76668,23275.1660281186
100970,13101.257565261845
104985,10571.806051227832
76457,17566.61333419331
102241,8067.729279740703
90884,8739.425218720145
79706,21656.468488252194
92608,19529.240851616807
86284,10660.110405461275
103990,10362.941340872127
106152,17591.038986334795
97553,18010.711570636984
106477,8946.170363659023
78423,25611.43504015089
82766,17433.83642925818
77477,45985.39437542612
97680,11846.314147370898
96346,12999.354186295715
104141,17708.174469511257
80807,23141.837994642246
100442,11021.051197422481
107029,16898.487112711176
90213,6607.625565801677
88434,20434.614860134858
96441,9452.038800489667
80102,16679.522846591197
105520,30238.269508499237
78279,31154.69124095149
95023,8490.78022220563
76739,19987.194230616034
76776,32848.990259514845
89754,23339.69615897815
92585,15966.934078887381
83197,9109.56565908126
99947,13449.024834382957
108399,13417.029048113089
99140,8110.576259963545
91454,11295.169624580389
104130,6573.958811243849
108320,14088.177248946957
93440,31216.703289464724
105567,14477.590434675541
89460,8044.1048435993
79662,27759.658212553662
88491,15113.104034724978
77034,16844.8097208549
90404,18571.32887098889
76014,12982.960060888538
104971,9993.052175367598
92516,14732.806032699795
86856,8834.727114994635
90648,18736.87974220667
97201,10627.157024071394
79186,20247.811261067014
98204,9790.023437912716
82568,26351.32377471132
97595,7863.968120112334
101703,10300.274110399365
84202,9879.8720457
97310,7442.1860298908205
105498,13524.919867936342
78896,36747.99537955229
106029,15889.539148010785
90047,13999.035315049527
83277,19149.61378587965
103503,12727.81756246878
104327,19789.339911296214
78026,33462.8898253316
80909,21710.74449030932
85733,8544.888869046057
103986,11976.824619606148
103236,15621.28829242454
94181,25361.497748194848
78518,23423.458579143822
88239,8743.325333824534
94503,49882.84440628348
76074,14048.992597452043
94424,20774.20098450856
97663,17803.59528676421
82357,22251.30364731487
92631,26512.137415466907
95482,48180.011546264366
90697,16426.365459163517
78798,19838.54924880537
103348,13561.871976847044
83659,11058.059313863585
91108,15922.245907429693
77916,15723.984795237233
106086,18812.053279719687
81928,20260.734970729824
108406,10271.620559210174
89731,15071.584361145322
106178,14199.345396936676
107719,22821.087286206934
90633,17775.132743369988
100003,4233.160911024361
98978,16136.52891470492
88009,14898.471929858591
96631,13957.435177750098
93628,19104.886221849036
87288,9484.890439513823
82057,27516.433937280653
82925,16800.476185384825
100038,9804.461154304983
78420,15021.747502284346
96271,8930.325368032472
97966,14152.282774626285
96110,9194.972964491204
80393,15681.688758820283
78706,17706.226432275802
107484,20460.171384375204
103084,10392.699131547382
99792,6861.8061835051385
93476,33944.96495289719
88975,10189.587926250098
83981,14411.955509182426
79492,15058.556603981018
76802,32508.706108314957
83781,6193.698279782569
95719,28376.86541378893
106177,25553.444716497903
80626,33942.41578331267
76158,13757.902653748213
91434,16333.852447475392
80463,23133.596929819534
86263,10198.562124434517
107666,22052.83235228372
94262,22988.674387772244
103501,17585.897195197285
89996,16171.265807453507
87306,9041.506291020789
82265,15209.579994149344
106825,18052.62689718185
98851,19318.029572226056
80547,29590.405356624677
100440,11350.412389359073
103194,12946.060921694063
90394,32178.339070378704
86111,6579.196134722198
88528,19070.446551019377
86857,10115.553159533223
78099,8470.097811980702
92331,17963.88374348401
96016,19392.04983960747
91750,30827.048837704555
92459,21439.4900526912
107321,24015.229376417752
87091,10022.309446135117
97925,3789.696852289654
81737,15241.353558765491
99093,9395.518511554921
99531,11306.17054547369
84423,11755.534003187637
76406,25299.338017145314
107350,18797.519582105142
76326,45209.686365829446
84338,24333.48157879939
76577,25939.3840742632
95385,13996.309470196855
90391,19435.0870925301
107624,23782.55007286107
99241,5012.6578192729985
80248,21246.388825795428
85295,16854.376554575872
96343,9604.901258410633
80926,12828.240838963071
94027,21533.67031727517
79544,21680.486227893864
84425,10487.100575217224
105264,10375.546887528355
82643,7401.865627413653
93474,13465.293664934377
107072,9474.263163546566
83519,3510.5940186992293
85962,15766.754841406042
96932,30423.19897177931
100759,10834.95954295047
107022,7331.067702858144
77012,35279.588821998055
100651,8598.89270285708
89430,20851.94550313597
88981,15638.743337580634
95740,24991.48156021611
101954,14094.553339519354
103408,6277.463108933621
81304,11772.441646650228
108421,22647.460758603745
93532,23146.262415979043
101576,13720.17940273901
79931,19476.87091858852
108176,9588.269650780576
84455,17661.15321654853
106797,32018.822133412414
76513,18497.77646638282
89674,15968.858507719044
77722,22456.395141904093
84754,19295.696886740396
106492,10588.72905311548
99242,8486.344027166382
107569,12005.32156794875
94320,17845.546194470546
82637,9911.494507708307
96550,15940.891808779867
105480,18942.830487427567
100624,8118.438209219079
89114,12347.9365064493
100866,7284.777682606051
81896,17749.779231302735
102689,16007.633518815288
97911,11441.85830143656
97099,6679.589503039402
92071,20268.420795876358
95849,45039.00090145781
102903,10371.136249815429
103725,14662.742284234542
101176,12134.965157464318
103887,10307.240184633389
80921,30613.103963446763
92266,21097.911899677478
106467,7791.792228494177
92139,25691.742530974192
106826,30644.30556106522
88193,13074.00543557776
106211,16386.49803107956
88612,16716.756371505242
89179,17462.97701702519
80004,28862.37265383042
98225,8705.953097489817
99856,22145.46106883227
87150,23694.919922261208
94786,27503.63682692674
98471,18979.819156281228
103319,14090.36342246918
89393,7641.0846340805665
85789,16259.243226043374
97761,19395.908769406833
101800,11855.300300041596
91588,29657.29404993322
76096,10453.448496244342
77378,21029.732412255464
105010,17022.7145980504
93587,29978.70815081312
90171,7641.88431262387
90438,7671.1593925740235
91148,17595.64357955832
91323,27530.204954511966
98577,9641.987944691587
77741,16041.334746299324
87789,15416.171134453198
94742,33307.931403344395
78295,9135.218076558927
104797,6424.990269789571
77425,10576.086655613808
96208,17110.440660115073
100731,9850.45373662788
93163,33337.147929761646
85915,8529.966114255403
89993,9964.965166200658
99626,25006.065759384543
78228,21323.948854603932
78779,11339.317982856068
78654,17454.337128097657
82947,19846.76989972425
99479,5920.583669348824
90585,15552.41892166079
79933,23390.63912648299
79287,23179.442167432164
92899,28564.30449829912
93755,27138.198659055837
92117,28117.72384923044
102417,10421.655550796753
106587,30197.076793694945
108201,45947.518448380826
88442,6853.917309642194
82673,10517.279211900312
104223,10634.579009488294
86036,5017.082505714073
93425,25153.721950042433
96693,11566.764849262716
82050,36815.857358912304
99460,7006.940186731139
81829,33887.31590982532
83925,13088.809503146435
94041,31356.451567952423
82035,16982.536954977524
107368,8918.941281648864
105591,22150.891286924354
107782,8930.019854903696
96340,13552.438899981486
97566,8461.35719513172
91719,16159.426698973433
79210,18446.53751898957
89898,9381.502347109577
106642,15633.62320607341
93485,18840.054051012674
98774,11975.718795539186
90967,19585.11372425281
89550,18310.137114330584
99247,10275.99578230794
99897,7036.837256130355
91394,20020.167730143712
88135,5732.916319467712
84111,16896.10890682502
91479,27774.892089485165
82622,7588.181915665518
104106,27634.27701010229
77050,31027.510274458284
105631,10508.60478707782
86427,6346.88981776471
93552,41683.987074488854
81830,34438.99694864201
82034,19088.81062654444
105857,20784.42831247337
91623,18887.26608831007
87886,17092.748046743036
78123,3439.020839581361
101951,8458.606010393734
97543,9920.91117397619
79462,47039.70200998652
90234,6911.255371432803
81860,21346.390867618757
87045,5561.510242377653
107162,13345.214026836975
90414,15241.40117077004
78353,27507.702557287103
90940,16884.006967197507
104123,28242.081467349253
88330,9867.63412447407
84769,7585.99445662521
108396,22651.13530649412
89556,8552.660691091312
91348,14006.96098321133
107687,17561.875557141346
90777,16783.126351104172
104801,22330.27278771024
82951,11346.59903114181
106440,19399.91716713419
83562,9030.522049879015
95283,19627.036183480912
84042,9263.019582023939
97883,10337.850476592175
101997,7888.051487419437
82566,10294.35075379523
87497,12191.343634816982
79697,12863.745836114262
85723,18492.393496229535
103511,13948.02476606595
101075,16738.286225477463
108424,11148.828499866451
102011,14282.266829838869
90054,13791.13753286199
105933,16173.908497178545
83807,14449.302571682356
77338,30039.426734462693
96060,7499.8064520109865
103133,10433.38588753196
76548,17291.047533360736
79177,21786.260097151317
88937,15751.889313347223
105216,9329.546519213609
80415,12582.839999994183
89404,4322.228186773104
99503,12240.314463899645
102640,15566.131537275613
108003,32445.74458615819
78038,12657.314850840756
96267,23046.829033979695
106361,27837.135832793967
90046,5335.220508719741
81034,21160.486425025505
77832,21062.35492804381
76482,11499.270733776033
103687,7733.73839689839
104148,16289.366516102391
96008,9219.287753526729
77464,30035.339902888434
83612,16622.45611666144
88727,16888.7359348165
92881,19941.222922285295
78787,34102.8504847134
92593,15547.990623277577
93216,12652.746439156348
108447,8755.717569978213
91746,29437.55661024151
78670,17213.309274942392
93142,27135.877838440312
103515,11266.037140213592
101254,12327.04368931184
103532,11624.311364465551
95650,21978.447123250513
100251,14716.942641248455
82597,9999.462805913472
83045,8054.037996387431
95764,22981.846157220665
83685,9083.72030551753
108088,16889.823196302805
99800,9022.638794508612
104273,10437.374647385082
86860,6886.242207644556
103756,8245.874386274378
90038,8228.172935400762
81692,10602.026261380546
76875,12458.937748454822
82474,9225.623298959254
84165,10879.71383599346
92416,18556.877606527556
76486,15756.70400744392
83332,16901.752854328402
86362,6043.396247671958
99000,12926.140047338984
79474,10959.408450104018
81625,17506.04024567429
84416,10916.511095279891
107026,44960.94966805164
78888,30254.5239529968
91402,13785.905678077455
104996,14965.975269573859
108161,22975.57577910652
95547,19380.33102551913
81861,14813.450483080427
77574,33309.09849245231
88480,9670.342737375086
78311,32730.855489973485
79130,24261.2527227522
86087,21950.543075635927
96083,9539.17035430444
102730,5923.508044869972
93459,28687.201382454656
103121,7475.915614557572
106519,12265.000274027887
90685,10081.97479556844
95357,14386.923156432425
104263,1952.5837144351415
92978,26010.685929493968
85290,11550.681072917265
90632,8488.393042311889
105283,13827.317464476107
77070,18153.927874734978
97304,18868.238085141988
97350,24247.899359245905
88499,7889.860329843932
88773,17094.741888968525
97413,10853.70754991349
97795,13879.301154095241
102571,5244.86460275906
100395,9383.931534734527
83692,19290.49511737288
88058,10474.011352660078
88108,19821.391622910738
89818,6199.498974360539
84732,10394.361897252762
79794,14574.437382770124
103320,6081.123557049768
91794,15104.764427732773
83061,13558.753874295891
88593,13535.730613662665
100252,8383.403923899132
87177,6192.660293685837
108018,8844.449500857943
102667,14038.473225565665
77541,11610.937546742825
78985,34998.49321682069
96495,11717.827533831904
91698,18225.713373343537
80282,19476.70771025238
92825,27741.165126054977
92684,23441.722283332383
93840,42956.52408820089
85266,5972.0416851245955
96656,11004.434792242662
87600,11735.411992786687
106994,7949.670811076288
101405,13250.508219968106
86756,3818.5376971559754
91439,12351.56556540049
85088,9418.943343018129
93892,16265.991357545588
108240,19737.674235287363
91934,25791.938084901998
79263,19820.663276384803
99012,13955.911738152954
99507,19453.17875408765
104775,13970.351468405155
76783,19184.01307605433
98630,6240.270505468116
105799,11951.009302578419
79687,17668.18885905684
102242,10389.04807618489
104987,12654.619903303026
76197,16071.308382832298
79819,38591.5279255083
105059,16509.38423214737
103748,7725.894338127466
104789,20724.841901612694
107740,21093.745169628084
94310,19592.704561590497
95974,23216.850124215274
78991,27175.997755568944
85346,13443.150427519615
104905,21594.191574230746
84858,8209.339607993703
95021,22772.023631257438
79234,46471.55502962734
93929,28529.932562932325
93964,20493.76120935589
102327,20154.414136568445
93930,39977.282149640436
94220,38091.612930125164
97355,15823.489318857424
101356,10470.785178806067
80132,48123.773106385546
96537,10146.480637562197
95767,10160.473998933712
102780,11623.079462869633
98549,5521.504989529879
91031,32530.608736129245
91922,18980.45905218369
92327,20272.052032153886
101273,10927.167712713559
83564,9214.344435547671
93121,15223.822332656788
91848,21871.120626141095
99112,12063.825526327335
79484,19744.337123648296
83792,13249.157283527466
88337,21234.477789164746
98896,5887.88855891468
82576,19466.539927961607
85186,10518.63400278614
103570,7592.102474850197
94806,28098.88785416808
107394,10773.641305660769
106891,7331.145095523441
77508,34055.974607851604
78851,43221.653936559975
81113,24576.676748840466
85437,11219.068349680101
82280,11620.178477029353
85886,17381.890224096507
79625,27488.015149022933
95239,37990.94357635289
82313,52474.859585615755
90789,18753.872472876254
92484,19450.558409701418
88349,7001.019857616385
87936,2657.2042477019127
96057,10406.416814324493
102286,9902.024103980444
97187,8107.409929697759
85499,8730.202973292116
104015,14311.503227456195
99732,11201.107413797641
87915,12959.633595228537
81687,12499.466162042474
86009,21419.231192378687
97444,9010.444182629963
102004,15462.131629142956
104458,7150.035211132654
98519,7194.437076768592
82785,17381.82319281223
103479,19992.146819495993
100675,12577.007682535967
102764,8682.307184082445
84770,14558.718381855111
106124,6931.405686290983
103447,7639.282163170347
101681,14337.280755473335
97714,15854.450084538154
101446,14387.601940466368
108526,16980.820072310955
92403,19016.817984383935
76218,56442.82989839929
81456,10264.881260951299
81297,27086.037406901316
90637,16287.17488466383
90327,8029.076008401034
95775,14527.273035974747
89328,9167.387633824323
76281,10866.893024886796
105285,24444.93629416161
97967,15459.841267957698
103677,7257.718719889739
89371,16890.8361777634
93864,10522.087471953011
103191,7227.541954051001
84138,15882.352825633876
88931,25452.246364565453
83174,10423.63209754953
96700,17019.176159885177
90557,7495.3038323678475
106224,16840.836383016296
76032,14547.562570914351
93904,10967.776853136387
83233,10134.330166699505
97166,13703.55123560046
107008,11848.246056192549
98411,8011.181616113362
76898,13800.874299321673
77335,22448.01814932077
103661,13626.212791624303
89251,20290.73916627634
107278,10192.372466102062
76306,21776.14432768946
95821,27813.191200809266
93738,33366.852153069005
102085,15125.083495643998
87697,15510.791410689919
95925,19803.11901385389
86432,16046.823691680647
77843,9763.438191371291
91784,21438.10134903208
101658,16882.390603772827
77139,28099.802256586336
82509,9341.615856537861
92105,27830.041054269062
89714,12486.907046950271
104701,16881.126517549863
96529,13893.789759336729
86466,13268.141747372394
91745,14614.226859268234
89336,11532.796151882883
77392,5679.370868616491
107821,22559.50270463618
96431,8250.829267265093
96177,9039.148133797235
103091,7055.398391666817
91003,20911.809040120355
95781,19323.437801927255
96216,13412.379609057525
78178,48563.295260959276
108259,21479.578978085276
81909,9832.085773132188
87054,9804.269643060275
95949,18404.258728121906
84912,15438.431661200782
106750,10036.193352364025
105535,7849.54120271627
104790,10576.162979612744
82394,38373.3473521877
85536,10456.284717561033
88663,9747.476467411381
95114,22088.2756534598
87720,10779.56758389461
105355,6376.575973493249
82633,9452.361824546266
77178,18700.340794152773
82650,10383.303876403963
88354,18557.37233685649
91594,16637.345958360132
106838,30669.067423738936
92201,28902.91925635121
86903,15439.115989747206
91790,32424.611857701424
89435,21289.040974245127
106192,10210.960688834732
100291,7749.971384797884
80263,20029.86285780908
105259,7027.271605614692
90581,12670.964246416877
82168,16000.709639118963
78900,20328.64489680398
92927,19670.687684455614
86035,13540.173964596019
82812,5889.449307687745
90960,14988.753379980657
80564,32425.562003175226
88136,13411.784563596595
81598,11512.829559116903
84515,19105.16798593762
76559,20633.244958631516
85602,12517.916007028914
87221,19205.472154105104
103271,4708.595242070648
94627,31632.27089087484
79016,14338.487272656652
89875,16044.169558319085
89037,16104.36877465972
100203,6084.166628685356
86521,11261.220255918617
100287,6815.129950584134
100028,14610.945921094984
99993,13821.119911354272
89572,15910.58781109605
89439,17307.272924240526
105686,9671.399152686807
92939,15925.327008386948
94055,29675.492978731996
80380,27694.052718600637
99967,5830.123792390438
95543,17429.642351597842
97455,11208.014032487628
77160,13359.414696031863
105212,21349.23684805587
100236,9828.195264159145
107291,9808.579423262483
104571,8820.724132685591
107474,13382.780325789738
93115,37859.55312440815
92068,22280.5169753727
101225,12382.99629981324
87087,11722.826204836743
98133,13229.294227474516
108494,21906.46681162756
93501,25980.883562613482
99785,9488.047401165588
99377,10924.94807375043
104791,21830.64911582706
95521,25000.22700694647
98752,24264.793605843417
100191,7077.050281797899
86298,10909.136585727087
85617,9972.987297793443
101651,14228.130945758818
93014,16514.98020530298
89934,8550.834087552672
85334,15437.318877707781
97879,15430.02339619485
79690,21704.346347130562
108126,20658.748280695847
77117,47161.10990315147
99027,17846.94563495658
102822,11667.502160320528
80603,11955.482264526203
98014,5928.35518446896
77131,46997.37652356504
93449,21338.845019919077
96996,17325.09175346663
86682,6251.9680337090185
88766,2938.247037603528
89860,5974.919652030303
103646,7243.443603064705
97690,18196.39250889062
101168,9368.896849966075
106415,7860.540117563109
83711,21560.129645216635
87996,14339.421989471808
79855,17004.182946901507
105266,13255.546208254313
92717,39600.647483856
88833,13990.398374700044
100290,5566.704078339251
79845,13124.438703314634
102781,17185.2376063061
80780,27194.89662510456
95643,18131.9588056877
90478,5817.717440419671
78919,41742.27116725277
87599,8008.197442951605
83576,12480.9975166711
97582,21429.302585093374
98560,2340.407845062252
94839,14505.242690826753
79584,29700.543059203846
95009,40040.46997711932
86194,9578.533208053705
81291,14403.688578341938
108264,7654.416666141315
91618,26336.777636458562
103987,2779.597203000782
98687,7643.288422819162
89683,8904.43318996824
80178,14451.41133867048
85041,8719.20892393825
85795,9293.558983821977
92667,25749.524016871997
88648,9298.60231422903
81003,24102.93652437865
89530,9994.704125110302
89343,18819.189594782638
84383,10775.459764078181
95447,21866.996683143654
103195,11736.236237789197
87916,9566.683531886978
79701,6413.806773100114
78939,35055.617614486444
90700,7879.04656466091
92770,25046.018100779944
108076,30006.97222718128
76716,19748.635575314336
94223,15737.918990245185
97551,22384.436017940752
92126,30172.48924146624
92616,29261.0803137702
101680,10618.902759338496
91237,37025.26103213494
105108,11214.920769217319
96867,8134.968466998267
89088,13436.673617168872
92402,20346.07259550871
94049,20316.76104608588
86720,9623.627598896686
100554,24993.88171535009
102551,13119.879454102114
88297,10417.44220864596
85365,11509.891433670135
82994,9175.813778190615
79914,13086.15208437492
108258,13568.2449577046
76068,16410.13225377267
82252,10710.02148303067
85769,15993.498875109006
90927,41916.94632160395
106917,14402.898143691009
97051,7424.813722134798
89757,7436.0524714638
90517,9015.83663741299
100679,7240.932802568151
102698,12255.65411537707
76935,16028.862453782082
94802,29277.838418198007
106017,27985.696715272145
105400,10219.03202936142
107120,13725.221262314104
102046,10483.989132488656
90067,11919.612108967149
82781,13839.644122571013
95277,48991.558175061495
95689,23979.95938060813
105027,19784.77250649159
85236,16816.171434936645
97380,16095.216451095423
100285,20414.830110708568
98812,14118.492389254463
96265,24350.124589516272
101336,10325.439388254601
107335,19503.95192213657
96385,12793.419400642746
78322,34715.454688641905
91805,39264.07549035494
106808,14876.24462832023
91272,24869.544091124066
97409,9578.499419498752
84801,13934.33501452236
84783,19453.40464505582
78594,23528.94886559992
84618,12436.950259596975
95162,17292.81336860947
87803,15033.912899596651
92565,12796.350982199798
107155,21437.698991537425
93075,25945.995751944116
102973,10340.611443700036
89247,7757.69809159028
79555,25932.56664950115
90326,19963.6508529751
107169,17415.26188698701
79268,19965.65739316382
99954,9965.170196034622
80374,29337.4692257253
101695,5452.540742032637
91260,66133.98893979749
78376,21210.099250487237
105554,10647.655991765418
106897,17545.21466663587
88890,19528.26103248396
85043,10034.918196505725
90014,17916.468830938433
99924,10238.765074262781
102210,12353.698278376942
102041,11238.06587287287
78082,52934.622890502316
106653,9352.490457605085
85042,7144.065063538909
90502,14330.145830709622
87396,18037.49956506698
92489,16992.402443576375
76383,13632.359608450066
82522,10437.597695451423
89906,17494.382090902767
103260,8165.764343145452
78162,11372.181766242331
102594,8468.095085365681
103841,7478.94093889193
78789,20166.889132328368
106717,9879.40805293442
88775,6656.791822612529
88109,13938.45687481783
87997,17746.287543575592
88027,16380.430053074686
93890,13466.666098103397
94101,20362.398828053192
102675,5969.673293629585
101475,11298.149064039137
80558,11014.981314018944
87171,7717.659213233006
88266,11576.726069358849
101850,14899.200291713005
99649,16898.47239619765
105512,12977.086399753241
102290,11579.073977821266
80390,23041.427440401883
90266,6887.987494693481
84938,10346.311376928992
93151,45970.48071145632
95267,31656.591420328798
92188,22453.877014531725
80014,23371.136792068384
103390,12660.13482607091
77627,25115.38547701167
104741,7336.566763915234
107297,9811.680074109237
93101,26338.035224045765
94142,17485.073173512592
93814,24940.15462063057
92300,30024.70207313993
89616,9177.643429495634
102876,11151.934297540023
106731,20472.786320436797
97653,13704.760309288162
86484,10028.789534737525
97041,11031.829403604326
88263,17965.030456169454
79035,17403.607501043894
85171,21912.097652936733
99949,10652.388709943043
97528,8646.497475740465
89333,7628.073920009769
108420,29613.5299648452
103545,12140.460653130347
87578,11497.275693010772
89794,10009.985729243053
78220,22169.523761333403
86074,9910.633215330554
82330,18595.436878773497
77108,12690.379618634734
90682,18737.984491663025
105643,36432.046647485564
104819,32161.185417287274
98722,4815.932036020203
82464,12475.356760154827
80687,29724.374826883537
101340,5484.933838879718
86763,17531.036783740557
103549,6907.1504874359725
85520,11750.400182088671
95658,37439.98410201422
98745,19173.099092076
102751,7295.352040028458
86044,18575.39065081711
87791,7682.80615809332
85907,10971.791582421863
82976,18207.475394404104
87738,17703.896108371995
96035,11050.723752198684
88577,15302.583207046768
87932,9386.291843364213
100197,16192.922312170414
87983,20319.263215517898
83455,15817.060044827951
100627,8295.411006129105
108491,7129.986663847114
103896,3194.651352846835
100166,16112.86943345436
84224,18397.288771327054
82279,15816.807446337452
102695,9291.001069399565
91730,13076.295760253197
91520,17154.288513295112
93441,20563.915598878728
104061,16205.102868401502
85328,17354.55288524846
78431,11953.758046448927
89987,9367.707913754113
89785,8327.732669394725
87524,11056.658313298207
105313,20910.424968277017
97204,28489.962553840942
81190,21546.38418497616
106185,24411.1119483548
90483,11299.795146338345
85436,12294.997224204366
89422,14896.192626210668
94943,21215.495957002757
84834,10027.92610742636
104864,11730.586430721156
104593,18559.765414935508
97614,8206.706759442988
105794,9990.265622237348
87647,16500.684044968417
79445,25572.681878560714
86179,9878.914284285256
80653,31078.08401761413
86987,9505.251467504388
94399,14635.39622299981
85016,7862.572635185022
97822,9891.41133625018
78119,17639.190042026006
100744,7209.061551046487
105979,11294.91169498035
99994,7788.531748582171
100774,13219.268161810889
92935,21423.341496442754
98288,12768.656547496783
76583,10812.440342732438
83919,11537.1395940583
81696,49940.33175497315
82491,16278.743797037812
105912,7495.4594477720375
81324,21521.15269440437
76616,27493.95058252023
77437,27299.162146871207
87372,11043.76209175616
92668,27201.837536438532
89936,7146.800533269592
103228,10653.6836742603
97587,10474.547989559853
101465,14039.241741763646
83831,9831.04743919392
106127,16014.35336299974
81306,33064.933259296486
90977,19631.83660814629
104439,17250.077685231958
93212,14795.597100638748
102209,8152.682525708863
100072,9301.683272230155
82518,12102.189157807183
103988,4995.787997442943
89788,6600.454078079993
81061,15897.759085826732
102430,6347.169780199955
97938,6185.817581997262
82243,27192.683184224825
98210,14209.722354501539
108342,20622.349810836247
83764,10948.070179407421
106233,14802.08814750188
99659,7331.159938759571
99142,10884.585247881989
98655,11226.897336519483
108449,17006.040410824877
104515,9945.303361238448
97931,10795.602680219123
100995,9723.574925407369
96070,23398.629709880617
76333,13568.296557196276
106307,11436.477764431753
92092,18555.70666954587
78883,8941.91150636038
94921,28471.58134901374
78172,30995.153460943606
96430,26458.67170378955
82844,8101.438611896658
82378,5351.48961808155
105297,18362.54013697024
95050,26248.534818243796
93124,16611.20326378048
80112,20642.55627319979
86478,10574.113214007812
83917,9695.747476131857
100721,12835.950804907132
94123,29470.38874589156
100693,11151.69721998395
106688,10511.846760327362
102131,11369.444336761893
99935,8427.734837451932
102108,7916.725673479092
82729,2657.1412178012984
77495,16811.14522639434
98827,11809.388174149375
97526,18552.87930819478
104954,9237.323680169613
78155,20942.150358844505
79469,12263.896824727062
98055,11605.247261658938
102443,9441.027607075279
91468,25769.514772176943
96944,11663.661314510497
90974,18998.674364469436
97294,8286.84757402545
98347,6549.948837438273
96505,17126.49550632056
100542,14694.118671462644
79348,19286.0255175775
95285,24084.735316437385
103440,9950.783357765704
91432,23342.126338834925
84815,14994.990633583384
88959,17975.342509857946
96017,24865.50642600446
105760,12187.99431214024
102874,10172.510738746178
103528,4790.877851342625
87558,10952.730207118762
95691,23970.857614094224
106122,25321.42612245398
92479,8701.127481117139
106673,5177.2716275618295
108143,29323.77379306101
88298,10051.498067231878
102149,15135.254794688664
87765,15617.27732628009
90258,9984.294255207358
96940,9312.971064052146
108032,6916.175662956651
77733,20442.38105020137
90186,7126.933793510502
94702,18324.743250347212
95120,27711.618489399872
91144,13338.146958808074
103053,8133.5732218952835
99408,13257.436570100317
79533,23349.812379883613
99369,11148.440152000807
105062,16990.49819347433
102029,13431.45576691664
96368,21591.712324351847
101066,11441.564484941651
100088,6186.0749475899775
84869,13796.301757812158
100736,15621.28829242454
85981,14417.181985471098
98872,12552.006660793792
84037,9421.059990071275
89217,10882.078558764279
89775,24174.785595917434
88379,21216.088156250684
80011,26092.238206967893
80836,19542.179694774928
105215,12300.891634495381
93719,39201.220939284045
107968,16709.149441685244
98967,9302.772961234627
85591,16149.479453667964
80478,11417.022330960355
92882,17611.956383820605
89721,9294.35839071542
101878,7953.726617253257
102301,9810.168587108723
101408,7386.293265789916
81446,13795.524385633102
100045,12234.339874290423
82986,14344.991000388818
78772,21670.552663900067
78208,16174.144514234142
81689,9329.797780419669
96791,14461.717362221794
79141,13047.285250006466
84271,15460.966227803463
94879,15933.148103317431
107759,14633.501765904708
83675,9829.501658032234
88258,11929.057314157164
96976,13917.039610378088
92824,16979.96732613302
98414,7335.629090957407
85028,10085.909769280986
97506,9403.810176226863
92767,24573.785085651998
100210,14917.122104371647
84470,11196.874691838737
90627,6855.627889251144
98768,4853.221954256495
105263,9826.526337542658
81662,36419.715058427006
93787,15027.670278147554
82688,10192.366221975117
88923,8591.564964219922
97463,8432.228444287099
93008,14480.546312608973
86807,10011.585362264519
79997,23050.04192596916
106742,17961.69556639558
94777,12199.27519561828
86594,18019.221715986245
82991,17739.24453749229
102203,7427.922795690724
103539,14646.845292472553
96264,17174.638484574447
77721,13919.333520024544
107801,15126.113647942446
99511,10054.20436780261
92801,22916.921360066724
82658,6621.472376708614
91732,15179.888965744096
76557,20173.589616852063
91314,38778.67017827776
82198,15209.03599803357
100607,15529.720790023117
80984,12135.775065152093
77901,11272.304877312508
95736,15564.890847797731
86809,20835.252766951093
78288,19013.723474911603
101339,11056.235408216584
87249,8185.91920510034
82143,34469.159627088724
83850,15214.09506962564
106952,11001.414058158163
106504,28493.320065222593
87341,15529.921171723472
94165,74145.21946800889
79986,22475.112203508983
97235,11681.532972326
84860,10406.75629963744
94913,20162.466852490714
82439,7495.082077856775
83066,9955.118744340536
76993,27721.887902765604
88803,16378.023705790947
77506,26313.05469777383
76456,18881.507176934123
84599,7483.155762860086
76680,27044.740027118285
78685,33887.529935675615
80310,18325.785592074943
107412,26182.24419499539
89792,5773.3641831804935
87421,14469.072242269702
88821,11678.594901387813
101930,7712.281562569031
105822,10720.420083148312
97642,19803.804213116877
107339,10032.521089969052
76550,19773.55109774141
88272,5124.595564000202
85777,6724.917710239177
104995,14008.458803608342
82640,7499.9639094993845
80887,13794.913564202572
105022,18960.037208990776
79920,18921.341334206354
96724,12089.848106683248
87654,12018.802281372882
80242,31630.85578730107
103464,10683.181550720601
99537,11257.811980788581
92524,28943.995078633394
83634,14483.807987008928
77597,15236.43771382397
87830,17221.942842839035
87700,17899.44410799445
86513,10316.658759753911
92891,12955.536903164959
79513,20260.737335902584
101087,13656.330388645954
85729,9354.181596555285
107672,22497.920360372624
77549,31971.342046464022
94307,20258.219327341143
84500,12705.775977822253
98867,7802.160430508795
103039,12623.830382457261
91192,29862.720601912573
82205,13618.97475971161
100369,10929.402699587758
107529,15894.162783942338
106073,14003.791178798465
87934,7645.3839602129465
99978,14775.359948695172
97512,18639.887561727952
78085,22492.98310436426
83329,9673.788512479583
106679,20654.4292954831
102680,9923.477493802218
100260,18055.5538663924
98100,19919.222709034133
79452,55277.91292395026
94814,27298.11699257339
83431,10767.713144387159
102298,3868.9855514912406
86411,9229.580150987153
105783,11646.26252907968
79588,19781.034428394785
77976,11783.198815715832
103387,15605.877694038203
93070,39911.762078066255
108393,22556.975825218917
105094,16451.803069815214
101152,8541.067143652246
87464,10717.358307116601
92410,28588.36857018301
102395,7058.638412091244
98531,12665.706421593226
89945,10082.868043618293
102454,14800.669227934626
104729,14262.53445330719
89493,9539.35043439845
92058,25671.315390488035
93884,14920.155751435548
87594,7506.234819221226
100891,12296.81803977541
81535,23007.54789889741
80847,31272.119043513914
90120,9025.167054959507
76004,26928.476992837917
76670,18161.686138930352
82018,8784.117637552765
90007,16256.517503824161
76604,12718.453696387474
88324,7095.897328442681
84260,15425.936307796981
104662,17932.92555525897
80740,24432.618782723977
94973,17234.63332125288
89099,26348.884624091308
89528,14759.708050204928
87947,18689.272223455486
76967,28015.42419656292
94126,27669.537857689687
92187,44331.63579323341
104140,8428.90485348057
80573,16134.784612205125
99372,14189.65393253427
79790,32355.19912696197
94392,20670.1269396772
103573,9949.433216146577
96538,12083.544394129556
96774,22441.758675061556
83631,12449.818125003585
89532,9173.08412843187
83991,17355.16828325717
95769,28259.928297357998
83263,15784.69518581164
87065,10009.104190402953
107642,13800.635677190045
85968,9234.372623306803
77321,17037.67079144532
79237,25411.229038653197
98975,22571.918035459035
95590,25587.251228560483
104906,17686.42194396631
103289,12158.008397415688
82134,18208.806374866967
108432,14134.23922960281
79361,13865.949748821187
79283,13441.646047945065
108270,10020.719785563673
100333,5979.668601501116
89059,7077.306697885859
96852,8388.32081056359
89651,17802.5711770745
82856,5371.794075453318
103072,16144.753804143656
108315,14490.845693830312
95664,16798.7623857321
87882,16646.42984599696
81682,24496.81036633676
102981,5174.721106359811
104776,9024.068052025626
97621,20075.86867406875
100451,11556.648079152577
94393,41764.67969274332
87416,13006.640801159167
105999,8351.354015776451
91075,3443.399413615059
104390,14693.79614668719
78471,71410.42872532702
91077,13490.2510504914
81733,17336.521825288903
81475,22323.518105067462
89546,15478.336061764738
81968,17877.63734005436
82201,18480.447231793656
100703,13665.632528192777
108173,10769.456237130054
99283,2625.4363285836266
88618,8414.780906936068
77172,19130.68962761425
105813,13559.576612307073
85410,9311.497584899245
77665,13078.67059574027
106427,14999.768266526287
100684,7324.308402013804
77682,116162.41920107407
106196,2626.444305831635
88627,26561.82436880296
108029,14739.50834305682
80142,20674.399877817246
101534,14694.738915754111
106737,22203.580422985582
84776,8450.15585806573
100686,7186.599706321574
100393,15194.500531969572
95593,19175.143031363998
106482,27667.096753831283
82594,17429.710925050676
95052,19558.921360836925
77581,31331.68733515596
105894,15484.996040397422
98981,20021.122086960466
103791,9971.463490524437
89035,16695.86858748324
78988,52578.19978647723
102284,5559.314004717146
78961,20935.94462834824
100824,11455.625950541473
80563,18632.912681210717
106006,26669.812926622315
98874,5756.857596771556
92004,28181.136459578174
76541,5977.261925146171
76087,12074.367985108933
96383,8594.012955319986
89403,10493.297334767632
85502,10782.408788204642
78453,15869.548931999827
105672,10095.246963807564
94086,29910.2640817644
103223,11989.433929315537
106894,6021.694881406566
104079,16402.074083557432
76659,52395.66661985921
78970,12349.002291459348
94467,7642.974924078528
106317,10229.156888458852
90990,19598.0441205237
85168,15866.397285025547
85329,17287.443917696906
90573,24283.37256569727
87552,10007.983746996204
106650,9347.662707567235
97658,11800.02450555733
103443,9902.19023612132
108293,10707.442550952872
106230,14800.614419985983
90762,4861.310368575754
90385,12276.925675064304
92892,31884.517807597647
87166,10641.276842707653
88217,18224.08548225242
107357,11302.921365949278
104588,14993.806058302647
106711,24883.510478516087
82117,27670.444063110153
76811,20995.153288953137
96629,14021.749890138371
82497,13402.904223018597
105204,10649.816762823868
92020,23204.200584902148
103534,11476.583285834426
87801,14044.04434324851
76388,23055.247105403607
101512,6340.967422492811
88523,13607.035741417625
82847,20377.967835509422
96295,24562.559917949493
104555,13781.848659050278
82459,7946.18083769299
88896,11678.538030000904
98912,19008.753292338668
87904,11912.167256943805
97899,8473.309504332186
84404,10054.151415832943
83628,34933.482928101475
98240,6910.79865580958
77405,45999.22940933148
95241,19110.928676461182
86588,14856.249941754457
100568,6550.680063013984
103330,10115.884452517175
88168,35169.57427186913
99695,8479.796277505091
105415,27128.992139034286
108291,10551.281677478499
82483,21117.84049091049
76215,13178.820027170907
95883,9573.507493894218
93944,17869.86301619009
80545,12398.19722523312
87133,13713.715017437687
107929,14691.712498619605
103594,10839.429143030071
98090,2600.5823156899123
85950,7860.835978548504
97817,23196.049556958886
80349,12007.205308353898
92065,25748.245284968907
81419,21393.16204565202
103547,15889.696003862533
82647,15515.055172255463
103287,6278.386800201329
92620,23571.48253785244
97818,13046.350999166652
94762,16731.999013844314
86986,15333.422662594778
80244,14273.602193655981
81808,34796.97578323506
101955,14310.779064326509
100277,10713.169494868736
97433,9823.365067309684
101701,11636.940780075334
88891,17362.367034173036
97998,9445.396142452317
84676,5841.711683667175
85102,12381.284008016253
95997,27197.174636227322
108269,18360.826682725827
101745,11520.131847792933
94167,24366.459123836215
100965,2662.590749376407
96695,6468.224219543402
84077,9429.791266344484
95666,31047.348749515902
93525,25927.49311450041
86442,9731.672623959277
98856,15163.377418623706
102762,11058.61341415463
91868,23474.606827267064
85895,10364.45789471731
83837,10127.06321375471
97933,23838.922668188923
77159,43890.162754551246
86267,13214.096563597885
102669,2860.527348652408
99058,26865.410251455683
83648,18499.2496402944
90586,16648.401648099563
96303,11349.824659811584
91599,25152.043796203365
104830,13238.572114924493
103867,10668.661323397268
103352,8493.742867857884
85911,10668.823053963857
86215,9410.165796643038
100026,9354.011573389376
87347,9286.38543835954
95363,16500.470320999517
105922,26879.766667884483
100582,10328.765560445361
90707,12954.6092749859
89442,10824.141032269989
107455,13182.178284303836
79441,34375.31109917536
99119,12917.973907817059
84855,10953.42342011711
95694,24730.42087022052
98802,20199.760432026957
93759,27586.020480936633
100855,2753.303405059701
93601,28657.318286181322
103425,7643.839674514583
79810,31685.266709311538
106082,13532.500031235812
96555,16987.61368171925
76273,15308.21012847504
81265,14152.92344810645
76722,20234.659089866935
87080,9694.108115006053
85477,13414.394417007032
100688,8032.54819730247
101612,7120.672835048864
107135,8226.929922097153
82754,6764.284214991098
77167,15805.271147659625
95627,33337.350771029945
77685,19508.283924469928
81835,20706.842767635808
108459,14472.525014105217
99976,20010.67631636935
77873,15862.121352753811
91574,18445.188351112614
98487,13435.164369372022
101067,4989.894207425109
86888,16620.173214856717
79051,18719.252363464144
105704,13457.115413728852
93009,23956.33815827842
79182,28223.069722771557
77226,19763.430969207264
83439,10793.176842035387
106093,18015.292073859247
85243,16556.737499178944
77181,16791.8463481659
85451,16499.834643542345
76412,41059.19503034737
87990,20857.251451674812
82077,32320.022395730073
86289,18392.841551415233
81566,24702.322372019757
82864,11083.511897265946
99130,9762.767186157931
96176,13695.917976797864
102269,8028.426513772479
91841,24201.542862620325
76041,21877.61394085085
104840,19494.029561216797
106253,17791.622389909553
98245,23932.779970227693
77039,23080.04475970004
100730,7397.403652108911
87739,4950.798913089714
107559,11408.581314198487
103282,10330.515642310087
76646,25274.04789645108
80252,13142.978950839144
103895,8704.984957326666
92491,27002.806147141557
89765,15042.135793411968
106652,18071.875087079992
88005,8253.580869005877
99470,9664.887687622122
77069,18195.04087002782
77955,29741.91192553571
90809,8417.490365167889
91610,20569.824346926805
102774,12361.024845920274
78231,8748.684507039641
101171,7595.457093099585
94420,10604.395305278716
91378,27527.663198509403
82771,10508.06227707054
99918,2816.2024601143335
103574,14339.30510225643
86799,12846.447673171144
94318,18631.611543664567
76950,26988.53597035827
101720,8549.78276353653
106698,22885.865090333642
103488,9661.180982470163
99153,17425.75890407864
104945,21658.875371168815
82708,17169.310207458962
80674,20115.995796634066
84122,11235.083397027827
100375,2215.668774330195
89456,13981.057861068693
82974,13528.747701968357
104716,22774.760245231486
88124,16035.446502290319
101244,9376.045371779499
82069,17469.900783649253
98606,14794.456641592551
94412,31532.639309526727
106030,25596.925082944155
89877,8309.470354500952
83349,15296.724870445905
84253,15683.096617537376
79774,22328.846476487885
87259,11191.047804630689
81587,9944.624490113945
94407,18517.847504358706
105889,11632.642507809429
90829,14242.450852598893
90286,7779.671599433803
90162,13096.641230819327
86022,13400.092303207932
108101,25989.775053521094
76814,14301.144586679098
106162,21654.36295537972
106605,17282.35854074113
99590,12412.230041527748
102676,11467.016259727781
107658,10789.871581095927
82396,14098.449334286093
108051,24853.820826083156
92955,26615.917011646212
83520,9723.725139646742
80338,16808.68824064284
89312,6321.1609421776
80751,28045.170810621094
90622,6870.432591440516
79431,22403.470512083317
82870,12951.525861437545
106446,24207.66593090844
96223,7055.665146829079
100491,7093.755663476113
90125,34646.41390459029
107869,20130.400000675178
78278,25804.068291538042
104244,12096.27954725137
93810,24244.711612591567
90911,24504.267709568856
81869,29286.74773565454
100472,16384.736199994102
101927,13572.016428849842
99713,16442.530137837428
108184,14376.90701982164
99764,8450.330184060975
101286,15913.09488997859
106534,8288.947700151484
77461,11884.965332642127
108272,12310.505284152934
106010,22408.556005211467
89193,13724.139632778075
87761,11609.62660460012
88154,13565.10446493029
97789,11743.460133527853
98271,7014.170104800886
84160,16063.201485224554
80752,9518.992874930686
106107,21362.328905378516
87260,11260.326020159704
76549,4448.198556606729
106619,9599.14639434795
93849,29025.82467301093
96045,18418.21321589361
98306,8771.909660489453
91896,40855.87117054369
94048,18583.33201761603
104918,10487.275929071006
97720,7959.251984024164
97482,6804.964622118954
94156,22154.202201734905
96469,9185.853270017828
96918,18890.670405450048
97241,7453.567289882848
78150,13560.739688081194
77808,40994.62113545001
103265,10889.81415560277
99485,8570.518074711359
77860,14997.76743977047
83834,17971.039227036905
82565,5805.528038248352
104344,28442.38601170569
88984,8978.032293377728
92161,18912.69147609061
102199,19400.498933490522
103723,10068.506703874044
94677,21390.637588528672
104806,11870.400754208335
87148,16914.908660437814
78411,18013.94115367849
97856,11266.085501401098
80535,21190.807793463453
90156,10552.150117472665
82176,22693.225585714037
76790,11000.103172083629
91762,31105.999878026803
78650,29609.496102768517
82763,15127.755248308262
82678,10190.34519199204
100137,25946.160061701758
78365,29382.936276395816
88768,11220.897006336876
80346,23520.82764269334
106682,18181.249273434445
97171,21042.45116924874
81701,15481.747271864338
84073,11730.544877711916
79549,7101.990414739527
100269,7044.091730900015
78466,31660.91751094303
80489,7600.8497039198255
100009,10774.728026719522
78769,14070.389939379753
96821,21333.293460753903
107253,9331.24924895093
76045,13008.408960884963
85567,15044.63269748502
104651,9758.968767690265
94428,11881.579127947078
90549,15120.75942953914
100940,12438.86151469451
105608,18676.38507710687
105280,9966.25968828026
92200,18214.5595240982
91082,8256.608413587688
77298,25131.5656869207
99432,9869.440499225771
80426,7608.985449976136
100817,8283.943912971963
98552,13493.326347747892
102428,9137.621367481797
100978,9026.920069967446
96371,13758.572154664162
84334,7646.636867756946
90196,6771.149761832544
102540,11507.76833253969
96914,6836.7175024229755
100895,9488.159146310401
105296,27395.081881675356
101888,5874.4047529211275
104077,6890.114737681985
94267,32516.863267236833
96803,21828.768150253545
88905,8800.89225729716
106132,8791.746333261324
104388,10317.890030286317
92704,20289.171688423667
86345,19201.76585388153
98326,51178.766842494755
98572,31478.454926454404
98754,25061.39615282313
77794,12050.10118948613
101082,6577.989774404106
98455,11873.219223694436
95796,14746.972617126723
98861,20001.756534609936
87570,3500.341419900174
91904,19078.720854558323
84147,14802.907763280187
79470,33037.790634156445
100012,8879.262909999623
78698,19883.190574752214
84929,11158.196308030301
97808,16317.840231651335
85299,8993.715420059632
91297,69360.52370771798
100772,5932.540441179252
88500,7791.74488031115
86077,19039.104915540225
91891,17445.12498513583
81059,19365.949566573247
91023,28023.081120315244
94693,30171.946449865263
83779,12765.326734033382
102323,7712.258254699934
86078,9930.242205254805
85595,18048.216907441565
78582,27306.628618820167
82311,34368.364317755506
107228,27648.025181974765
90613,15312.312617091382
102643,10098.7616849633
87044,15833.289472138104
94680,22955.77954288775
86222,15755.900363717416
92844,22418.56820369307
107625,2963.1422104003527
98155,7057.617316652742
95145,16471.56290740482
79545,17437.379422963375
86312,8948.641074397567
106466,11425.188136568704
102721,6552.178197247113
82720,8578.805414497405
89908,13407.035724455209
86593,4371.041087581595
86930,8053.554099639959
80460,16926.380317821342
85235,18720.487638589497
103331,13455.77575175405
96526,21116.1294179988
93359,15550.227254143383
104761,10244.542433251203
76684,28657.662773689608
76697,20209.868259409508
92488,18807.86648815462
107148,21061.126694998547
100685,8477.335356378784
79407,24209.004745143804
90983,17177.9553354974
80435,13111.674968718298
106658,18374.315483780316
76894,36892.87426049002
77367,17643.253436013973
80301,39943.42892013531
81032,18917.752818698114
107900,35984.151260546234
83046,14544.473220688482
102331,12740.053437287275
94376,11627.478300795838
83559,11308.096505442882
103509,12335.195283964666
76553,16177.785223296107
85897,12054.46020288607
91644,16069.366687159845
101598,17797.822842456324
89707,10989.182230072276
106964,15886.068886034696
86117,8561.497012539161
100179,12628.301405514898
98605,26451.587497741206
99719,8226.675088660288
96764,16174.251612091473
97262,9176.652476385434
79645,21757.79956515112
85785,13266.399459984317
103444,7420.525180613289
105639,15176.285428240157
106379,20742.06528776543
94283,12950.578558817844
80195,17271.688679286144
84709,17525.786870897562
106270,16979.296178324614
106321,26559.93793678966
102975,10544.117262711294
77231,42835.904911775164
82488,7085.228843133338
100406,13024.753393982668
79606,9149.296131416211
81036,15324.337813009119
95806,28447.283928623005
97217,18443.294507455023
93696,23946.77824823329
84438,9537.560317778134
108083,14825.892289139401
94109,30070.649934226833
81873,25244.019158655512
83535,11243.043513635328
108253,9497.947083514997
103572,6647.922032782193
97782,19602.04399349835
85759,17170.428214964
101313,8886.847418845631
98905,13358.658022461404
96344,19949.77687328812
79144,16053.538204679602
93593,5167.640705261446
99886,10636.522893060908
96085,7126.750387959846
91717,25505.39116055053
100170,13673.353533687892
101760,16656.067992238113
104762,29624.090323563745
94364,16483.542010803005
81819,18633.50285924598
88720,12793.481504984065
76810,18905.842022739085
91505,28690.102684943653
91740,30370.924895509357
107115,29946.5927579659
79860,22179.3429960382
103392,9149.944519285247
107926,7594.103364425949
98206,11861.611943126738
91551,43058.5696819842
100331,12824.491806826185
76115,23012.002070979448
82255,16030.801321780946
104007,19473.431120612502
77667,7022.689875573174
97247,13185.623094056316
104182,44644.56977910272
84802,11606.251743912168
82517,4999.154705663027
79978,37219.503951656414
104400,30430.236047556293
98809,14994.157526606421
96889,17963.42186843117
106291,25100.968609303498
99347,9619.153779874705
101462,6875.397010484864
92841,28793.852998231156
78210,64732.87816847117
90440,15615.07046598183
84119,12810.854655723637
96872,13573.6092671956
99411,6660.902078143176
88399,15159.704054158025
93645,17017.483019599982
106472,13261.511783618556
93223,17040.097243393055
100761,9967.730751339022
84396,10586.352384915086
81694,24243.760220776025
91499,51771.95861590732
86428,2768.815442307262
95718,18336.35760676198
102532,10650.630136671618
101976,8038.218356264412
101696,8359.84136746574
98887,7201.857395374613
88660,16185.417398981039
88640,14676.377517464958
84379,12833.452197383987
84581,16429.075862205067
102278,8581.358954715613
87590,11397.416460560913
105244,21692.622210532474
85140,19773.852589160306
100212,6952.867285400944
82463,9352.205181306595
89649,12249.608950484075
105119,19192.81259437146
101138,11132.06837839196
97613,12793.344172249448
106323,14202.255839798918
102910,8162.194961790015
106664,17300.30545098289
78285,19826.862101276573
90102,11415.793933079032
96386,9062.271394506903
90800,7612.117314844288
98566,19284.96505138391
101815,13100.539491851076
101798,13707.633621718896
97728,13632.102464578964
99174,13080.213226161126
94250,18788.742172375132
88827,10538.626955123107
105493,9000.924362349988
77991,27155.19938343843
106003,12433.438853960532
102938,13870.999407804715
80815,19592.269322770193
102775,13019.206848881884
106108,8837.068500067595
86213,13284.748431983406
97119,17884.183780554526
90341,17181.036113185044
81713,23355.31692832908
99887,7176.570698984412
80067,49054.20417002874
104710,24924.29128304384
99374,13224.109783295884
102685,9559.425374144497
88454,9529.918230061083
88121,16550.176496174692
104607,12804.231619414559
108321,15990.471140998085
100788,15996.34738411354
79504,20509.144476948793
108273,19021.581142472503
94291,29095.2396161524
92974,19540.415547151053
98506,7379.174167679159
92238,23508.141607989455
101214,7832.486405535653
92872,24914.65022285006
92412,16314.426043385118
99487,28009.58504012597
95246,31311.633857057906
83843,9978.001965566418
77705,16737.397502379106
82903,16479.208773976847
99335,12617.350145424723
83112,12252.388015745435
82946,12097.215407297514
105777,15376.542930931362
87013,10733.180779507775
96752,7292.176405624681
106136,20289.167746442283
79867,33545.32071339346
84377,11173.863706989287
100807,13497.321709838994
77327,37105.24231733829
90531,14308.515003797347
80907,10035.666809371196
84019,18180.999547237396
90542,16481.06115050458
77431,10629.92025607647
100648,14259.4419976723
86836,9420.900208427933
85657,10000.458376120325
104881,19605.32401739487
87108,3228.36116121337
103909,14455.365763666154
101363,10997.018918759652
83894,9781.700437666168
87239,16681.15726930874
99880,8148.208260860801
101105,8657.514204154291
103682,10436.449075995639
84580,18322.57026913168
103278,6305.0965814179945
81972,10131.781232565058
96088,6289.729285410759
89815,7448.243935040933
83189,13525.453875918713
93790,31834.273992820075
86893,7103.770901109699
85632,9408.374084013367
84891,7312.182837919723
81765,25060.129693231527
104808,12379.340382625975
78274,20529.923772418322
104323,15223.199457411505
104215,25877.87757954601
83258,16425.379851545957
85415,9312.566106134394
76352,17018.324804108488
105843,25995.443605835684
79923,9678.875141154842
86788,19682.963078376357
106140,11153.492711581172
107298,14940.255743828991
80097,58967.37303001242
84584,9924.048489689932
97123,11489.073315612615
82024,65773.91693738839
80482,26239.61247234323
85092,13553.081793421195
107615,12738.301586316245
83158,19292.88707149065
98377,9874.174302793728
101038,9454.819523860684
86398,11336.120400331205
93257,21045.165509941922
76372,24908.11427628594
91976,25183.70247587363
89914,33779.27609590054
102249,10330.504807554013
92223,20694.1097979632
96162,7686.2803083341505
78476,40477.816029467576
84032,20541.03109654251
87790,9915.67502055932
99047,6807.696875996374
85743,14638.379490572594
100359,7221.960825231372
105381,20686.827317426047
87011,10796.062601022517
106016,22086.184388670492
104246,17224.60400204987
98535,4395.87415897761
101636,7017.420768608772
86057,18921.46461327684
103082,7535.192417111496
98076,6546.721788089926
83514,8667.20164648018
103770,7856.210454335806
81344,16775.328598765136
95622,32735.241816565034
103797,1815.2987843248357
93056,26998.739875622417
78395,18706.253259287772
89628,8348.988598150678
103060,4375.744420510798
76440,21012.754622596316
91172,39323.80208328851
92399,30834.50256149082
93498,27436.98626547607
88211,6078.099680379488
101974,5818.298694110268
92110,14894.634981790456
108282,10300.776694219463
91046,16816.63572152205
87325,18043.911365663276
91442,17843.557690103004
105058,8726.302749088287
83755,10064.41928306108
84596,11205.598181073856
86642,9523.057844366458
104884,35435.89271775556
99464,11980.325906921855
76380,17425.782432715903
84398,8110.708766754044
86695,13668.745607432327
84967,16893.16927684179
91413,40499.93168803778
104536,19919.331515020564
103653,12024.815454515658
82660,7620.518191188801
96278,18797.075213392083
104281,9084.64384535629
96493,12998.867004252104
84816,17459.57961276456
96248,7543.136580443051
84910,13104.812737250937
76150,34931.231752089
84168,8407.621066402646
91284,21307.368543805514
95359,15801.687638783595
99809,18084.09848879877
97478,13113.818462879975
90354,6898.920739429667
76268,24710.2871713384
99017,5095.88509418805
92966,14668.947186839556
98031,14646.850311622144
102949,10467.515745548239
96793,14955.973932541676
88706,8063.156839326931
100609,9192.687260154567
89116,7984.247301663809
85861,6575.00702576515
81217,25798.924961712994
93134,25357.964995859445
93383,21749.93328256344
108417,7270.407374412513
84549,12145.436020721478
97741,17129.356080137994
82038,27112.41942063997
104696,11689.999088880508
102985,11380.758655811751
76015,35962.02395483935
89233,5480.377725782445
107693,9106.714718557498
79543,16567.27360553666
88941,11591.663445222408
107133,18031.685422024828
84262,9681.117375745505
80022,13305.739701271581
92947,3097.4635648836975
106355,23157.260468616787
84561,6792.98568316949
98987,19965.408347141765
106383,21600.415483412948
81784,11495.032979490199
100364,12792.572435022588
107310,41856.260931364595
95690,33588.23300058192
76393,29959.319131052845
99698,11786.837698191657
92142,29350.907465715645
83931,19574.93832832057
89216,7613.36286239787
78447,13556.152620242243
88380,15282.319088486835
106609,12000.030690280302
87906,17031.139262103385
107946,10795.534087992937
98084,10892.070925059465
86920,13657.191247020017
96738,12970.480255468196
90639,12792.461675676734
85170,23582.30527935662
78613,21278.701011232308
105247,14934.703313252254
90641,9604.244003247437
103803,9978.299593992091
101871,7581.519486286583
84737,8911.968022270337
88357,16580.74613755658
76060,20829.64233746646
96081,7218.8067717514705
95771,18157.632917378676
90465,12008.41569520046
105795,6687.78825886845
99716,8961.616270760685
86627,8912.154543293695
76452,31861.381982508774
106972,19258.613256455246
85032,13309.459805600083
92339,20840.171488650485
92906,32439.53529698533
107476,26481.911195619938
98693,7696.602049036916
100745,15250.45081920789
93962,29757.870729423266
87071,26577.674514862054
78456,11509.328181906465
98616,9393.505870256928
89502,15024.823094113408
84812,17454.46979252617
99278,11473.730164106164
106760,33448.4478639975
93843,17372.66088083849
89686,11717.395911320484
89459,14022.127153916415
86882,18974.995122811335
89055,15640.162715182725
103280,7798.850074743804
82388,12059.866394138093
84322,19499.322201018895
99763,9635.857056892022
89240,8652.376328464241
89369,8896.635172689215
97845,9650.105564437732
98505,22672.43226751327
83594,9178.404498561853
76879,19044.65320933446
107542,9033.500221774702
80047,20885.814667443217
103396,9954.51886038309
91511,25393.618840346287
103680,7942.9665384935115
90952,31850.706089583815
80329,28058.997990051874
95213,14492.888203662484
93454,18025.73208543906
98790,15111.914208025295
90991,48530.181131722034
103576,15933.261747653196
95054,15048.178812228973
91254,39977.282149640436
78354,32154.016676951163
82354,8697.509532200495
88849,11002.963863034807
89577,4069.9952180088135
92417,19594.99810988469
87390,15614.66769036024
90610,14814.47946539431
76083,27636.794122070907
81716,13719.850249003037
91781,33532.13236591199
90138,19966.703682773878
82651,8689.49996394957
97872,7809.983334548569
84809,16165.95678376901
107232,16251.933161899813
82070,13053.771094664264
98299,17983.536081666192
108152,7157.908892536513
81894,14136.641367929671
92170,31121.111981047157
76815,11423.172120809426
85318,17189.030422544096
101609,13583.378286042693
85681,9841.05001860892
90628,4497.623332143368
81278,9146.097266291847
85022,10472.612370499359
106237,10048.1595096074
99060,12222.907670945435
97068,18547.052781301198
81590,26622.87239049716
87125,7680.486507838993
86034,7219.410259851527
92154,15949.55455901104
94085,18539.428494431257
84555,17840.782390311644
96138,18700.676534307117
87289,15729.49406276278
96099,17488.376624456723
92408,17140.886686240618
79885,26975.467974159386
77403,22228.278061991565
78502,37161.868972792705
101012,17598.081717325036
87470,10071.694845990307
85394,17789.58821740622
90467,16032.167394683842
101768,17997.925238397183
82421,12885.18100628413
85707,15778.708765210009
90630,15673.147609407206
83619,11296.560514319557
102793,9461.39125886719
78299,18332.282079040084
108074,10499.994024937228
80894,47395.94169730775
107622,9573.757319246639
89930,14133.050808883028
105194,19676.40458328719
87228,8138.143818115602
87821,21999.955715453754
79921,15171.56040059399
85109,16878.796189614506
104039,5424.803075344706
103523,14513.591945778277
84724,9689.944756073448
101351,11932.971449931392
76444,35989.8404612297
108202,2566.498061186342
92774,39034.45616852543
97279,13216.475549599712
94079,14812.739928775174
101938,6187.687660203608
105071,22383.735448203584
91761,49496.12108269606
79296,30208.731095941563
100769,11172.033110160024
88597,11278.515865113797
85935,9891.225874071984
100302,14471.23624384264
89081,19648.545487171723
86282,7022.3426945661695
107202,8553.682042073231
101999,8883.900651966993
77135,22509.090880261985
99417,10570.159779664466
90406,18088.611366601424
94752,15555.534771920407
83342,10873.830464953053
98973,17348.95928418784
79768,29847.031747332694
77192,11310.238939063027
80500,11150.730677929572
76835,36918.38521334112
86983,12297.482804999481
97069,25041.270759815325
97193,9602.314831385145
105073,15247.541621325181
108405,6989.911357446767
90739,13849.19706566546
100079,20035.172062101614
97513,18438.57012594233
108004,30428.52183025879
100330,10979.363307273401
88508,18565.4049194429
81325,26566.860143629772
105920,17344.337338659963
81530,9627.133055454593
86776,10737.872195296157
80384,12334.641992496065
105020,17849.657095061444
104228,13220.45965981186
103926,5945.13047197568
92044,29716.91501786957
107049,8172.04261226644
107408,19994.309464166763
97280,14746.170364059597
84121,25979.68617262886
107517,16233.207693867464
81847,11536.604367934498
93671,18141.3971952876
81276,19221.745086949246
105034,20327.95394564795
82559,16121.049924733936
97468,24633.08563220855
101227,7765.851949654027
84614,12555.909743101136
76259,20148.528374027414
81329,48968.20568198148
91999,26344.682242659757
83557,13524.69920735649
82819,8753.28544440969
83735,10733.035716366521
103607,6917.076283180882
93256,25726.237610323635
89255,12634.690975962949
102147,8671.49097440443
86853,12757.979184067326
76266,14868.871144076289
85025,18723.774943078093
79566,22834.421682945518
95663,20793.296232877376
96600,9572.154416444162
99798,6240.663569939871
96922,13894.582873880305
76888,43598.37635057445
78701,30485.896428082036
108246,10320.580483742597
102309,10869.265292511867
89158,14878.943055593514
95309,19821.56249955274
90997,17590.573372220937
88930,15163.58459404854
86235,17275.082422624837
86159,9545.97524613352
101049,14757.748859097825
81773,38073.70245841851
81389,26240.912604676792
88802,10680.31443857964
85702,10643.509443956098
98780,25670.496163966665
84786,16866.718197532617
85683,13028.615441633792
77857,28155.88599589179
88429,16730.8260887399
102069,11357.345647105687
104862,11805.351616843122
108204,21071.976477809134
105476,11924.154656747167
91778,22359.226617581375
100851,10720.44981723921
82960,16875.20808229058
84799,19913.019744731504
86912,11046.478933961205
101533,4474.652844045182
90657,9255.591977296961
88912,12280.756505762818
86715,16266.285822660057
87508,16719.90566020331
87984,9704.558828612782
94852,10398.718005578401
94905,20526.519777649002
76632,21522.04491863503
84100,7230.338325750706
95802,12084.11787339416
93740,40725.91195549293
98565,10096.763150074634
104153,10359.093584892757
82480,7184.463410438185
100660,9059.218457354564
76089,32333.260245759
104329,7580.655298829327
76434,18765.416962581705
84061,15688.795601523949
92097,16978.12426188738
96236,9296.31968527438
78908,10708.930817157392
104602,12279.325233897358
102750,15226.80296952738
103394,15383.004973376077
88113,8779.872681790757
95654,28336.128669799924
86372,10132.48413480553
103110,13507.280271983363
88378,16669.63254754399
97704,7549.866778982609
90821,15463.10340547227
84901,24418.874563786645
93956,16928.348699445545
96320,29401.758433736228
81148,21801.256446218595
96461,24605.819817430067
84615,10728.320301631506
108104,24859.908493078023
78039,15603.784657875172
91425,25777.123387093707
77044,11956.819109946126
83049,18652.68731161782
99803,20776.86748209683
77693,21822.54727607191
95508,40997.49601423625
101593,11998.486932048925
101499,6383.577710368678
88319,20262.070751293006
107344,31903.89680677089
88590,7888.009399032716
102740,7117.500122364282
85931,11514.460852623359
77210,21444.987463711637
104732,16435.340196125268
101802,9918.626268705682
106071,11389.980422545235
107867,9338.478834983183
103449,4695.550967507239
79433,30120.26884167652
94897,44255.08352284364
79851,20014.974450290225
103779,6870.9785560464
84206,7245.892489670357
101707,7266.152036211218
90924,16317.073588113422
92910,31012.08110312737
95774,44437.072468883765
78551,44056.30652908519
97038,13467.500964258054
107852,13581.405701600846
87639,8203.663803790736
89958,18096.146789379512
77096,15452.167927916698
80491,20779.98428499232
97835,9058.101189792325
88697,8430.103826231674
78196,45087.701184456135
100662,9850.999364252053
93739,7903.793410056092
101433,11563.931205279825
79620,11229.271653133985
98914,8743.118220252685
86750,9479.972501246502
99223,9180.20674675256
100046,5486.0850144464475
77452,26930.82126022606
104703,13701.442265557847
98198,10027.06653807956
104049,18569.46482981558
102264,11746.325990189749
104967,15994.406823548934
82009,19730.68774212898
79345,13699.103557726026
76063,32237.520010170912
92506,18303.491475669947
105509,7070.549415493906
87958,12039.516912510007
104150,18755.33542127643
76395,22136.408028774174
92933,21760.491161466696
105564,9064.022562212567
101877,16185.26424385775
97863,9292.922631632799
98886,22529.48026456712
108166,23707.37833909978
84870,18243.865131563027
105095,14384.61615763436
91461,18939.642247474876
89581,6757.215233395139
79917,9432.861742524297
86396,10434.249227730965
77190,27063.124427139956
81287,10758.821294676543
103138,11034.724462566923
87123,11469.836612121868
103793,10343.081300137675
93077,20277.136399728934
107545,29874.070578990704
99055,8608.299906367305
101183,7906.226029751755
100713,8142.648584849559
94948,26023.27672200308
104333,3698.7145636517557
99987,8063.199391609969
85251,10445.508039529994
78966,13453.982045569479
106038,20757.207023772935
80139,24719.753139533994
86167,13230.166190663647
99261,13439.263490187928
92352,13921.201435030789
106505,18990.59668866094
100845,10708.051474401085
99620,13755.348272838017
99159,21876.61789452065
106476,26140.99208635307
98980,21435.070545405782
93289,16768.373839446354
108209,12094.144296460707
83126,9080.52620073214
100563,7021.530517682719
105255,9629.885658016568
94179,21102.64764686414
90552,7437.899790766946
91267,10819.033487377543
96812,12879.435796843645
88257,19991.83080543695
88718,11840.956933015095
83854,16641.36088343243
94902,17088.69903648164
92523,13736.146713069887
89821,15169.726962709812
95400,43576.57056734559
84369,13706.22956605283
104199,10327.580025713221
82116,27295.60754511428
100708,11665.229432151029
82790,12945.630488488523
81821,17255.712143782326
88277,14209.46460644244
81500,33578.25680453984
86835,16757.384739251855
79378,32619.27468296131
91295,30003.553797710018
91973,27218.40912497279
104856,15762.405666920704
77543,20098.51941756687
108162,8880.177848246485
91217,37723.38618635287
87896,18177.25538091189
98107,8559.321318954233
100169,10668.661323397268
90709,8540.039518364998
80086,33475.869256350255
81299,34118.435829808936
96112,17507.752152656834
103775,6852.570940232698
95669,27902.957887546705
78443,15728.705670730844
83136,15577.036800989415
103945,6496.605499894137
93010,26722.06431845608
91906,25599.224717572073
85113,11672.18861552182
79454,16001.494989616707
95079,29544.461499890887
77330,52054.49495121859
83798,12837.934639346742
90237,7705.547331602707
90782,8165.044461873304
93557,23242.122836347637
80716,21602.87658319302
103222,7909.315406399897
88529,7722.912190561098
79327,22325.49443136036
103525,6992.385585874028
77294,13939.190293341044
86934,5656.969087707306
83687,9503.729670850411
101179,10470.304317687474
86285,16355.292483293202
108225,31087.45168546436
79458,21195.614135014483
79962,28429.26013108853
77878,30610.611960056234
79980,33033.790642215696
78111,22307.886718944806
96878,20962.915477380728
91368,25818.42683275643
85298,7904.115809214804
85082,15741.713557250721
91369,21766.381555840973
96485,25620.5075720056
77644,13747.30291208403
87187,17341.46874330191
108438,18814.162654040618
83884,13490.578930698075
79694,13479.489986833712
83581,18420.390039467286
89661,15824.34568083837
91756,15263.11088590341
94344,15835.602278190703
104700,26989.588182070627
82382,34040.158874056855
107594,41823.48968817196
78751,24292.710080235454
80127,12253.496726594014
99586,11809.825261755941
79871,17044.421904024755
107372,17662.235618765724
108028,24827.73377806585
85904,13057.679377549928
102788,13898.02233909111
99942,12517.170976452237
107103,13730.623727738193
84087,7168.224725727778
97292,11355.23160064349
104542,12722.284156041262
94429,22721.157709267616
86335,16926.334075102008
82367,14026.888920941501
86457,15671.815948302956
107346,12791.160056648436
77766,56915.40516879977
94768,45947.16443811792
84426,18698.374623077558
104173,15102.331294510026
80165,34264.80788465884
80521,24716.430146021434
95028,29959.376323703313
77278,33821.422191758815
104940,20208.44615919176
76864,24880.66786109874
87845,8913.725813125853
86391,16013.979020735977
85488,2930.759111524611
87274,18918.597486734212
102371,7969.668313298621
77811,14372.114077967815
80166,25429.47177769925
85693,8370.488528022917
86192,18312.0695717754
104128,20456.611250656377
76805,13002.919778566296
76360,13351.656114245341
100706,5143.62607819662
101318,13067.696910411863
99579,18906.72327591807
77331,25986.3083660922
107340,12355.648444044087
90662,18306.319256233925
83565,7358.076451304973
89664,18219.467992923437
78421,21920.887084628994
85006,10057.587688250966
93876,32893.582897173554
97786,17338.19798790016
96174,24484.416762969777
87729,8661.50271927682
83280,11899.933178397796
102207,15426.1397657636
100949,8560.895514164486
105703,12430.361837576935
100936,4486.992750639979
80419,31101.52204793378
85990,8788.402881973203
107505,21100.827501554082
81337,14545.214744363882
93683,32405.259419284674
94646,30458.432931359566
93987,19037.81289040623
80512,16594.80999208683
76113,20950.221669343413
106835,6561.753056830184
100428,14236.48515903805
105624,25549.1379846199
89652,12258.308046264505
95108,26688.59236341653
99206,11130.930385166457
76036,18752.85729913113
86230,8994.164481962795
84454,19808.38946956347
79349,14721.279966113905
85609,9909.467864100521
77345,13879.73353988483
78726,49643.54411564734
94445,31195.27789568501
107695,8844.153334619343
106991,17248.493610346984
79308,13507.879032034603
86486,9505.968827730463
80429,38473.09197750173
87107,18301.390534764472
80582,13924.059396561819
90386,11243.065814092606
98363,10063.475765808294
76705,22319.2904778343
104824,7602.6823104181585
104154,2507.2695490047804
91270,18208.839951108872
83116,11923.446681900617
105710,6330.935596573064
95042,18325.42320054171
88001,13434.77159210486
85212,10537.380326880804
91875,21799.05136237893
108248,10754.055159333428
106378,14701.52630497306
89950,18169.273836873177
108165,7891.728994280888
83958,11016.169502745153
101582,5952.050903266102
106377,13088.777262200068
104057,9782.076103121039
92245,31531.74908212744
91187,30569.317334350908
88022,17085.25967511228
92561,18573.968056874626
96757,9289.804680390498
104597,34119.24576972993
101485,8930.965040590583
88381,7619.6149932383505
103776,8171.819085888651
91215,30085.882223532815
103022,13880.046727162922
101933,13531.811030845765
93174,27860.27377794689
105945,8571.898236788433
78879,19957.928469335606
82065,11419.377040352241
99235,25157.06723201995
81250,24826.032109358723
98942,23881.35876729405
82966,12025.538598278406
81141,21553.10646634325
101325,15723.850659783862
82470,10182.324380141372
79063,33099.452421279486
95324,36804.06363337773
86407,6388.009642213555
94026,108781.52802845708
106390,12426.624422127303
105069,22017.156854031535
88045,17532.878092686875
85356,13621.474653720337
80298,25286.752015006048
78479,12150.883845799699
98197,20387.98291371248
76490,29083.12124917082
77678,31219.263914015464
87021,16689.01965419584
107215,17420.314560226227
81404,27848.866733983956
84641,13997.400795007328
96328,21139.531684923422
83845,14850.825912683647
102745,7452.33777456891
105081,10361.974958292554
92135,16237.503597042465
105888,19418.65665788814
103985,8683.644163560542
92091,13944.749937203353
88090,18006.69345837087
106712,9977.724380163054
83446,16444.832520192984
84263,10661.448612493641
87277,10255.385082638959
90625,6951.24243784538
79466,19552.661235641765
77287,7888.932502447121
91628,17578.44233362742
89171,20169.67009579135
78750,22131.25516656146
77085,31749.153088286883
80877,23595.431338351864
76526,26023.782127249888
81085,25202.565642418645
107918,10205.347536812573
89072,7950.72998208424
103832,10984.206025250844
90495,7416.649112028919
100430,7676.930455741984
94346,11063.516306309026
94350,18759.41424893406
85431,9240.896426025427
105851,19491.935026557465
106969,12727.913063978496
95370,15676.871882891344
94611,19901.565985721907
79129,5479.036556838947
76596,22137.146607807346
93211,24883.6516303922
102753,10924.986791959811
98370,17822.263941528767
90773,12178.613321715653
98298,11226.798034191674
98150,7604.108648372391
101220,11891.25704677768
80802,30946.226376505016
91398,20666.950959909027
86010,19069.883706577883
81267,36319.53472002266
79745,17804.902638010764
105864,22981.287641354094
99245,18534.140271702712
77308,17493.128536846827
85341,13945.409862892517
78845,12637.20450663124
78542,13375.170358851927
95408,20058.75366960951
99562,7654.805554908998
82748,16467.34966060065
79419,41683.4882361997
107846,12038.841275179717
90929,21717.064696699686
77964,19568.25698319314
95902,22771.622690195367
105576,9199.45783093593
94067,26981.0605685093
82322,15681.93430090732
94533,12419.92574740203
102326,9879.743212534417
97048,8656.75452112676
84908,11078.55156647885
81143,17244.79948270362
90090,8851.873725793297
93029,19598.55804163761
85943,15793.521920108833
95392,16906.554706889943
107057,13816.363395226794
89067,8836.610126412552
85202,20560.723804924844
81457,42690.47997319391
77074,12566.177019277085
94378,20020.14465855208
78921,16853.649319196862
80414,31704.380365251556
78653,15351.004358176526
87185,19332.930953474322
103928,9691.551971265037
77930,15607.72144144381
93057,29459.913571458663
81986,26514.547649796263
87505,6810.08129250192
104258,5234.0934062562255
100795,9166.36717773226
82702,19415.65711188568
98156,11880.467846342335
81155,26648.51454997889
82204,9726.72807361699
79859,19823.266632545576
79501,36086.761492798214
78998,16942.660215032873
93846,9524.755649582341
83490,15259.489484284624
81890,33882.31586647358
78672,17385.293081690656
79310,21551.44696035629
81889,29564.50397118945
84975,12224.542973385818
104001,19655.6461347543
90374,24682.683861430203
76586,46751.08648406468
80099,32197.429112505557
78984,24865.822600928434
76198,15659.731650274638
106595,17991.846059975767
78327,16993.938054953152
88954,9907.374620174678
94710,41237.352210822355
82380,9035.42856685024
95780,28932.153135846693
80440,47461.72304817548
103715,10899.553262397734
94371,28662.193734369648
105793,23435.705339249034
104941,9904.772961444067
77499,12178.639376220948
79776,16822.84185615047
102456,5467.397335904448
87034,7302.120779906936
98570,12901.167326515919
86294,11718.423464038904
86579,12966.066066020452
78767,28472.81109306911
101407,10065.562491681922
90427,9490.59086988184
86604,13207.761549192435
104481,6263.9926344828655
102055,9304.097325509172
76565,32993.38695284915
101769,6668.414343441982
86849,8893.561288772169
89128,11178.127943895
77119,10671.139577750593
94623,23147.749339702576
94988,23349.96610601255
107071,13658.441280689744
106724,11970.158232696154
79938,20879.99571383879
98217,14581.529898709363
96660,18872.257836887202
82817,11783.406404844685
89810,8747.474563304047
108212,11088.120059784855
82851,19429.865601160553
106739,20551.09335527955
98224,20613.92972509674
79457,29258.03658404962
87381,8875.960691758746
89127,5621.17040770015
79388,25855.892626945893
100705,5897.890606029093
106385,11867.666762316621
76142,29060.86356143684
79007,17194.608451976073
95972,44496.89048567836
100737,7783.63530443911
81958,28235.520446372702
100805,9877.281895090906
81226,11005.8020884705
94857,19128.782831679626
103193,9901.777376848959
80622,27624.1113820533
92116,17766.517731233565
108228,9875.972357645183
84744,10471.846008013912
90654,16110.685656977044
90551,18382.206576951496
78428,27710.30512516017
80781,28628.850889526475
87118,33638.826250416205
90187,9630.495289780813
76110,11110.48275164685
81102,19771.34166823084
89957,10085.13226144205
103585,8562.5601308351
95786,24972.791446012827
90883,8029.520114636662
94705,48310.577327909115
98890,18040.49878889538
91766,39598.74609580694
95207,9096.299792861679
77002,13067.277275764141
98428,18181.058619314157
85456,12799.033583504437
102472,13503.30722981842
83021,9772.659819985682
94063,16260.26081568236
94665,34453.71438734018
81432,24260.51785675847
79825,30322.46477065303
95008,25541.251061783067
104634,24071.003757278777
89960,8228.454316981291
99162,11390.519651130026
99269,8664.309924908292
102221,8876.196070836273
88075,14898.08060643411
86981,8546.814465769126
97144,10429.789403046263
95073,27837.16730172483
107794,11240.360764110173
82837,9116.967084273634
76265,26267.50957454334
102416,13883.847384326822
106292,25833.867722813953
94162,26228.973654978367
85715,7858.677434362904
108484,26888.674251919252
103120,7646.6301827721445
98178,7369.766045345589
92208,9804.607028044777
82800,11866.685576806993
86660,11116.140823012336
94811,18986.02593197066
95020,12272.048792902717
103339,6146.617926661064
76719,16995.934755950253
106391,10078.120331254606
95855,40942.30728866693
107989,14816.281326727754
82154,23513.85692345805
77767,16825.84146475039
102776,13110.050650924255
79642,27815.636145794513
77306,14133.415149317265
98007,15025.02942920073
105538,15031.391288469313
84076,15220.788681071057
77749,25498.074007585838
95734,22035.02740804308
80602,18051.08112901184
100988,13790.302796217355
83690,11431.95579826684
84882,13181.193713114171
101699,8390.793731201044
86025,15546.61922931863
104331,22146.894395268355
93789,17721.24230814413
100427,11363.236123784936
89980,7306.385897313715
92989,20481.65132794111
96820,9766.242746783433
76354,18149.00713245835
93143,57563.06930403577
95045,21652.158761657774
78135,13033.084401845479
85841,10168.324435409182
105453,15574.500918216943
86843,13337.315928229458
76450,54777.921430568735
94878,44420.69763395874
85792,14302.631191968736
92518,20393.49602373283
91382,23025.925946118838
91966,43474.623132245506
95486,19266.382424609354
108090,20177.068497193977
83588,2666.937499545453
101240,11752.79679974182
79797,22449.317015388715
101978,13537.889059791292
77559,10580.242575086455
84171,8494.905175098615
84012,12439.417572051869
78716,20173.00330823785
100485,8887.87433358475
98908,9883.585555289303
93238,34705.34905026766
95809,24523.219955492943
107070,23684.22455840629
102546,8652.622810088356
104507,28371.0274358276
92943,36841.938933316356
90241,8131.327454005335
79542,24919.106132622943
82510,9720.723045852175
93255,25792.875563113514
96559,11852.904013923475
108483,18258.5131634279
82288,21573.050339282807
104480,10129.615012400716
92328,31154.442808121647
95793,32922.49193979082
105673,13074.8980681355
95841,14922.95525533885
98338,7446.555235012068
103579,5579.221314501204
76861,22391.798949076947
84414,5393.611112522814
102508,6641.514358027426
83622,8809.800938855822
98822,10952.806636976304
86291,10316.971234724107
84831,9851.640367160438
82626,10620.296046730593
105508,14536.3740847709
77130,27015.34268472333
94652,28120.26990239296
83243,8474.973020062844
80908,51640.559864610914
106139,17815.997362348724
91617,21564.424924024417
83524,13270.2303078707
94486,26129.88325796642
106044,15672.0290886482
87195,11532.075663543128
77450,22274.641150438572
99239,12311.011436919267
104813,21274.568012386484
108254,7831.956945878047
105150,13581.300827448511
88390,7835.779938051598
97902,19712.02239151036
101186,7489.699804869716
79116,24500.133082070948
77214,22786.066919130124
79298,10181.558443049536
91370,26064.28654529249
84827,11891.344024211983
107282,9739.19285759562
97678,7676.540028096423
93570,15688.390050522446
77654,13528.111385414073
77227,21541.77731550123
106789,16794.260080021522
78869,20682.299596689543
76531,15124.747187892433
83469,10151.08792624072
92278,26770.101069222917
105949,12020.822556341423
89026,20453.02930344936
102066,11111.01406985053
96352,13937.739703710344
77819,32610.953982523093
79655,32148.67860364881
84059,12588.847851280076
96541,11940.522501082676
89319,7267.542987367997
107795,9568.218375529083
96961,21993.89303483841
78158,21105.509446584736
77428,21242.557018094252
101125,10139.23954140029
95105,17112.82934112532
80306,10398.809657163185
88903,11077.396361312913
80574,19470.34317330689
76321,26886.461934112784
88786,26899.650493787685
95682,17987.34278143381
103135,14746.601003955298
84241,14590.245131845259
77809,12403.212811013143
92926,33311.16022103777
105895,30221.85567604109
86247,2893.8956863222115
103470,11268.975594063686
98865,24150.271886282004
107363,30552.982746675752
76516,18910.237724951454
96506,12254.070617746976
106306,12480.005576701633
89093,14441.650962207756
108123,10497.082733775978
83510,6315.186678784097
86792,20429.634888158285
99984,14786.851425403403
76508,21913.442928808767
86580,9914.902163701481
88428,12136.5492464463
103922,16888.874246051117
96703,27383.343822419567
107626,17879.994291643747
90100,7127.793708043659
101987,9164.9517225134
88615,12322.47930892305
100138,11701.42098057509
83743,7139.566605606913
82321,15046.83406712747
88594,7886.738542467973
93842,48837.034610816685
89350,11065.440201581483
87643,15181.474335462999
105892,11171.373711877408
105711,17124.339183930293
95657,28520.025522065273
96330,19272.929748707815
96906,12074.0269605962
82247,18532.225453078074
97125,6726.777982828533
101306,12249.000185485253
96708,14660.238441767693
77250,17713.779638835993
95451,20354.28374634743
99405,13109.110779455792
94758,20150.189020041988
101101,8970.808673342375
77643,27717.601505742758
90209,11877.036848470472
90312,12938.115522828113
93955,19433.019239791105
76334,22365.35611824596
85190,13332.396611704407
97992,6997.1965516559085
92748,54462.28503590376
79843,22210.82810463179
88769,9390.874143306752
97453,14359.261996470472
82550,9202.82369624159
90775,11320.662912416617
88190,9898.581608970568
100712,17275.390936756612
77237,32847.6464447042
78997,19703.40302396689
105656,20634.63617625489
93368,23281.22817338416
93469,13389.619107163315
98426,8284.224957380602
96832,9061.171334196604
85322,13587.91582029552
97139,12088.270461122225
78678,18741.051612689094
97821,14290.359455471846
95410,15491.118282770463
107358,15945.495979204881
96750,6209.115851019361
102529,5158.498280361488
76433,15231.7055683899
101626,8998.777577555798
77790,21099.899419811045
82932,12161.147911009735
89517,7005.890352370232
82905,13871.386011224335
88552,8113.398913490616
103006,15543.885853145648
88811,16302.408826355844
101734,9958.9387457024
99230,17882.622695115693
106537,19964.342222849762
107114,17778.921718270984
98513,16297.141072142795
92795,29239.16089060723
98563,14419.746542958179
78599,8360.78981734917
78911,22277.924527534477
84652,12524.565940256742
91014,28737.221439319477
90901,15464.385528944558
82041,37502.52016550695
79218,30631.729380158395
107371,44369.86302047549
94767,19887.77478709481
91910,67964.72761084524
103462,6719.367331413225
77125,20427.83412359297
95567,43678.334082711095
95039,20890.768509718313
85065,10088.195617486439
78252,20816.841043862783
89580,16321.466870717011
96742,7336.111044835379
79876,40758.83505092958
94674,21968.34464511677
107822,14340.754874019523
92586,13815.383615755929
78107,21766.5142804108
91241,24668.702485439433
79077,6804.401652728042
86212,11450.023675876539
107527,16654.353859750816
88056,8555.230965525116
108480,13428.30868580395
77620,9813.405794763246
97188,20987.448999005188
94979,20947.63787834803
105541,16192.473144765241
105852,24015.161523704188
99182,16499.966182568285
91355,45397.01463246558
88516,12292.040831142782
76101,24559.387327864384
87097,7258.688978787054
96299,8744.243959986707
100944,10862.051977458857
83995,6222.753381308328
100407,5063.559518516429
88255,9893.95109791289
93935,22221.81162071847
95442,26293.4789791414
93571,27997.694050877537
78642,56843.250664530206
94545,31384.93413313618
97746,7971.872002402618
96419,25147.5508354044
102851,12467.124515066871
102356,8719.975935774019
94962,25174.15406384939
89175,12150.096502245837
104139,10387.149974435719
103395,9246.224529075367
97017,6352.422939156799
101358,9012.857618545855
107417,12433.421633822603
97977,11616.63670161512
86765,17560.482995051883
95743,22633.739802685635
97804,18333.40159454566
87010,6069.002334729452
86791,9423.99599975605
97486,13160.748206733257
81124,18736.727214425675
105391,19086.816228443367
90275,7548.587522519896
104855,5003.397411382284
82804,15170.477628667582
94810,17500.744162459938
79517,42258.96671253682
101826,11336.495876079316
89848,16994.816562566983
90432,11784.386522974772
83070,11237.767635444
78270,10158.485165965361
99275,14486.666003314145
92424,26923.67954482908
103334,12579.797297551468
79160,19303.29601702966
98830,31314.960820084376
87956,11722.37282774578
84523,18077.795363310608
78157,15516.500517116088
79460,21199.08245418216
81918,13822.814641379095
98433,21093.3805350213
104582,9888.866133012396
80046,42164.873657611286
82135,20548.43189394395
89685,15659.632978956999
100990,12032.74991377724
85624,16622.939966287173
88293,9470.83930304552
82215,11413.182711444446
91261,32171.5516302931
78018,11682.353707501205
78266,16709.0103906212
101074,7705.6641610894485
97075,19553.850388437935
81806,16019.810766185517
80743,21469.703121152488
95234,18628.453143837214
100410,17798.27790985403
106840,22506.56819743999
89637,5933.990261605276
85382,7237.097241377317
83832,16324.856679583956
108331,8689.694445510544
82026,16861.90531907851
108448,10400.847074852458
90028,15520.028973411785
107663,26599.651226882746
107477,15683.870011645558
93709,14815.843253778905
91327,47755.08222206212
98548,4031.057964688754
79064,15209.102403736442
100670,7380.028762589932
96494,10534.523081902578
89974,4506.283747094114
96107,11241.670041215746
78151,21110.596535255558
79304,18967.825728174572
92842,45916.02009522897
87813,10297.51954349359
88762,17926.62592592372
90399,15707.918693796875
78756,29214.86416267615
94019,60467.325995935076
82073,20675.565414113324
91846,28976.266252483932
97414,30006.34718612678
92758,18522.506298273755
101342,12010.95605592201
105987,20915.6743065262
81349,12992.712626849825
103712,12980.548488826089
83627,14476.067082005879
95247,14084.37736152593
92833,19579.945904915763
104587,16165.617183987903
93265,18918.82284445605
90518,14710.574246467804
104256,20740.32477204929
80882,24632.176896227356
108148,12902.726489441962
81385,13897.42457599168
87860,10626.983018142857
107638,12546.978351274289
103947,15933.961469706272
91049,44562.14821371964
97916,6096.278757020455
95433,25393.901962416825
95871,32365.81619055242
85779,8860.379692831539
103360,4155.309880962362
80203,28894.79645454921
88511,11425.784444238125
101672,11303.91453931669
82992,3361.0039090773957
103889,10590.319812868627
103630,7716.28221255902
103366,14229.138369923843
97200,8466.571998663343
104563,11304.28826284415
85824,8667.54841896161
91924,5853.119879541697
96499,14118.344161123472
99026,15665.390219389865
81965,31358.89335390856
91604,24495.30526590821
77552,27347.992114827364
93750,29093.99494601668
78941,33349.52684209798
102717,9903.029479733532
100534,10754.115260496383
99036,24927.338756123914
101961,6072.067399523685
76940,16596.16291156339
106310,17277.763748545047
81520,28760.465553540485
91800,4631.779836758313
95707,17670.37929187468
96395,10108.230465002101
90505,22814.97414400234
95284,17545.926027358448
98094,21737.69993315676
97884,9586.66147923067
98933,10906.411663748651
77664,38876.33029749055
93941,22967.9765091007
87812,17991.16770898576
81266,20564.60535142082
103825,8668.608820960966
99494,7444.923123261506
91256,12596.966769418303
91703,18953.499919653328
99971,5584.07784620804
76631,23989.539518332203
103612,2512.9920249529177
98611,4950.979250899711
94591,27744.576741229954
80518,25180.04910650935
94000,32328.650752362242
85010,16884.709225741582
87369,8694.915786749698
86714,9848.075610690435
79985,12439.127587737219
88051,4234.067040888753
97065,6956.891940636089
91307,18724.124751411015
98365,9380.038605288191
76522,50011.13778690814
96638,18156.11073523318
79703,13061.987834221092
83107,10939.38686441201
79104,20504.78166499365
93563,31051.627816287215
82599,7574.872518357007
83486,13847.00495489381
92895,18474.945093756876
108343,32550.763134294906
101774,8735.686799561874
82612,17741.16825730484
86861,7403.772279721961
101902,15568.953423247813
82973,10746.088293625508
89872,5959.347453068893
105616,13336.027277047755
84876,14423.363755377703
105133,10902.960027826563
98877,21655.063374210833
98515,22391.86291437325
98327,11131.754334370375
106633,12525.394328467528
82505,17834.101661450717
105007,11215.802225930462
97269,11321.408398815296
78140,12829.868015090029
82318,17770.25505393227
92993,22693.16694211574
97743,12347.712389340393
87763,9573.525510367073
104942,11742.777177024216
92045,16731.207046792915
97767,26480.907838502728
108348,19235.78504920989
89665,23537.69860460587
96862,8474.694419182844
78597,15856.780135736792
107574,25301.833937260828
94460,20066.323488262955
86944,7346.740241916002
104505,29689.278390939977
94837,30642.54053970319
84576,8747.477747322533
82427,6812.3132122145835
80054,27668.514470496655
103504,15358.01750975239
101400,14486.520805531714
95904,23512.14283175688
99877,9441.000978925795
87554,7910.963662343158
81180,19520.858433624067
101239,14129.509240299574
94258,38259.79512069582
82942,14524.259027055385
101204,6408.738987524095
98516,15284.78532306364
86925,9610.845475869613
104724,7645.518002443289
84627,12014.559818441889
90133,12487.324706170622
100320,16741.065966281833
88358,15483.028642096693
94280,13102.200533937841
95334,19102.43271375263
95899,28432.66081933729
87270,18328.91309138225
80723,23010.708243639092
80469,11411.842320411173
80280,25744.49399968693
79493,11315.099911919891
92221,17263.540865745977
88547,10524.687655225065
97994,10159.256754187283
100047,10872.505397498919
96172,7825.923103662734
88933,10640.438061138973
107059,12614.355435477344
104280,21908.779460156533
94714,21179.396704447106
88671,23362.355072020317
102414,10826.979186940196
78051,40116.032873922704
89512,9679.999189838965
98524,8681.677883934144
88047,9514.598713377483
84441,9304.002063281689
78156,22748.520802513056
78648,14281.844476420434
78364,12559.439798781266
86764,13929.737074068733
78495,23241.434232439082
94609,16654.416401000588
83449,10951.453926407969
102392,10373.192950470497
102455,13714.442039610838
83713,17451.138356565814
97475,12284.378556036765
93371,16424.34937079148
94199,32631.95703252692
85023,10715.556674730751
95338,11449.662120794052
90965,42093.969490429634
77195,68859.9017987974
81875,13677.337407597808
104416,19175.128928723552
87203,13611.060634940713
91239,28687.631679075883
78127,15394.035808416498
98386,16942.945727086386
96497,10674.638901361479
83232,13861.354233683924
107692,29881.094896259332
100734,8299.331747513314
78271,30252.217571217392
100136,10644.952658373204
86004,19201.590550432546
77776,27514.008481732577
84950,7678.19868602436
84323,10939.690201498905
87033,18134.337245760278
94088,21364.53945901903
100594,14931.965665890673
103071,8174.128360336572
89791,10175.87121338751
97852,9994.938852587296
105601,10530.734286119741
82003,15669.335337952967
84872,16072.019096389105
82701,15532.857173010363
92469,33811.41651330554
92873,21049.617632758396
82114,30260.11446871363
101316,8305.421283666119
85697,10727.238254204802
100885,7819.199608768956
95305,18475.65832702541
93741,11387.39862042819
76178,21929.32968182719
84999,18830.66440907507
104143,22970.284518408735
105483,11201.833163690359
86136,10192.46781654042
99292,18464.639087062547
95024,23183.63363704538
107831,9186.907499208732
95035,30644.07942660478
86842,18397.59216878215
79511,59260.58637343329
99852,7994.861880232644
92478,21481.123327499838
93704,15648.402437419278
101664,11832.682854383147
76931,39340.07324226719
81674,20429.080797089613
102597,7830.9862731138755
100630,5903.776220290478
76978,29083.233973946288
102490,9985.895892257064
100842,8174.379044940017
102990,5181.554484867255
105412,10406.14979494181
78744,22212.485547478627
76082,13945.232252588205
82773,12606.77780458696
107285,18536.56444623146
85211,13329.432593986014
101093,7068.444023317688
96626,18171.981521693895
103089,5700.173401826913
98149,2222.5240064359227
89290,8347.603019304272
104295,8251.606174658233
106958,35528.70391693534
102661,10479.205402146416
84082,10163.61482000394
88521,23877.72297426267
78312,31835.5239495149
85481,8218.27803620735
88961,12110.893174509958
96432,29584.83604216661
77539,11316.058394289399
88374,15939.69082373509
102919,5638.8445701619685
94335,15264.715546777898
85305,7970.612233546693
96360,12084.643395272617
85471,8797.37505999223
104566,8994.439738518347
102100,10562.706312006332
80170,21011.590527591416
103347,14537.175013975384
87487,38094.962201318616
84090,15027.915838579673
100034,17421.670015291707
86825,17527.12607288303
80018,46659.90531758157
102611,14652.755257900857
102665,9597.118984853438
92920,21782.35778899753
89381,6541.350024817429
105151,19842.494889207992
84039,17206.293698432048
102217,7578.117393398667
102388,10343.244590198336
98820,19013.191793584483
100665,10944.946399631224
90384,33246.73500989329
92859,11231.951540160911
106356,11050.481769654794
104723,14518.415802124558
93244,47122.95897079039
77449,21018.180791173803
107911,12042.120839013378
81721,27695.427865082846
85237,8003.949850831796
87601,18635.81139417799
98578,13057.947739863646
80704,30568.32954279466
89078,7799.561844198806
92042,8289.813584255498
100450,12111.86425347522
95304,8184.09773682337
76023,16950.978961046527
90609,13587.924096798844
95170,18623.270008028398
96870,9828.137477567287
107247,27870.64512464502
100484,10383.471229410452
77659,29947.85536066827
79832,31000.093164579135
91419,4711.270027073585
80371,21790.95320130326
83386,15774.547517412784
103919,11214.6082887636
95201,14383.818149585457
84155,18196.95972681537
90743,10359.337946170772
104381,21916.436228788705
89097,6893.646591313892
102033,5086.355243957673
91725,25305.009718586818
92999,17385.18180235611
95835,18315.346165438244
102206,9725.020917616484
101763,6846.024037933203
81377,15951.509808664876
105683,14359.1683221293
91033,32823.697038607424
103314,9945.14772805833
105070,9511.214333684507
86950,8842.914229467659
79171,21943.436265004224
81227,18894.084083251775
80197,14260.977553776565
92037,25275.9667401685
84688,12502.961058774592
101952,7880.7440278135955
88604,17469.63730968201
104058,23431.40937233541
106274,7000.28034312735
84985,11492.214462956958
99085,6898.600578571832
80801,17839.190371655626
80233,29885.349662869143
81000,39936.246960489494
89057,16350.008873771085
98382,10110.981566125687
106493,32268.09657703568
95057,19824.184594241204
84556,9257.482255066932
103037,16235.578977407315
92174,23123.483782903884
90920,15293.062308657309
93409,33596.874797298195
87113,18056.2148520241
104981,42865.67413240727
104556,15856.980168757764
92782,19756.10139846285
90546,7117.529334847944
105506,14352.331919048314
84787,11484.664302173293
100399,9868.578309593966
105911,9225.95316784606
101920,10780.22381139347
89224,15352.230342481034
106787,32420.17032081471
83083,3783.187432493314
102399,7009.652368459617
77196,3351.154309498366
104889,7194.437297830412
79598,11155.929042305008
100540,7627.686041244316
107792,56575.75437659806
85758,12350.361329782292
79333,17393.976074580583
99351,13011.388894365115
86706,7730.744281453052
89547,15075.118007265959
88092,18277.691754905525
90348,8808.38992673396
96125,15769.687917683437
86921,15939.339650071697
76903,32048.561608545846
95539,12156.472083216782
89841,15410.524153354872
102771,12706.49199834666
87174,12551.84815590905
81975,51822.88077329087
95289,16625.99298188393
77318,27553.036403268645
76955,13656.58383149157
80996,48084.66470405137
87707,6033.112331907184
84519,5491.953656225804
96833,16550.493296407527
97584,7237.734655670638
104697,11572.812658481325
85510,7528.155783510992
79758,33642.680584668866
99502,6033.692233606711
80725,17822.33123311244
104108,10308.633902894075
107802,23726.02426399667
84871,13598.457336434329
85817,10501.10156840717
95473,9612.434760673123
85629,17022.451124556483
99641,6682.118805585497
82356,13209.386231277078
96335,22129.606508675388
103623,10434.182568095293
84233,9110.085755926213
93708,13752.103211661257
97947,10506.842542001268
84368,18601.482700804885
92108,10444.550493072977
86099,15977.116368426143
95173,24818.992379679228
78389,25723.307065739908
106219,13515.69742013373
88823,16224.851976756752
95608,37388.746414612266
95876,31453.173187227316
86433,13520.95327751762
95515,20436.350636960982
97503,15898.840576572848
89163,15120.321629650798
106479,22884.16069155598
83722,18714.28600005576
80644,23872.29575804531
86002,18464.296819165225
86783,10540.632975147551
91928,31779.832655209924
102142,11456.615025496336
106024,24889.189349793272
76022,16013.59431348377
95221,14084.236354239987
105051,20455.618743048133
99939,10174.724327173482
103202,6979.790540675563
104770,23989.585213935305
88396,8262.949664404645
93666,30217.255112583778
100763,7724.250035848015
96842,12722.477678807545
78807,28493.24751204826
85559,10497.815412174272
84384,18094.93874093785
95619,27787.134855152723
104008,24386.79747591044
98379,6725.306965877715
90476,10650.883552415804
88845,9541.027007383043
80296,10231.87604094435
88294,13036.732762576794
86733,10382.220880742983
101515,8097.62046808977
107440,11297.202927456892
81834,30838.26599440375
94764,24423.24266892309
94968,22579.254336790316
88218,15178.082731290007
87863,10699.451319904212
104019,11772.746775801359
103369,8296.419184212302
106979,5454.733622233697
89717,6913.057738554385
94504,4346.3787760409405
85722,10660.321627286894
85311,11155.493871375142
103162,8557.966769392578
79834,31985.041712879254
102283,8348.660067381486
102686,10672.95702431763
85834,11303.263612519642
83633,10817.003796901878
101178,6547.431472307118
102859,17578.46887676788
97691,17608.654912867827
99575,10621.208225213571
81921,12670.416474343514
88114,13280.315061019712
100101,9736.17115414733
101736,14301.813799525758
92763,16710.341198421003
93514,24812.545415135308
86322,15199.642348477777
84924,16585.459039326353
85898,8374.687596616372
93419,29188.32768245597
88784,10999.697787335595
95012,44695.64105894799
81858,19072.17702457449
101610,11927.020136778752
99190,10082.635404460289
87530,8830.003909407746
86979,15228.92789662054
77670,2706.8909769029615
81123,12248.419773185371
81724,10963.086606624063
77870,11626.18067483006
84193,16478.16860732027
105928,15989.730290907486
97607,18908.446365747874
96063,26512.289429902936
77962,14107.872886060097
81560,38073.70245841851
100204,9790.393733068098
89185,15428.250412985615
91744,15598.563023399522
91470,25934.3623709265
78412,10456.11544667053
96222,15439.299342391108
95148,26257.510627620446
106039,14304.22223296305
79352,12534.157490462523
96602,6687.915949088631
102798,9165.247660217605
107301,24963.88675087741
96147,16833.679380338006
87382,16504.56644679713
79907,22052.73121773418
102924,8224.52751182193
78012,25453.179379226996
78333,16912.464722444125
105989,19990.001962823004
90607,15030.600797272575
86110,11019.210007440248
81540,23019.501008608022
77937,19900.58572699729
84630,18265.309775868805
80988,46948.41204349443
92519,27328.76544461746
95795,11197.62067180476
86837,5482.561316470206
82642,17521.852321202306
86017,12118.088597434811
84772,15892.905488501958
103962,11522.296887222992
106264,9302.511370587972
84934,19168.50205369811
91598,29690.52734491604
104102,10654.883731633268
81261,5440.93121402456
78425,20290.879734726936
96508,9351.403814576055
98668,18346.445696402792
93948,33537.16862692901
82909,15083.576561307304
91514,23532.678199032685
100969,6497.551404366707
102102,5936.889984652287
103465,9520.31656207423
95072,18801.345669092832
87535,31212.01884308261
107564,6348.897879247391
103297,6309.717247484699
106528,9227.781746256658
83748,10331.784914646201
98195,7023.884262850019
102113,15387.605465209082
94277,12916.850740979851
93160,21089.26718404491
92063,25105.871586997913
81037,11298.6733545109
92602,52697.34632174212
93096,19678.88938750041
97243,10919.219962136354
78019,15527.642402912457
107604,10451.029210549912
101438,16685.096422186973
86439,8284.868524987414
82300,21547.63915032868
105142,12930.294606366144
84429,6803.714086482
98958,7493.126441342675
92197,21496.97076010619
82096,26245.38701730251
81536,30182.770008615724
101623,14773.8014579207
85596,9852.739790170377
90600,10424.330373089408
80089,49038.43382656279
87224,10849.568555951277
87685,20529.0294892399
90958,28840.65520831314
81004,20400.7870928171
91667,18963.97642991607
77877,22636.76374628888
90956,20192.368106775033
87744,13712.864620228622
96817,11056.89502669774
97163,10509.376789314798
102517,11422.501011518734
83356,6775.0572269593895
89415,10063.195123808497
100153,8679.857655551297
96024,20182.95097565348
92043,32565.480596358408
100495,8172.652976311863
79653,22091.85233467641
88149,17608.472764053917
98022,21567.793861379156
84983,20315.412605172376
98394,19132.317347481625
78062,15682.7098953333
83656,16979.469390534523
93963,55127.785256941424
81988,29775.709209691275
95992,26330.201849218058
82620,15000.486129525952
82149,15720.159731830932
106199,11296.26811649788
107884,23722.092156440885
106607,18868.717161527966
84212,3347.12273716461
88234,17418.527331226596
96712,13834.638539909989
101058,14222.648530975855
81149,30097.569340106424
92670,21178.194151794458
101383,9676.543841630362
82563,12672.428229686446
100600,15787.75971100774
90826,13550.621136438005
102364,7819.75399007336
80759,31474.2508555985
79628,15381.014296275713
86113,18532.082376059065
96607,9642.030797909281
96462,18881.866814251687
88668,15350.072614864903
85575,19026.44141463317
97718,10244.313291949551
107322,30121.101771597278
79948,50176.4516187905
84361,19198.884164897914
77092,21846.231758053273
82359,21180.21939463266
87495,16509.00371891183
102966,13712.253056002539
104309,17597.271148911634
106312,22137.58623926913
85152,11235.62261595515
80835,11368.701773094948
99488,8915.002483040424
101023,10024.319321625488
82295,23068.662969852314
94330,22230.35502761634
96446,20265.595724795072
99608,12256.950115185165
108305,14519.245453513999
106512,20096.77059246158
104003,9462.556096912684
103550,12131.69767363296
86253,6812.1965568704645
88355,8957.24664876508
101629,10676.53196601533
101460,5862.015974766575
87820,10894.351833430874
83140,11454.535488205003
89804,11781.256427195696
101738,12864.916122177596
101121,16783.817875605157
81810,44084.73186989178
102106,6600.513372022187
80437,9257.102893645095
101463,12088.746333809442
97919,8122.357855651626
107407,20897.6906215089
76258,25538.70101930815
100626,19907.08742023855
92755,19987.191438812235
102655,8072.811130558006
89223,15911.621008949816
95180,50025.922711736144
96372,7334.97998108635
84089,11380.56791707173
82203,32164.673016866644
98785,6727.526478067824
95930,20375.505489377792
92151,16268.835395467613
105149,13999.691829631698
104517,7563.394525048382
85727,10797.205358254336
104769,12819.196767148022
106796,17993.106725445614
79021,18482.664426725514
86121,9680.727478097739
103139,7954.9905647334845
87918,9283.795249856226
80634,45382.495517456344
103033,6586.182729952804
80019,16079.38510401215
108035,20525.3531051478
77891,8664.946914695338
95749,25241.811383465203
86617,8327.3949003875
77709,11331.140254534865
77952,13999.49164102158
97083,12782.712455706402
78040,15497.035578017741
96041,25602.121076642015
101843,7845.355663010934
103016,10069.33393495235
86049,11837.603760268948
98228,7785.325130078174
90554,7033.524854453104
103311,4869.4034478316435
80418,18735.518455869387
81866,49476.414153387974
101259,10235.221657022474
92909,25385.752266407286
79034,33973.80850050165
77129,11610.20252195208
99018,10744.131918925359
107391,12456.901897182315
108170,18750.23728358122
80664,29741.493398136452
94438,38771.481957724754
100436,10210.470174344217
107031,12788.750334350902
103954,9356.656925259793
78892,12815.493699213279
88505,15863.168397484298
103329,10681.47947399684
88345,13751.995536238464
105950,10961.094815161186
98331,8015.492034432382
77666,17086.533779257203
95383,16747.042880315024
108535,11674.626072358844
78705,12549.076458410009
79597,11041.417159432473
97585,25118.653989448
93832,25274.49673220239
97348,10705.747070329959
87291,15774.938958061077
96291,15817.377107099393
84851,12214.15721258492
105338,21898.152667751652
84514,8911.945629526366
105830,21832.507338142026
78819,10082.636292966388
79728,54173.53091734676
105993,20991.754937937687
104822,25458.34495362946
101141,11092.686759469769
82728,8420.02402667659
83273,3147.9598856260177
107233,14932.169466993953
81943,38237.33019762438
105637,21078.594968804642
81203,14793.641594015657
95127,36108.70702940858
79994,35127.44756984136
96025,28495.956145006796
97390,30309.152877616187
107522,17721.246680022683
99674,2710.373184472565
83001,19499.322201018895
94573,19330.947400928882
91983,35048.824645920045
89935,15836.661293160903
83115,8472.283825035125
108439,18163.560777624036
82297,16686.99541492373
96542,13527.004467547758
78269,52903.07293768712
104124,11347.448039834417
90435,10390.351142010766
97520,25855.433052248383
85468,5875.363118949255
83566,9958.883638587706
106890,30095.92661317658
98124,7285.920532436289
85866,10216.390078074859
104379,24930.258417890207
99616,10342.632690481314
77346,27546.221717210272
83668,8163.7398053444285
94488,25824.843456620136
87494,9201.584872104682
84099,13028.609548299926
78345,14238.539933441583
95626,17478.14483731981
91044,22742.711442426866
91343,17731.022722741858
99823,8947.668251529625
97197,13620.795239659072
76399,23326.744383784848
95484,50954.53892531957
89728,21876.040042179433
93866,14114.882963622958
94053,30686.437083439112
103190,11803.4620979844
76312,18250.388258836378
79453,23952.562075383463
99956,11420.369177794262
96811,33284.26339020997
100537,13633.130060173475
98142,3326.2208136314584
106900,17520.87137055911
89474,7120.670855714455
76696,11877.332250021873
87479,13263.910860171938
84806,10462.03019345251
85385,28864.166940728253
93372,44087.118835605
92860,25291.158933625138
105267,27184.456055586375
86951,8024.788488625516
79622,9407.437966009227
95103,19629.298624807532
87138,10566.448955099875
91912,15804.666925803824
78932,18243.834145346755
106494,12161.931244126521
91645,23586.956456080326
76102,19213.141435119156
79636,24360.40606812645
99416,11370.147495236013
95715,33404.60086253952
81323,22552.45184529388
96273,9496.071312658918
95585,22070.174134575944
91885,21542.208151165218
80762,27446.348519341056
79167,9871.714610231053
87173,9395.675689237605
92719,24243.99342510731
87482,7464.083070163207
95215,20978.864164173123
104054,29447.738159107634
103066,9661.959998296581
102449,9886.090435005637
93985,24694.45960080827
99869,16339.614512849761
88347,14053.572052920455
77208,13358.544999796579
79376,16187.466469051851
98451,8661.240546204719
88983,16346.886645784834
106464,10974.639281778911
89146,16329.02290560672
105833,10192.972316756375
79242,23705.328950951527
107738,10263.750995214186
77626,12484.531466502445
77415,16399.437672425145
82458,9931.37884891511
80995,22682.682967653524
98434,11887.185649062438
106938,19844.066927736847
102349,10809.940412569309
85791,15342.979003454277
103622,9373.195089728822
108149,8710.907273200823
86450,20395.616149848498
107252,12367.713679510645
76034,9583.04662153906
82259,33964.800081738445
76581,32399.048562672357
95499,25316.81953427731
76648,43485.97927378076
75992,29296.70439309875
81407,18689.08300422579
105954,14994.751527308632
97001,8884.122233597938
96179,10719.087491255154
77616,16652.18027759689
108142,19605.014781864626
89107,8784.821744763341
108236,20242.26131782302
92520,17657.463602345397
93186,12870.623625847393
96171,13035.554051677833
78460,11953.157649319077
85417,12899.58721789403
100064,10743.596643827676
92393,16720.49462237536
83360,16177.030296659586
103935,10988.669467251993
106977,12463.969613063347
107965,14290.893986252053
91921,20678.44589895913
105002,9496.706857123942
93968,22123.93698945619
83088,6805.471989784974
92707,28394.140191800674
89001,17649.71632613008
95856,24866.61729859965
88962,26263.047510133496
99828,13035.226202448397
87980,10658.00889807199
103861,15739.124638806445
90588,10894.693871083275
91508,32287.82839394977
86131,8363.735804182408
97249,8688.500795214688
88232,15010.02894832006
78451,29071.32430097433
79773,18662.460136533733
82873,7728.235674530378
104116,23431.40937233541
83673,19889.058645917718
77622,31718.3719478453
94936,19717.4373785634
93795,18786.596006788404
96084,7327.806671462922
105406,13416.613678604084
102280,10825.179681800986
83867,17122.47809213023
83621,16959.87391814918
98536,7351.981962913591
101889,7194.257320455042
84479,12526.94074638832
77956,17451.338763629476
99484,4449.013818742764
82140,11130.111941085996
79005,34039.55111143222
77513,22411.09043402708
92211,22625.961139902087
85245,11162.88201042799
92239,19450.195689271623
97205,3533.850120443269
84822,9659.623026614467
104413,11058.692545239324
98704,22295.310022499343
76724,17040.876193749962
101457,10792.42020095033
85487,17844.89133629687
107392,7887.194455310245
90712,13434.666799301447
105823,7583.026477833557
100345,12585.541111338636
104219,12608.706313657603
90297,6930.353397016621
77122,30415.78100617587
104805,24857.57002818251
94490,31067.989837957073
99948,7508.751337749043
103562,16775.49446407024
93378,13605.413830450767
92288,11998.44863461261
78059,8587.430347699012
96096,13329.878479964653
95732,11489.685549595997
87817,6366.735429222008
101084,9214.17915722948
90506,7930.483659607918
95676,14676.954875995076
90249,14041.977652580048
95932,28149.987622926346
103254,12084.279097524884
99286,7148.521589990067
84918,13664.181732041741
97397,9613.299184349033
88837,10483.684672146792
99212,24228.18524528603
86421,14297.921480850908
78337,31880.08155374553
76020,31050.28349571709
88038,11391.651130562504
91409,15441.526272283307
95205,8862.283652229673
108031,6598.186932275485
105386,9991.860638582411
100613,15333.438384335284
95685,22226.664510083487
78731,12952.269365398468
87310,18173.990856862314
101113,11651.566994405573
89077,9873.025250587598
96672,24364.9929100289
86775,4681.675744658887
79262,28994.43725972106
104469,13610.971593779277
98351,9095.725075044
80728,19535.14124568939
97386,16383.944389926637
97417,16991.742473508642
93911,20372.29868558344
99842,7020.046912384656
97191,15627.391747583615
103152,6907.8596013420565
100093,13251.832061345429
104319,15994.729264668118
78419,23400.40634309863
106929,9013.07701698532
107427,10961.298204695122
93578,19984.749422723904
103404,8777.335201682134
77844,23669.68287669605
98068,14451.120003202275
95709,40955.36904761414
87946,16886.6439095146
76391,43022.20728046736
87096,12079.203170254345
77186,25003.30709652652
90698,12675.006618846839
93367,25579.111196211023
83133,9995.511466251754
97840,11835.902217737885
87605,14282.52700373611
78472,25148.635265536017
100925,5062.390578673461
99596,18579.953877978965
86081,7994.658603082268
105725,11104.70773644708
94362,18723.89030407377
88579,10489.86186261684
86705,11236.887849640601
80813,16719.210593442334
78885,9423.230858247474
95548,11883.614127587627
82342,18444.835970250908
77011,17419.69485932123
83904,10081.146174809255
105485,12410.134528514252
107922,15487.439052656748
90200,7075.55721426876
104534,10424.872836984341
88664,11696.028770257115
100499,7487.077934636229
101035,14998.376901292004
90482,15154.96368925712
108068,8660.138718572403
81709,37237.235909876734
97618,8587.56118858232
101931,9289.225670485654
100284,7645.541736728449
101027,14220.650480605933
96674,9484.52199742755
84856,15944.834812450812
105326,28781.843007493037
102491,11411.41576113927
97616,23482.256321832378
100667,15772.753302515017
108197,10882.82046852598
94844,28655.30161155611
104934,15766.06782485091
94116,25429.910902324416
76214,21203.29136855681
90916,18880.29359606412
106013,12471.350110823349
103429,16198.750726687827
93335,15909.764244604858
99260,17186.04438043328
97043,14402.40111964573
77925,73715.95946078436
86716,15902.863065469634
82230,11861.92243873995
77567,53542.05655055831
108496,31410.155017245386
104871,20996.050905168566
77957,10943.940807588271
96401,13006.660821511428
88284,11365.232656253751
86845,7186.234164392257
101349,4263.330225209179
77015,14653.462942752129
94471,22067.859174276895
108380,20304.642664889412
92533,30644.441582035568
77756,13940.556845389727
76035,21573.276763949503
75973,9765.559554251131
94675,9768.367954519705
79435,21110.2699386974
106542,22029.203746392013
96546,12528.544998173471
95946,19695.14839348779
93188,22846.526521006042
78117,18731.900608064847
102180,6896.099607191809
81825,17359.406960098488
90050,9447.7970747622
79638,19625.23857509458
87579,12858.00584058012
108103,17593.366149189205
76578,19269.6639592067
79112,16920.577587050615
95959,21587.164342089938
78244,15877.953889327186
77851,28215.87203583006
87052,18008.214056459543
88538,18154.979556559494
79011,24000.18593004391
96381,20414.94003742922
105358,14070.044758586373
92876,18271.107186201225
87699,6177.018309647256
90203,15760.406894227168
77001,18483.744957552644
97974,7877.467129150162
89985,8047.065167703624
97810,9722.639726604122
107459,9849.350639769895
104861,17739.554670799098
82516,9047.6082745351
83497,10999.938050867664
80194,54363.34731626318
85730,9700.169474673727
77914,28399.323445004797
88779,17276.827376641075
88366,9142.20734123344
104300,13935.514458123278
84300,11164.691715922436
79422,14371.572144698817
94910,29527.86884690557
108386,24837.042557345045
92708,2772.6372836787014
90802,20007.7070873584
104397,21996.010646142033
98039,14338.896735294953
107887,25302.510780841374
105290,11637.363111255252
102575,20846.971969080423
105040,8987.593739118498
98430,11870.635969095867
80499,24468.822200020768
101694,11489.795109617407
76386,32048.97971474365
98181,11891.172244962627
85340,18187.733854405345
90766,17317.42177428153
93472,18670.763696357946
79927,26875.645440071527
80854,22272.656521217363
100180,10377.192148230884
84437,4268.763528583639
83358,6499.151725285021
93108,21788.751350524853
104330,12946.986851127534
103518,8495.167681611698
89006,16280.116823337776
101611,7163.000829515425
92226,19131.38560022934
84798,9843.393528069835
92840,10092.181723274214
106054,13265.28256101906
78261,31557.467923740674
76071,16683.00802423212
92246,23394.969939608553
92296,14827.888245408756
89469,11113.918454271643
98079,14098.07706111202
81294,10314.109132733372
96301,5065.642396602941
83888,11288.102236914434
87403,8388.111689999538
92192,32302.566794351973
107592,18950.007636540544
77496,16240.46355958987
97447,26085.689518701
103131,12641.00839352653
104590,25677.874053780433
97597,9309.074671262415
82167,24195.220363203767
91027,25522.39036329566
78607,35098.13727777964
99587,12268.572437796614
93937,10604.821583328672
100307,11978.01442716722
107613,14427.560877641674
99773,13182.518248349053
90044,9023.728857676617
85578,19431.23459833439
77103,12915.359830616802
91386,25730.65044599617
98955,16661.68722908994
95927,21619.536889145085
103188,4599.213996515852
77389,77688.75203100874
81822,11403.091043038406
90768,30645.407280129537
77594,12821.031215135368
107085,16628.268446387174
87692,9713.264389444086
77813,8968.10404831121
81414,14823.124626894441
102900,8686.309666756228
83150,17807.930663479547
92414,28535.066860207397
105321,11217.134164897408
92658,26872.262728268888
87160,9006.187532492782
107827,15445.92258842712
105790,17960.695966857507
87463,17433.848300104502
91532,47617.26361332712
77459,25241.139108021078
81593,13849.052914259844
103719,11937.768974902276
102291,8283.746296123076
77211,23359.629613812882
92956,19930.40476363103
86578,14373.193999863057
85882,12944.679518506995
82082,19361.229754628777
91811,29744.760447728844
82036,31266.564770589484
76773,16579.033337719575
99406,10042.432380707181
102289,9354.884600072877
94402,19255.050544406342
98621,8199.56845456672
96476,12678.567791126923
93410,13158.244249796782
84989,16300.119795870754
85123,15759.42782231424
88492,17522.650289128815
95128,25721.81140910482
93047,16494.30361086228
84587,13863.655585033692
94856,25147.90633524186
92247,22350.794469607037
101052,14202.702435850311
82940,5065.54488794526
97756,11280.639969081823
98444,21996.579049343713
77869,10356.824188185274
96694,15431.491170369809
107101,12400.157163367203
88276,10585.806341091793
84648,13499.550146921376
88011,11665.965641462311
97951,17053.47418900168
77288,29279.056959792524
104937,7691.817232065163
81621,11320.698749091416
82049,39763.74363071394
98553,9503.819273163706
105056,29551.01797047587
80914,33009.54091825855
82440,18269.31934709048
94927,23846.63721458565
84303,11651.647644507326
85533,10858.754058065151
97576,11254.979841239756
82216,22701.127544297437
84279,18046.378625875303
80976,15978.79290820169
106097,20792.701779216077
83074,11248.989498035582
87581,13076.589072553217
97210,15778.230593263408
90785,16173.113502279097
99434,15033.634796103846
89600,18750.604310969742
103809,13151.39491159094
92260,6196.760264419148
89667,10303.629146937483
99310,6105.550441245431
90375,21716.795104872668
89468,11058.480490867092
94940,23159.439961467015
97747,5208.0072435767215
97570,8486.460151848662
105994,24917.43941362785
93145,14622.075686425604
94100,16204.634727185336
103226,13305.643810572463
100167,14843.144506033737
98138,11909.26144223759
101043,8014.287006447443
82078,16621.76035872284
104748,10803.001025750753
103881,14745.596203786921
86774,19979.610026635546
89857,8556.605413786723
97150,12799.613255121667
107683,19540.262136602792
83708,18912.603609359263
78775,13498.967908919656
104200,19090.910464803495
107581,12702.873626031249
99756,7222.112734100441
90210,15003.56329022008
78027,34052.25031059476
97012,13023.132149067918
104010,9261.287473114095
100639,11043.00712237369
93792,15345.16138164539
85574,17296.66950755029
105066,9794.704476686129
97307,11378.086159468181
77243,46044.342006445644
100661,10296.091511589082
80825,20439.465395480194
85856,12241.19499783983
85793,8562.015110954584
107091,19624.541513920347
85836,22855.344338038765
83887,11107.512152375777
84721,16521.94223037722
77636,7735.069939294398
76905,43678.85597229487
104895,12138.41123316947
86377,15996.75239366914
83076,17901.97829790717
90124,4090.1331502572657
105661,12682.142565781522
91631,7663.325821347751
79760,53906.14123356942
100714,7524.792313391022
99231,17480.007669076662
82805,16761.31345268324
80714,27883.00924471972
93820,23262.15213757503
85373,9104.848761948404
95562,31058.058441117595
91723,29007.120710613417
91501,23932.48240861859
91222,12378.428942696846
97984,27496.009497051164
95047,44400.20820246485
101181,6017.621033956206
88389,9350.821275117702
86999,28424.93904025922
85255,19380.02049524178
79093,14933.98200557257
82409,18760.281765201602
103128,10882.595684765116
107027,11750.832448111682
108081,14206.548992328886
85698,22698.331587044133
84249,21396.87377350276
101719,7096.089232911029
88643,7469.3229061321435
80972,19608.749545654613
106047,16853.04833091444
86779,2349.4803563824735
78587,33701.37064998489
90179,15321.875589376194
90972,9780.40114680146
78609,21489.094172648744
98324,7343.233189171627
76446,51639.3934758211
86829,12999.527872738907
87796,10841.998436652353
83650,15873.624773569043
81411,13092.990932552346
81963,33548.56669948499
96782,19692.98712789893
89718,8916.874272079313
95518,20094.462780799848
107293,8899.343627941058
99739,8958.882180963377
103956,12156.382605398912
85946,18248.055860899618
88532,18059.88388457046
85713,7682.175487471476
78184,19551.295316415897
100234,5289.753997569796
107715,9946.739866992019
106150,16092.26716459417
77266,13283.063658493727
91067,18414.911163310182
80869,21393.349153390038
81462,13140.524492120323
83382,7360.951877397236
92915,18952.462552848785
81139,15030.33826260829
96523,12160.005996548332
107090,30884.05836495211
108117,19714.390536342235
91742,3715.546105347883
98340,12486.64540026589
88371,15965.204665405408
101031,5191.10321598559
108430,33024.55039145974
77740,27506.901904922237
87861,11129.65694535054
84746,10413.692370766657
81252,30272.921868032176
81933,15223.42367250183
92153,21223.61920311589
95485,17820.32239929959
97686,14335.453317952837
107452,15209.215170106805
95477,24324.70212275127
95752,32421.928625608558
99499,6158.530115307712
81223,15385.179284337924
83589,28938.939344459322
81497,27467.406863058004
95884,20212.798426505487
87806,11116.70280815527
92330,19193.220075281817
84558,12539.554396041814
82990,9499.078960489327
90851,6243.7282937371465
96997,33819.152187040076
90278,13988.757973299891
82417,11362.297489766757
100247,7986.1141270935395
82239,30345.916069481158
76975,19697.760284904143
102948,9679.007326147963
96929,11969.952850552414
107088,14862.08088816849
94670,12962.945078895484
89862,4602.751008918747
94506,11946.894694581317
97696,8933.424909610452
82696,22710.293765261307
103767,12818.527748433478
105307,11860.997110442733
106510,27701.246970240132
88316,16039.86396966825
94321,20941.55938526948
96595,17429.343701924994
83223,8389.483078414114
85551,12129.715108471459
96007,11373.936669706658
90296,9313.155289754206
97407,10980.323901940284
93071,15745.576208875122
97275,6598.059005443153
86827,5245.482056059785
99759,6879.677806441149
106689,20972.70433380823
103062,7151.828417110421
99657,12067.43661557391
93428,28940.469819689246
88504,18728.39561000511
87359,12471.534918178771
81906,18425.48662309042
107446,9773.861848436696
78926,39714.59531248036
97871,6556.634167242728
94202,14734.35892724215
101216,12908.758797431541
89614,15459.034299904202
82929,4350.069573139458
78710,11669.328927683215
104966,18509.448965065072
88410,13573.227132440166
94382,19814.209606043798
106319,44081.980336786866
91212,19546.903336362233
103584,9957.51181896897
107593,9291.329632825851
100069,15339.149761804198
97293,11013.7559418268
97085,5517.094866647361
78830,16013.88718381965
80409,14476.39857456646
81079,30767.468238868787
90437,8995.186051974577
104169,28687.24487202747
83432,14052.881504736672
86630,15980.123131934328
100678,6484.327164651519
92564,23437.637321715545
86007,9984.732666655758
84102,8381.322722125477
85324,18354.55000008898
92796,12897.85437684884
78277,29118.583596862274
91813,12578.962901899968
107896,25198.21080697111
80598,23181.75708139307
93630,22059.030809298732
98016,14026.889857402757
79518,50363.617232311546
104016,9743.098845986213
90069,19277.41315137776
108485,8406.472546277968
105556,29234.241380098487
107276,21747.789821587663
86409,16402.52865153172
98131,11981.158072608683
95165,16794.661923967105
92954,16990.17868350284
108363,7823.0630169218675
107775,16946.65539340291
98806,7113.357748307878
82105,17521.568960128363
95777,14262.691809421245
78794,21044.191389794756
77994,34487.49767823648
90061,7105.403805451823
98353,15284.171789673754
86777,11961.734489787994
107107,9587.328771957284
99207,11202.670445599942
92441,24423.57737213837
81253,20858.871407825056
82071,23803.538645963683
86304,9446.208989334966
78529,6836.572865304849
100606,8440.142865364383
108524,22708.023328234423
87772,17524.390910667153
83062,16623.050763785854
106197,17489.01309509277
105773,26169.03948444877
79317,20914.840043556153
103930,6924.332900615086
77486,32446.93323004817
76154,30910.251065024084
89324,5241.036314685932
98354,13941.034339121039
108349,7971.7125618082555
108146,9199.730026657802
77826,20523.756861322847
91078,20759.937670067015
78136,24819.274781291122
107463,25260.285155396276
100749,15672.756581861511
77223,55612.23456841544
92513,19292.698318966657
99409,8155.482472288692
94380,28806.556831924456
84791,9347.11544913885
86042,16961.791613291134
79939,34400.594062619726
83953,18108.94641856993
103754,11689.957256030008
86091,13614.658940575033
83114,10159.93548347096
80956,13928.885555004688
96276,8430.851613473951
89799,15689.897752184721
87919,8178.839080001187
84054,19361.877343347507
102856,8560.62492271481
105645,9379.978698324841
81207,23141.63355089275
79629,21992.32339290095
97211,18610.402873831823
86631,5482.336000812933
93438,30822.502201243668
96983,18183.843281604677
93914,25370.631691552477
98470,10284.441381425215
76650,11932.789696701755
96428,29323.356343846375
84958,15857.000747486949
81064,12648.677273181944
82469,12475.086411059834
102139,11596.385358553047
97800,9826.045303750318
98474,6458.789670261709
107944,12252.886799025657
97401,7501.884864985859
108476,11055.571555688888
103189,7388.332627833253
82987,10970.107560318356
80903,30231.645095707103
90854,10020.8357523625
95644,41803.028764376315
98728,13580.500076397999
94370,18362.26198287223
84537,13720.13039886078
89358,11523.987488644208
76221,11434.322999370326
84935,17537.989562764687
107676,12558.31823473282
103154,10362.629453898222
82600,15999.54148744039
104290,18231.84241966239
79972,20412.790932675387
89202,21319.297421218416
97253,8477.285135073662
97358,8244.007348178091
106932,11180.173617586692
101140,7013.674291912376
100650,8222.97268843981
99817,21467.55099062762
80953,21383.014203433602
93851,16498.443505662028
89574,4597.091076415371
91092,11998.44863461261
78214,25553.950579065684
80283,19494.477257866325
93158,18019.292844426695
78562,50006.63403917789
108498,13806.853759709154
100223,6078.752283600043
76976,9978.207945587748
81119,26429.414913690965
97369,24600.56042703779
95721,24390.71823072739
82271,16908.260860804494
102837,10122.79794985916
94761,19676.727567357655
89200,10806.565882234063
102690,9499.63961223374
101274,11632.515913058407
107682,23637.246510981506
108276,13328.7209624047
99011,12779.893245805502
94484,15657.067128496257
106033,18561.853633059964
89123,11806.739711638122
88740,8572.158417424642
90951,25550.69585482981
103812,5353.167133058189
100056,10059.380233057129
100691,11987.455867547736
88394,15972.572432565647
97620,8119.777600702811
107955,7944.819217595241
98144,18435.71587844461
106325,21658.129451440767
92867,43177.94050471413
85204,7803.383833502298
87062,19253.069124636902
81539,19636.86365074101
92009,33154.20371811908
108224,12825.462954185272
101686,11319.295833820215
98557,9129.622116667744
101594,12092.618731119746
100647,2068.409288674329
102401,9383.985914341969
86093,11409.635526302145
85837,13558.017064975471
86260,15702.216828322791
79830,33809.39099579507
100041,15167.31397389904
92230,21590.834249542357
94661,20433.041525644694
79450,20086.440479625853
101374,7280.660753904347
76983,34532.77635845047
99673,19032.56581863127
81336,18440.115567145014
100376,10641.360534631523
92756,24927.847108639522
87725,13176.810141913604
84541,19269.86821941259
82284,37476.615993545485
89479,6771.650066090892
93259,122418.7055924118
105648,6446.101585132731
99099,10122.370848586994
104543,20996.304829991685
108474,24620.546572032217
76907,19887.67887842704
93652,28087.252427219548
100967,5909.034438640875
94331,16632.100452706432
106381,10212.139912307528
83170,10463.123172198902
102953,9296.976279634215
103590,10097.487722586473
77316,18404.886651025743
84682,18989.04269587146
84524,13129.52427430908
76747,17320.949983584203
99049,9306.182000969686
105881,15920.523945420651
90833,6411.311715918477
108079,12676.472319299988
107295,13827.830450045018
77121,16596.539684401327
78927,35837.762608766796
103048,8007.617641653247
86216,14436.730037017645
88448,15887.977252380855
86219,16471.28572190849
87181,9093.724374078438
98755,8642.895984615714
76443,12236.64634972612
101149,7354.5395274290795
104315,21136.55184385093
108345,10662.589945272213
100156,8316.132170054196
107263,15421.520683395604
83935,5376.566490001981
90584,8739.305118170294
105733,13219.205684268742
88332,12419.298036511404
81979,21317.54808789416
91864,49159.96014206895
106847,15558.840231563474
95136,16077.390541494215
96991,9169.492129277407
105905,11017.58771252751
102080,7356.788027558092
98072,7369.844888021853
103711,9498.75126026073
92213,15858.966108231805
106898,9716.098685924897
85333,15954.950854598774
84559,10748.799647282816
95428,30627.611726111867
101003,14280.767880298616
87773,4722.322033226204
100739,9590.583100405816
99885,11729.48773256694
106647,11855.921731439985
98019,9459.828953004853
92212,24021.700631309992
100786,12121.251764066988
85518,16032.967350444444
89849,10295.753952956109
76149,15995.765236808385
97490,7393.918396440307
87476,9671.830454329416
83248,19961.92418576212
99352,9249.67642626544
90736,8622.748792327839
77596,19290.768802762726
77209,3185.50406357988
82308,13015.753879709568
78207,17110.40777531577
104041,11710.055754954197
81125,17554.521907963303
81691,34472.90205931188
94459,10607.581592073844
79977,14764.033063957851
96530,18439.5829342554
78367,24498.82923494354
108100,36174.543489099044
104510,9306.675666863259
81891,12821.849331067022
97087,12918.053205679713
88161,9860.49934957219
101097,9192.875530568568
81742,25006.63566381917
78409,7527.414762953011
107496,17191.544134617077
99326,7506.547476200782
78535,9331.124299331916
106164,21753.783395628692
79719,26249.45122278084
90418,8632.579751896275
85844,12323.250211262966
86639,9927.805470792056
83745,6370.271367086442
77300,56527.029792324276
87702,10819.304413111904
82586,9452.304538992945
83769,10645.995176916917
81708,30214.113375291487
90224,11578.845608716712
100063,7402.994614685685
79249,13487.213899824776
78719,31799.695639615747
97287,8045.506710349218
84267,19447.494649504235
84056,8731.37382921922
101164,11923.361993379467
85826,18624.014182113788
93793,24003.269376116925
90945,23989.11037610048
98991,10410.604655949188
79647,14464.402775213282
96794,13848.492442106424
83984,14903.020896483129
96688,8648.712726700134
79838,18675.187048244454
105671,9885.165863097733
87438,16208.552192733745
85859,15857.810310422772
91639,15817.358252178774
81134,39713.93993878263
99992,12098.073130717212
91262,25045.635937570718
81417,29353.63548622925
90783,19619.530129915085
88898,16869.309839865316
76241,13235.560716509832
76491,17288.56483339491
83132,17071.720867945856
97757,15998.520788831052
91753,26953.620515383063
82333,24381.876162036242
88295,9788.209686146469
98314,10749.179378880483
86172,8885.299301821919
78331,26206.16075988772
81996,25441.01841823941
83315,2730.0945346505055
92376,16366.564824611181
103058,12971.025542873713
102215,12168.075572352382
104225,27832.6118510173
76910,16373.05548342525
88657,12079.954330413158
104943,19989.402444355568
86434,13543.376926915564
79432,13447.067582474398
103103,13809.02367275637
91456,29737.61362286712
89465,14096.130632247638
107774,12272.047784370323
80938,30393.98339952828
94883,17530.94456920596
94135,29079.83498118196
78747,17230.277600298563
76240,19811.018263058795
95820,38609.80282966747
79092,23100.100555481276
84393,10633.971128351912
94391,36959.19793141021
77183,21234.924256008486
105612,7772.955952812694
89046,9403.282088476051
90878,23990.508900930825
77058,14877.83622178217
84468,9853.761232038049
76713,24085.822764521483
85568,11796.368215142762
82191,19326.771622993914
84825,17988.953746253297
79009,53662.29192436201
93908,25245.95364175317
91135,24777.03285615436
94603,21837.501743292076
105887,22543.029861401843
103196,10662.45766083463
87544,13204.92424274637
99605,15136.18010821019
101660,10668.661323397268
100671,8906.017232408714
97839,26157.598420735172
77742,38316.282565839465
106144,8523.606604721706
79681,28093.895721202683
98764,9015.616652647652
98200,9680.444115054059
82652,9282.727127167216
83599,9009.415712688156
97776,14189.809725194198
83403,14000.3749891211
77472,31575.836306770827
79535,27397.34255698115
82632,15939.323056466023
98612,11140.458321281045
76103,23655.389194029813
94824,24477.77878502936
87424,19254.37391346805
79193,17989.399726405838
80853,15370.710337168448
87885,10621.0961840056
80891,26261.100953676672
77149,24026.855469837665
91012,13936.914471191429
99259,8309.108298204792
81555,26265.50987936536
93917,29397.143514863048
88089,18442.684806978228
100704,13055.853707250768
77798,34091.32297347692
87342,11282.400487932511
96013,9107.666913008705
93380,18751.07822888709
84040,13512.163259780142
88600,18168.271529874728
76133,16049.576392643166
94842,18296.07276212245
98184,6069.167767737223
88767,16573.09107915461
98741,21948.123375044404
81739,11768.615421781315
91321,26604.13912103995
108030,23964.039805033583
77680,20926.370463265583
78189,27114.74390634309
82302,24419.219649993094
78968,19515.964140386866
101390,7407.506228292437
95491,16312.084117691456
101687,5555.393414790841
76371,18100.242290494803
100151,12407.616410793975
92147,21777.06427378433
103385,13845.814016637532
86960,16240.022232338788
89563,20741.797914781986
98013,6245.547494392725
103747,5712.4480296328875
107681,14904.029442355646
82686,7717.125147056173
79913,12125.730983228914
96545,21852.357509423506
98278,11079.913797971436
88916,13304.610788355942
104733,10932.46243648866
103529,11115.406059527617
100642,15621.28829242454
97860,9017.221050479331
88870,15301.141777702736
97563,18840.301795307052
97081,11821.458191970887
89544,7570.305847618294
96332,11725.613593984039
97064,5318.875537293301
81916,31156.991281894727
82148,54823.80886048372
102447,3938.509142004866
103111,8773.4078451075
85058,9389.05998931181
76422,20895.3041244959
94546,17995.518620485094
96769,10978.461552612567
95364,12611.9023221761
101118,13256.742606799806
107644,19050.207311787934
104650,8597.540079629543
97300,8687.890536027648
104069,10378.437805652602
84700,13737.32872887108
97122,11440.783844830514
89878,19349.933837216122
82579,19430.96630610941
107967,9914.46522394504
82494,4343.387265803742
104872,14690.251554844275
76339,22942.48725351616
90676,7131.54281220368
83780,16503.835424067784
94444,24479.255633385714
83532,2955.4681166979904
103380,7035.416212441482
90941,37218.27177255881
99845,19152.353124240824
98053,12246.320003778827
77863,52224.32919738566
81107,23961.177666848263
81176,27965.86405047607
93196,56807.601631093035
102895,5434.045889270187
107093,20387.595697330336
106566,35648.29901100947
88893,9985.037192072105
81939,54547.03938969855
98833,8299.934238288906
102812,6297.467182668425
95766,22122.949942098494
83556,18621.764026786543
96725,10024.518072491566
104649,7247.485097901
98466,15938.29249588677
77661,22906.890118117753
99882,19120.01825938387
82646,10929.923447219784
94874,17323.39349572254
92800,12231.155858649416
80265,25419.926158842067
80587,34095.33354257832
92298,25902.781230524477
99023,23697.406164014425
88098,10486.400766829052
100928,14273.481555899398
106437,13931.244785676308
83122,11193.897467313747
86614,10485.367970132567
105454,20548.19590727488
89282,22034.153647562376
103136,9276.15426810369
104899,28500.280044292907
92041,31401.314365338858
80795,12923.524468669639
103043,9373.68653098474
90842,21789.92398487984
103070,9214.563261231644
91523,29547.657334869447
76427,21711.961745046632
86188,18303.399805905432
105618,36374.969633021385
82931,8820.260929514603
76137,11258.761474014838
88017,14282.580889196453
82713,12852.051566462618
76155,13580.845505256215
101057,9797.958516151451
94699,42133.7737365109
106794,19061.352060283647
97000,20255.592493034612
90986,23162.294065208956
92785,9846.710087293915
79156,15401.23909748646
107616,18811.889663569098
84264,6829.980825184862
93932,18003.645878043157
102956,10961.176227888214
79715,22552.38986005945
82329,20341.936183625025
86636,11502.544889873358
94479,27395.025495599493
84998,11326.198351358478
83835,9221.305174943405
106823,9624.300022786758
80760,19485.822143425707
83060,16907.62805101133
85872,10014.31426039611
76227,16416.11371726767
103460,7012.6614697065625
96989,13064.702547593475
107858,13530.407560140467
80447,10883.568802076135
108267,7852.849091912119
86584,12327.358637900104
96426,15680.995816424707
86696,21082.884680516592
88252,11296.11875223345
91515,52269.43718513576
98357,9978.711096768395
92439,21218.797725290617
92341,30810.27490728736
84739,9370.204853244984
76906,24770.06603054029
100027,8697.078553800535
102225,12508.535443042309
88476,14211.520826221169
81778,23806.893052739488
103266,16597.748148863673
87660,15132.264552609198
89634,7184.121675685747
93577,30853.435327644966
92450,18121.789783518576
99404,13214.772468773697
107936,13188.888975985863
86174,2948.9629636562813
98273,9168.011701837377
99007,21948.117245875626
81615,16564.346509557574
91236,17005.531087122275
96984,18086.243290926814
92538,34667.0062926722
87039,3946.8623351421497
84235,14744.32289169232
77010,19329.01712217907
106727,5596.439209303873
102933,7904.206189315289
80821,9740.549972032451
81969,17585.64393866127
93088,30269.554265315848
107004,14476.599205026261
79330,30607.634923095335
80388,22322.667730304533
97494,17979.643640370577
107144,20592.433426607357
93860,18923.429417032577
94845,16540.568820252818
79152,21734.56519623912
95032,22087.7505185406
108333,12283.692928580245
76925,22762.275124246742
93278,57697.7444814131
98608,7687.786368605959
87236,8654.287010571477
79320,27406.725659200263
83893,13968.510274170989
80973,16201.410018694136
97659,6988.675451956897
102063,8749.209730180255
96324,9427.375428441213
101184,8764.918408804697
97392,25648.16327325937
94094,17249.819339108173
95219,15790.59082885179
85048,18763.475722350566
94887,23026.477269468065
88002,16684.423370057808
99157,11041.673485298616
102746,10491.918861942584
89164,12404.319775686059
101079,15216.584475054957
94124,11142.396829346379
100161,12461.228262375123
84658,16808.686955691912
105603,17517.271952748095
90963,18171.525704650678
85012,16836.93633469346
108298,13879.619843251287
104080,4725.877377204483
91850,46096.6368220605
102713,4373.599652252629
83295,11206.456953342695
107847,12575.343719635515
105847,13451.396691799735
87143,15411.690866302086
106090,15469.42957279073
88925,8814.001696654786
106297,20068.16347956621
96596,13189.141373199822
99233,6543.299448954684
103321,14989.51422499265
82479,13495.93861901148
102734,17341.981109416738
107461,28580.48572431222
103237,13788.27501527924
85581,19512.951095089516
99196,7208.255108603815
79178,16273.607812122133
84339,15261.622014087236
92764,18447.374702739027
85498,16847.138711026695
100622,8258.776588463083
106518,26976.079054894148
82821,10123.382788490395
97628,19663.346212759247
90763,8951.824327546712
91567,24684.52100470841
107462,8146.7610880452685
95833,22141.206458606404
102479,15621.28829242454
97555,12402.911073726696
80881,11133.638159696915
84016,15960.985418133467
94051,11786.775819107816
76277,27352.592068231734
88676,9138.81467765008
102566,10516.938552415957
88564,15097.157502027205
95048,25558.42332814039
82166,12608.752915791494
86227,27662.929390451696
83738,8967.324048318698
103684,11315.648497388496
79893,18669.037469689614
100634,9260.376596512242
96392,15656.888650410081
96311,18484.417898348936
85015,14762.294172098253
83050,18452.632356155835
81925,27211.590566408282
106187,10683.423325751159
83863,12369.295042583464
82048,33839.45108553782
100962,13349.076747709523
91587,20065.249601692416
104915,19730.77587352954
98779,14857.559217723432
96698,7438.302580768975
84701,11113.498167159425
92986,26255.37968713018
77112,23140.90642856598
90774,9246.565842274742
88520,8794.732074663527
88281,16046.210586746778
91388,32420.24207157291
76441,30842.56254482074
98643,13995.869274159002
97850,16439.56721179946
98344,2989.0460664281513
99441,13692.092652121939
80230,27897.903329484416
106370,10587.784816630898
88901,10495.775035339824
76590,14447.075163986909
94998,13696.250287181232
77283,32120.782025253615
104065,28119.77665257924
107919,16558.614821025927
103743,4705.57478053563
100503,6915.431203078997
81273,16343.266836423578
81878,9646.14400162358
79224,29098.46763945009
90254,3666.6408604410512
82712,9710.179694009286
98113,8165.028026994012
104562,14793.533695945847
103014,9176.218721004818
107299,26244.662585677495
99799,5624.892325961961
87952,5748.73095376467
101836,9378.209830190499
104896,24688.645344245615
107665,14302.061846519617
96182,25192.10443651173
84731,20081.4849617015
85565,12231.292562497581
83237,9661.571006503742
80785,24407.921705294066
81935,34386.51080340931
90932,41780.60627655797
99204,15017.132862373268
78802,29308.570799175635
105421,17334.969054763926
81831,11591.845681344079
100016,7318.891689009163
76262,32972.823849168075
85286,11176.011141274463
78629,15154.383772230718
79451,15401.201443032165
91132,56005.005710810976
88726,11697.923257789897
89928,16166.551552862398
84672,15451.299460922792
102127,9800.112953897642
78630,15819.817493465025
105874,11360.623351123188
81491,14517.295711433773
108085,13842.25785503693
99711,8272.288128442158
95713,26715.4035307881
79499,12757.847715647082
88373,6534.5771752908195
106412,19005.86119692386
86000,10468.949995346402
77849,16712.924001169715
102224,14301.056665617562
90591,7884.02123178953
78511,15398.869492102076
83611,16985.331074694222
95316,10885.257066693106
85207,7373.790437751557
86755,13954.057384126307
91361,20204.461309432685
88107,6518.491329828333
99468,4775.851476508137
101776,12191.96224193665
97132,6009.735176889479
106405,11913.83966491204
83804,12983.920549415841
104093,19413.247760154914
81897,25418.842579916265
97522,12861.454360757278
78569,25506.00092423425
96486,29351.59267033549
99636,7029.083440954754
80770,37207.68049089402
91534,25722.4108936262
80461,29607.08414288019
102345,6139.527707158654
95431,29397.427909442864
76350,12572.537050116332
76330,13321.391364866688
101604,10570.753158566582
99303,12117.513111373184
106266,14197.687435327984
84697,18239.022717473425
86296,10002.248607624912
90658,15575.953794397199
102954,9195.734847520182
106174,22814.57100837073
81510,23802.240320905817
89222,14148.100069086418
104391,17614.319340209193
76573,12151.212722294622
78060,13348.771178572686
85030,19473.937582153016
105478,23121.56329308452
83477,11573.072416965464
101134,10957.334392224826
103096,8049.271368789512
99391,11488.843097906176
94614,15902.828264084108
100110,8277.115593259114
81782,28299.82670499299
90292,8123.282736392665
86357,8833.827281410111
76157,10947.877330003472
80325,24082.590928124253
88991,16784.84651290517
83117,19338.51142552153
90513,15869.10082996574
82037,12298.451635815694
90066,9666.451544966765
92814,48119.02440115866
93991,40310.826202885786
100121,13753.034815172352
104495,10723.211601531286
105953,11688.897974595908
108089,10668.719518427506
84778,23759.89084620301
100753,13754.80466355335
107832,26386.040293897317
92190,12415.775357161587
82029,16928.62357329104
97914,10114.844303595051
105776,17734.94330995791
95402,14366.56244456698
99097,11450.092243226269
105043,9381.53269741082
106998,10016.628125666166
99567,11456.777465267702
85421,7502.493068241279
99161,12585.183787650194
89951,6721.980075505772
81358,31713.221797047685
100373,9409.865609784098
80291,39223.76784652566
88545,9851.044746007286
92994,20608.60658764814
90248,24969.266223739294
78625,21663.12162926632
81990,33956.53992604826
103075,11814.518732931867
98639,7672.988667550743
103368,14808.622276732127
95427,13560.176592891727
84503,8126.259469413143
82446,7821.21198175621
97175,11217.551563300753
101777,8677.204672664306
76086,14384.653118062437
106347,13378.538760216597
76445,47271.46996690642
97649,11038.833679097705
99273,22614.70577905617
98864,11800.038222948317
98037,21322.41090272619
107264,21732.01674929139
100104,10638.223059408747
81842,17082.231194756023
81839,13013.235284391996
100608,13198.708257660332
106588,8861.973992397321
107466,31797.120675430513
86092,14500.331527640345
92204,27308.055118472214
107905,41667.04578309013
76821,19957.77881684242
81022,11649.150835291699
105727,34103.5188788102
80544,44730.65825076598
93388,16395.20186894469
93775,19837.230210237354
93733,23007.942923885395
108177,16899.865147952885
79746,27084.958782969235
89285,15471.229299282622
100243,7931.688958192426
107171,19629.291132479328
93444,13595.61319714168
107421,12644.313213210875
94071,24786.71456029891
92195,40092.33941802317
76108,17301.773326944414
100603,8510.318690531098
95800,12130.725119120283
90708,14175.116248365739
102701,10689.746644136187
97732,13650.573066450988
102574,9275.034988068319
92237,31614.355222503826
94192,40610.70073870446
88219,7968.203457928848
88910,14383.124542709189
100811,13413.803561415947
103288,7628.6028776388775
100370,9514.303258025866
102544,14544.674104481088
107473,9186.043096114852
106926,9113.022859266463
92514,20917.80919284712
78557,13882.353853201588
99091,15735.772237436795
96487,10299.542087316227
86252,13463.632625091626
84763,6668.182352730924
82531,16588.945634183652
79012,16634.38761402371
97078,16942.700902445955
96824,5978.521598278457
79970,21098.301377222615
98057,17906.438562343457
105947,24349.18393196073
82539,15514.537618833923
105816,21258.011120404768
93800,18181.49408433752
87079,7807.485591843926
87453,12544.26526003973
92855,16364.039178111074
95805,18432.562367107585
76398,26107.075941059924
90724,14185.317972369212
102196,8082.533762758703
97661,11807.79171523908
105475,13371.207768265036
81241,11637.821709481412
91106,20486.126623291253
89543,28562.545311651826
94403,20689.387218390704
80666,18896.805856892293
99769,13692.899032481919
102351,8775.029654023172
102941,12601.979741655956
82783,20359.19338397405
78504,24387.106746477562
94715,20003.86792571586
92180,22579.389356360174
103904,11195.62746897012
102921,8804.7809437222
99685,13529.089257357655
93048,18753.71532683755
82988,22511.696360912454
93279,33645.12237281172
80084,31515.008267202687
101966,10685.217265423651
94667,31303.95816396169
76298,13023.986941091754
87379,17374.879754606896
94212,14688.692489907295
81333,16413.16646397558
85998,14502.94120132951
90198,9548.11977214472
87823,10463.321719771226
103530,13553.944834485528
106243,8644.270356782401
81208,13899.19046482393
105153,10618.536773290743
104103,23423.622927487722
89555,24030.079400007427
106042,19734.86707821877
78170,31555.316580548635
107675,14198.252838867149
106705,13571.065919467048
89953,6751.145016187804
101934,12250.712429637077
104727,25876.02090510272
87327,15004.438561712856
103247,13487.833904980927
84673,12316.255566505411
107520,42431.29860707974
76626,20107.09200479131
98638,9522.209270862591
102060,7743.527641869728
83635,21193.7848352501
94566,38978.97351920755
79207,33856.05134864595
98700,15990.129344494635
86563,16844.360318948166
86891,18604.329629982185
85278,7557.526592082437
91817,29458.691688565203
99473,10527.811892261603
102489,5885.2313395099145
89191,14059.433267778659
101746,14121.69099258731
84538,11780.103678217994
78072,25091.468426990752
99832,12356.56120029273
103475,12589.478607975172
101016,15621.28829242454
100280,8307.090560004937
96067,8011.956917554833
104086,21487.22741934442
77248,18515.218006460025
104269,19720.16874067296
89495,7321.629122162274
81340,34007.479050934286
80277,21394.949633330736
76683,33987.866565435244
94847,12481.074025167352
99029,15652.581592680004
85874,15057.230715558799
78105,21622.029932338526
94978,21718.26993167126
101666,8967.754697415048
100757,8535.520670257165
86704,7971.307930537857
91205,27505.926315311823
95762,11773.802076549595
93641,19840.096101465122
87073,23170.64620325364
102433,10745.148217362868
104382,20236.8736612385
108060,8603.965858135984
107387,24988.49837137012
85027,12154.791645377887
86014,19350.79613214081
102602,15425.014383702053
107255,17944.814972171986
84269,12312.29412982707
85885,5969.20722520318
92843,13699.778847695366
107862,11306.064948538924
98781,24501.535024036504
106119,11151.285704179294
101872,9989.43255187773
87865,19809.840335845107
84803,9590.02645427598
88438,10431.393337323618
80105,21284.671001963
80595,21363.502286194485
76539,9514.040548394147
107236,9748.960245241526
84946,13089.639054080202
93772,25764.034843281905
87793,15428.773065316422
104843,9391.470153050033
92234,18778.45475173172
89467,13970.548330457661
100145,15704.021129979476
93382,53829.2477167404
101891,14473.120936459023
81354,21312.855103117487
99309,12629.618064652468
81431,16455.414389197787
102073,10104.52277209023
88468,15670.623756302599
101873,13129.93230458709
88120,13488.904632404006
105714,4585.623138492389
106015,9503.13605230933
86707,16799.252645088083
93107,18591.757072393342
89230,13386.64375220968
100875,8486.10893362778
82920,8281.101849579001
98114,12550.370032760235
87262,9436.143212522486
104436,9689.381177673948
85404,7740.132690490621
96189,13997.305371503739
93408,50134.390375544266
92789,58793.176875515455
77768,34021.78428122107
99414,19821.723662240413
82807,15968.977590086666
88996,12875.558208882614
90305,7230.967068230692
77030,16186.14586100169
86129,8056.508303861039
83660,12827.869434975086
78602,23116.953799255076
83672,7712.191797299616
105105,32500.79903568156
78704,34493.46702151556
80789,48291.027598424196
96633,15442.517373054794
86132,12023.889480373162
81619,48029.156025014185
104645,21112.733835931533
103853,5766.098239906595
96259,12051.730970191456
104677,17705.351874070933
76418,21537.152810315427
103593,10551.32590084929
84886,10413.310892434714
80773,11148.987038540547
94688,22227.774963654654
103823,7256.678102888363
98757,19018.057449024775
78516,10754.180403921515
80596,10153.351757581946
102855,12035.716066831586
95957,19706.378799576083
86440,10561.064560977895
95030,26527.387690398104
101874,14806.868762428086
84585,9730.187544306962
76257,10884.244491834412
76971,18938.52391818169
94070,25888.5497267315
106041,29286.956600787555
87346,14549.164947510677
80993,27651.37125778596
105309,20449.212951552312
92622,19943.481396958934
94582,36839.87878207566
83334,12682.276437157878
98922,7551.8203519461495
77691,17568.024197591752
95469,12267.62800081865
90587,7100.995933116061
107411,11166.746127095339
97489,9833.705152496823
105719,18579.62203249425
89534,9823.871885611548
80741,22126.015929356996
105737,14684.913916781481
99043,19011.965763280008
80254,14272.874375983161
83172,14966.341492141166
101830,9368.10612240942
80506,9587.578518156057
105763,12715.665968912208
92507,22230.744369103308
101742,7615.202085585727
106547,33768.36912906626
98619,16173.942573848695
83503,12133.6945064576
80565,11537.874676071076
83013,14544.803744448243
85721,11128.54255873007
87556,9660.995121165572
84442,7264.157639902657
79634,6222.442246333698
97497,6090.032574034947
84325,12039.868331243755
81399,10824.215001872262
96361,11740.525283452043
101973,2574.865533794575
78352,11521.30107732782
96564,12863.26644015579
94669,26456.323477894555
76655,48401.17924187183
76084,16870.639406207752
93215,19121.264415955855
105802,9721.721787270773
89981,5852.002085792992
84315,17941.909452874843
83297,16087.178734718596
93291,33516.65242220192
92128,27828.16389512585
101550,9333.97679950572
79384,13759.062789242167
103643,9852.875219431588
88482,6670.771609883969
79950,25247.477019429058
79519,28502.43028143522
80376,19065.427642412127
83366,15572.021004386892
92250,28033.614231419273
87368,13219.98265825217
77347,16334.551697434597
107935,7353.042779188592
95765,25818.42683275643
91877,31649.593748714087
97574,8210.284912854157
95192,12968.537188664073
80288,23328.61118580195
96795,11139.643873469298
80851,33140.20903765851
93753,27119.379757166425
99782,4590.168570294374
83153,19657.913669902708
78634,10927.861635910962
99463,15021.579985067958
81675,16027.909281014487
83093,10995.144868130123
82993,9576.067381557707
86972,16018.552403744325
100455,10413.475280045028
92692,24927.143263952847
79761,36155.152178683325
90624,13639.89260128479
93517,21882.175035531498
99893,8631.08381592251
85441,9707.49281678226
91552,21175.515472804727
81031,16179.781456678173
82232,3649.9500516446124
80062,23920.27635086057
104764,16743.227984724428
83572,9018.987305787356
100100,17997.925238397183
96649,15674.941748890955
99860,2253.1217068692886
81915,26247.74847808423
96284,8738.209986245372
89243,7027.713437910439
95051,15779.777377019145
101507,12675.27498796187
108257,19635.827852452105
90558,22128.41234725159
96913,16694.646177324707
76621,19840.56557340529
99801,11515.176326217597
95155,14849.98113383602
96739,15701.16142367953
90592,13349.560772317904
83307,11190.745081407487
101154,8114.548384639426
88229,10317.000059697457
106301,12552.03366869689
82193,22370.857442678665
101153,10161.306977197672
107721,14761.101724737797
104792,11753.628232876854
92322,26822.972185098206
99316,12889.723162499597
86404,11384.429211801747
79624,28797.87658485556
87122,14944.455253188691
96046,15570.531345197507
83384,10262.381095771138
79657,15014.428516271175
86605,10179.445660375035
91883,15877.083679525707
100473,10521.641119416752
96611,13667.031904673693
89102,3759.204315758088
103838,9994.84304426751
78454,19174.797468788733
89761,11996.092176055676
106275,10872.861050761598
77831,41773.21726153547
82876,14036.782869883311
96899,8357.517233927801
99945,11539.128964344074
83505,17364.296607358276
96841,6466.522741609283
94189,23751.48237995379
85020,10998.829615665694
101456,14483.301567486451
94155,31908.30012215143
77575,18755.710504471186
97904,18575.196519521032
102523,5430.573807904342
107541,15838.806029172838
87223,9407.012850422427
94975,10074.689895173571
104630,12906.008685489507
102538,7316.288187881576
90345,7055.699343264267
90170,7524.564794963193
79448,22085.193902510273
100139,11442.396540912137
97457,20017.908165244924
76291,44701.417363011846
83987,14140.598908771408
106283,43550.93450687515
101864,6957.423230799998
95757,17891.56293939031
107668,14970.710963101112
96696,10780.700716158195
83094,16571.408062981216
89521,8820.898197776123
98998,7378.210757807168
97028,9475.840038398768
95291,28842.1254927815
94443,20344.088620754934
102182,10364.464346797176
81794,20721.60913558408
105003,28766.954065516387
83041,12794.792972267072
107213,10327.371546040187
104467,10518.500891641948
93950,28674.17628143002
103790,7843.3759954395455
89125,9669.947536077285
80748,26962.190524543614
84795,19410.929582664194
91105,20393.97965258456
86086,18960.977773709084
88522,11058.268817032607
84472,10999.752989005174
99289,17004.58427274182
88050,16192.186355767442
98087,7350.549305963572
95839,29259.70199887093
76057,25267.457279280137
89619,8671.299230468787
86471,12063.497676563558
97685,7278.8982547765145
79824,27026.182613792647
91710,26070.939303717743
104474,32684.27308545337
104157,44946.41757980674
95117,34178.96575620613
96337,7734.763431652006
107562,13181.7549113102
107286,17921.930040207586
101251,8172.965569396815
97688,6675.581385543243
86405,7869.317714616224
97631,11454.322450643142
92981,42903.274090519284
79580,22960.4693222965
91562,13244.7610796159
87048,16846.44246083121
96103,28074.42270335399
101854,10998.185764930802
82126,18092.22789828259
105443,33449.09966968385
77293,44003.53945864878
108262,14538.817814436688
107157,12390.766783387131
99717,13170.742687491618
93208,23508.141607989455
81353,18896.251913974163
81790,16707.414847509204
82153,13865.341959339268
97223,14280.17554256113
82088,34781.77091011394
102996,9512.000892770855
100023,7426.745627789507
84333,17040.252458592757
102506,6211.042061364003
95753,29979.197803428713
77116,8951.461777766275
84459,8744.954356962735
91453,11457.278124254613
76524,67801.66867783498
83249,13106.3824503456
102313,5801.279991424146
90456,9786.018712327152
94635,24715.744321669226
101187,9074.531146502086
100776,13716.520727618084
84563,9307.707243047143
107706,15793.434209098788
78776,32154.84275770199
77019,28365.92195550663
76122,24796.09102670266
79042,17633.283793170114
101851,9627.594477098397
84657,9724.918211350796
76067,19822.75653638668
83598,5939.920675225458
96003,8985.423078033145
77817,22087.635546194415
76887,35909.29092739989
85766,8201.74769888302
105836,20683.683114093117
92443,51168.13650326541
98875,27208.835104265763
94808,19022.67562061832
99490,7237.440313182526
77469,14826.608414431645
105148,5502.181717793926
91649,18116.209459577556
107040,29012.294241062755
96074,27824.443965941373
100656,7674.293583248032
90366,14962.983633059957
93981,13867.176741593135
80858,16590.200550269543
90070,9185.465673417619
86606,10380.159581301192
104521,9329.786947994453
83071,15446.169453315502
101956,8513.794791449385
83846,6911.01173806639
100982,14723.76631410291
102610,7763.568939255006
97828,13313.35131000171
99450,6915.635113985084
87521,7695.402591333716
96065,25626.338286237376
88306,9336.947090198491
96325,11835.902217737885
95801,28734.30480583461
104248,21073.113641729684
98652,14361.278659131929
103877,13150.982113987626
107470,19933.606527609456
96801,13582.996295566736
99595,29782.842445074806
86094,18118.209200715744
80874,32100.100050783192
94606,25685.20612959988
96127,19208.1634914751
100687,9576.911757149177
81118,27669.766100407713
84405,10044.128584681082
83257,18136.813133146214
81541,18382.715691119312
77940,11202.756177390713
101270,9657.47632098819
85349,16285.080799489682
92315,11995.350076397308
108360,10734.326423459313
77607,31600.895905299276
95640,14751.896698740153
98143,10833.34552758421
102200,9088.895588407227
83375,13287.268790762115
102178,6188.576902096482
97500,25690.325965472173
85782,8456.134600593961
96049,6372.05282580978
102744,14352.961852754786
102560,17203.170950220938
79010,17542.43169529753
85644,9477.636406718371
76595,15824.793293075973
82219,18833.079103932057
76899,20716.58810758054
85663,19721.503095550233
92737,14373.953135647096
106758,2697.8537400012956
94625,21367.21341624636
96472,26050.12518749691
104250,14321.24531049558
86303,21185.921457538057
107881,42825.85603522621
101517,9498.113752952499
89988,16056.352101325127
92689,29459.249084583076
99002,11209.514249800852
90734,14127.387289548557
91013,42976.96250179725
102056,14391.333652742209
106641,17762.508840891398
100391,8005.230342604887
77305,13495.198042535816
85197,30725.679407865307
81122,17702.93543470933
91088,26093.762002160245
107377,15115.163717414676
86495,12688.354381005667
78661,12278.742236092066
77687,12180.223709358113
98480,10707.795204114032
101537,8730.288041302243
78032,12477.730879625244
92374,16436.177673261704
82010,16134.770434111768
84496,11113.141855246218
98337,9564.578211235681
99520,7908.077137689712
98452,21951.634650080912
79828,25134.728249859072
77151,22208.924871811956
84095,16913.629631572127
83491,11391.866469655733
102170,8436.659330952001
88063,13646.224312123655
90214,15833.419370954163
91980,24097.631494272973
96573,20116.109002835383
105573,32334.38148229156
86880,11481.742125032608
100420,8311.20443777476
86053,10059.745570894027
84481,18988.40774283407
86088,7397.916133713864
83553,11805.839568323117
101328,11352.663648783982
105352,10218.593869604689
100532,12767.013365120112
98052,6857.381326413851
83818,8757.576918197843
99576,6422.841380886584
91026,15929.701775915446
92445,28386.52718464643
106934,7091.130728036852
78791,19862.573197628393
93664,26654.817694641933
76923,24834.23492922095
81335,19283.31754333521
105969,26708.339194393327
92701,25353.90703333838
98070,8879.354870166475
100423,12319.625203505859
92335,31811.77727409763
92370,32399.865466903593
100177,7355.604009667539
100125,6851.828502566657
82358,23142.574544594616
85557,4981.1284404278
102609,7047.113024223851
77612,13748.286228035224
81173,55290.84201652642
93689,14999.923261752916
89219,6665.126989571438
94659,11751.626224233327
82424,10262.40767038222
92367,26267.030619220335
95828,13010.709532184876
87894,7806.48270253369
88621,9991.682829952017
104992,21997.51366031436
98567,7626.048897707157
106250,9228.390221150297
102235,7667.306336276734
94841,25058.558657210928
105496,12213.931636668833
90019,7385.553684492901
95575,30492.542510123618
98437,9828.47757482455
90907,15398.07171428733
83289,10250.330376836828
77938,17136.36462584476
98791,12176.759969304969
104254,21570.774454393566
104311,27934.078463330694
96753,14793.185850244608
77998,25013.380634763354
101102,9198.94531375872
102836,6415.621430682263
85330,15498.999131096862
108511,14405.033365107025
89527,14136.510961146625
87734,17943.05076433311
87110,4268.763528583639
80936,16553.208977953807
80100,16168.890103292395
86546,9768.329506947339
104949,21696.503441324458
83654,18893.209360812914
96736,9175.249454504215
91898,24318.259813061588
90221,16305.855350327673
96356,16077.00884722678
78901,22258.136210369434
91469,18949.811353044322
106591,30713.07745028948
77763,26863.44771974201
89604,7303.432851200668
90001,11355.576872631616
89947,12030.06154109054
108218,13457.874819683786
82927,9453.826899911774
107140,15327.529385401165
95013,26876.809514289787
104979,9234.122649526696
90521,14588.696002683606
108465,26200.43367389928
106606,9658.658900509357
82999,13722.37705412993
93784,17571.04731955732
82680,12461.606308878761
100796,15469.808974783973
96230,19687.550838087514
89110,7025.919284609689
88152,10403.10762220545
101403,7904.578293720018
77566,21760.070485419583
86366,15921.041088293994
80356,31688.14388864289
83500,21552.88613036473
76673,18072.10655156604
100256,17294.979054978987
101335,15990.919576554692
83416,7545.935876124909
104983,12724.892160663083
107300,24506.493449185346
87350,5377.386820560463
107106,19985.69690479624
90550,9513.184531191982
80002,25388.370119176285
90827,9245.503952985855
97480,29193.818875698158
88160,9986.488192001092
88467,5303.775692870282
98500,7945.163780343356
86587,17423.676634105774
76737,16528.285283993722
79089,16383.780926723204
93153,21332.731916353845
80315,11575.155438311824
76731,35107.33113856246
94243,24160.276355284288
82571,11280.432730245719
86896,1937.302846362866
88404,8455.406703131946
108530,23999.63034474018
100573,7691.796875626629
102888,11942.637799562997
76011,31372.438054046725
79586,41999.81756956858
85620,3750.6781273889032
93470,22398.157517999643
98335,8968.699778960638
87826,12779.664823825964
94743,19360.289905307876
81247,15516.457917798458
91376,23603.58567549958
83451,20819.98144808702
83176,11342.708690984422
78867,26233.178625842836
96786,8668.233000210643
81019,25469.78617958497
97316,8628.636818924564
80560,19108.77484200226
88535,11209.341990051935
94281,30295.472083167395
94309,19237.801637600143
93404,31494.662974777595
85218,17246.399581637364
82697,15890.077698477768
94919,24997.247453791333
80829,16747.891007320446
84671,16246.498608812075
108043,14541.976692032931
105111,25293.546339344335
76997,13487.389069047687
83545,13987.84693867007
82274,21699.016520833593
100513,15689.737955605555
93471,39991.12478376664
91627,51546.15589304312
78780,48709.94434517064
90005,21473.722700936272
104234,7459.911260129441
100798,8748.804471807638
101322,10243.663747454497
81807,22756.840254336334
84469,10337.806908113607
94701,20846.70139085605
96119,12578.944676537165
104478,7440.246663175898
100116,12433.695241590629
85151,15670.89869062196
106970,9682.215545830242
106570,44428.66506921852
101472,6813.978075601575
98101,18235.074574647384
76225,11327.097140517575
82833,7165.608053603908
81055,7396.035912311276
100048,13917.14144698736
90519,33123.616328925535
76484,18737.518331459654
101898,12328.717509322907
81741,33506.60139994221
90441,7009.983336671129
108314,13405.328969736862
97881,3487.422666932868
79306,25046.686604860624
107116,16874.350079110136
98899,13154.959726223104
99975,7235.787218936558
84378,7553.146177050209
101661,10859.492577889006
100239,12057.952415301048
80035,25028.593176403447
85033,9423.035156779037
76723,12242.084072238558
107773,9134.884169540283
105937,11492.010309709898
78321,17292.428339142556
82047,56167.353219551354
95113,16398.16935237354
84907,10151.802408882497
107479,17144.107894793367
99770,14814.172324203173
86815,16753.56478186508
101558,12865.378044961979
102258,15567.99092614983
95963,19401.862775735328
91995,10734.122030322149
82913,19986.14673707613
101968,9915.542586095273
105332,17585.218056383288
108213,15124.289734731245
83825,10886.118153172223
77438,20817.627760806183
95768,43996.891138387065
83195,21454.285450248608
104287,11532.801575888938
103213,12767.52338249146
92744,15753.631701105352
81351,31397.111526140423
91555,17299.157929516474
84546,12643.677972708456
81270,12520.600903767405
98294,9079.278095038571
94278,18632.947560366294
103537,13584.053263415688
104284,16967.55063606502
76635,17434.77391224634
76676,24244.801480405564
98118,8574.246700100553
79440,49023.0340024992
78969,29433.831359815144
76500,14818.859628594573
106027,12851.319387636791
84604,10071.819928516139
97498,11079.617364142972
92641,51551.06550737908
98216,9455.039948450249
102453,8175.989382923357
96270,10625.97390269404
78777,21258.04756978046
93169,11889.878703644503
87621,16108.56126213865
76876,23315.798555444657
83561,18069.898292509268
84296,13608.539438720069
92355,30903.63920890079
90302,21175.19695102577
91387,13899.12668875397
89854,10178.25759872863
106305,19881.265272467488
98703,9090.499653781864
97929,20616.92952728105
105575,14003.32143890587
79052,16091.623398737813
82362,27534.908498416706
85625,17629.00823442354
90792,14449.798064184162
98488,9156.480198284504
106795,10186.44590874228
91666,23523.378110704078
101528,6051.920192636663
94739,11936.02652726783
80961,11643.554753554587
91988,8848.076856454112
80335,27908.16747295077
77505,17606.420500075717
93280,15550.82246338573
91630,13268.559242611798
85422,10726.779576735596
104986,14604.542803738408
92176,67405.63226320347
89861,7854.205124104063
84435,16155.841464150199
100381,14899.53514581534
85651,10489.192001892596
96525,17323.18625184693
91383,19083.018005726848
99177,8228.775853071495
85842,27722.771608818057
79658,24432.18122321197
84332,22492.592775340945
101621,7276.879633230782
94509,19174.703038994405
87175,19163.111053608514
89394,12198.51328033597
91163,28999.22884334921
107771,16893.802516617852
99551,5877.3609433199745
87537,16511.946966720276
76726,15668.425008974144
106637,42339.72653577316
85583,13211.502189582403
84617,8272.653992089687
86419,7275.6223965896825
80036,31953.794481916866
83956,17253.25810941549
106663,10145.144079697859
98368,7137.903235053879
80217,12221.76139511482
98528,8313.957669443771
92746,30690.160089325305
78042,19086.82488858481
87314,19013.589219590278
78148,18662.67041189636
101574,12916.461616924367
84789,16818.111028370506
81056,9241.33717267844
91483,14273.762093571653
97869,13608.741158906401
89084,16032.075386666984
90398,15938.528631406112
91038,25950.935108414826
80326,53749.3504005582
88665,8118.343696505242
99793,13075.183331451137
107218,12251.186473251715
97438,11281.151698103291
82375,8418.36991306131
103211,4990.056658667497
83430,16081.397312352115
83717,7945.161788950205
95607,22502.201460950444
99653,9166.737932534294
77072,17279.566332246268
95300,13347.396876720426
86090,17670.31767887391
90553,24299.358809051217
90690,13363.359485466732
93608,17473.00967660798
96059,10259.90279224646
105488,17126.08932919749
102403,11358.380360616371
105357,11571.525195488039
81201,19944.60532694164
100092,16218.673207589723
105800,10657.281946079605
103658,5867.178498872916
82416,7242.645288225981
93007,23523.65054000733
103850,13650.660999739506
97328,12254.884125548413
99167,7939.467131072322
92788,27895.106761350573
90228,14477.499166033635
105015,23457.517111043766
77838,12061.346410201906
88672,3256.6790590666224
86881,9844.39054278208
90515,7911.677832064413
92777,38182.16312701187
103455,9561.752559917502
97286,28331.192140172516
104633,18979.8530395826
83548,10252.675540029179
80980,21084.907995601174
87954,17030.966490130046
89975,6660.121533259419
83762,16099.189249230714
90615,8524.379670558883
76755,9200.885046663683
103371,10395.757712349492
102703,11114.490746019359
83856,4409.820911632026
105099,8567.141208642728
79080,19606.70243985713
83898,6749.337554222868
88241,10289.53229900867
89549,14649.001228837154
79740,9063.466053562726
81937,29069.914385405773
99084,10920.091513141922
106967,21949.45736837158
80358,47471.536487004116
97694,12986.845863529601
87454,9536.58034920948
101943,16063.908415655724
105586,7852.758981546763
105651,18689.856959384917
84667,7330.14729119342
99050,9632.239671994676
81245,26379.98587816658
78547,22942.48725351616
82473,21695.575417118413
85978,7369.669172580212
88385,10458.207995882074
95452,13777.784051997443
98159,7132.51487981729
107952,10340.482075706954
107265,9922.595675947812
99744,8037.968429622531
107450,17445.82300898699
108280,11664.030968088871
85684,8257.75956855763
90660,7380.186169610744
107627,13030.435365606212
93896,24405.21404078858
105931,20208.601025173906
107160,11290.748144078389
94644,18761.94949243375
100057,13076.46823213574
85053,11512.44520321835
77037,33279.75396508362
81281,11922.979548816502
101247,9986.693142826285
92031,30093.791761214983
83306,11284.128560006226
82079,18859.526972788568
85936,12518.22585881048
90480,6885.613998793522
92696,22547.40849437268
105467,18290.941793200087
89682,7391.751283549102
76305,30635.120071382364
79665,36013.70792577008
82839,10331.705494554968
93076,18654.444830731987
104369,20321.73552215983
107999,9409.157029266797
83787,14126.726017963327
92554,30040.189941609493
99110,21909.88707018792
82707,6933.825310982633
80261,14667.426322737732
102365,9818.874046003288
82760,15550.415618290508
81142,38834.387383526286
88411,15755.367033573437
97734,12489.029994934253
81604,50839.88479136975
84705,18690.211127109458
104661,12806.469543254037
87897,12249.157267103425
84651,8379.633281499835
82294,26423.061476641386
100689,7474.980648625818
105236,9677.200425483976
77656,13131.864908927404
94054,25050.552329352566
96367,30815.93248403448
99913,19523.58806644176
77083,21021.134887303197
104849,19986.178063917254
98172,7701.107684704378
98043,13792.098446807195
90979,19499.59184983604
93136,25638.447686429525
88750,8535.37052943626
88471,7926.894319846889
93720,21898.38221787857
76649,12242.02446756459
99291,6108.182015531671
89267,6076.50919112709
108244,10781.028659426707
95194,26130.007877227745
103998,28781.789150046654
103782,7982.192314453109
101502,12579.30307567354
85961,9351.441510895389
99073,13821.800826980892
106535,17382.824980905734
96594,7877.046337154075
76156,35908.9585469479
85484,9760.372599610733
79139,10778.33215116367
96730,12440.70018685528
101796,14601.831313085073
78809,32601.899362687895
101193,6888.567402052733
96275,12895.709894981117
98321,9189.928197799063
77928,10394.806061301857
78328,30619.2948054347
103527,9950.433158221005
89266,9699.637244389049
99074,7999.238528499461
97952,13641.151490989589
88220,17558.43864805163
90223,22677.850682318458
76506,26292.167204133315
104498,22312.531235513095
84634,16635.079449441197
106803,24736.427564423033
80608,14461.357005944426
78715,14439.11868505527
89962,20542.262091008208
88958,10867.061796930935
98941,14309.167565273361
80707,17770.409633311843
105934,9313.30063267632
106190,18071.299337996326
107803,26707.917966798002
87945,17253.937995208456
96859,7440.724293957764
84495,11519.465460804848
79965,30875.236620098218
89496,8432.205987276388
101195,10548.48540681636
97209,6833.613512108668
101751,16192.066738793224
101541,8580.40623073558
96051,13657.13014501954
85075,6541.10779064138
77118,29809.801408836098
80487,12370.38423241545
106184,10922.899317829751
96374,1640.0206516244523
91702,17392.25493131263
77517,22239.009375113295
98188,12615.013758760884
91641,22804.00137125528
94607,24427.309745455863
86769,9496.991404804954
80484,55846.2148805521
86964,9435.861010239763
103086,8609.382280036625
84257,11930.22106851935
91852,17243.549889435566
87431,17600.270673532483
80439,25913.247255586313
90405,14124.589124583707
97647,8168.866852156011
108071,15529.981207821991
101911,23857.619546090384
82293,8170.903585493953
93627,10528.902606785938
92080,31631.34660596619
88291,9476.572439148182
97591,15736.507325515466
94632,14505.864619038137
79572,23560.26140697255
100727,14082.52162775614
77760,17065.53868130808
80267,28591.90702907481
106167,26258.780732222047
93339,24579.422583760042
98727,10676.52876063773
106765,17603.259695744717
106746,25660.80569203229
80012,25454.91367767375
86651,8999.893124494036
106616,11938.879790473917
88617,7403.8333306178865
78380,13234.226289986236
102380,10988.127517291885
102093,16875.820877277845
79049,43312.45425304715
104933,16290.268602791983
81578,20114.549663824797
82296,32630.93302792413
102256,9530.604560396565
83868,19998.204915733935
101459,8925.318644037052
85014,6011.86607299637
90820,11244.754226372896
83173,8332.49854567925
91252,40542.99039842442
102307,8397.781670274268
95153,18472.10444494562
99149,8304.308645849043
76130,13536.621741496698
80049,22761.80731084649
84353,11584.996836983299
79550,10249.554669892568
106113,29512.466435594244
82182,17924.90267880526
99898,11775.627098964751
94685,31466.21841268232
108125,17961.219120899743
76144,15584.918960071756
82087,17687.034488926616
96666,8197.310125407927
105109,26889.608567681018
94341,38949.981325067805
80039,25519.692207529162
91350,22135.329654420802
99415,10301.31126332446
85832,16042.054326017784
94022,13804.190898491823
104332,21689.140638173092
89367,8915.058051553115
101420,10878.869343427825
99401,26102.30828704594
79179,18216.41992770547
81603,17222.731947171887
94068,20489.621450746505
98185,10698.618499974538
99646,3549.6352579481954
83218,17276.15078791196
84593,12421.637854781422
93040,18220.925367824377
104544,13450.668608850225
98735,12563.845911050385
86524,7342.009802298286
102541,13796.426714794166
88339,13312.853843060659
92750,24049.606653600982
101882,8029.194481285602
78793,17586.68225938671
100625,12057.34616786021
91791,19705.054698212592
98604,8382.733746044665
107903,12589.302591923672
108450,8896.162283371536
101903,8094.240369345947
96190,22557.48883183923
77299,17354.057107019267
96588,26094.470311767855
80932,64874.748932140326
81221,34217.68193507127
107383,12382.870958022982
92815,26851.041093394066
98724,13394.646242081704
101984,11404.065450089483
85939,13029.039552153525
91597,27307.649553279556
82514,10320.710614099562
88788,9805.435347494778
101131,10996.06197477695
82614,21396.87377350276
101646,11320.90425279706
87641,14614.304675137639
103855,13623.646340792484
96901,25870.819351056147
101942,15831.98264068811
92415,31126.220530931212
96467,11283.15445337789
104656,32975.02946415415
84104,17780.584894251653
96685,27980.038597145838
93816,25092.660517411532
104925,8080.464522916798
82086,16495.24255676403
93855,19891.310057099225
85411,15533.368504797594
88743,16848.41953732366
107201,8053.543632135434
91771,13795.01758339631
81001,25017.070894963315
90074,8202.312330788023
82791,6649.6723089857005
102636,2215.095675425666
102722,13369.105193193753
94571,30295.355985658483
103852,8380.235824847992
81514,17266.29662545163
99997,7620.911042554277
85808,10992.847296355303
95355,11738.473637689987
101928,7463.483539479555
98862,7020.717150199412
87759,7320.870436482679
101810,7805.789198346103
104902,35780.27703247459
101361,13389.202857499125
81707,19758.353592618158
84482,18864.883208845906
87358,8286.666900637356
103589,11064.185249569764
103675,15347.92136567426
76652,17887.189635728748
104101,12969.557635314497
94807,19013.66114180904
77325,11015.662267706228
79875,22358.710323292253
83034,13598.80703171964
94997,26288.197260440786
85209,9952.060456728728
88344,12159.222010138055
98849,8299.455158811365
80527,36664.31974119237
87245,17343.473892240763
83783,15067.271223197647
96515,10115.868074725668
95110,23292.41724109098
92177,32626.988160231704
94690,24744.63976561123
80340,13194.871826653307
80211,19363.05492017418
87440,10681.183678355643
97742,9149.016023400165
86586,16960.33067719867
98006,7830.0935160368845
87613,10795.483279109278
76521,24858.71357461426
105734,15690.827998899194
87925,7122.9196475591325
94634,15858.809268211606
102227,6322.279351656399
85292,8591.356233652432
76921,8759.159512175433
95158,21283.220415995438
95582,20968.43247971498
105636,24288.272180752254
92793,17258.755587693457
80981,35064.22176334432
76421,14420.815332803139
87182,8310.56541758277
93677,24519.609506353012
92969,21714.299872347805
95005,15951.849900820906
85337,9563.265537770889
90477,16153.191780658233
83508,6169.082560712859
96886,12740.45887429379
104112,15112.815831986503
93923,26022.253006380935
83338,6889.592918034853
77100,23413.40723125218
103801,10668.661323397268
77772,22757.78304122003
94352,20909.584924199567
78360,20748.4820233454
89986,9498.107768302618
97654,6278.079235165021
90295,18664.11080534281
89180,13847.788774498898
82039,25856.220437630043
79485,14765.492194129696
87606,7244.178417232522
99574,5430.3708903476
92198,41946.72183657593
83529,19750.266715432557
83789,16173.457309463452
106137,21799.72911946821
81731,25814.446966596475
82668,9170.854005741245
95865,34982.916549228685
103389,8796.266142674362
98482,9805.3457043482
83775,12472.112099242608
98846,24515.497508838507
79233,13092.327729407392
93254,30662.857851328048
84246,10763.787088519332
101996,14255.24223077896
96237,13761.199409827665
104216,15209.215170106805
105667,29667.44554719851
78813,12367.676717384045
99270,9301.294939106365
78588,18608.403970818646
105552,11825.709223325852
97164,20092.451948943763
84342,15694.014432809552
103688,20003.370705988793
77484,9765.487313512227
94326,12328.860098215593
81254,32739.527536617312
90674,13391.642164886212
104261,10416.76208893515
106636,17426.552262830293
83188,21347.655582085004
93725,19978.837092660466
91349,28606.222087758855
106973,10451.19668429297
89671,6994.196170951596
92830,22781.092433931342
105964,20395.277014077205
89696,23826.078990220874
99813,8906.098317926428
108159,42087.96931781627
84988,15817.060044827951
84921,11297.974485475892
93609,25693.277704051085
105751,11723.422659818922
92102,30237.876989266413
83130,18172.303078638248
91136,25377.141893117314
78276,6811.027881897335
108370,24176.153497288367
100384,10820.326573278468
84940,10109.752206175366
91942,45186.54770122866
94454,38351.00159396268
100909,6864.230326139619
87701,19175.080987185665
104798,19497.34989202728
95263,22835.884459886496
87121,10270.400675897059
93095,20341.641455277073
85642,12502.073361607885
92656,15753.160736115375
95617,41236.24769973242
78219,12675.888238414338
104179,17629.768939894348
106438,20628.087303219916
87196,10365.085772478425
90335,15601.234564003309
82059,15699.738331068284
92365,18444.270364317334
98309,9046.55705883102
77684,13106.847163467184
89823,10789.195560710428
76689,20298.48335428169
98279,20689.476637760836
99892,8224.333618275563
77342,31487.638200167487
81074,57685.56604669024
101487,11712.805981982408
79070,11692.408592664367
95231,30328.55004655967
102572,3595.539737562878
99529,11409.323604241486
105996,10276.838332263062
100780,7010.7290644450395
106814,11852.973089733772
85545,15838.266336326054
79630,18386.031516722367
91145,28771.715678368197
84823,9405.149624649644
84954,11216.133357907476
96658,12704.644793486636
91360,26369.609200188213
90452,14030.406674374546
101820,5878.331956001267
81605,21173.469616245704
95895,26270.729434010278
99378,7854.07212818732
89327,15133.365115843531
97326,8025.040071125113
100777,8689.922202483654
87405,12937.958635488454
97627,20386.900477349216
107458,14444.981765302238
79060,16211.773850318748
96136,12881.761874451462
98257,8570.585866338972
102335,10699.55408122932
77850,11101.778857825582
102160,9802.70862372912
102379,5245.175634047033
104579,9599.994024236159
105614,18282.75038004336
100113,10677.509861766785
91032,22056.716417555486
84428,6033.43913257343
95075,12717.968747117653
103736,8834.771401320288
86290,14799.44994877841
81511,33411.1122964869
90680,16198.588671157018
108256,16970.36425403872
104529,19916.828546928995
105190,8466.724835285326
83963,14474.878539563617
82386,58367.816385422164
96710,6298.267554823369
83474,6765.011749126647
85539,9528.81434407417
106439,17775.006948326838
102158,9975.868578383752
88822,12050.975587279194
100881,8499.98027444477
76677,47383.11476022227
90178,7448.781369602441
93735,15605.791026967567
84662,11497.070246231888
106182,13237.667501104823
83398,12916.447802033495
87992,14362.750938836825
87968,8658.564282030999
103912,16216.698463650346
93375,20947.338140305423
101226,6632.451394219085
77949,32238.118849554063
85607,7499.075689724547
79522,23138.58733211987
77739,9297.507366427963
83123,6771.153140529208
98241,12781.92139905608
85653,13261.02021655805
103346,10822.291753106141
93933,24914.894666206692
103652,9439.097253601796
101032,16656.067992238113
95245,44882.53220390934
87397,10332.749664619476
104051,8260.75884831935
88815,13317.944250754974
78834,44832.379666678935
86348,10403.651361548104
102205,10816.946426514809
85638,7258.851009983172
84036,12451.02386602717
103627,10791.101537220278
86641,10660.616954504678
76954,16923.78850391394
96042,15337.832682798775
79230,20357.33488424034
81240,22484.719476477057
98464,13557.330156914191
93761,18444.405779585817
86239,16364.682952621135
106231,21244.46620640439
94092,31818.6464995041
93651,33384.37873689465
102239,13567.171539506577
108216,20175.88534189861
87035,12909.442426081483
77754,26092.71375811609
102892,9522.955131364806
104205,8896.647726586863
89539,7175.317282665956
94276,17889.57688884775
78405,12476.41016186328
82829,11328.229860269103
96653,12135.6847570718
107768,11969.036007124405
82557,10472.902645523274
79190,17344.83912868844
83639,20186.597623964837
106302,25261.396503102376
83161,9010.435366267337
101839,15779.044239777748
76769,35074.76691399954
92536,29212.109193422493
105981,10773.441859823412
89644,14670.011707791862
95175,24978.478258370407
95837,25581.189409513252
81282,29786.078953300508
92231,42629.923319711444
85287,16547.58289110888
82582,11377.34144946002
82666,15750.02699454029
75999,14388.747115328382
81738,17167.759033497434
87020,10482.809537365849
93066,29671.309110614467
88496,6746.616037533451
93297,47464.77381337887
82044,18493.794483759895
81673,27952.674061645805
102694,7557.7319188061865
89509,9682.680084292673
95965,31721.33701994501
106101,18916.80568859273
83569,8247.202614267702
104718,21532.81443158938
99492,20265.221220573956
81091,53338.403239678286
91028,22023.95991238835
87981,10407.456882636761
91801,17278.012487208973
102243,6158.3008527378515
82445,10040.100478462817
104094,6039.256841662993
94745,35734.16654370361
90106,14346.17141635578
89015,9437.754403592555
93183,15742.648451891973
84610,5315.078030600172
77055,20735.830886183714
79194,16324.625542076668
91155,26498.89688293125
86569,13432.584980714835
82485,6925.869268953746
88760,10180.490600837706
105923,7434.761151452057
78686,36446.01215335763
88814,8057.370431038741
82320,17764.78437135726
102937,11104.56120865751
87116,9966.986899947984
90494,8438.747113409374
106037,10989.9022822801
81698,40193.383974194774
108120,21882.827628994895
107501,14714.601196977315
76407,21784.199764716013
98601,11342.063733909281
107872,14491.062474417247
78176,19254.20731685205
93534,46920.92636065065
91839,11626.59229115173
106436,15312.389230556306
82935,17333.656662127418
84674,18108.42350491671
83479,13905.693398940897
105047,21342.640097568947
103698,6903.707029238131
99614,12953.014687606814
84726,9704.105700853834
84695,6984.754010388844
91147,24646.476933214024
87076,17635.495698609193
106200,6364.335718130417
94496,22017.41371298264
105826,12145.911442244469
94976,16973.217719978526
86380,10305.196042566642
79211,12304.475616034932
83213,11667.308959207712
84355,10324.867076546156
108034,31268.05214899628
106948,9638.385873898604
94995,31411.344088451013
101963,6880.040154141394
106550,15209.215170106805
85682,11627.360856129071
98174,13630.815754372827
105423,9923.517171498437
77341,13146.552940418733
83563,13116.425510342622
80177,23202.8417836477
88183,13373.406457931549
77520,18941.791958774007
96601,11366.914029162777
91964,26100.25041643032
86685,14150.869865296861
83039,17095.99342346424
97785,8121.443191941882
95814,15193.401982562174
83452,14827.31942914377
84518,14431.787182687498
102194,10747.216231644095
85247,11304.33443677819
85418,5945.063551817625
77908,10476.33831177463
92033,20823.293817661
80872,10819.011407830947
86635,10491.215736775983
79420,29003.467836627842
98251,15464.819643842291
77158,25458.681599171556
89969,10341.330167986624
85928,9492.750551770365
91375,56740.170215407095
80568,23695.99121921371
91041,19845.668841048533
89322,2579.7539195831805
88057,11148.671075542135
89486,7146.27046777147
105977,15528.789922162483
88167,11519.8172544892
81115,49095.379676093704
91486,13048.457149329906
100782,15347.418684986142
89320,13536.152631459021
79784,17261.650735211257
89096,16136.58035630721
78264,10825.406316863338
97581,21486.784722363274
79576,32799.23428100363
89259,10346.77241731903
106745,8544.377744947209
92013,25604.28446181893
86678,15237.303444903337
102324,14271.182434589584
77632,36939.30493507566
106887,10482.124581243273
78950,21262.54146627738
88191,10457.3544062497
88247,9387.261022671446
94345,14058.44804824522
95349,18643.715754970617
93901,45492.73037302216
100074,8288.452147615833
85164,8610.124744498718
106172,21853.95456563925
108479,16995.505983258914
101908,13279.290749296852
87385,20817.290493601682
81494,11226.313243271126
81977,5346.183735057729
108330,12311.017087710845
80073,13667.484646409934
98716,10763.261022005034
104170,9221.715480352206
103992,14353.777644827851
105540,17918.54098113933
75987,15344.670529720692
99496,9655.717776749023
78765,33733.19070554169
98564,7114.474697999107
81895,19210.794837890026
100955,12139.792510998863
77153,50004.89874864796
103888,7984.143989532897
105921,15354.311943451083
99660,12449.806436057697
78579,31946.537515871165
87023,16452.858828074488
95879,14967.766572701832
100433,9735.188341843246
83011,13660.226478586308
103255,9853.982965535306
75978,21798.81439980024
102295,10003.545743301405
92099,14784.421192075926
80985,27672.18494454554
99556,8394.75488762943
97124,8569.315815726399
81386,27498.34984248593
92818,27209.16873318317
76413,7407.974415078377
99585,17673.283700076216
98093,14375.154185379324
87527,7698.679592261553
77911,29327.864604206647
85090,16450.285894313794
80843,15648.519711041608
107096,10674.086514985273
88042,15904.886649405244
83948,33510.92653998541
93242,27610.61656746732
83677,9644.081263065644
92864,13577.680721070297
100323,10668.661323397268
81042,17757.09345334707
89663,11112.176060034466
85381,11202.74007939982
96699,13622.974452655377
92422,30976.807098222893
96880,16978.53344629968
88530,9809.828426437287
81438,27390.202820285085
83484,5975.069563290336
83637,17046.34481839298
89092,12750.698294174843
93732,25383.49417247061
92925,18801.966948623427
105183,13295.108297206696
98369,8430.32335700551
100868,8047.682232461642
82430,11334.11864372844
97604,10079.357955743526
85474,17665.81745327946
90978,12629.21850414034
97258,17468.263572713706
106720,10490.416186359045
89418,10440.296484655128
83154,9493.834520839606
98671,15842.467320826087
105356,18448.653655952872
88880,16427.589028330716
84275,11392.954422187491
93184,12309.456219222462
99811,21943.438879119592
96995,13463.956272846603
89700,6934.512752847517
99390,29209.63318916631
100504,10046.18820220268
80427,8933.800073961833
105125,23609.39425701305
105652,12812.25604927655
82706,7300.8028362200175
97831,15558.552283262907
79865,38158.89883358531
78586,13956.035698169117
85926,9218.54369297597
83961,17628.563689282008
96313,17372.02269755276
77556,30190.737935909558
108155,25352.319256210565
77590,30718.088225736243
90192,15123.61444623643
88094,9940.941996477246
86737,17808.104574977166
107509,20009.21909334271
96960,26232.19006331571
85495,23908.95780839428
80902,18753.870691066855
87998,9214.321630842136
93672,19998.765509333745
101245,15316.531051598447
85802,21669.672777409105
76378,25764.86836698844
92576,26365.91222900431
80096,16715.126669030855
103064,4734.150337558105
101782,14556.425787225053
84729,14868.088096666093
78010,17942.97297821742
76995,12679.005337395363
83407,12048.020482129894
86858,9329.939444957936
92623,21063.952992101178
107680,21721.184447662105
77324,14644.32427556788
92312,16633.310632581168
95266,17924.2085685062
86907,12444.799784007773
98403,8213.094482646815
77236,24078.14059353457
98098,11938.126489787415
100392,7296.712141723174
80696,12783.178859114372
100083,13512.0447249134
107500,29927.10992838728
98415,12222.846014361367
89111,20908.06390686667
97813,12443.567995844409
86818,10580.055846924475
76368,18491.458543771132
92461,18856.031908531513
79280,27022.91086038753
94481,13805.638092521991
85233,10978.410778490977
87051,10088.521610802014
97596,23523.954845852044
84911,1759.4538788525977
84923,16340.635962910106
100105,11318.960080007815
100360,10126.241496460501
87548,18499.46961522015
106839,12062.839098415565
97625,10977.187128232792
87757,13651.451237624022
91686,19791.802331607963
98789,14408.809115179545
101190,7443.318769802678
88070,7365.4501415436025
93252,18932.320190083556
99741,17054.47188544998
104820,9149.277539393112
88169,11957.652896661843
77198,10181.557871161735
93558,35367.73941399402
82381,18006.051318856353
99874,11417.48366788049
80727,27724.06946583575
93762,26414.126201993142
82928,7463.114411079588
82083,30805.11097430019
102681,9519.857358674706
84592,6709.460149929677
90373,23635.776029393
100741,12402.564345761582
80833,11825.882175153667
91415,23134.30139916189
98086,11407.90263998267
88138,13033.742031123482
86387,15498.024155245617
95134,60857.96124540153
86392,17731.90187981957
91440,21621.856335921737
79877,13149.298043427814
85439,12336.828365584824
88629,12643.009635123643
90541,15176.01697191882
94365,19118.908935131072
105625,42770.8188670009
100340,14121.2841161588
78761,19301.631105515167
89066,10821.303284473177
92418,25840.423989428306
90530,11279.699953331403
91595,29339.796289962935
101516,6857.228454720275
93518,13948.100256728212
93676,14396.764829224801
77432,27999.653416052228
94585,16038.55029287744
96358,6417.124539113771
78159,26829.722284582385
93872,11791.299588414424
86968,10792.705171781136
76425,22833.5133709868
91431,24045.236177572275
79862,21294.305237148474
86839,13403.718651167212
100378,11566.149475998067
87028,8711.702454612
81612,20870.019772169766
80822,21892.164219357146
79272,60838.09992125642
76037,34809.273547714845
94336,12370.142242066826
95900,21159.409958699056
89645,7867.187879179836
88068,3155.399409575506
78067,29053.09068251611
107703,14482.677044789378
106822,13718.079696888799
82155,2793.2038455005363
91564,39341.537969565165
107241,15179.727639611285
79829,27025.958642801706
82574,5767.264541713224
93529,31008.862929771207
86196,10310.542182490686
88887,18493.313347079402
103822,11063.18895929008
97431,20214.85026648072
80655,21294.147524875076
104352,8723.587973801392
95983,42478.868823144
90231,8291.932836481841
91426,28943.995078633394
96804,13397.666161997135
91789,20634.14037223191
91063,31155.67865799858
95672,28711.988649336174
89669,7884.808596409108
105177,27505.873824414073
83317,5385.808433544288
86083,14624.820827023015
98558,9298.792467853424
98497,15137.296052166974
107910,10600.648930374295
101650,12750.039135252831
98157,14061.636478915325
99234,20808.855806409127
91943,27528.209305626886
99237,6459.1835029955055
86413,17437.809116724773
85589,10579.787384377285
83028,11290.365993402394
84633,16509.0574419841
76000,13913.342276949494
100519,9147.858969874027
86940,9941.42172317899
93162,27437.485239396086
98061,8256.618850674362
99205,20802.659345876666
86507,9137.852047396753
91613,25261.13221760115
85308,10653.149559138661
105270,20488.436402002488
90212,5573.51447849242
94127,5606.763187065039
99422,21672.72919389909
105583,9863.453640291587
81264,25639.008862989245
96205,6935.601429632834
105242,27909.71982288969
91770,19519.15166375946
101725,13115.169155050831
108296,24735.25110419447
82556,14281.876282669304
93282,14424.27847326464
90749,23338.753181627955
101708,10861.643466085405
98952,9988.934800666495
84008,7144.598265972854
104420,31482.31119322096
96406,8487.568965347062
83723,24766.094675684817
97143,26537.99089225627
97025,11625.137448685682
81322,70446.42339398933
102314,7979.087122645021
79427,8245.012667099269
107605,27496.747076498716
87036,6989.564809131336
91115,51906.472573919214
107095,23460.9287455863
86726,7252.9263988733765
89311,14553.058282133992
85612,6675.944054743163
78297,12429.087901794366
87140,15706.011101219621
99815,11996.623551680312
99814,10970.617905367248
79285,29989.428007449613
100846,14006.833432732386
83155,12396.710128714596
94858,27127.39895327957
85781,15817.342335103827
92914,21539.776388775936
98443,19717.876427356372
92134,13815.781685874654
102425,10700.776058006415
100338,7334.251540908418
75995,12446.599648703692
96586,6684.5094262996645
76467,12707.154537624985
79386,22272.320790967162
87549,10256.492803608347
79953,15040.938461830889
85516,6184.909824654558
102251,16222.494689135174
86747,12649.425826435749
96255,9566.319893261352
102580,4173.159481146079
97573,12693.18517806847
92803,15928.966805052854
103185,9803.654450609374
93477,20914.7445747557
90488,16639.350878446126
103256,11261.75179556716
98259,11223.47521619067
79168,26959.09690966771
101416,11419.084392869685
84088,9916.251550713956
105807,21132.537072642383
107132,17162.550742489504
101505,13248.849424745345
96102,17718.494368688513
80342,21929.70947666312
83221,7636.948762405001
87186,18133.565523296442
89162,16319.637917607946
100282,9409.771763124101
95292,28336.069221112535
95878,43023.9003732693
81326,13067.98134061246
88518,7688.199059214424
108243,29113.71584452934
108026,6988.119943233766
96751,10051.050805240628
90571,11937.265101803914
76767,19826.0108397848
87910,10425.535448834455
108470,11783.535389036539
82634,6597.019154034256
92666,26975.35234606058
96690,16817.528796650986
102493,7969.451869510651
99491,22048.47804890673
94959,16829.479923597162
79015,30762.63106428796
93400,17175.003980548514
90577,19494.732225581847
83608,5473.794480595199
101527,9136.368082921537
99227,9069.317315045557
105333,14009.051701907256
98720,9270.12539106961
83359,5269.178890329882
95498,16937.009748563683
101019,13168.457363866506
86045,10889.219700796139
87546,10960.579197487907
87526,4951.877731783219
83304,13866.993142466552
81244,22474.384572950286
76248,24506.73178405355
90107,10236.71775135656
82584,8040.3735887514595
97783,6338.411899619359
79048,13786.898665055385
94531,20198.887848655213
83872,8524.539761759685
95726,29564.001116192285
107362,11065.04594750636
88562,6278.208441496723
105680,9006.288382534774
77859,11151.127147889743
82802,11356.86054410059
100220,5820.8051825204275
80149,21976.99015845385
78826,6991.629829878692
92081,18236.35819536695
90008,22742.484266148043
86319,13696.807699600477
93624,24270.624503564555
92325,22461.393151585162
87857,17994.934825717282
84996,7730.324305354823
105536,7904.547068762079
86209,12612.791654512774
96095,20174.753602958983
78426,22310.147495318146
80287,19559.98136089292
98154,7068.5369802010055
84049,16557.338414252063
99005,13801.797643011781
101228,9332.654104955518
79488,38038.16077782731
95378,30497.180933336174
81740,14876.72670136425
101394,12662.041408971723
102736,8951.278288965765
75993,59151.67460486258
102322,7806.861592154832
106248,10002.89832238077
94377,28023.809707225373
102281,7266.885456692029
99028,9549.179238246626
88725,10872.85458126603
101290,8521.568774040354
101436,16269.586640427015
107395,13111.800850918637
83696,12254.919650455553
87319,12913.61190848464
77845,10107.822409724306
94163,10895.136671269793
89778,15808.365586257456
81251,10275.661119190945
88855,7410.987931278579
99680,8195.653828095012
94593,18665.15876218786
79028,39971.33956465181
100784,7728.896975649257
90856,15509.430098155623
76836,22101.775700768332
105944,13704.265175914645
76844,13048.727852183867
85377,10219.036752427373
102613,9299.67328818196
105832,18881.780187232864
105173,12542.916453909984
107270,7942.796876548954
104605,18685.717418029362
93776,27581.988606660107
98145,15827.271567250837
105384,6351.060301207486
83797,13430.07287579432
78439,10583.477443074742
84850,18016.90831433324
81348,15733.966053164742
81586,51970.16837153641
97554,3163.5402254859905
96691,6830.103836379073
100073,14719.890121473496
89195,10952.395138862812
95919,17541.879753082383
78872,8405.946433592386
91100,28886.527333894857
80008,14773.800680020444
89155,6684.264156505608
79002,5481.885850542629
80103,18187.15223161475
95722,28163.392976570245
92248,31566.925745084638
104759,12377.694748162516
101435,13766.62380457018
95367,28915.009067631425
93611,32154.686591873033
95610,26171.625785011234
87950,13967.26356202415
78095,22974.364136835076
78646,14446.056910138754
82091,23326.935680090683
103774,15183.007658310235
102660,7216.981105681337
92256,27169.248233387607
102733,13414.294313131188
95698,16784.94626437706
103008,11551.252635689461
76310,32977.65822753979
102230,11687.617469256329
108434,5307.7633589988645
103325,7278.849634547794
89871,10046.098410007628
84888,13737.068167400153
94838,13818.81168253596
83744,6014.708231378026
89112,14828.457770239242
102043,7552.15926051457
105254,12875.737902276165
77814,23470.468515050532
92390,9598.181412786524
106879,17144.994387516657
77049,10067.321003510218
84476,11926.645284269765
81372,27475.910847928597
90236,7570.95990643997
92132,19332.983861451896
92240,19483.846737968495
95286,24735.574029252133
101750,10011.957840637586
88817,17270.181443768975
81131,22039.53601106494
84244,11922.636304683545
100801,11305.872269824684
95844,19404.651604610448
83870,10633.58038341445
88723,13499.377627716176
81243,23335.31380623292
100385,11593.384601039174
104717,16419.873259777276
91235,14126.267418949106
96520,9003.196883521963
93381,33427.41208443898
80691,33961.681843807564
92000,29994.13269194498
107035,24156.318330705573
102138,12375.824473171147
84605,7799.539220249086
79297,43430.28261773518
106336,24026.27318065821
94253,24949.26051791735
79716,21802.380311666195
83444,7816.306461049284
106618,11387.538894930902
96175,16905.97877183698
103007,10483.990285827505
83413,9563.4833204694
87204,15197.0170708626
102288,7987.848637782827
80637,25607.97483593837
102156,7480.969440982753
99444,5433.900649693472
88292,14241.206970784897
88382,25676.6871369748
83149,16070.553367904875
96173,16486.281376798088
104005,19809.331196881565
78097,16103.700135871002
79949,20139.333249088937
93089,33367.0592743563
86142,10655.363198886393
79736,13675.672240964239
76052,22672.59453574109
80534,13098.315042384056
86998,10797.920381110238
92690,26139.792672812964
88656,9198.988246909434
94395,19863.919701663384
98447,8485.552275733395
97701,17106.063393944958
92140,18508.497124595877
100562,6669.228184044792
90947,14008.299530553275
101174,8952.254022734967
82150,43108.6647505324
82220,13405.37979200146
99327,3528.620417910056
98695,15025.51907896531
81373,17552.155874285007
92571,10865.659466931347
99568,7368.808338168369
80774,23061.962189271595
88548,15111.97419697889
89214,16681.671672154258
104968,15354.988563609344
76079,19158.205250485775
106643,17239.22766709445
98760,13800.408432903349
79377,22288.94978835248
92075,32521.504760252326
83689,14794.135539891693
89321,8554.31864159738
101772,7941.2045569651145
82498,13266.367675615933
100293,9975.215889934585
82360,25596.539488625735
98921,12789.353182926177
78949,32385.169352713612
77501,16546.756578925248
93322,24849.856244239818
85827,8046.303376638965
76428,18293.275275736487
105249,19592.93780895894
93940,23909.557183654306
85259,14009.726017413255
95570,31118.66225399312
87993,7990.5140099562
99558,6754.3037223581005
91277,18916.448452797697
93825,17984.797404030203
107121,28340.35421372072
104959,16624.831455556563
96364,13434.187564060368
106601,17572.475257187005
106375,21021.4749360993
79619,12182.69787931891
76473,17878.27314490566
88184,10788.920045143881
92530,21397.492526385686
100669,9655.6533975144
97656,15491.165247702746
78071,27495.698810649374
89316,8966.166252621924
95061,21978.528866145993
86189,19959.57722771613
89553,17167.94913077058
93106,23886.562620649078
92968,14022.519521657114
84025,26655.02838198311
107972,10000.024397586087
100646,7231.21844271457
94107,48919.77468985076
93865,15638.376433485213
96199,13382.15792326744
107397,24580.92974529302
100882,12092.086541672601
104739,13928.800687995714
85360,18057.660537165728
85630,18225.102483592036
91862,25207.830001207683
107207,21215.569324146574
97162,6631.767103320479
80025,41507.133340168046
102082,10588.480183759928
85267,7991.687950125929
101929,15153.182884100544
101500,9619.832321388249
79709,16604.776068397103
93972,14891.497744729631
103035,9922.50864349572
99214,11427.355381244963
90020,16568.733579810436
93078,22342.83704516356
91474,24473.7160476676
104931,16976.083867515736
78728,23831.6048521095
79185,11303.057467467885
103871,7229.104592685221
91303,34478.00689241421
103205,17821.817221736794
102796,10285.320001617369
84381,5831.807742164465
80694,2830.384031923651
88412,19256.692307067897
87437,6271.148908640958
81938,23066.940693023513
87557,8387.118934301041
84227,17545.656365174676
94972,31518.249386080148
101329,12888.09446645676
80069,34206.34689686449
82432,5734.15606072784
103399,9684.55071869994
77538,24304.786467270398
83684,10665.731000690572
101430,7501.448254219493
104322,16773.430217181933
106856,12450.346573510644
83084,9690.139102086001
102179,8977.70042864083
91752,20486.396948122943
102244,9402.634045900057
100903,7690.1982141469825
87128,13418.41551751474
104654,24083.522356032405
98265,5489.689633889937
101764,8834.090915634622
77753,12981.306546995796
93483,33141.459686547714
85586,6494.998704793901
83436,39847.1576875531
80395,17024.395807061985
78652,24660.883520937077
92985,11603.698473738108
87343,10403.254907852492
94390,30070.19653389864
94485,41493.49283459076
79564,20664.93981780662
106104,37521.58181413512
84557,11659.609052846694
105524,30500.35090400258
96622,24412.799770325033
85389,13326.291060872893
78029,50732.803115080664
107904,15802.608099633495
80526,44088.56855892352
102233,6731.586598842011
86058,11101.77792944005
76614,30341.95408461089
81334,64986.850719290305
95043,23429.473893444756
80400,14133.679756794536
100114,13434.984761202768
92049,27078.978366697767
104070,9046.436167870826
95487,10671.072480654597
80402,24149.039473079123
102682,12502.751581641138
79747,13559.663281737565
97331,17744.89703108533
92573,24009.413776528123
81827,16280.999795592428
99721,6441.816317272461
87560,21477.193703593544
101447,11040.27412849304
89027,9135.412397142234
100905,9028.748861728925
86467,12224.586240335486
90523,7939.139202311021
77588,35804.60680898737
79946,22150.415198501596
94096,21389.60118995981
106481,9035.529403216158
100694,16297.495663165253
91176,58012.14731822582
106878,6994.700460033102
99871,15193.882026015206
77534,11057.243340167148
102006,14355.859137232379
93356,24481.464794638163
85788,9605.486346001042
97108,20159.213508510154
93129,18020.680975070743
95168,41504.18675656594
96578,9002.53974781096
79570,11930.523423526482
96604,14996.44290200973
76367,7521.162556110481
105065,13401.7142544087
90635,16088.84565090899
107221,12301.53819779462
80375,11875.7547220599
94421,21854.607573296897
104009,9299.799167390376
84804,13702.326128907776
92074,28993.54193853101
103678,5492.198738159942
102350,20268.91221640935
81690,15734.99076241612
101817,9801.864788160341
108275,20777.1111408536
78030,17080.9073695639
91570,23384.041128456043
96746,8285.14088081844
89748,23777.547495620278
107889,20331.09618750517
88402,18123.25662718536
107789,17140.029928507134
108061,23795.99934611022
105143,13569.899303395852
107488,23337.546490106073
100812,12594.08002354745
97830,12140.246812570838
100664,13188.171377687268
80071,26282.942834208956
104550,14042.952471812852
99466,9254.490251697642
93777,15670.390895109233
108105,10605.015383714424
90322,10424.560271754604
101860,13716.432183988418
104129,9802.98750133347
77381,17113.577847223707
76946,37811.364971805815
91556,13944.749937203353
87190,9306.38654227041
107647,20049.453551237886
84177,12008.391924301512
93266,28353.422818669707
107341,13149.04104306386
92693,26689.82769214644
101292,14182.77373568847
79651,17923.91554279512
81654,11248.829885094396
89688,6040.029764412207
107423,14201.812244820934
86626,15184.337074453046
101633,17596.98491374299
83827,10840.203948419045
106678,13836.666326280114
93756,24175.290488241466
84185,27819.61425777428
94867,18972.816183512143
101062,10298.789366634719
76567,32494.406309955608
80522,19040.51112491496
101932,9737.283774076963
86016,13073.000687441816
98609,15093.246828748192
84081,10265.755804709568
78446,10754.071911196435
82074,26107.978915002954
108374,28541.773333940386
77895,26505.1660958171
93416,19523.5571198638
89357,8956.452963564534
106786,10216.350536062908
102766,11954.286324461607
82233,11748.843789220384
84115,10603.602590239607
98073,10612.618733681711
106198,8186.942954014949
100335,15878.963574445761
82169,17916.329484695412
101191,9324.34244846703
94584,13971.67250780635
81980,17349.85163889476
93574,40113.94345607778
76934,31327.459111305605
104181,19593.87405412663
85205,13391.310155448282
101304,11881.546172313796
77927,48763.85998325172
82028,23312.427059437952
87191,29793.694797667107
77713,13184.115889884635
100414,4146.253756101379
94287,21626.05993520184
97941,9985.484013865776
93702,25135.39450077846
91433,24396.89585206623
92420,19378.841759341187
88433,16503.64057514682
91656,33294.44596875842
94313,33338.01935505294
91218,13710.726249241481
104418,16835.724941373926
86375,10051.39978302869
97556,13962.631836114677
94514,43397.443094345406
79165,37494.7456256403
81780,16322.664298134183
105424,16971.553436369726
77427,17676.52567992283
78626,21477.58022924478
85465,10871.007377617554
87616,10842.721979280563
101667,11570.661300234275
84226,14000.243545762763
104737,18867.70764163651
95041,32940.19016726376
84070,11965.481675733477
79071,15942.152441670896
98688,9609.490060380856
91104,33579.49720543401
95301,18444.95902903873
82795,5817.784448422354
76606,20187.22813478258
94708,21632.60281434251
82934,7277.841386400487
101243,4208.277022227599
94629,25094.337554591253
88235,14059.778358665699
78913,50402.62321107552
94480,25553.002713283706
77005,15918.685005293828
95511,23079.09389088146
88879,12865.243592420524
78396,11422.69995781273
99977,12161.461105828976
87602,15224.061037502803
105439,15614.371653786331
91094,20024.16547234509
103575,5393.911958169445
102840,7078.9896497007185
105367,10754.504307049632
91884,22304.876788322166
84572,10659.255238834707
96544,8129.202443972674
94082,33453.579850659444
95510,14855.434016030957
85718,7846.746033072166
92527,17896.625803624112
78855,14978.591715420996
107521,16907.738054073685
98876,5273.21161094369
98440,15456.394022312592
98714,10624.555921683339
100643,13111.225198949343
89570,7005.890352370232
94168,41097.716749482104
93299,19841.805148439842
96033,18927.253465867016
93742,19426.443517345215
89946,14190.629733092426
107741,4008.1656812442657
77268,17497.835377389976
84848,9817.752531644433
92323,32486.3548206482
82181,31197.489865677533
102252,6452.365337742497
100240,10009.84519129433
90422,13127.125038694694
103145,11188.491402552123
83333,10698.091473727218
97103,31707.103740697843
107379,30772.478706960705
94694,25978.4449271385
97339,32096.92305832569
93104,28161.90960013958
88194,10310.054373149513
81954,21854.930362450417
96391,16625.02996898758
76563,11661.207846758789
97630,18941.356578152216
80201,26316.260730628375
87854,2051.730343716841
102312,9635.363194897513
93848,24167.70795043262
82542,5978.602091559201
102300,17341.981109416738
97229,11875.344112193397
98907,28182.172150999366
81238,12293.29798194866
101377,9961.763789519664
79109,13756.165198731342
88044,5397.969730209472
91950,30412.72928651742
103403,8708.148525053104
87611,9705.936850251777
98169,15162.003956931218
84352,14471.119143548214
91787,18848.82877658662
85668,7923.902930775027
91287,17242.273957189464
80289,17095.19134147858
80647,24818.567651830446
90612,20495.40374785042
84941,14113.097510273736
85955,10237.119257580247
95019,11832.100854640386
92685,18181.560952612
87156,7516.469043445425
98300,17062.702601811005
80737,21308.86310641099
92849,25818.42683275643
87490,5700.944835194624
106168,18728.60320136954
87014,17966.375843915528
95822,19086.758904519982
76797,14634.321814950705
88416,16821.482778279897
99974,9658.49591807938
79248,9941.19454989989
93969,43165.90206954279
104746,24878.506706622047
101092,20488.764063881517
104076,18635.36366080149
99087,7876.1859683470175
93808,20455.04286682967
80849,31059.13962821543
93870,40445.51524866607
97218,8851.900598017384
85690,13304.340766621106
82581,15644.661733652361
81062,14808.914249916565
98925,13980.743655191716
98116,8330.065792975485
78229,13511.698261204561
77717,3485.3257812147044
92227,22482.94096675604
97525,10001.841753608407
92015,15473.813145497008
93168,17761.57374887578
76841,19111.221867912696
94920,13404.478786237523
95188,13346.878229519778
91909,44942.218587109775
104631,12014.336516431455
91186,20646.623433789602
100465,10994.255016778556
79253,19152.027978681846
97133,9474.449524641375
84758,8583.858926015373
83113,9198.608073723155
92012,24761.910479863956
97730,11078.49305861727
89579,15632.780873791198
89670,9242.296839701392
98105,12940.080419512802
79497,21566.197037181726
85954,13282.848408528522
90314,5480.180266589102
81052,7112.009067740274
78531,15497.244899368834
97791,13199.906823425054
77746,21907.091284458038
105318,19925.8114141619
96956,9312.758370732594
84493,10709.20093309778
102164,7770.481685517836
84640,15431.448386868538
83292,15185.377802390662
80446,32124.563574670006
106883,20499.02362860906
96822,12223.864373110602
99282,9910.521559872304
94359,12824.846866157972
105084,23076.66518439411
85908,14244.347868530042
106431,14780.86541534021
97313,19106.235979383488
101268,6346.875993551993
77989,20163.102592624586
87682,20098.99277091194
106611,31416.89879886222
107890,10729.388647138943
79578,22442.822497502893
92372,33101.006744006256
93915,21318.405133722415
85425,9074.835087705651
80577,8728.018796418795
87561,15159.223664486703
82120,15348.849701545088
91633,18842.788528668072
96970,9522.180213757425
103356,8870.794910622719
89416,15749.718861768983
101155,8563.817803372292
104222,20033.576796741952
76104,17793.305087921173
108362,12275.949855034132
80616,46797.44523441225
98659,8275.810559871175
76470,26959.58913677907
86501,4110.489478151765
103166,6183.132363427717
80799,10549.584827770423
103699,12278.152209162521
97005,20522.307104416846
89375,10441.874605346267
89434,9116.33069825869
103114,7989.292728565638
99021,26185.014282912623
85368,6163.708798528952
98207,8696.689450558113
88420,11530.232690075174
86225,11746.31674736888
107761,42747.82102468085
83146,18861.668869349698
97834,9606.561864841433
95729,26980.81060983258
95480,46785.39209068156
76736,25795.888914828247
103683,11533.103920271109
96410,21077.196084162348
101570,8507.707502207882
81039,13120.162189289153
82813,16906.385431527924
88704,15791.251882674509
77926,15370.612837370903
89560,14795.864783376763
98902,12618.126981346293
105164,31301.16866996805
108109,12054.152292816263
84480,12085.059449327357
98239,8692.850641717121
82385,33153.857277395975
91637,41637.12013900243
85732,8447.994190015279
90790,6660.721258225458
90251,7231.370032860272
101246,7964.697909864027
92962,22206.64395884591
75988,23572.040405495613
106880,18312.088795314743
89844,14168.693145988782
79925,15592.270822571816
76282,20999.09868407627
85648,6592.17575041807
95507,16241.29057538477
96605,23430.817169072976
90201,8938.910592049757
93506,26292.199339252667
78490,13072.842966555909
106831,16123.629304893944
78101,13824.031608650466
93059,39977.282149640436
106820,9330.562437159682
80839,28254.53198569385
76695,16845.086576334546
107678,10776.242116527545
77084,11738.004542007824
107856,15217.64638749718
104446,31659.323482855154
93306,16386.180080833925
76610,31079.95189834128
94451,19600.45359656363
96510,14666.63893341463
84861,18074.297810530406
85787,25668.947002152345
78201,15212.06001061811
83353,13353.43086119934
106485,11759.150212120565
98115,11495.473464957653
83852,13650.253537050423
91320,20224.154397061306
92427,6687.40494075112
83851,16329.21905276629
92011,14693.95958267413
96043,7568.272210183377
93535,23874.041530769482
80183,29148.573066492143
99075,15278.582536773174
107932,12388.41012636272
98968,17127.171460284044
83350,10285.75494437538
77983,18597.38864223049
104722,19965.092491328534
101213,6711.030500420906
99670,7082.681064924725
86163,17067.33227496848
107969,13309.661667974213
77875,17087.539172023062
86254,9405.770149089958
106709,13380.138425231113
79732,24717.51926758113
107841,9072.15253204597
82222,18035.96498826641
82020,14139.419993049232
78930,25608.238826456014
93446,12573.679252868818
82880,10979.688449157386
85724,8790.335334791118
97629,25678.33511211786
106635,21931.872055306438
94103,18730.207200144676
83051,12006.202084253946
85087,10678.146413340672
76917,15944.073465084995
95037,32557.81563846652
99867,13988.152589890862
107425,28044.558387469304
85753,19544.756571347232
95099,29545.78677816903
81950,19294.484135122344
87493,12369.399733162541
84035,11044.651692452942
98743,10653.24433756514
84532,8845.218284213886
106827,16304.22144255786
100006,11024.71225601599
108013,26534.34022690033
102898,11288.981092906988
93509,18103.33409293755
89759,8648.710756453956
78191,26889.559256356933
80286,7661.522394869648
105908,22905.993364817874
85325,10827.709210609988
86177,2639.5203370716713
86780,15934.633117062744
82738,10571.926409586235
78918,22732.21630692627
79161,32860.110070852716
84004,8440.80973848908
92541,32044.345647026614
86047,13084.379755030046
106538,14762.385024996536
96648,6484.882858391878
101018,8199.255592174288
97019,21190.60302903582
105288,11358.701410071664
103441,12405.83659324656
84757,17871.927674337116
107069,9948.108463416911
108356,28057.035866894883
84436,10751.53487183769
79898,19699.555045380774
84703,19500.188818251718
101219,16490.078840613205
99858,12517.626187470518
77333,11067.983741237844
81923,13002.103459693428
85116,15324.213194100874
106149,12756.418861164988
91228,19399.780720787203
91512,19981.442949062428
80878,20332.069600723105
91229,27249.885585451815
99181,7353.899187221207
97944,16711.481659939287
78314,16630.137290251118
103087,5350.90398403828
98170,7971.662129866083
86475,7917.253919206321
76501,21994.525374561108
87632,16476.10944741518
78342,24566.877154361806
99723,12181.020992589101
87620,17364.852467247612
108111,39536.31474419527
89385,9643.509240988402
78604,13516.10731103714
87199,15556.349387098506
106661,13216.659427873834
98162,8171.811465551834
95522,14671.468987233058
76276,11306.938799238167
80135,24227.999006608097
98199,7480.809890555763
97771,8671.868177395485
80509,45484.86071978667
80570,32927.84343585226
102070,14623.582315153964
87513,13225.215185372143
92822,15295.90753730934
85443,10521.093033028834
107258,16935.130786015667
90876,21170.79022019108
105021,22785.48591570279
106246,7501.510179101133
102213,14991.424230622819
102502,7352.32690010038
97859,13014.00903017346
90858,15674.060548203452
103900,9493.78952905595
101159,7707.4926320138
79882,11264.053536812835
107307,14730.3984224621
91892,12871.826298158854
77992,18573.105578088253
103300,8542.088077353337
76540,39802.58169189514
103225,7124.231716278783
93202,23601.973042292375
106035,8931.09972254052
80459,24593.607265717117
90377,8772.942045621012
94302,22889.700210076277
107598,14445.887117228218
97476,25452.560398999798
96871,16968.79792355968
78543,15589.029189719802
89215,10491.062654726165
87251,15644.538450109541
94113,17578.088746951926
89499,8245.775346166913
104785,12813.305518916042
87775,19236.89128883332
91882,22798.13335456135
79256,33150.11146296616
100717,11005.641964721637
104470,9807.312784430496
98732,14708.483071465234
82547,5869.928753897989
83776,8939.55730974705
106546,21040.63843239085
88539,9263.754615443853
83929,16190.80236125479
96026,6569.604979889835
104011,16296.036772400883
76131,16476.076009914534
91826,32977.65340271073
103999,25177.58771161168
82675,17011.319582878627
94439,27179.549885388446
96307,11974.426434753976
78033,15415.962934816358
76854,12458.69086009496
90036,6901.275902809826
103891,11940.092236060678
101263,13071.67188994835
91712,19890.738442101978
80856,16470.888025991648
95058,19598.106234880805
82735,7918.372668956038
82588,21354.007269812835
80775,51102.312927034705
104524,12190.241981117502
98431,9090.916340800652
82272,26162.046992151158
80152,17973.72681812582
99115,10151.54909713333
91591,24466.39511876973
84573,16573.373738925333
96777,10929.066954137536
95331,17004.53618015758
87492,15577.66550687163
78031,20858.687998771667
102367,10397.712534748309
105139,24517.661512761984
101793,10298.627262586451
82312,32696.49125197518
90663,8292.168901754076
97827,17978.319318227335
85812,11464.08709868547
93839,22202.888415666024
92711,19145.884766121664
90705,11522.356871122614
105089,16557.70502548618
97946,19964.895961181952
89744,16292.150651927002
91047,22273.244541523647
101166,6932.435273293913
101641,10989.201109964923
96865,12765.738301803782
76615,13009.194371113786
107736,12709.608692053114
101285,13388.296658929401
87016,12152.38378494051
99919,7632.575061207359
99314,20943.068208520195
80754,27657.33199193878
94215,35665.2193474195
82552,13621.60207469261
79696,47726.42295850643
87903,12105.74513450223
77373,18493.428819673692
76494,20499.3119014007
80003,23759.60576835425
89000,10619.845812180574
93128,26042.62037517132
107992,9707.878118908664
89029,13323.271026764289
105461,19876.573656397137
95945,16391.78834391971
103106,14617.201070484345
96246,22256.13553122751
90428,7192.956008836079
88909,8273.29221019747
85222,11666.755193381154
106888,9568.33621175458
103117,9248.671432900337
93022,23025.371226704818
103375,7195.622493722363
93229,22676.913089180875
85603,8793.068069571787
89869,9599.662160270971
102338,7737.033267305022
82631,12825.191049288502
102687,13796.360502184229
82001,23669.98184313024
80204,29684.50012593145
76279,26873.496917673387
104066,20755.120740441303
85918,5503.846908986572
101590,8759.607963632136
95375,20695.50673069712
77897,9920.747033488244
95209,19688.335338667217
95921,22869.711052438597
105769,7828.3074656553445
97833,22050.453631636916
106557,18252.09386025911
80274,16721.573313834997
91786,24595.628151225264
85350,15294.544845016682
96217,15367.670414397611
86429,6060.358324772121
76233,21703.63921076066
98782,9580.772983061397
77064,12257.982270105693
82904,17721.35196098249
101384,10684.875331571207
103541,7588.745052860259
99625,11940.780992463058
89436,17578.501277141622
92889,16928.471404156237
78390,42017.93563052669
80649,18120.007521217423
78894,18286.479768810914
100312,17052.822559652373
78222,21087.64788871776
91392,28850.4122889131
81452,12073.075854997005
97819,4343.396182083221
105008,10832.936959757713
94993,22126.844560003614
85430,10256.998470781318
94075,43686.59595657143
81246,25063.088521073947
78432,26881.537897695023
89458,11428.814912152337
86520,18738.35418942214
84594,6945.447328514616
87131,8194.533245444038
103493,13168.813481099305
95302,15618.301862411015
105156,20971.46550950427
101489,6525.570577469766
105619,9022.122587863601
81460,25407.46155659536
79311,13535.132954376364
107401,29450.692425385467
106068,17180.158123525052
82033,26609.29540467137
93749,12495.56627922302
80321,24405.206269724247
103609,12552.528465181
83443,9793.707350144472
79664,21464.65763889489
91263,22499.788722921985
80368,34980.41706977581
82178,16901.120217235944
77812,31745.408767749625
88159,10046.12115977848
107356,10333.20619222084
79312,22165.557743342946
81185,28109.293114038417
103927,10788.034545774959
92977,24532.427904105476
94013,27134.244080986933
78601,18340.801506598327
103250,8176.019674458125
90673,7180.24251536049
92757,30180.282411071836
86876,12591.194601099538
99148,10119.838419130478
77972,11626.678063252117
79854,7732.228887084644
97128,6539.230862900185
108059,13028.418040566874
105613,20295.506073115983
94727,6022.342346503514
104783,7543.586573360548
89446,18959.445752284217
107306,12570.828661033029
94890,20313.362312137564
94080,14175.643766310173
81720,23049.53417575774
105157,18489.139217862816
79438,45205.028147580895
95275,18032.52837442799
86870,10332.003671271195
86336,16935.428970316054
95031,29081.0016461956
76727,32084.973216224207
76416,27493.95058252023
95523,23923.44902913248
76945,11378.057528853256
92733,19648.5192831937
87625,18209.43420441053
105282,15239.466593201212
76798,28595.986528178055
93061,19214.469632909364
99449,6537.295073350421
88177,8765.382247773816
89115,17994.555967122822
97192,9389.964491038267
90003,12377.78571538509
99544,21072.64422033424
95661,29093.34014054261
86502,7343.822840112666
92299,14933.783808907861
92164,38399.01917629212
79415,13360.686367002503
82793,6576.857181031659
96761,10010.41921094463
95372,14561.360183024979
78310,20329.52502482053
84611,12722.94751043631
79039,11883.099191863786
83955,2592.30570819564
103422,8016.085986263504
98290,12555.294597059485
89786,16277.656798502723
88966,17171.0861268722
91692,15378.528206427212
99720,10700.034060473361
92291,28334.384080807275
104283,19980.10355160848
77907,34943.844407817895
80667,23842.714005147966
83714,12225.89409971669
81499,35236.53532904756
102870,10021.015067942808
84245,16624.033792763334
96709,11071.456768771692
96985,13899.507101413825
79739,24859.591262437876
101167,10532.946516615082
101412,10741.566884194304
97207,11806.064947597293
77022,14510.542456012145
97267,25592.582031482885
89310,10446.18901682994
88525,8748.339219803482
100951,12505.16987813989
105401,8134.483054954282
89558,15188.282121923023
97593,20670.51615203123
91993,22687.543645425812
99362,11980.958184956897
86021,9802.920082531218
80590,30690.877560739427
76881,16604.952907128536
97173,11346.725307170083
100208,16048.384447487564
106111,17610.33406381222
94771,16070.567316526816
86006,9822.138275904339
83246,14569.73256985205
81624,19000.711992351262
97158,11731.48738084334
90839,6668.302001700584
76730,11606.010418143298
95912,29046.060022711183
98742,12534.934741746498
85366,11012.283114585318
88971,9463.49238060761
91073,14340.807741469189
84276,13230.189577156701
93643,31375.524598719603
77674,17533.040082022657
107054,19494.55002606915
76029,11688.357475378198
76703,20483.1443325354
76951,27217.58988908171
92952,24288.256183548147
101165,13800.224552206919
83703,17582.930542183098
102514,12141.632950297675
84274,16014.784157529239
80933,15997.357902320047
89802,15494.491796538965
95459,25280.27115380292
88242,10909.695722455761
80337,20648.39837754292
96758,11736.861619585652
81706,10883.260671626973
92861,27991.769011821852
97057,9542.393097618688
90369,8165.060335201582
77587,17005.59472930776
92265,16892.428531437792
91500,29029.511552605607
105511,19403.826918249542
90137,7858.008976051997
78339,26847.443005321533
90208,7861.6695678283395
101548,12647.604355381967
79969,33992.579981295865
83047,7212.51440293568
106469,17689.8160019056
83513,17230.044548647238
79652,11592.6954018598
93970,6968.385926331157
95655,22719.934540917573
93966,14006.827891213215
103174,8531.366508908315
92732,30811.549814300146
104052,16843.164478088845
104427,13664.711818306167
81504,23631.81166267405
85835,7929.310359291229
85265,11817.917008342209
88872,9956.907519322276
81581,26744.019824006282
87525,16134.93260375241
95242,14186.828417031897
84066,8507.155738806645
91130,52141.729870840696
103798,12736.913223793987
79777,12080.560102910902
96975,12471.472877915312
98657,9184.013898893334
89241,12681.23744283335
94846,18500.028553549695
100346,6225.4211871924335
102570,8006.825552396921
86462,11253.921710372118
97934,20591.433472279074
96947,8179.450002130602
83667,9981.720449366183
84928,11523.158965841698
107956,6315.897002157704
98949,12650.740505226158
90998,12520.678488793079
97708,13234.537889578234
95416,24266.764879867515
78313,23302.08855060258
78886,22343.525915432485
104031,19023.69297699823
105160,30481.404675024634
103659,11646.593967297662
82200,16440.10709858454
90814,6727.105774453124
85367,10433.965798819774
83180,11759.534794645315
106202,14017.654699256735
78450,17594.72430809047
99063,8752.502425734276
83877,4931.754467505596
103411,7183.388796106056
108533,20008.8279554632
98123,14074.344885930042
106850,12002.280951508474
100148,7851.99423147266
83012,3415.7345973661036
82410,12726.986566873547
81994,12970.456540630441
77099,27560.79751240748
83281,19419.964430087817
94288,21746.747439708393
103702,6256.9222849627595
105076,11484.4883612214
77642,17027.0577231109
107183,16954.34216554085
106615,12388.048506659146
84149,9407.677515425532
76911,23314.515289046885
104162,8716.877112810624
102563,6979.3680784767685
98356,10020.842444168671
90601,17919.290033359193
86307,12916.61809028836
83892,15646.022664719687
86128,11053.86332755963
92836,14303.381966412268
77569,28516.710905822933
108327,17684.316066023635
101953,11584.287608460423
105792,29210.55489717222
97726,2051.1138293709914
86652,8888.259296268225
84446,7172.228777834738
96826,13989.932888174786
95460,21247.798958567873
86352,13000.125048319507
106793,12941.985266708105
87778,13656.744256198668
99950,7334.412142676497
104088,13645.66964831872
92232,14361.608310751119
94143,20461.697445070844
87874,13756.003012320145
83793,13014.949671404065
108182,17957.581741600152
102804,7875.7142125811115
97509,19427.23684289543
96468,12394.248580769452
85388,16024.85058377055
76856,27885.29442639572
106114,26715.865009915044
92900,23805.0525849319
84771,8481.714287731407
87714,9609.598696894152
80892,20858.600372738845
91592,30697.48724069012
102842,11832.3870412516
107139,21933.99705097055
94334,11688.70905889668
86768,12809.381371616346
103414,11020.544294136122
92179,26009.896119715562
106474,14300.562211929948
86309,9154.09884766396
91109,9245.574696532149
78133,23851.950768880128
76963,14802.517840602415
101391,10629.124639457474
107342,8313.994748333796
105184,26729.794903344104
104693,30595.09683440488
89673,15029.261704838736
103903,9138.936583536748
88947,6816.453709354354
87569,17299.221536387784
76483,35472.20004182359
86102,9431.711806110796
106452,9990.882759379087
107976,17450.581081169836
85216,15714.766039589886
76812,26009.304217070516
90905,21965.001263565056
101716,10038.661361974304
106450,47655.40034683312
79930,7228.459722683821
80812,33229.332404538356
80862,23443.089081889684
103996,19929.864031858564
93119,15889.206438704508
93986,20224.224776090672
90226,15344.323153263855
104841,7370.075263905168
77115,9224.12072788518
82162,46645.71183849686
88176,19473.15844075282
96807,17489.728894903026
87893,16903.155872287258
96864,9204.24366678438
81129,13919.499371731868
94158,16241.298557482543
87268,17822.195666662996
101545,11932.590453724077
80322,13800.833181253425
95591,21352.398678912847
97284,3256.8066094094215
76503,16939.29992212767
102457,7058.151623825003
103358,13205.924467764198
85800,9966.986899947984
77892,11955.250129384636
86918,5671.607839215035
88797,7427.1477042638635
101581,7366.96106315653
99941,9804.55608520883
86005,12097.227407993507
92601,22060.141754486
77922,22300.52323771468
107005,9117.506580352856
92729,19573.283987250867
99740,22245.04521454693
104686,12444.801100822782
87339,10885.073359246928
86577,12429.184306861489
105913,42074.78933656396
87402,17624.949095422893
88287,7398.339609027424
86544,8416.273610455468
87671,15810.285255239982
91204,19982.188688656646
99618,16454.499709367366
93596,18994.933513346044
100194,1948.1217349641922
76820,29057.94262489725
78350,27728.164207215203
91114,19257.72595429422
106403,25356.718258225
77876,18321.57155822498
92321,16147.779782265994
93803,11482.263787643675
95007,20780.9523218926
93540,20812.947488212307
88267,8197.96150228648
100770,8794.172366840618
79033,35985.13435400126
105481,10092.81642817246
92645,23175.382019732544
91504,14523.611093380312
103374,16709.6849000349
76555,28988.450495547393
106876,20498.36775351803
83008,7100.6076113218405
103085,11283.902655381744
108288,27639.480470207644
78153,24989.03515245269
101104,11462.333892746881
86300,17087.21933578912
83596,7830.71396002868
92918,19288.814926217543
96263,13308.600071705196
95845,28765.53843321552
82174,9553.371477884477
95636,31329.284527572392
87859,17052.898812948162
92038,12464.038537137423
97965,13645.912090900496
99236,8838.365658579303
102581,11887.187686638523
88484,3891.4153582345675
76734,18699.131381183135
107756,10361.538441317254
100368,18511.016311206542
92542,29600.309123557126
106507,9490.048880855353
94713,11855.421521457993
86830,8581.785012678274
105659,11576.217703113804
103299,10815.312146187955
77388,42258.26568352799
93171,29856.73228767652
95564,23550.691643421054
92209,20664.19515276473
103068,6254.228495572692
101008,10587.97911184164
101098,10849.977040537524
100297,6341.239442802241
100668,6660.722153024985
83587,12146.005627712013
103730,10674.827723852675
80300,11023.746643823266
90994,32496.161808787438
84749,11038.090350858554
96883,22554.52974284713
83643,27791.808230650862
101307,9362.211019276117
96979,20388.640813708775
96090,18307.800280663803
82603,9180.5659320278
79091,21134.81407777165
101959,11010.09562105767
101554,9526.63204426554
100961,10514.518865377742
82778,9093.171733058407
98924,6857.354988609693
85086,8251.35030355068
89149,7752.386408929771
89443,8056.55631020406
88608,13748.881834287475
108064,23547.076148014978
93913,17969.278085953094
104833,19205.491972169424
88819,8494.152188778526
105039,15192.714724168689
108163,13960.499461480644
78429,20306.798102562458
100022,8377.623913199635
99243,19311.213378357646
96715,13966.261512705747
88735,18262.557628453946
86496,8117.58241448052
90642,7634.288598913013
98358,6847.32559478715
91268,28583.26102294829
106457,11739.261566654379
87063,11679.256267476654
103942,11444.754204429246
101823,15908.483138787991
104919,2766.859889655309
89192,21936.579327523737
78525,22849.142173672863
82948,11444.287430568913
97364,12850.375032467868
77638,18747.817572154025
94939,15351.809527564112
102799,12754.133485309381
97063,18547.60507412423
84889,14192.460055129784
91197,10674.582038713255
83936,6121.99394189987
88850,6585.248415608558
104781,28942.860736122806
96341,7768.887382034776
77784,18234.728210684887
79500,23498.443711869673
85956,9330.503274737206
80268,8658.620798073756
76575,27894.65676320177
88273,16959.729914831783
96863,10379.969412661956
104149,13112.45612739199
95323,30153.97828467203
108521,13626.33204853408
104891,26468.335994780326
86333,6351.829350985805
97441,30375.05751741882
103963,12979.297326494101
94117,21901.61444242764
106930,20148.642695613813
96478,11880.563175100513
93273,19018.598360991244
90140,5231.739979283748
101752,13597.982350767921
102564,9113.05833198291
89449,9177.061996636141
82080,16274.04336485227
103168,11357.389521811745
92400,18443.84193050952
89829,16858.759890579506
100294,14008.395392784312
101914,11845.238958631411
91223,22240.31951417577
107925,20583.690334057737
108124,7004.462816393639
99736,27237.8947898251
106222,4948.739202755671
96843,6022.8261159842605
86576,14629.279770637277
106802,19570.26612358562
101331,6888.629090529898
76847,12014.737594706581
82850,10611.445992550021
107284,19113.69249475746
77599,18837.802829911292
96827,20180.145979651257
76080,17256.37664308259
89213,16004.623159645183
91332,26074.54373001152
91930,26207.309252063496
96005,10149.247049585247
94637,27210.811075937057
76949,11320.343821177392
93336,20810.918762218487
79792,20919.001067280187
94859,29359.886166057848
87815,9645.20468189872
100994,12462.099477702506
103939,7743.81113558567
91674,22630.245219597124
81166,26302.866333097536
105292,17309.918189212265
76991,49885.61738661041
100176,15111.778805032585
100118,13946.257029142535
94700,19360.174556529902
101432,9550.735360083958
78373,19916.859349406994
82918,14219.60635350946
80619,18231.06039024074
98870,7086.697055277135
99728,51968.615450120815
100347,14090.06634744046
94871,19445.017242471215
76922,25610.69475446529
102057,6808.735608098392
106406,20662.19038862431
81647,35143.26677801087
86232,4494.059063114703
90976,26492.738282477498
101053,8881.466782551282
87392,9535.943292218331
97377,15333.6876912414
96652,19307.83217244539
88212,9671.601384307773
106859,12451.154749094616
92678,18158.01423670924
99554,7014.897073963945
92531,37977.854570535696
84190,10746.570444061905
98562,9196.826766613554
102014,9100.299653446078
105663,15488.988006268695
88795,7767.548502275601
83227,4538.7468754301035
97436,6171.620960560636
101846,10216.131207223074
80332,25954.57199958219
104483,22480.021257546843
97675,10257.551451585858
87703,9990.484460001102
105829,17104.569313360822
97495,12653.492662627114
97230,17392.822391896127
99232,12082.741547803824
108036,5853.573204637074
90470,15592.104488481666
91410,25615.351145004508
87856,10775.885441437364
97072,13241.485919504079
98581,9526.274489107946
96021,18423.22819847896
104873,21964.302155975263
82366,17526.89508548135
81093,12660.657133104665
94091,18140.684875132927
105502,23578.408179715192
81212,26439.394452987144
78477,16093.90314741653
86344,9671.908131715643
87337,9551.465222418425
83364,12012.088278023044
105029,17726.401468584983
84927,16515.54924359129
92467,26979.048486539046
77390,24993.70712684309
91159,20058.21370827364
86919,12641.091318333392
87364,14821.756644852003
96009,14833.112747025429
80050,23035.248664448725
97335,20126.712780181773
82533,10126.742817632996
88494,11628.901487715462
101773,5144.016191245574
84410,15400.225183846402
90583,9959.049738457845
97361,7571.395145886493
101276,9446.477958983889
92452,20155.28755615763
107354,9070.152897068336
78584,41433.14608179225
80128,19306.15041946911
88645,12415.338348632478
86622,9839.940909671417
81676,21737.992049645087
107409,24855.1893214966
101162,11446.427298059145
107883,12389.857574385462
84824,10045.751745515237
96253,13489.479733339409
80764,18931.603994164736
105145,17646.17277161642
76292,18814.486643718017
85405,8701.95875229267
105373,29994.519482398584
86540,13913.5702956875
91362,28011.62894917724
90075,9795.575701386102
81886,11337.737025903109
99080,7344.164354949367
105235,12734.65914301983
96437,21321.5260671642
83205,12510.12327905816
94569,28102.45723567071
92687,33610.67230267933
85951,15067.518079341202
84977,8160.296203088825
86143,18947.770665956334
81763,11777.52274901984
92970,25340.016619912745
108286,10206.369206206246
99395,7646.909262696845
81779,22119.435190175976
82131,16175.466813751984
77833,11824.491557854477
91949,48160.772904984486
84571,12968.091098603136
81403,30258.701291542304
86275,10657.825071190198
98103,7592.593406479552
96519,18048.37282178492
102141,13060.33896116326
95016,29851.98062155674
102800,16742.08528958597
102275,11207.730519588109
79437,19472.287951512637
99129,4444.588105552575
102738,12253.956828273256
88502,14214.72039302625
83847,5891.334549655564
82098,28131.368331900547
97608,11030.609758658311
93635,48487.27663239005
107415,16980.56950318613
100604,7158.69309028709
95825,16206.733614965071
89837,8804.563032522989
90563,13714.853754766305
87183,10990.461738734351
82030,15807.394698347913
100952,6442.334782907662
88907,7072.86130805036
108136,17637.645756936672
99824,7581.613739235505
108052,19888.001307082282
86157,19999.32891285664
95635,26474.91212973402
76024,19713.953654650395
92449,15620.733315677482
101870,16615.61714903608
85896,12154.558729557515
102465,6287.304110711566
80302,16125.721738162025
104316,8312.22904395681
95294,31482.95374581803
106995,45618.611471112425
86510,9905.798500189725
87250,11627.102959386164
86483,20511.13732372832
83417,14969.429469334516
99580,10036.136481147492
84527,8410.51581370872
86193,14454.128559236706
98832,19099.77319696185
89427,14594.065407608363
105172,10210.23710506061
100800,13272.452067839262
81313,15482.24366592709
98110,10874.089166571654
83944,12778.611298540827
91420,22238.578113742224
79842,25032.65908956444
98350,12075.905230006601
104288,20705.992307027696
96086,15231.194340927044
78566,20913.30687159007
84457,18759.002067474958
88685,13162.727435653806
87157,10713.234868041753
82023,24521.78120771048
95492,26051.968179703017
84139,6500.2177542619775
89309,19999.32891285664
85676,8235.344731741263
94553,10390.261341748064
90271,6958.274450176591
85678,10539.876747410271
86238,6929.807299556635
104335,12831.029179289319
83609,16996.32100292424
92930,19422.857063719144
101478,7427.1497024331
86537,9852.43485434763
95350,20270.27209896189
89176,13305.505094803582
89383,11380.556855091985
81369,28568.280006931756
96749,6896.556298898181
95414,30237.876989266413
91568,28754.6074245409
92425,29692.85204025944
107079,24866.849499773867
93550,29906.39432396651
78972,21933.063466971056
80719,10976.027187701868
92919,24358.90020405208
84505,12804.660046630437
103401,13300.071713900925
97516,8042.726406858745
91738,16196.33490077056
81664,11766.542996026794
108017,11240.926536057252
94154,16785.96825038282
94015,22601.579735766125
78990,29131.798913083716
100198,8840.861899475487
91258,32073.983083364383
95886,19154.370680850265
80048,54624.88297782813
92615,23026.467739465174
92333,28818.294661357304
85637,6235.599375461535
100681,20864.11298363449
86280,8375.667540875647
88934,11653.001631062923
102926,12530.732039951728
88415,2027.1610509560257
108063,14752.730103343183
103273,10185.142873666671
79468,13680.48316963154
91285,16576.332951869575
99111,7245.407354043512
90686,8102.326901245756
77458,21278.701011232308
103540,6918.000480802348
98158,14338.63487208691
80240,34250.52022449598
93032,18725.214111091653
92380,15483.328448856435
91853,20174.978630748185
76049,20566.11238444755
98852,24362.90610540817
79019,11966.490665568454
78009,14300.29264166462
79038,18597.76215796871
106404,10397.301993868345
100619,4090.6695683181347
82348,27267.614820493356
83844,8958.184447908337
101370,10055.363211141173
82900,6939.305738952121
77014,23508.476288047354
94704,30035.09536423943
105395,18940.202321429046
92471,29011.031696357175
82964,18648.057515059776
80223,60721.37801795916
83523,12975.573455035259
84395,15729.765586402631
77474,20617.19166556879
94649,11591.013125317775
79826,12949.188507791383
81786,12005.502789512415
106749,13571.932455051909
94115,32617.06087224647
103835,6185.208005829782
83617,15724.81672460519
106555,12440.06784678866
86868,10084.847754731525
105245,11054.391504628124
107495,20434.828015865838
79571,36604.06717629447
100328,14194.950010431538
77453,25703.754998668086
91473,25707.902430177455
100493,13394.46609858452
83383,6925.4584902111965
96482,20479.983029265466
91509,24691.414204474993
92051,29542.399889645832
82251,13392.206966903235
76054,11510.643424743497
105927,4401.964079975354
89426,11672.07660491267
101006,14439.475966801767
96504,17171.32133998913
89053,17587.491914906288
102578,16701.240848626563
104576,12108.218944617094
94137,18844.00154687155
96387,10778.810896566725
106040,18057.560677479447
79795,12120.598586235961
102216,8689.371440312949
106933,23778.49162273827
87217,13903.430090334603
98953,6930.825751843654
106935,12739.268417998452
108160,11486.940257906132
86220,16777.74985033905
81017,14465.959919470355
90319,6682.684961558555
100847,10021.534362247115
79811,23519.006705057902
82324,33088.958305318614
79204,21059.32978266904
76561,19959.261687721468
90313,9806.167934479323
94271,12545.881871567068
99090,6251.560221009332
106261,15811.708133732527
95699,25291.542092802934
101624,8229.818006296362
92096,12415.402944642346
104402,19285.090522160448
106877,4994.421566455018
95341,28035.614146282813
79252,27649.784033047166
85039,9154.699329278857
95172,19434.395652338306
91340,14196.455393473276
91584,17464.257224728437
104972,14832.54178734686
80896,21866.05842648596
93083,18254.958637316206
90855,9441.236455749295
78320,18422.544090028085
98584,20981.769946263514
97117,15744.151220571783
90267,7832.183050028783
104276,12290.685693617397
93771,18487.620746538316
100654,13104.65808537388
84833,14775.90428228033
79006,32370.125754905617
98734,6917.712072314818
96686,23494.087351682298
81262,11240.721350710153
104374,9268.580874481797
87939,11894.88918416545
85868,10616.349110105004
105505,8481.820689743176
87999,6696.914521560259
84535,10685.176485914906
105765,14742.118256558118
77591,21605.363208888106
83018,7552.182583220817
95281,15711.879679953665
104629,19360.481354262167
80247,18345.233443412977
98202,10514.205048826532
89361,12048.060071740874
86384,11257.444922830033
77923,17073.642457830323
86901,9662.809948095535
101827,11799.397052028087
101756,7980.50879979253
77041,26267.881730587287
97753,9718.803394807988
95848,21547.460849991778
94827,23162.275667749767
78247,34987.47931717425
87132,15380.19367503694
88911,18649.57256033821
88418,11411.260669465675
77238,10104.700844539868
88359,11279.506980278287
78818,9444.762953773743
95395,18008.510817661838
103416,11965.299378935124
84747,12795.396636578758
101608,6382.808270654126
105437,23874.29340916234
76320,16365.49798537529
98937,5084.142086690052
78233,11954.76636012318
82250,16777.047690883046
96164,21212.655509530832
105298,13381.84467255938
85892,17798.934398048834
93834,14074.176432109198
84717,5764.203377760051
104176,11165.683062576172
95319,46565.63109386715
85002,7573.2013513513175
91460,29967.699917663496
86992,15859.0403582512
76228,23044.03735766142
105611,10532.41600744554
83256,26563.25430188188
88943,17646.37418454521
77394,34134.644464644574
100873,5084.580819895957
92464,18315.436081033757
89315,14877.23420622508
92773,88165.84531177308
82489,6648.086832402817
76219,16147.786636545005
102904,11795.509900186955
91039,40051.552823103426
104890,25572.4596854906
99922,16266.416505717758
107007,12787.353463923677
90649,5633.265211737867
90166,11252.454755758305
90837,17653.38075223401
84748,12101.804251845737
101034,9757.042268886069
80579,11357.890606500907
103124,11350.365623319409
92022,8181.792903308792
103382,8891.881902529676
104089,22531.62377132142
92089,19264.657394373247
106395,29478.542475001203
76012,20266.73645585584
90152,14131.434012125828
85524,11979.815709442868
95337,24997.247453791333
101744,9556.01608485647
105820,16577.300524596296
100587,2498.532348701611
95224,36563.75320994604
88607,8007.12382796625
105741,18554.727300932856
100550,9517.710356763879
80543,24198.345019713284
96731,7985.689319453713
94235,35734.63488864508
89536,8288.051993911928
104062,10162.335493228891
79870,10196.267545243672
90961,55662.35531856441
104757,12292.139292577645
78702,10827.573364355163
82823,8268.781731129011
76387,12147.502031782924
83860,8215.620567680433
97853,7406.392034799337
96491,29597.33985235872
93018,17254.9830354403
105464,19238.57829358907
91589,16506.387809851698
81040,12986.794190677661
101726,4852.24293264856
89843,10942.518800854647
82306,19611.146402976185
102706,11138.156683670179
81905,13870.773856146141
99194,13591.642628862457
84038,11779.262872121446
99179,9905.920387202907
107945,13176.620807656847
107187,20885.904183216448
106729,12718.24302343729
76009,16428.40450384273
80160,11546.78780280552
87798,2871.620743110069
106779,9934.666554259116
87694,11832.164683361045
83225,13114.150066061213
82371,24059.453208668438
102154,11161.983002720512
91905,17075.955161975508
91831,18818.42519080999
96829,12454.300218926144
100724,11217.269764236516
98429,12865.958111931812
98046,15589.262985303012
104025,7572.938671839909
104930,19181.699975581225
97711,9851.35549895406
87985,2216.989443169389
102005,7745.175052777984
93141,30905.32672436681
93564,19196.066964398196
77719,23053.468178424955
99873,10642.036227044217
87053,15769.761678143375
96789,9966.582502684169
107871,19837.483653037696
107192,11686.606445460564
79928,25939.689185033865
107669,15985.30627247989
79401,24312.71771981532
95320,26909.558809694536
94864,31538.24263256231
80654,25589.421489498203
99193,13453.914603097759
84375,9392.448828886241
90211,13788.784828644903
80720,13770.626901839656
91902,14692.395210935261
82275,11353.567965133168
81465,21925.90611532677
93508,24626.197307952385
88780,8055.256882415415
92268,32253.44660532921
87172,17026.620035423617
106818,8528.033356022295
103457,18709.864417002504
86080,12798.090560671933
107319,16321.13522710019
104533,12694.725938139336
105670,26171.70872778587
81801,24224.39745817625
86611,15051.197024050307
103251,13598.085975815187
95313,39166.37613999318
83324,9637.678035436205
106920,11749.408284674762
93607,19040.7736293462
82902,9453.753765184601
98295,12531.404887523551
99592,7398.2370445939005
83209,21092.305161395456
100342,6425.165926962837
100059,7382.857685560132
84964,17465.723950433938
101150,10160.938320954443
80834,20527.322620625928
94660,22350.064737206274
86817,11528.473570953052
82881,15999.443279947773
92477,25257.240021578655
88843,11056.456519512214
88409,14000.73586055417
89464,17443.49371695208
84554,8536.458972508934
107456,22260.462585007554
105815,31776.034592415264
84223,18956.69732210332
77230,40396.806388172765
82653,9462.976294564865
84903,5451.142562999832
96636,11444.629526281642
92293,18766.918005640164
76243,11183.829536050138
78795,25886.601325493877
77946,56843.250664530206
108033,26844.253472158776
89601,13459.927308049884
90606,18622.489967916823
92249,32157.23624990797
92624,20176.403256078476
97695,10201.128456227083
78743,34944.996421103046
99859,18974.950145779196
78302,21825.524455181258
99986,15933.261747653196
81908,11575.710379354074
85440,7960.514296771962
91412,34110.080185130464
83964,9078.38066868463
77867,12574.68134799605
98287,10222.498927944307
92675,4741.406369966386
93893,13175.872655581525
93828,33579.050038240515
107502,19737.869419479408
93726,14489.764181083288
93097,13479.846351401819
107762,17384.718391889724
93545,27079.43407062444
89831,14095.250823397997
108065,29706.016774820873
90388,5181.113721390368
82017,25105.838522404963
91025,29105.317320859456
96293,15490.580079722611
99187,8393.53170883252
98283,6685.479757758432
93590,15637.481894532119
105510,9853.452251104081
81365,25677.338012613563
105805,19939.06848899122
95866,51919.60238776481
99079,13515.522257371902
95673,14495.22233421103
99311,19740.099168182085
86145,7364.970203030381
103531,10528.474642978517
108261,22238.949253779945
85582,6325.583637551126
85281,6429.577359646428
92591,39141.56075735619
97180,29260.784095341598
105998,16900.83386120871
101355,11533.126234898902
104286,35169.29250095954
86703,9671.178580931588
76535,11991.02077013952
86181,10933.23779136273
77004,19711.288613756667
99367,16477.053480262675
106001,20349.08219813992
93179,27225.840384567506
83031,10820.34749592234
86572,19991.57446290433
80350,23731.979140455045
96375,7432.401185241782
102219,7293.228003375007
100942,13163.408160015253
82949,12057.059347952087
104083,29842.064795807913
97140,13596.788883349966
96421,10939.195333780226
87075,12433.334065664983
106419,20861.40621689749
93602,28247.419945640915
77222,9324.16037750499
101712,9527.422407040762
106666,6926.7025482903755
87295,14042.352463896463
89044,17549.39081472844
106433,8790.59194367369
94575,32473.596186879815
107025,7491.5567658799855
89318,11562.865418659127
86030,10811.329864303361
103483,10487.31207009118
94536,15536.882710553244
107058,17653.986482532935
87031,10585.458344742405
100119,10600.953490093629
105938,11381.294466144771
89724,21790.063685454348
99480,7078.925975858045
83017,10589.684366477619
108355,5886.197843272893
94711,19920.371814752274
95759,28861.878639922706
105168,13120.527939183541
93791,25719.128791555388
85850,15183.107361681812
102333,8841.942559116298
104407,20489.36440938265
98798,16403.857404631195
89284,8203.871139446295
100823,6376.13782112187
80514,15228.758652112718
105308,18973.373769629667
104612,23231.320017071575
89638,19211.31863114866
93794,14237.576863066526
83933,16577.17620175714
90413,10535.494021137229
98929,8897.578104478645
90959,18861.612825847955
83414,14994.324875446868
82228,19650.658019356924
88669,10315.92526045181
106815,22218.10134907461
84567,11196.092893755631
91328,33405.6676919629
105740,10351.368482207185
96452,6761.293485090321
76038,20531.06734161862
99940,9392.211856393236
102377,15357.242995712995
105229,22813.827097340516
82158,24997.021130165616
104844,19749.72586208888
101203,10827.254914659778
95222,20790.735941040835
89529,18682.83485738177
103230,6760.489699550163
100692,7878.7882427138375
99821,18159.636592342675
81086,22290.23837038612
89399,7863.70538887825
102445,5590.580018912652
96444,6089.765259972561
83485,10429.617474190025
93778,36957.2670665921
100464,6438.811246547622
99865,9443.31210069431
100107,17250.63917426257
83973,17851.2262451149
92032,28349.0448474107
94017,15953.354426732725
76046,15051.53068721745
77816,12991.542982705707
76743,33639.58011215418
87201,13416.587848024465
90652,14333.31712516161
103448,13376.053750065132
93642,27255.5686300362
85409,17440.69421312222
99777,6678.288270190955
92216,14512.38833289116
96269,9421.732213978654
94298,20934.500903274893
106667,13476.689341409716
93716,46964.987004688635
95754,32285.8076241305
89379,9767.569493416018
95970,21293.975825869704
81911,18269.683480732117
85652,29019.120508810032
107793,16796.22790376335
96389,21370.71783398949
80000,20204.114939079598
104440,13937.818904602473
92029,39862.368695782476
93473,15248.346902801584
90350,25239.261813469606
84947,12168.431224732198
81870,12514.694816511841
79936,11577.19001547136
79910,17542.728368257536
93467,34576.830274705775
80387,32330.383614639537
104360,15965.333381956207
93150,26335.29854049314
79119,21229.132491441072
104462,6545.189632453625
99548,20783.685000743182
104024,31617.616598958433
83480,18563.94169323915
92501,13584.851920478806
86740,10344.520978083483
82165,24678.415646828533
85963,17532.683438588043
79487,16161.85949075541
83245,13557.49618898564
102193,6405.616537597374
95449,26251.279581017898
99413,7771.352216233445
77176,16814.906052292135
107260,26099.80904415028
94187,26236.651278052443
85664,14941.836805210185
97886,12018.211997922243
85384,11676.630775352227
81228,22854.763520487704
81930,18613.788022506287
106627,41990.76961413121
88081,17967.389799378932
91651,14223.1644211065
98067,4719.485543217888
100814,11034.527486563595
77028,47950.2194875973
89853,5276.406076739917
92951,10276.75454894539
96866,24958.53271801849
77498,25709.176821479006
102959,8259.937486955685
103546,14011.584660058044
81127,17238.971046369898
88867,12252.796423190252
90099,8032.896918274502
81637,17420.821270409466
101995,8976.753830093412
92382,33697.12773031873
99078,25766.680548947945
93118,25656.838991181805
91524,16221.779331689286
105674,9859.089623649357
78943,8325.484871670164
99513,13826.929027305167
82972,12882.949781773346
92438,33012.62407353653
76466,21609.205843938704
93315,25544.490146138054
84637,18653.993985345274
91553,14369.537127817443
92093,18400.54102767116
89774,21994.21555764964
86455,10359.787470344181
81999,28336.447955560277
83211,17611.780468441768
102893,6274.131616503144
101347,10503.371729136827
102099,15296.470031823654
108532,17878.157586624704
94030,31147.10399061294
87114,6645.7289978240815
78523,44091.74151956412
89274,17285.469943202228
103663,7077.857594146963
98104,12246.1172469906
86952,10956.894149378515
93621,13707.98603112021
90898,13686.504892595085
88902,17441.597636905168
99135,23123.706717560104
96645,14467.496411497115
89265,8214.33491469076
88536,16527.496778099645
76788,27403.45498340745
96496,11612.994261725697
83580,13684.398422879207
80060,28815.634086034846
99910,9469.82469425089
94254,24883.687070272434
98982,12346.22962593087
101182,8182.950975889209
104497,24353.241462925827
99215,11242.660931400189
102237,8990.005591843053
105340,22477.61749696613
98398,7510.710426402992
82895,7434.9582984945955
84880,7500.044688997236
76633,24372.082015789278
98237,9952.003240310723
93475,16201.065566339958
93644,9263.220426319042
83331,12790.711759747974
94673,44807.52670979746
93774,25952.44532489962
94872,18019.142199373928
104642,32880.38228513844
105806,10096.604546037994
93351,16526.068133985424
99440,21997.78175111812
77434,18303.838360118796
78382,37497.632136145374
76269,25605.228719581413
94221,33527.122909233476
101103,7539.815182606723
92917,28268.02336124677
83521,12655.313123062206
83915,9045.025661726138
93502,18483.917056354738
101013,12509.213923106114
81762,15630.452258318159
106753,18509.28328710168
101173,6402.380595363163
98602,14505.349315706813
105397,11932.279872835685
97067,27983.89045961446
101378,10807.045739587964
101862,15507.873643321636
99039,10717.203489595406
88393,15584.647767811075
106130,17446.200935329252
85828,17166.262323610255
108231,23817.45319252419
104898,16275.757495484271
93112,12564.34151826149
89768,7863.091746136234
84354,15227.17384703509
100168,7234.181857340422
92834,15544.024342936804
99208,10472.908696258708
96108,12551.35844230746
80163,14076.309389226994
105455,12005.661259679291
80323,30958.01500430806
84714,15465.486233212421
92348,20807.375957644166
83603,16379.338288278668
103959,7438.2976628810675
106728,13694.755377290143
78696,35534.19412470786
94150,29941.46246181705
105629,26616.642564094345
97037,13487.314954676107
92850,22764.871513550075
88432,8863.597837451858
77436,18881.39403401822
76469,6527.031313023415
102030,6272.258155964709
87669,10389.938310815669
79981,22991.150230655654
99662,11338.218304407825
78260,20937.608192315245
94555,32774.239645319256
84628,10192.511065199358
87955,6751.661492547953
85130,10070.731152943
76417,28294.92194411428
86241,10274.339187198937
84603,9207.381442411337
76645,18461.819316637913
100195,7048.804357034326
77467,27079.875072293664
98126,20261.08400997908
98081,11742.743038242827
81234,29193.02923449113
87717,9942.126087343177
79724,32713.751802708754
78643,12158.63629381664
93113,25266.90921412501
100597,17150.156217228938
91190,33677.216549959085
89351,12138.243586474855
78056,31243.1345914996
76053,18207.45542351993
104592,12501.92517169291
105891,24759.234900393687
93731,21494.538341143605
90123,6329.666833981217
85669,7425.306300633987
90040,13247.7849378113
103624,8059.78032215427
82545,13261.474744321751
101212,10887.55619991436
76510,12311.603456292545
88673,9833.200950022483
107913,16125.030265925103
76619,22795.740986609697
98461,23732.934335334907
88455,4008.9693144535104
94543,24001.27470296042
79082,26923.31552985924
107039,13334.434123136587
99565,12335.593596492976
85597,16747.49839979759
90908,21999.217250034428
103741,11271.355398526575
101177,11015.829650438138
100246,3236.475292566829
84497,19985.18245411418
79003,13773.549371797188
78075,34627.46301975843
85527,12802.264093469194
99400,8675.92928238808
83118,12729.029182965302
106176,19472.38078840496
79864,21937.32765548161
96609,11932.14816089427
77968,17615.506289047302
105349,10675.602207912814
95787,18997.737940171566
86759,2485.72430686437
80898,15577.19570271707
80948,15512.797746511018
107151,12490.447547536656
85395,9239.724118405265
86612,14666.919869084843
78951,31838.54364409786
79546,16823.711160071885
83345,21180.090150232827
107224,18257.93617676098
104509,14088.867167270273
77088,36352.96933522644
88988,11431.115684560342
79061,24323.227064320854
89758,14357.275024664817
79439,51882.0176716636
96411,13443.9881584781
102234,9997.493759856272
89720,15851.037804484107
99600,10257.570424167303
101235,10297.014158456108
89235,17035.79643708097
96214,33138.09883949624
84205,14758.551944951907
106816,27327.9852228884
90934,24805.453686632554
83597,19298.64103898932
90454,15653.009477046018
82998,15465.822180339703
76772,27271.41051320302
100571,6349.6029673331595
76400,29691.127982355927
107381,19822.43822029579
93102,17032.771591065783
97419,6994.6485371125855
98844,7577.993647174373
99354,8327.585930746516
90811,14491.863805412228
98152,11531.028213326112
90157,13118.62655445442
102629,14069.80077713554
102111,10299.093448227124
100448,11219.20170730284
106531,11754.44736851532
107493,8400.291255663791
87471,9501.750629594364
83607,11045.32133253639
95488,34308.10617725749
76205,31052.478476336313
95394,19618.718439063745
101050,4722.81405696008
98680,51612.220879135864
97176,21582.56798947806
104530,15846.870131768068
83396,1981.0211175377442
104984,7233.907252682471
102081,8039.221741879846
91955,10116.823671851118
79996,49775.8663314094
107833,18088.053109105134
81342,13435.912950067552
104936,7562.611783107724
97105,13233.516557432844
96834,13501.054934755852
96402,14901.497498481134
106575,9372.068325876282
82857,8176.927375548914
105504,8541.086916161898
88261,11376.839043109443
99175,7541.37624123944
89160,12099.912647927682
83875,6616.659844641104
104695,15891.028466625034
84189,10939.851905634538
86024,17476.837758321264
98475,7045.672118711334
79856,27892.794900378118
80385,26629.323370440245
78287,25609.651151680126
88807,13394.97468475325
86288,9743.357237415803
107610,21001.249369996727
94375,20808.423900244274
83385,18127.56956426118
96627,11453.373856962931
101257,16174.258655593587
91915,15704.284675357538
97986,17446.146038667444
80806,20343.83981061552
96930,13441.103773593099
89391,11494.35412767469
85423,2890.5563064226744
79397,33887.91528070812
102565,11744.584695163741
85590,13715.918874503815
81920,12225.103803678916
108098,19654.870775958658
91230,56555.448351787345
108021,6715.834430450009
102554,12148.93368733782
84182,12018.293332108868
76770,19467.779654446855
77856,18679.339896468475
94249,18815.48402417835
94729,17310.282381123456
77171,17225.717429081004
107487,24425.613507472197
78766,23889.393388690103
100849,11551.501656518501
97721,16592.34853878007
92837,17344.71602688001
83099,14721.872596534151
102521,9480.43950016293
89738,7222.739206753866
84234,13229.490562069383
107428,14825.602490986454
93895,36297.85853989407
95662,43748.37408161496
80328,19139.479221612677
103054,10942.307411291797
104950,7793.071894198033
93125,27558.018180869723
77393,45803.35442978528
81178,31831.63413698618
77207,32258.156959901615
98648,9265.839367892122
106065,31605.570126702165
85228,12802.038598163635
92787,23238.898449917586
108462,16005.5878327177
102896,11866.072202287596
78301,11915.26219159364
92584,7013.694387784445
96414,12205.50148256481
101267,9449.01812307171
92934,25725.46780612982
80206,12493.176543325644
76657,17452.997922030787
99365,12186.205444870477
96142,28998.47136768621
96484,12843.448222992929
81767,23737.198186430065
84926,9504.372884662418
84961,10698.881624307176
97487,24950.409813441667
86753,9928.115930505917
76410,17386.531266908194
103512,5641.9547022605275
91899,23131.950791376767
82404,33400.86345949981
84598,19669.925457115645
95115,25744.09109642751
92544,17160.329300977508
94011,21989.74512814469
77265,22760.771317461975
103378,7943.755336453189
83828,9509.3486267929
106142,24934.187036658546
76564,29282.465628943133
93718,15453.434433898443
81110,18619.87566396368
90753,18196.234051971907
86557,7403.184078183363
90778,10129.003972633067
77313,16802.10012758294
103914,10263.285249399487
86688,12109.210354074043
102878,13310.37282221233
99734,11783.259084084611
91581,26598.68103735451
105434,10283.703745265548
89221,8424.831026609692
84974,16278.12087637287
101055,12382.601283923535
80952,31517.349705281023
80861,17421.79214950046
77446,15405.590641729734
105345,14692.27106004468
95204,17861.18778895325
96228,13306.278446101405
100840,9184.524814003918
90096,4299.148189018803
97213,26417.20272917472
84188,11593.413238173975
96571,25164.778336328312
77068,17969.345207807124
90711,12832.14046149525
89855,11451.795683513266
104858,12681.246936467862
95897,25991.243034599313
81849,20995.575517088015
106143,11830.36388195872
106333,23449.4610433741
107165,23024.16459697062
77133,12434.293369609888
91788,28073.13999049077
91418,19333.426218505432
100158,10993.314411752548
96982,17504.101658728538
81275,28752.714203281925
78741,19234.716281567078
104961,13593.584704345736
89332,7490.09932672304
77546,34528.326144492756
90860,17383.425320000926
79924,11241.751997372394
108433,16997.8062076383
101702,11825.892306401647
79340,33035.90340149899
107333,9736.484359539161
107963,26710.312172940015
89408,10036.019948819314
93686,18900.461589543746
96129,15208.157967944757
106156,30000.12578219259
87515,11945.911787776342
92980,30301.911932173156
83982,8411.579672407273
85504,9919.087933378476
108354,10306.92038185688
97260,13538.88713427758
95437,22961.554501356008
88483,16882.965327406422
87959,22062.211485230164
93858,16992.741535464855
80968,21617.15594971267
85754,12839.258662450462
87723,16613.364339873413
95880,38964.555376946504
106868,9685.737411067825
93138,13762.115309467314
104747,15527.188231475779
94889,22139.101041382284
84681,9545.832269526338
98538,8576.003750645843
77073,28498.50646412173
106730,17304.690042867787
79208,31818.312456357806
100127,12297.718320444004
99655,7443.365436096554
80695,12917.832488054544
96818,12850.63057371505
101382,8137.327105859482
81239,16977.788116534437
91299,24007.08724734736
83005,18027.57078391385
99363,10248.476414550229
76302,21813.209934830582
98317,20638.082320022753
93829,57785.257723625735
94188,20885.34358054043
102190,15360.744415923768
94901,19029.810743851198
80495,27436.733017827606
101373,11942.475792251613
76822,12904.597634586738
105052,18229.902610445977
98580,6046.487144902639
94567,18686.23374869358
95144,13975.018330495026
95559,18569.431160499378
81580,40869.38114992833
106874,20658.3670229702
79121,29486.890445190784
77257,19333.644322669697
87589,15328.81080633267
84579,9544.680969578105
95950,19335.20788158033
92510,18503.974715598142
108139,15835.932364839275
76182,29997.271452206176
88687,13862.62862370362
79244,20085.176017131038
80690,19341.723706010758
86259,15226.530003544889
76977,17924.99553570846
95716,16394.447175982397
97234,13290.769565793717
102608,9361.714393115026
105976,19971.372874815086
86505,8223.357322343774
91220,34972.7364451281
96558,13950.567298179816
87444,11076.820560601049
87498,10388.921841303805
102631,17066.0308134894
82185,19238.063193345548
99403,28873.16347061466
79515,34065.125133763635
99088,10232.798066705564
76226,22139.885144284235
108382,12495.079170793695
85313,15058.36371013033
94499,30055.898457356667
99934,6256.045812081149
82376,17627.93186035894
107765,31997.783613985004
83605,7286.284866038188
77701,15022.020744561092
94028,16778.302275920025
107523,12094.032254049229
90650,23983.90804004105
87414,9688.745726469262
100055,8784.538990239726
90566,11713.406521262317
77944,9031.17739959989
104365,21495.710777868153
100010,13472.734515494303
97116,6920.204585891197
92053,18149.776216097707
89028,14636.179502738378
97021,25058.580725825694
76667,38260.79800075801
88020,10257.292919383248
94877,18185.779695977177
93946,21577.836657977492
107829,20079.754997928372
78257,31269.588412597368
79067,22288.634886362226
77650,35347.109818895304
78087,70655.10940853073
106695,12182.323969080395
94630,8252.050374773717
106256,9705.764249162094
95601,14802.833984984294
105796,16586.506706994234
102585,10898.91254699224
87265,10435.84652687976
81014,35676.90173869988
79536,21178.343169462263
103430,13513.463320418137
95642,31470.12162710036
85927,11948.618193266248
98965,8712.56075064109
82285,23925.856255286744
88076,7752.097120045326
87977,8452.609333285945
93013,20385.981523647326
86356,23904.48069449751
82657,2514.083911429999
104960,9157.128862391155
84159,16607.238279868612
102831,7242.811819219296
99907,11818.846016160544
95588,17621.21978409583
87604,11577.305330255944
104688,8548.268413452166
78457,32015.2222297584
89007,13387.884187151716
104449,17228.638503296883
97888,20428.243264372777
83178,9849.931957774801
81940,25605.65222426786
103932,12136.184610315939
93309,30610.386303475392
108001,12898.628831459864
104771,10261.649942668977
79382,20459.86438804349
85883,9556.517067463825
106425,12405.823504932905
83165,19097.634652073586
105632,21815.65069952772
77132,32748.9980822579
101743,7196.237346767779
103628,13166.853823176234
90647,33361.45505011494
84997,8301.209715716339
91158,28876.158205900672
102727,8700.453170627494
83926,23721.38176286269
105492,14789.248529173683
84091,7325.467396496489
90093,25038.81229270495
97013,8063.2635478034645
97421,13191.919799717185
93503,21419.299582154592
89921,6975.992321975453
94294,29022.582535671612
88049,5912.779433445886
87152,10587.30717284108
100030,12416.488017516616
81887,22641.444030865507
92813,30463.576428215227
103849,9190.804456806785
81370,16278.171009908136
100077,6108.922909496434
96215,10714.326084110557
99477,9712.859186583046
92453,27660.659787983142
79103,24031.213105891824
83988,10703.222340468788
82753,9669.17157589845
88096,19370.37749089145
82591,21720.514831200093
78600,9306.361669803557
96130,14365.223420802733
86532,11029.418333847847
78212,18640.19267462407
103099,9782.87728764246
76517,12441.120372656613
85372,12269.57276544852
87192,10784.583676090475
89912,9120.421770392597
100674,15972.447947990524
78362,14485.976492226384
80234,9957.009721004726
103492,8291.06680632511
91876,17490.207963190453
99906,14761.951679837126
86556,15905.351120655898
95439,22237.984477716283
89552,19528.97245546999
97510,17134.155245583217
77027,25152.674080189365
96651,10157.969468563564
101124,5413.70829193303
81564,27376.178268759028
103834,11844.246839404666
106120,15934.625293230087
108302,11148.874858582738
95258,26714.68021789305
80241,9900.418130172864
103079,12375.21002827305
107671,19369.212787400887
105451,12786.847588987528
100581,7189.0973724034
103200,11008.927830454244
107958,25764.83279867096
80508,15662.59738173513
86519,9801.800581982789
106014,14923.863222149801
88647,10089.929967985305
78370,20501.543470974277
80157,47283.67639186443
78549,33175.95323759679
78346,15067.199118715542
102025,9926.211965261897
102642,11552.238744585015
101566,12373.589136417771
105090,8794.767057469879
102879,11983.513433713662
103116,4539.521575109366
108181,19962.735676252723
90077,9103.194583129163
87209,8187.930837031414
78488,24902.933038149793
80235,51804.40973297352
100754,8293.943089405162
105566,13300.612380214781
92772,18526.313166219148
91123,27198.786422383346
81751,46554.91426107022
97826,28067.356133417212
79668,20917.249336325553
93067,10591.82844501513
102583,10309.734626014977
107690,17116.230450920728
87693,13260.809201427566
80476,12743.2760370541
81846,50011.90167870821
104885,12985.075256692973
97224,14704.967746844655
101301,15335.770586507562
77468,20966.427727029437
102865,13528.815123661283
89933,22690.141326055156
80064,16104.329126692033
102316,6144.157276158367
78861,12392.253413588945
96856,11907.810439007251
80901,30807.494469534813
93880,4594.39398095321
93155,18280.15487638564
95490,27382.079564156047
81179,13456.857428879373
105515,27279.89785988531
93763,32485.74290967024
79292,20784.583059323817
79547,51266.362406059125
76889,15766.997864596828
92884,21347.11933184372
100959,8597.418831268977
103931,12210.670805079932
87109,4833.062773373889
85670,13072.148532316898
106941,16904.89980240926
82237,26443.470087883452
95369,14545.642864591726
104098,8615.022882103814
88392,7756.821662251553
79992,12821.349464206007
91429,22550.841444495152
93131,18763.57732540901
102287,9700.120751136785
93988,15915.83086404639
98533,20573.858207667286
82402,31654.672680827898
100838,3898.2967394346074
100418,3503.0475837299946
78723,23665.01907635459
102054,19403.474197900312
103873,6760.91408804059
102429,4614.485234839213
92423,21326.193153360047
100306,10962.854889604378
95398,29181.494865420067
98509,6441.723402406639
76571,21638.035171770764
99096,12287.631549406886
79974,34413.3946820816
86070,10780.046371751769
106407,18954.992744715877
107921,6621.724264253982
99358,6384.1671001086615
81645,34150.035660243826
82190,30428.807889557662
104692,27499.62337483623
93221,14133.223667568369
100438,12024.273192884695
91444,19275.286613069416
81053,38634.27342384077
91363,21053.153590628626
106954,20779.734292576115
106654,18609.485548111585
99522,12259.741233093058
87009,17389.701492987908
87909,11912.165283126935
77419,21104.084650799003
97652,19704.255903573874
99779,12449.533372884223
85584,14009.784464340602
91829,18043.430127945416
88101,18700.28345722237
100556,4257.89953616538
90352,7574.850381415155
83282,10330.208096846687
83007,15338.997740490084
108313,11865.96838454448
78810,8711.675429497089
98828,22079.966741385415
96114,6449.284524183215
79191,21884.33570129865
87297,12082.88120411069
95877,13826.891019548188
94139,39034.45616852543
100850,8541.267268021847
94945,53323.87678526256
101089,7691.467865761108
105691,15927.076807722164
80668,14006.343430573017
81214,33008.553306040216
87518,14400.084265522417
105030,15424.56665726769
85923,5933.697073593681
83311,13893.917159919656
98855,10369.9904829061
104159,9214.5581363815
82779,10151.268972412814
107742,10614.266445779886
105468,25225.733434874062
80455,25183.700084242395
86388,16252.744020555274
94821,49974.32946124552
103268,10071.986476904229
102051,7245.680678201868
105353,26102.43253117256
80456,22266.18147639094
100987,9903.62956625388
91198,27217.77432657677
85153,12314.116060686218
103654,17837.756937562684
108172,10602.721209076382
86497,10711.729936421794
105311,8760.007459984467
83207,8753.296795509634
103088,13698.905103746843
80581,22490.142914093933
94590,25986.38820391138
92857,18249.62162927033
104990,19989.520836428772
106022,10999.45238911238
105717,16430.97242930485
93403,33773.01037798871
85166,14390.985447328923
106430,14124.306313753283
99092,15293.803469958599
91093,14405.256953972501
88851,18947.349657756185
98289,25448.93768995289
105096,29268.25558120696
77047,19489.068596156238
104430,18430.627608088813
89790,4646.198661052929
95496,32478.76350038386
99397,10395.2642225641
98691,7299.899850282593
76750,26161.034366087042
96768,17332.43416045283
99671,10510.422992792704
100893,15621.28829242454
96376,2130.259127774296
85359,15790.713847878476
85526,18317.508407546284
99471,7220.751622558075
100718,14018.952172008789
100408,7756.961219860469
99396,12457.999856967706
88571,18127.632296389147
82056,33656.45888180653
95339,40009.36397062807
106966,43242.942130399875
87419,16018.638358370335
107951,9046.227467456789
89086,1300.6838929142684
81863,48971.68028204243
85352,7891.216860539712
107573,13079.183990718602
85160,7776.787083026761
86447,15225.700139838422
85129,16514.108674056122
81978,24907.805903682034
76538,22414.77277098168
96475,14453.333806451586
81872,25264.870616236378
100975,5846.518443732522
89846,8934.830748275268
76813,28374.735467708604
79861,12488.350824765588
85807,10419.938537663422
100520,14032.159049494108
83614,9859.8289456133
101194,18808.242505880055
78639,30200.90064293338
97237,8425.502819879626
106299,11096.696128240881
88307,9613.304573076464
85314,10049.442607547824
105736,13922.883714505202
80065,11080.382769824757
92131,16837.27627332092
88644,18209.431900769436
76738,13346.127759685513
105697,14648.382818000795
87316,9073.580457747998
98209,13652.323024310472
96229,16940.24902233112
100262,4466.910602213895
100999,7765.5695158473145
107614,10165.493819002522
80838,28984.343733202644
100986,15349.118682971055
78593,25205.570614296452
100441,5163.1315374465585
82682,10685.544926165141
78999,31487.638200167487
93261,13095.40493529436
80075,33594.38026167302
93655,31572.589038678318
100596,15661.878423484397
104232,24974.220745939165
91804,41526.98276842365
77995,16310.749039221317
103787,7151.749530711377
94205,23534.741769218264
85358,8359.079486686562
78658,17772.92978872193
104647,16504.286347663223
76044,22289.112080895942
76998,10698.036300225236
90687,18703.45930036659
88724,22037.207378658622
89881,13837.143315035026
77162,16923.14165332091
105640,14610.61573335697
87663,17544.941880425722
79472,12904.814958626443
105402,9496.614773320178
93024,25704.779507337782
88764,15156.592579460497
102845,14137.178706265624
94779,20805.359960886097
78682,11563.124977817715
95089,46977.908535267736
92437,10384.999414104113
96574,7266.908982561049
80215,10138.164633196659
103217,8668.005586296062
96957,21858.07702053915
77332,15601.48329502941
88904,18060.348266922952
85813,19057.74209241206
90079,17779.515589257167
106345,9948.27854099847
93236,20656.5138508726
77551,25845.315841551805
98682,10465.582897568635
77482,28898.060304384402
106734,22492.348523197557
96167,14805.729822786401
97901,7861.687480900457
88753,18358.276258681133
80085,28041.82195402336
101127,9679.156129209925
89915,8022.086882451178
77818,38410.8496602385
88216,7929.81291405243
88372,13998.333442476283
83811,9215.354131947572
82936,10518.018501283997
89742,6340.942452648466
91673,30324.42256975929
96257,14639.843020488273
87975,14170.429196820562
80305,24055.8908055606
103204,6311.809087405222
87651,11104.919610637016
97692,19239.549307120546
79587,18005.103221551683
78081,20446.331684856694
90382,25096.31161897115
101784,14074.762561109299
86751,9855.853952107698
83746,7342.986333402579
107367,26281.077224197485
102824,10468.702975892054
88861,10939.356676153797
81296,13771.081002841483
93069,22133.392787115237
87324,24570.44762900745
80156,26557.046974375684
101653,17355.954836581335
106220,9557.453000967935
106598,11219.30194861932
100402,10016.691776533513
76609,26308.13294218991
84956,14830.005052618199
95576,28747.14257081319
99581,8280.647079956476
80485,26355.699640865005
77166,29789.168106719888
76018,11102.887270540783
104735,12231.621198460723
93333,14272.562563616217
99795,9455.70470272245
89839,9037.692749524578
82759,12527.089754792538
78936,24250.277044748946
85749,13891.000939208963
103893,5154.669515442782
80488,15654.564797369274
85554,11777.643409076438
90240,14204.928765998586
106288,17703.61610443148
77948,11225.86230870772
102329,9511.58712558909
100162,13282.532980622644
88576,16135.353016347235
94039,16429.407390000062
94453,20723.252939588878
87879,12532.532800169341
82862,16395.695375995932
102535,15387.605465209082
105231,15787.311206546554
101295,10532.16356367399
103639,16910.950609462165
100996,9692.384359573023
90885,6811.6202785002115
98058,6896.502669031815
76405,18897.635081568067
81140,10530.79448065351
106762,2069.025990348397
77805,19197.544182278907
91903,28993.54193853101
103506,7509.063855481422
99841,10877.71852997114
86237,10596.846333201362
76010,25153.222856651868
90547,15999.116566383635
97073,9230.062501234845
96345,20528.19859588832
104803,23084.740581312963
97547,9130.501175145351
80566,29850.59608278806
76686,27056.98300317417
76532,17678.422683252906
95342,17640.301527671112
89227,9175.861433930962
100141,11077.342866785508
78308,21362.790087147372
89064,12644.023465638149
80510,18804.149420056194
88585,12108.073673114766
104610,22327.90474284092
82104,10232.373321098328
82975,10753.232230681862
89065,9606.77621045011
101733,6245.122904413615
96657,15948.357318841798
86410,16205.468646105792
97079,13407.349264832932
99980,8010.658993391743
83405,16709.760085538874
94937,12354.31646261331
88990,10958.721217673243
100897,10055.459997103126
89852,5915.904777397141
79720,18403.712111940047
87573,8114.485210070019
77570,48560.954841067665
101535,5299.319226966961
106853,27926.530679007956
90614,13742.30365574637
99883,22178.884724285883
90053,15129.982460431856
85345,5386.195412400373
107848,12439.003320778958
93445,29669.340280523782
80275,14277.18209726893
78979,17525.647255952634
102516,14317.831401688252
89258,11214.738559009847
107117,23268.127404642077
106721,7779.425110761776
92982,43491.17847762783
83496,7758.081706424037
81803,62926.56363306087
106993,17648.97418540318
103294,15698.907057953098
94098,14218.67812461044
77532,15194.909306453374
89286,10625.407803917424
89501,8172.98541923777
95186,18325.98514629179
92283,31280.168171160236
95290,20977.89695881002
96893,6913.216602565655
100971,10197.597817816375
78080,26538.539767701794
99131,18927.137610278452
108281,5949.378218991257
100144,7242.605467007047
105273,14324.171442658999
87851,13490.541611000457
108128,11671.54969068741
86420,9629.118226894558
88534,7464.214468986783
91836,16509.533276319777
105068,10491.099689731178
89909,16936.13822219322
83912,17540.26103009129
92078,30634.18570925652
97169,8407.583731111854
89505,8222.004377479436
84000,10485.234387553443
95770,23369.44692039163
96966,6988.157091867835
99958,12261.772849097246
93263,34775.57285457368
85201,5516.312549177756
87858,10866.792139530475
76733,13126.124833140088
95475,18362.99043440801
76959,17110.538392501156
88587,6692.951761453564
106240,13898.282839382242
76297,31388.224440005994
96655,13067.868222337192
97329,5976.687449356397
104459,15209.215170106805
86218,10237.04924366638
92652,28380.660708171563
87708,11130.87525215746
89003,10852.915520681228
77758,12275.949414805014
80355,8481.08826751225
102381,9802.184769443087
102034,19618.42838816581
85449,16791.30120711995
108344,11462.367887100238
103231,11547.77644226496
88619,10120.462914305235
91294,15616.568773943129
91671,43463.70165172137
89398,12557.126086740365
97449,12845.672409496812
90985,18381.73510022048
95931,26795.457993985034
91207,16033.83543005966
93227,48217.31444019685
83380,8053.153754038589
88517,4682.398546456578
94074,33502.7245120579
83286,14828.990129490068
78621,22997.447772937358
78559,29747.26631351079
95517,21132.556917682057
90301,8157.497818976895
86982,15939.71462090532
79155,12558.583580297076
87645,12810.911006721863
94734,18652.66672626252
80776,9835.276664775149
80191,22102.372120904085
81665,21414.403061029418
95409,23608.46702264719
107275,10855.414317920535
88752,7212.285233076165
85344,14420.565738912635
96113,12471.232539818422
89564,13888.162697715028
83351,14490.335829068497
77727,19932.554296176742
105427,13168.676928776786
86511,15689.29003880108
96465,12144.452738722795
81345,26786.193702248504
102204,7400.678023869326
91518,48655.07030033161
103030,7930.466452077325
77586,28531.426805529507
81802,21250.013937967364
97913,16805.122019483086
106159,18509.006615745937
101107,17998.310679208666
77988,26264.712991718094
103558,8141.956815629568
107080,10054.954885186518
103080,7990.43576340552
81729,32577.42570716776
76576,13086.857843724725
81302,26504.17496614815
102815,6882.647870972462
76838,120808.73225777264
100835,7001.5227749353435
92600,24813.668102078267
98836,10317.654214207027
107734,13610.10288519342
103146,8273.995316583616
92838,31370.866484148326
107210,16982.867764194474
87193,8669.911268706766
80803,21314.395544717216
99014,33429.88135938173
81317,14680.842324025529
105975,14660.123714878882
91289,12727.105088648936
102427,8711.53647431929
88770,8937.512671935818
93130,16301.801532811769
91428,30433.946368326408
101880,10726.52935971714
96317,14630.153967181519
79846,17953.323582778583
76152,29334.079328683925
98591,9158.490219389752
83409,12738.756225503636
98307,7176.31641478161
81931,52259.821533548864
90083,7172.876480137345
77773,16069.275662279988
103635,10617.688167798211
90621,7279.797437628522
91055,17626.942066342046
82011,12215.735498343569
84194,8924.415628181474
107360,18670.729116296894
89868,14196.156295332557
78774,17222.17716991096
98229,11210.22076950236
78895,14346.83104504893
104821,9879.394521949214
88829,18075.62999051574
103561,10980.491788465304
95077,28014.77787613695
77218,14136.571157375476
96894,8655.340686869476
102467,12739.486596622943
80026,14150.867740176373
81904,30533.868593892184
79212,26504.389168761758
76081,25926.931722190267
102446,11864.97237476668
92123,29658.825915569734
99505,18561.10098033483
90701,32558.64717044756
94131,29616.076369132054
98499,9376.148811800771
87292,13117.125231659462
101982,7576.265294590217
79507,13569.427345973814
80367,18084.41010615151
87303,9351.44415814847
90939,19509.76620692928
105990,22424.097395593457
93538,29481.25931798054
96747,15510.693521887024
96705,12173.239529278071
79540,23937.503761289063
97104,9103.930846238773
83406,17242.524880058303
105299,9998.280269813837
106722,9685.324174321151
105452,14387.510318941218
87290,8545.254363411601
81467,13838.812349414673
105170,24551.83907537301
93330,18283.762996474677
80272,19833.363059483567
107730,17992.722861613653
96010,20130.183012028676
81845,22579.85165840387
80811,12222.984664472833
83571,13603.021334897849
105322,18525.568345492175
77762,18203.667896331623
102039,6785.10398235077
89712,8016.774461454763
89635,15453.36096904607
95445,29714.687079490934
83168,11450.807843744838
97583,12233.966243067513
90719,14370.338877879341
83437,19984.45272549805
95182,24306.572123122227
85203,18162.64656323553
103788,11582.793405467732
82303,16020.188655335924
75983,36235.86630634181
86812,8641.656867260988
81841,30440.48539600464
84828,7126.646535854277
93783,26544.97489488884
107916,23438.92090719042
87430,9443.071088101522
104874,10459.261032722201
93137,21104.068939952955
103047,6238.754171985735
102110,7940.937720412659
91435,18515.01717913219
86558,13088.16600017121
95141,27074.61025982867
101513,7223.3233952760065
98883,7296.049555739739
84488,10599.38824846604
77317,27358.270928537488
76345,27189.81146429182
91779,25818.504900366373
76882,12682.64451029465
90888,9490.59086988184
98663,10464.192088039548
95756,20556.412060385777
92853,24461.005405296604
105681,23978.797113869383
100628,11303.814206852296
93663,15530.112945702098
92183,26454.521683069746
87635,17968.89751975032
104386,29859.104777311753
87388,12494.625474906241
77217,21794.528661692213
96722,17785.973334686194
96916,13498.49463647365
77168,50888.79836114736
78963,13264.546565407476
93780,24688.9856175943
91677,24126.535524905412
98082,8797.610484264409
76229,17184.72418262154
92338,26764.419220537537
84178,14137.109682322294
106784,9989.647898223868
90742,3446.380389233948
96034,18805.0602587456
98064,7383.812222168692
96973,18062.369948086503
102048,9270.406686925877
106484,13576.935173382277
105759,12970.719426967036
93589,30037.98293742683
99057,13330.61903996448
80757,14004.012891866818
89636,7893.903873727699
83495,8335.1773016312
85277,9798.321539204939
91843,36046.72690215678
107118,27280.87458874976
100387,14092.240416901823
81885,27381.81117824599
105369,19035.115900164794
103588,8679.849814357029
89859,19716.446695617356
99533,10736.001118798406
107533,16451.803069815214
103667,7053.948976202795
92303,23194.633442079594
98400,10389.590283811116
107283,10379.810890761
77352,28829.92397718716
83662,16681.81422016155
79661,19664.33510848411
102007,12622.650046632076
97793,13513.914799788188
106968,20046.328659964776
91632,22889.916643534772
79763,34379.54385105151
84785,10011.935258473542
92155,15632.592023756104
76625,27340.378193878463
107370,10457.579738825672
87638,9515.97840372554
96040,7508.040254499303
97299,11637.685417444673
81301,20148.003936932917
83192,17185.18726341675
105291,42545.542198025294
87135,13522.68866785031
75985,34086.998172460764
82125,7717.164821634052
87636,10716.437987241437
78783,31241.022094383134
78662,5980.242893085381
87134,16833.97452764695
89451,6378.15604602186
100098,10668.661323397268
88589,8474.347674589599
85831,15076.19375075037
101724,10016.10754615639
107345,19893.44802680387
88336,13637.506441760504
105588,10432.939140630364
95273,21495.91579037117
101163,8420.09481107628
77479,9036.899451953399
80339,24155.74244981324
86561,10615.959725651619
90365,13638.088854203132
78103,13858.26480796214
98617,10961.721821663095
77621,35576.49383355508
91901,23518.98135470881
93087,19989.654040679143
82739,14494.722006460715
100953,7931.033897125631
80117,20644.433376953133
84174,8642.167556173086
106828,18834.623990112876
90803,17592.270441355147
85910,11059.522160087365
89576,9175.42355048933
106572,19593.79520432616
88570,20362.33846123501
95066,22517.758903073227
101114,7217.320933898153
90936,20936.920909729022
99197,7577.535780511452
106363,8277.918506345308
106495,12227.622591296204
77516,8889.716031616977
88093,3350.03765610361
95483,13840.39211140573
93513,76975.16133368526
102348,6397.20499052975
104779,11371.409203430176
90381,15397.25699428875
90866,22648.379709420373
76005,26386.884817230628
83160,19500.090618326878
105547,13764.822247309266
102598,9651.945172932397
104485,19977.374153603007
88186,6171.53478047795
100958,6680.2636867423935
93967,27889.25519906913
93296,17082.31116071653
102906,12757.142655419317
96380,13677.681564775925
93298,25818.42683275643
84722,15511.72695555408
76718,20122.283312258347
80056,27332.676588471204
78850,19439.202431288493
100715,8690.407958173375
97058,22678.205187647716
85906,13171.682349146464
102477,7866.546821348429
78624,50064.99070179267
104387,18580.582573514384
104252,8892.235325244186
94178,15364.390451553005
106337,20992.0116136428
105385,15100.285102689748
83119,9426.837755132317
76930,15361.162014618649
78083,26366.451662100477
97868,26236.027761736255
81081,8425.11822974726
102325,8257.064442899038
83604,16719.015079696946
107825,5504.934758402442
105577,23537.192722245716
107308,9022.70174662372
103876,16054.55378008955
97378,21043.79729026705
89508,9233.903677352164
86933,11216.834468844667
100033,11037.469919099649
84820,15917.326177394618
88884,11209.570326114032
105458,5685.35897975409
103164,9469.448682362427
101838,6052.411831463123
97811,26285.401613135393
93826,25318.36169757507
86364,6463.87341179042
95317,24172.384527122616
80613,21796.795753743932
78372,30355.086593969856
83283,15796.774872413002
93249,29098.057274720144
104303,29730.66596631827
87973,22854.748501878243
89997,8623.969420119549
103013,7366.409028805651
85570,10282.071039822404
102979,5597.393066166385
78598,9598.352710632742
101402,6376.196941923637
87313,6918.270344804483
95505,19218.994415657624
79319,20008.47139178599
95230,30946.673653956113
91808,20000.922127128088
98678,9363.425572094706
84270,12330.865668042097
84932,9989.802446726553
92433,17308.35989965549
95944,18611.088453655528
101180,13848.860748411818
82624,18975.007856014414
80920,23246.464667102922
99771,9200.472588042823
86425,17674.583533922574
92191,19559.424982923985
85940,10937.967226369907
97391,14958.751313625165
101341,6718.250016484397
76066,20446.54147882147
93226,19536.80036189955
108367,10261.622583564476
83144,8870.585742863148
82764,9208.452914004656
85112,18986.99037049698
97167,13614.656309144062
105808,12231.2268037983
108416,26944.705208159496
94695,39085.45742522027
100332,11891.801674077218
102829,8306.847330061606
83817,6850.712478454694
92304,23603.01565940419
104385,8814.328478841613
77858,25403.265967568757
104454,13498.015961257304
100292,14070.697036790654
88759,16983.409804029136
81746,16320.116597701164
98246,6746.162643756749
96680,9465.87351262903
84163,6782.149852265155
98135,12727.29705002491
75975,28426.187971521864
92064,13530.932795806524
78732,19429.00026740353
99528,15131.417706552258
97651,8164.9946362198425
88195,10796.276933358577
85398,17085.48115981494
105940,9213.763027973355
83822,8274.224704282324
79148,22037.816556967737
101011,12071.491823643144
91642,25818.42683275643
92277,31075.154166565102
78438,15836.847957837666
103126,7308.981168757108
90247,16542.24819097098
105738,15640.07362630182
91585,20402.72497549255
99313,6684.063124224146
78484,11110.379725654182
91221,43656.7309742315
102068,15908.483138787991
103027,14433.16150999115
79594,31847.886365819384
78290,19680.400581367023
83059,12177.365534550638
94542,22035.02740804308
80450,13935.654022060982
86055,13117.95013652569
77128,24090.043087587805
78459,24375.45836483103
106614,8684.464884636287
100580,8324.688344574619
79200,16009.813146014076
90988,15915.022799231665
95354,60281.09794050048
95524,19113.571847929314
89514,23772.26545187331
100494,7872.450552686233
80365,26970.815600845093
100498,6086.72917901028
94820,24253.908773355794
95203,15188.99369471671
84845,13489.158981475159
103726,9080.719949001972
78164,10892.0168284273
85894,8023.570655810813
83974,11198.37912504352
100042,7827.447896551901
82641,16498.42332826126
89331,9878.32772902541
104138,19988.933467135404
84136,16304.870080241088
93037,23924.00835416889
88791,13287.435867610015
102077,10826.053173769516
81882,23454.846515364272
98035,10782.989368239005
108194,23629.361961758077
101297,7778.23255402158
98938,12822.697032551645
98486,9150.85160628373
83293,8897.541026485771
96404,11784.829234571778
90115,15397.399324353246
100205,6689.975327273936
81271,14827.902013792942
99430,10778.31290330156
106622,21889.43875090764
80213,25947.356007980758
106624,18687.059763345416
89907,9017.599997959116
92178,15019.77003801477
94849,33674.43721749244
83585,7836.937872038579
85742,9908.357245693995
98510,10904.985250857364
95629,28698.79050267495
86114,10106.937675812002
104028,23283.10059112543
78862,15981.127509149199
100720,15672.756581861511
97302,6448.161561895205
76761,16237.183090907896
97918,23574.41781633942
95704,12697.930603108392
108116,41688.46109646453
101381,9384.188456904762
95542,17901.351830613363
89609,17191.235744844158
79374,11400.33801963645
97399,12557.244087703144
79350,15154.799837817121
101700,10389.716937841747
76556,18421.796231489225
85945,9341.029016851451
92706,25468.978245167335
98698,11865.604596624431
98683,12050.425252037898
95706,35429.726995786936
91170,32464.584553430537
89870,7146.27046777147
105665,24655.189404479024
76774,17303.645603280358
106996,11739.636058921193
100111,14323.211411799894
85146,10583.97692365989
87623,10178.668662056307
106125,16518.841454065994
81146,17800.06242081872
82472,15071.246405435832
106621,16420.811836409175
92229,17230.285515130166
100574,9430.688896173324
93325,21942.41820990684
88820,11733.47670634186
95448,27241.42582993593
94293,5529.865878942944
83682,17166.262323610255
82826,7537.048929409101
78729,16414.52217545381
82431,9478.077552687942
105701,27086.40020379871
90828,16048.126962770148
88782,17826.25398091618
90765,21733.968629769784
89779,14458.132363409646
93973,30408.024013622977
82915,10749.687607106182
107131,22953.58331117119
78143,31621.968167214112
101557,14803.04153132549
81060,18682.990509994004
88032,17807.089324689194
102913,9634.072644772825
84050,8307.961847145087
97797,12495.22856476191
99183,4893.338050279916
81588,27671.123385555344
89819,20450.718541280363
86947,12751.24793928343
107568,21498.266099727232
92085,16348.62502275737
101729,10280.580154647287
89417,12909.156783225451
89797,7985.054978029796
89349,12005.040160500634
86040,11454.433718497863
85454,10568.865479159163
78374,25347.330943881596
84084,7990.477413321636
88370,11877.676075015575
99555,21563.767553501726
91675,86968.31359435814
87112,10430.639029108987
96235,16427.241130767685
98203,7394.344349622883
77675,9568.339498300142
98775,8026.69778093498
81614,27614.312078487153
102391,11301.415567962476
77097,26335.064316671574
80494,26968.516299331975
91050,24863.247656098487
90412,7755.645885960578
106318,14463.57968340897
88976,19500.188818251718
95898,25749.970485976213
107839,22499.984535072068
83737,9482.324983541936
99929,13963.976881226181
85736,16655.795738101395
100856,10651.402395004912
85708,14526.243794165981
90131,9605.866811011538
94568,17469.237053219156
96466,27146.439899599154
100117,11998.297408276056
87585,6793.0078810073555
79106,12578.318831165956
80237,26088.610691555994
91302,28940.204779276723
83945,15446.80191399704
80650,28704.940299378653
95104,18520.06160049914
96677,6198.368250878466
100682,11559.893372967246
94464,19758.297662508558
89293,14902.052193603457
102107,7096.4860153560785
92219,23584.077518417373
87853,16410.62232552524
95391,19217.48313717222
102232,9152.791766947541
83035,9049.664689574416
80636,12453.446795037502
105398,21991.942056070795
103291,9904.191671041213
78340,16546.748591752606
107130,13628.64445570642
85694,11886.664987428137
89901,7585.907484634044
101501,17904.44729448183
92797,48304.98707631621
90279,10240.423135654646
92115,27660.43414530297
105910,10499.441097923189
105226,15801.701662759395
94797,27136.28799279818
88857,16285.536810930718
91374,19373.248401042823
106841,17890.091966794676
90283,14789.602633510209
95421,20695.830204860795
102374,4214.522508915706
93581,24864.76852055382
77463,37101.241592998165
94949,23482.27413875012
79220,17941.791093425658
82822,21853.830339503063
107897,6803.294770400793
77398,49137.77976734885
99943,14696.3052112592
101334,7100.992564058352
78664,13612.932013800933
98917,24798.027127688263
98320,12175.401542364123
86414,14466.57640650758
106690,13023.533935523215
103656,10863.219360701029
82816,17047.21510242696
92595,18032.715609056027
89058,9271.176890252898
90981,36902.79377586623
84545,32320.357434666028
85121,11232.33644188359
86786,7494.099778268866
104318,9172.66426559801
101816,9728.40086395078
85525,9201.151188489057
79169,20113.849353248002
90473,7576.988228990282
76459,36197.66963578327
91881,19415.05904559015
76343,14994.110949428863
99475,3974.958868048359
76756,20061.311044725393
105158,8710.417246834862
82355,28281.19411911344
102382,10928.316298705613
102739,10689.348230903239
95595,32385.555079384892
92655,20986.650451611316
93230,20226.821621449973
92502,29373.129733025457
78020,11913.682212933632
76077,17899.22891909658
107845,7105.504667279353
94272,68839.12588745728
89239,17655.633139127
81657,25076.574492727505
79605,19701.97530839586
92466,23897.49616726195
89062,23245.004279218585
91866,20638.44866431119
87629,7951.062504294835
94495,20113.89524896174
108301,8978.777871741744
97893,15472.586831686107
88636,12946.689798704438
76642,15338.309123610366
97723,8748.435906930681
99689,10841.865384654036
98669,8494.723509975078
107547,24725.44008016668
107324,20741.54315947256
96837,6768.403370522339
87607,6646.961015500145
77412,29084.746514592178
87012,11815.446012580987
106509,27853.193596294797
96290,14487.766405547722
98997,16995.56671032723
80784,13775.066080934972
79231,17098.427088785425
99071,10810.392683565704
95343,56975.8567804336
106067,20545.96745908403
99385,24595.930554849656
108247,23443.558103126164
92030,42912.21155669793
106907,17803.04826097858
83305,10481.00089420379
77537,11033.970108414678
94191,29994.46804497487
106218,9577.673089576714
90895,18694.446810706453
87733,14696.21382014831
85938,12614.02253990936
92778,18570.340954725194
104351,23058.35048183429
98023,30497.979053590716
100496,9928.560970200058
99703,21052.493458369554
97963,6121.329131841764
107514,16634.936911618395
90147,15615.121373773596
78976,19190.670758121934
87951,17342.336641433263
87689,16994.285306202066
95720,31468.221470822762
81362,13894.083861884134
88028,8918.830954276427
101241,13331.80119716461
77282,19769.21271446135
87318,12216.829878585702
95832,15423.344940516616
93146,17331.313661316464
105053,28984.896598143037
106782,21048.19149164985
95641,25739.785771304396
101467,10283.486398577475
78487,18952.30297020957
97221,9941.959162526717
88550,13156.179403328228
102969,10837.84774139817
91727,30292.755090813447
102790,10541.024999387619
90218,10033.821171314657
95243,54651.32635512453
101112,8276.213028563761
85231,10229.493171080943
108368,14261.716829779212
84764,6302.971724100278
104560,22427.438295995486
88854,9650.045973108348
96342,27590.75393801102
97363,10682.426160043131
87222,10032.332175646889
85750,13383.23900668056
99457,10010.804086562182
105834,9047.77150387604
81230,14807.707069891418
89905,6838.350448056684
99107,11667.405858136732
97725,27366.30894270568
103383,8266.869055180576
101881,9206.7994707468
79274,36467.17688142193
106126,16836.157841857115
88014,7686.857696103016
81379,22992.7897378775
76685,12004.069325768402
81756,32268.6809655336
80382,21628.609627437676
87661,9635.160685091245
103160,14669.457204564269
81893,29504.817409316376
103538,12529.230058786517
101780,8592.769571159295
81384,18234.27547286164
106350,27366.46570364124
92907,18398.38932811366
99538,13865.031213261753
79214,18472.41062656448
101909,10111.719637509033
107864,17757.496909510028
100524,10411.311700528258
84466,11673.907367223417
105389,22329.40998217169
95621,16509.263450516304
85294,5948.759673388607
101831,12735.929206359597
104539,18194.705635018512
97418,19502.84243113782
84417,11497.41223145712
87082,8013.792937464145
90484,21236.793640351887
94455,25222.08873850359
88204,12821.955616587195
102964,10363.82436124906
83265,11369.60760384688
79644,27886.444264015863
103662,11600.955144835501
98160,18371.32721234511
86602,19302.488132673163
96773,18189.4903143937
106258,20661.41102437398
93161,26113.434637835733
84913,7148.123245529196
93566,27358.6704937386
99048,8870.567523337993
105009,20164.94750258816
78907,12661.697982932981
86767,14927.09243392166
91280,36409.164539421356
80284,9503.784094725448
90664,13763.394574892558
82570,12350.377029152374
97344,6542.064344243507
107585,18867.995494944073
88462,11463.88911652231
97190,9106.870592888423
105578,8559.341340944877
100275,10043.749454714161
101818,4176.568519955632
96900,13714.74238212832
107149,20532.340493098374
92413,31526.902579798967
79385,33675.4601021427
86389,10522.877346827621
95212,21802.340160534866
76373,21243.033401763674
78959,27577.302497846405
88737,6101.566661486016
92016,40405.73559156882
86224,23634.911413349433
82578,9991.682829952017
97155,9215.553189250835
107701,14879.656347393457
100516,6828.536549479596
100278,14949.193477999488
88637,15846.1622305903
82527,11247.480072578657
84753,7653.262670936138
103714,10940.08667272568
100322,11354.915825701788
86770,11270.498325077913
81754,33259.01415498323
88214,10444.015083263777
104113,14385.618593328618
104421,11508.93601464536
97736,8798.692383486961
103535,6666.269391408049
83206,17503.268863797683
106330,9526.616876729582
102339,13663.80531312695
87709,11690.160312361248
76492,21894.69826164257
77728,19377.548963180412
80481,19235.45414271254
103158,7958.019779074114
88892,12206.306553862967
100388,10832.489822213538
92082,30765.123314112094
81236,27048.59637594765
77042,11932.544662315302
91157,27662.22710115682
84392,16694.18100419976
93436,27227.17519654482
106487,24907.17616713691
76638,12105.856700588227
100756,13325.746734041271
89769,7229.490314916929
107047,26235.336654353512
107482,11306.102205422823
77672,48539.12553741998
88137,8748.339017318844
94234,47916.68015800094
100690,9627.77681677799
104730,16022.697629739743
80889,46006.239153186594
83038,7665.333509070288
78952,12488.123628621295
108324,22182.5531300995
89723,15576.724952604305
84963,8363.409425663078
82834,16874.687032990765
84141,12665.712927094484
94870,34460.81408906127
97980,19735.59004411298
84101,11355.08433207668
103187,9956.741295475866
89617,12494.715702605848
107178,9302.334914384975
92448,30144.926961710826
105739,13202.253235581904
94934,16786.747228582593
106422,8558.032993228486
84357,7577.391598624596
81219,17351.43490275245
96165,10316.505492973407
89437,7806.911467302067
107434,24655.475411371288
104751,14027.39366848694
79869,47500.30802429473
108255,20176.803213454245
93706,17222.14268408017
77694,25576.676367363227
106112,34713.927639882604
79750,23492.591442162204
92715,27274.550231634963
91183,21215.50605014824
104425,15901.849761529425
91695,20425.388674201226
107783,21899.128735360686
80023,33389.666224973254
106551,11210.139026739776
88253,26893.824863520585
89867,14386.697027120197
83678,16164.200450269953
105660,17707.727033978732
88202,10611.964032389309
95119,24639.690487251955
108260,13247.523383403272
83078,8078.763441983262
82345,19587.849060846926
83217,9754.785486859835
87850,12508.545966743417
81035,47510.43436962305
79575,30470.161211446215
91737,16529.42263290957
87829,16184.40172665768
83729,10472.539304233906
85611,15571.16120358408
98402,7561.67536195307
92385,12082.282732699796
86408,11612.554395547344
86059,19185.410146547198
95741,45551.08541988911
86739,8995.24905063619
78929,24051.44424701853
83842,6432.11699084229
87907,11658.155398167004
88079,16198.514385343848
85643,11201.229014455048
81382,18835.779001418297
83493,8799.727740339746
93460,36800.20971149506
80412,31243.29356290505
88171,9773.74239118429
99783,10567.185075040923
102777,9402.168575253394
80663,33466.496982659104
77531,11386.133332306952
86865,18984.52070836523
78461,22377.879073934848
107352,24431.3643980652
94120,10936.116079301584
79496,20962.03312401303
80515,36586.56327693543
91344,41941.6207427528
79373,34395.71455006332
96220,10359.232477322612
93246,55531.55559115452
106908,10029.082148432655
78245,39610.91028488517
94731,15874.860177822931
90402,7364.553838225562
76206,50655.03365758384
98559,9328.342895239719
88796,13124.530251791075
85816,17835.835618658508
92649,31473.24558737994
101935,11553.768439093828
105463,20734.03899425473
87365,8688.62314970102
95227,29443.610536545235
93234,14949.463562397717
85937,18860.46944602931
101266,12258.393195427501
99571,10188.617999310283
85700,6288.137682990928
107102,11004.074641412011
89204,8649.393506480843
107013,9223.46074458739
89174,13499.379128029022
105413,15130.668110563
97676,6808.335883949761
97236,5963.75586907175
103159,16141.767277648754
86515,14550.189699201645
95748,19735.412301540542
103941,16468.31079691485
86393,10874.733739919628
100154,7536.2302266162715
96775,15114.029932623149
85975,16974.31405472486
80620,18042.96421658362
91545,22592.595275933607
90512,9121.47853139131
98423,13107.492295564221
98191,13478.514640958392
92713,54299.12429018895
106242,18490.61087571525
96941,8433.46521764127
91711,16205.855983122765
93194,19728.230926450404
84431,16821.389741001985
106092,10391.39974370162
77699,6795.409552185747
107042,21390.473895109906
94581,110743.28020024496
94719,26419.864368154325
103203,9896.296038159708
90527,14440.546485572246
105553,9894.609851268262
86257,14611.800636277978
108539,8234.747472909936
80580,16181.049075818122
100564,7401.888536542016
107330,14637.568591051471
91726,16566.379682491322
102084,12434.756403618947
87088,12023.878841818145
106757,31497.503420050743
77040,13192.354106492166
83253,12800.297792039733
87231,5265.435135561342
86913,6913.382474389314
100372,6305.636345599804
104194,24636.67431718194
91979,12027.775625780845
82139,16344.491509554755
82434,9221.968390148355
95418,20749.60759016849
76862,30347.05426112976
76939,12353.859695461382
86454,18254.771890290387
98632,24538.368211350677
77936,27025.36158043173
85823,10049.442607547824
88035,13000.315529243206
90469,5389.91576975731
77882,28968.193964892216
91663,19857.991821236214
84326,20785.84899801244
107834,13628.811515103413
102220,12379.76317007136
105246,9629.230006571213
107828,24122.043557045512
78808,9128.342936140962
87428,20627.09806313718
83186,11222.50054818041
83578,12655.985191366124
76948,17288.15175301092
78241,13995.997288704113
79743,37506.900142356775
105523,6458.040804590395
90957,14192.825633941316
100382,10017.703010837025
76105,13979.542253033602
86104,6129.088850000289
101922,12348.451691123333
76554,18464.222129876573
106985,21572.721966255223
85689,12999.327620670401
85008,16284.913972459055
91965,18045.311485707043
76366,33538.33438611356
86191,14744.71761287655
99663,6738.849255232375
96285,9721.766969894006
104099,19121.43448561225
99056,9511.617473242979
84374,9227.528348568849
106354,23936.602686065005
93698,47054.5082125093
96634,9017.249949267532
84156,8311.080843042184
108084,22491.686027823078
87399,13748.86429563933
105466,24746.98483174395
80586,24961.56498291851
92580,8755.373344678783
101845,4951.882584279381
84566,10393.950347418555
90141,6387.205360694942
108378,10425.280456397395
98277,3448.2316015079564
95092,43897.28246753317
104064,25171.338108404885
107637,9628.451749617874
97365,14801.98749603021
96955,13515.007638977771
95760,16969.884487957435
95872,24538.7616478777
96240,15664.245020738794
88163,17729.160045061366
100611,15143.163787285226
78881,22786.066919130124
101061,10568.339373401286
107426,12174.76124796366
84044,12066.325861406905
104552,6444.011998597015
94780,11382.98694221337
91863,58364.76290608873
100864,8746.769639079348
81237,18661.31300980028
82136,13923.906182819026
95905,13728.944165709227
106384,3732.5851244047553
104293,20140.093016807477
81454,22322.27408107905
107302,21816.441890179023
104291,24547.510338187203
82868,14486.703837486857
97858,13363.959778882787
105855,18409.702126392564
93166,18515.376301796423
94741,28935.568058796085
90290,14231.52517515943
89573,8285.575025901502
78623,11957.90683514532
98815,10778.76676932373
108391,9228.146462227265
84762,10389.902777711848
91318,18805.593254070005
79163,18365.788430621065
95977,16588.4218606668
85867,10950.791126091523
88322,10241.30282103109
79623,24442.34961846682
98269,9031.322223298992
99650,8540.718160642456
107902,9734.28590146218
105941,10910.030712071466
81949,14250.322318352772
79343,27516.389277311497
107578,21350.60052411772
99489,7285.908483942281
85577,20693.330000201888
96815,9994.883362830113
101625,15621.28829242454
77737,13415.607372191424
104092,29788.618909534292
100181,11736.874196413075
104928,6546.644046675104
98913,6865.846565668256
91602,38840.980793926
83876,19195.32712883099
89307,8814.002586977529
94093,25888.111890333344
90665,7162.631514758849
89424,15221.594101688797
89966,15902.5370210243
87512,15772.537609196943
93925,17104.93654962172
92819,43331.48188649967
93100,29984.9011145282
84387,11632.92030060699
102337,10975.69978552805
96351,6710.294758524595
84790,9988.738715738538
82257,9501.435777760202
99957,16531.974393199973
88917,14757.256866929554
95068,32460.081147991034
84509,16681.366785522514
91624,32189.20549321618
97851,12920.341404063334
88699,14498.870887809686
100216,9200.773276925383
103752,13033.370365741266
86444,15762.847360607426
96692,13484.135736333741
99855,9943.984689926458
80299,33396.33932133941
106960,6519.771291106395
97471,19381.909935537213
84560,7422.886297749312
102670,11041.35078494115
89279,10033.631551384084
101965,14478.750053995209
97569,11803.179026681159
79614,24246.036835267667
91772,28995.4781117691
85007,12326.46127125037
106561,17891.898841546114
75994,21799.0215792803
79691,34862.96751062109
89364,17507.57590404097
78875,14986.12745823677
107066,28783.31110565381
81507,25350.193137795264
95249,20487.95266074326
87015,9124.46017266309
91324,16784.985006716055
76752,6839.252728086633
102171,12529.23350707093
101910,14294.687083227833
103619,14933.167532462012
100128,9094.088807630318
79404,25665.049923365783
93180,29142.40637845268
98208,16004.564389920455
79595,21517.466157558756
80232,28992.786424374997
80698,26446.15984220728
77442,11107.675098281343
89295,10455.482823580289
107982,8163.745728221507
104260,9061.270392889599
107081,7146.643963880054
84397,17636.546748108332
76341,13125.482832956695
105837,20585.581658989893
87758,17352.628805051503
89085,9946.347893382763
85464,6088.360076085949
108404,9978.065069918606
87357,8583.415298426038
96567,10575.796093217125
106723,5917.324524466538
102198,7299.226584739341
97673,9040.211346504828
94078,19892.352526008053
107507,10055.663000754239
97681,6182.946766843412
80033,7730.3938444533
86656,16431.306482415173
77797,19299.700192769607
107699,18749.385516404247
86945,10988.460343275
105222,4220.944457612918
104904,12312.567452887866
79731,12079.852932409583
79205,32766.417043746176
94275,41787.12487179661
83219,11980.17364082835
93926,29404.808284242386
77804,16991.91733076557
84512,16499.677938085235
77215,12098.45258336205
95226,29193.786739015675
102992,5690.75155895181
98108,12527.373835417182
80629,13207.429730825217
98788,14489.129866708017
84971,9139.825439445916
97484,12573.594370584637
87887,10325.73341728459
104294,33481.707748822846
84316,9029.397757732097
105685,23851.4564183736
84866,3904.8679015613757
108412,24692.219040758147
83463,16184.50376761574
105005,17277.585570706586
94134,18176.689542368313
87832,9821.583349061382
106089,7505.479916575787
90745,7168.0078337709665
93579,10671.072480654597
77750,31662.575173254278
101618,6003.334547480251
101148,11038.335259092313
91084,17232.020191339692
87106,16486.112435706145
89045,8543.14446748328
100365,11759.878687015902
107100,19111.105618052767
89836,15853.954732300228
90463,10722.379591329885
95908,30523.692843979643
105700,7564.923381004595
93105,24007.4871974269
83244,18514.291278980985
97603,14829.664514420941
93616,25037.502640433377
94245,23799.88364680929
90752,14428.925832236384
99594,13525.9598949868
93068,36019.72895098301
88443,11309.628572895554
92592,22336.450698095196
99796,15744.441933945693
101588,6722.49337307421
89633,9489.18031453579
99577,16236.781326925673
97165,4699.3903974482055
95686,13945.39608628439
79266,27931.372276952487
76351,23885.432791912386
87457,8213.66646532608
90220,12494.715702605848
87855,8023.241941767396
79818,18912.73145219796
91024,25231.836048317273
97908,12153.237196741826
101556,9804.32462362005
89750,8001.097052986378
107781,19828.372152321237
94151,11259.384677447655
103214,9788.318011156147
89012,5510.889444158088
80997,22982.698147623083
90002,15756.060214046927
88243,13799.600548571761
77631,20281.411027032445
76185,37594.491620718734
102767,14843.354319064258
96776,27047.76471101906
107630,10113.13650208519
97550,10552.435394349695
91871,18576.666270409492
84499,14420.085368755857
94523,26092.41764119336
95467,23332.085131493986
91735,16327.52467563446
89874,14044.717055363688
90168,7574.417071207199
76765,13527.645216481787
92590,26346.114424843152
100529,5592.539449612224
99330,6071.294731079144
92566,25335.880893052934
85303,19116.21557774443
108401,11483.793979079906
107621,8889.665037725512
80471,19226.971495419264
85478,11250.278276351366
78386,21295.761713879798
105016,19406.088830721004
76807,18522.322734989026
85036,4693.248030517536
85428,10415.996168540458
85783,9845.331379475781
88510,12741.739161214638
89262,20686.261316473392
89136,10635.117685874022
77193,45177.1141671175
88928,7245.329316133887
85930,15458.582105999712
93387,25078.5774791358
87348,11296.11875223345
106766,10465.014874211724
94358,16187.472648375177
81582,12633.357976422261
87880,8443.97380348635
80554,29961.25550683928
103295,10668.661323397268
86265,6983.897934412206
85650,5541.992450503402
78496,9203.431603694122
90155,6356.615474852503
108366,18557.402738838304
95435,14613.864114166827
83433,16529.378240882692
97917,12173.030044897681
80755,17357.68231295429
106070,8843.11122978061
80354,17360.55320988506
98453,8667.793192703815
100106,12215.9837732573
90408,24958.466195520534
83615,22200.89425034439
82425,16027.41633384514
101993,10534.437508024159
94522,24170.668788919804
84782,6989.742788928354
108223,13224.556615017946
96160,9053.651636520442
98432,12053.708291597923
105363,10119.03042854093
100535,5524.455029515998
86591,6633.51731495927
104667,19298.24286834915
90913,18386.61389586607
88935,13043.225951381353
104570,12039.268432919991
83610,13056.698944209287
92006,7756.530877792338
86169,18668.48142943555
82827,6958.209643257639
86592,11215.89778904109
87212,10361.262236072274
97120,13415.43402161026
77359,16417.76573529145
104752,18333.413032117493
97296,5638.266664274263
76528,19175.938695668043
94678,15956.564149937536
92677,16312.524760011556
79068,16927.72547820322
79258,14106.686896588499
85903,18497.62273209703
85139,15453.014211365005
93427,17467.680337945865
83820,8139.937247706197
77286,23496.220238052778
99210,7077.180717872644
87068,11646.263895319576
83423,6995.562453154206
104277,13381.130272153696
90679,14575.07158053866
87218,15956.968721871555
85604,8672.584482565991
81045,26768.402521617063
99525,10771.62405866452
102332,10135.517478283224
81248,19323.024709833815
94626,37972.93556439676
102031,5770.56338857213
99240,20704.63670980731
104198,7685.140761580925
103296,2843.6544372629187
105530,20640.052997539264
77830,14090.314863746771
107707,46853.072342873864
99875,51277.462033741984
107727,10091.265026725543
86279,10598.400546509227
78738,19715.133180845216
77514,18416.56216551027
83235,9540.13785435009
96964,6251.586794399936
95157,27177.202636622496
84407,8520.54435028804
107930,14408.411442057844
100103,15933.261747653196
97895,13440.803006221115
96823,26716.88246150168
85448,7803.7533522688445
99246,14385.33178848553
100586,16987.204695968052
84536,8670.787035022331
79744,13567.772703811272
89433,7140.423702378923
93466,15033.664160491986
80628,30694.749207526875
105144,29646.82602555356
87407,15486.475355255934
106295,25302.183497694677
84239,19368.798592642037
89362,10967.144686806738
85099,10739.723886963888
88071,4660.368347305108
87696,10664.344230336246
102512,9253.371338966022
95911,27855.28585296212
85069,4811.058883351769
77710,26342.433508487717
106234,18373.908767982524
96338,8253.641263971893
76534,32642.604451817417
91330,14441.364068015446
99229,11605.377687043234
79318,13821.229772293033
87465,16353.66297725087
85327,19083.268345886805
85601,17958.778641794906
84287,19710.024544306212
99523,10967.49862919981
85692,10654.64822204231
101573,6994.305858119209
97295,8849.61413223598
106567,8845.17940470639
76031,8434.28207718913
96219,19636.28550024284
103153,9494.887335945234
91126,32505.043274292908
106188,21552.882941405052
79174,15358.47251208838
102013,9065.41637675061
104603,13067.359170960635
94006,25437.66106578608
108326,12136.212069226938
78483,27013.706973005665
85801,14427.806116506845
93295,21821.612636818045
107744,15141.600040773927
100171,5067.936851215664
106558,7564.486292510965
100806,10678.401938796704
87732,15374.476564028406
96227,26166.46100393684
92111,20517.32855315841
86147,10775.408268580695
89519,15515.633619010498
95271,23953.73293748193
95264,28850.44717382717
102294,15621.28829242454
81966,15044.017867662236
103012,15288.108331297906
106989,10139.65313805277
96772,15914.219402599076
102972,9923.648615949434
96306,31350.952737424614
108418,27377.32597143106
78045,13564.036358421617
88095,22576.18873207328
107561,21011.24241325851
81795,8529.624533776312
106736,20449.68054920596
89308,24670.294360256237
92852,26993.126134813352
79486,13634.28305661835
102942,8716.189692748514
104342,14287.579403516549
92242,37934.742737788685
107000,13962.869512025496
101869,11502.459904619573
103744,9937.458401877593
92316,20694.70613014038
100386,10278.054695521416
93123,54682.58730099499
79755,62027.05649782156
103598,13209.974985624916
85309,15639.323693388358
99062,5942.123910528545
106747,25149.589693633807
86675,16055.54376571961
78833,12725.593875709823
77194,17042.45871776429
100977,10333.240135807671
80837,24313.957161341103
89253,19070.094280990357
99368,15254.047018006928
82058,8602.194984408154
88519,14358.772394272768
91242,26252.363540149174
80897,27082.88313319117
80505,10149.717761348766
77645,29963.53448619121
100818,12813.613461829635
101021,8992.510628618002
80028,34556.022436691004
105669,14705.110226826031
105092,4914.038195942378
85973,11195.358536193022
101110,17377.650903486123
87926,19367.828644788584
102411,19490.22191682851
86210,11515.893086104954
106999,10098.089031884652
86228,10610.454717841478
89278,13090.64978230295
85460,17414.43170635249
100527,4799.691917293607
88852,11871.408983755286
105762,16984.307398545145
100149,12369.17633392441
80290,21596.32518436819
85953,7814.444035300558
81492,17108.622403509333
76831,18737.748020175015
106123,18549.47229200044
81945,31963.114776842274
96796,30125.611246947363
83848,17038.658296144626
76568,20663.252777248712
84777,5300.569021193593
85159,11777.988408407684
86943,12170.78321926298
85719,13417.103188547446
90325,3975.4425679204987
102061,9248.535210953298
77924,22237.021765405563
85093,10859.643537342346
101892,15286.797639357908
100848,11477.848652987042
98725,23506.238902174904
83883,7418.59340271525
90754,8106.297527165829
83803,6452.940282974018
78486,15101.626025434789
82705,10306.362699553554
81532,55225.16402786922
108285,25391.51326387227
83833,11011.572439346266
98263,21788.671745086325
87000,13395.573097318138
80673,23700.771670774906
78206,26519.03683937325
105718,8282.344164664824
93533,33526.77432292843
92133,30308.0611432036
91065,27117.535203006137
87899,19060.052215659325
98017,21059.256537635156
99570,8800.905667357612
85188,18519.416528958463
101319,7348.750706258092
100142,11563.469528162226
100019,8709.729290177489
96598,11793.584354703293
81397,25534.33096238564
89238,21241.18112772546
95758,18578.52220859018
91540,15657.241709125978
88474,8818.638684743404
83465,8883.29650061103
103092,11471.910891271033
84968,14449.911283413247
77523,22552.80489072202
93366,34970.15494044458
90815,11422.988109985767
86902,9698.400533718046
98479,6575.337858395525
81068,39341.93900912181
93005,12456.768755297477
79216,21863.445214439682
87027,11886.299193710462
97332,15487.882206098462
76700,28309.13474287878
92098,22359.605019060993
90564,14690.659676273497
85106,18033.161914404325
107907,20887.997415157053
84142,6768.039514367319
76304,27964.192828327094
83000,10199.780281026977
89782,14757.288716432504
76184,3774.9553781674795
107539,10251.267631748322
78236,32011.79955389097
82316,21758.208266872072
106526,10210.767765087736
94138,22458.129864642015
87340,15100.369990449946
79516,20065.90773022592
77411,25210.269752718366
86680,10023.184546206434
95225,16566.820099126217
92224,30693.02817056638
94791,19175.58871302384
102989,10381.606324789353
80765,19050.48800962778
85393,21117.19196793286
104860,19041.07969335609
102484,13227.325294569695
103672,10539.44600940297
82448,13873.130040779555
85479,6890.733107001344
94775,30574.86657526745
98729,20882.842729882334
76893,17032.402192704154
88144,11014.186749668557
92369,11971.86232813957
80841,23552.764427944057
76791,17711.71530645317
91845,15051.912513921854
86949,9743.959959267235
103913,20167.47152328056
85869,10619.544951396389
76426,14723.324428380201
85214,20615.026157573928
95332,20825.750049858674
85821,10599.708152286612
79430,21486.137024534364
104573,10010.070803050883
105788,15430.308047882432
104867,13882.20935349278
106367,26431.243289416467
108241,14644.038522532654
76913,45009.00923063496
78712,35495.48716837878
87769,9992.933556609503
80169,18697.524026615385
102028,8226.970493953488
102001,11087.138458801846
107798,40799.74130027128
80044,49976.893647294026
93757,16182.195750838395
104233,19465.032326391112
84195,7685.220424438891
84096,7832.572575967825
82336,18056.97625808976
90423,19181.516419091873
81769,17139.80945924032
79650,15090.921863546335
84837,18923.6349136969
106303,10254.714901276291
98551,26299.70781021398
100452,10668.661323397268
81161,24905.85401900952
101116,8889.80350481748
93465,17166.991399066992
92749,43712.99193503927
86281,17974.815672277993
95586,11991.398436968162
78235,27416.70459212857
102754,9522.295785445704
100017,9042.838350117012
102637,14440.475497588539
98192,13012.089519927962
96683,15983.718371431309
103968,10174.501195702727
89159,20949.634388101647
77752,17929.778413245098
78526,22098.869919964603
108387,21926.624942233248
78659,24015.11241802474
77013,17980.458618915618
106480,15893.884954415831
93920,25321.260041549078
92912,20150.088828546588
79044,26908.65886981984
96831,4991.020314875336
83502,9610.734389952944
99420,3491.550700959168
93785,12092.547300102357
83739,18756.291494664132
87018,20947.470481864922
93773,29844.057905008103
101674,8628.819198173185
91655,23244.965545023482
104412,4794.079736061179
91636,25117.92981878617
91101,15401.423608856947
102437,11908.352622699611
96958,13631.101452425954
83934,10392.11071356333
83372,18867.15694706686
107296,12450.529856808102
104909,19834.136122967255
103886,9637.216863734879
98858,9756.893295341988
86276,11264.625904628192
98148,12668.995946904344
107294,22427.99274239905
81812,40090.377123005375
77997,18996.579779856103
104626,9894.121310102782
102424,10661.267789800924
84992,16112.386281949492
86867,4364.228928920824
93370,21806.235908838902
90804,17895.02620242603
76001,12148.28132362231
85691,11331.476868134789
76328,48388.43760677695
79143,12006.157479961566
91356,10700.779414255796
93553,16102.475622181568
93673,20959.978895366192
108239,9863.407207848999
99923,11865.375211828139
81616,35612.7683861672
94433,25536.33860099564
99985,15257.97780355987
79648,33596.01124510404
91423,45905.52471871083
96581,13024.812880682543
93321,55899.30267469432
89736,14084.13541820849
82722,6173.034842994457
76093,33452.050523258724
82767,8746.802550505936
101615,15908.483138787991
96585,9791.532356480626
81552,16024.548267588412
89656,15629.693760373686
76301,14570.796306717912
80683,49315.531566898615
95638,16390.933516463538
78343,18710.969412182374
81495,27501.034445737798
78517,12705.805747226204
91764,14706.2409867058
87050,21817.80970024419
102877,14545.611561161619
86844,11001.827063755416
94535,14675.948975338328
80871,11462.108404088433
81126,10161.242320321753
77182,18076.527432712606
89335,16789.587106359795
99612,9952.650467760173
89041,10056.664924255181
104165,17480.295194071376
79096,19962.472573641957
76051,20642.88744459249
99599,14994.382118360221
107763,14791.078501684611
106646,16007.653517966299
88985,13997.470742483747
107109,25946.692381958543
85110,17041.73106908237
96907,10053.178078361469
106806,13585.004328218296
105409,9900.472852809617
105449,16409.57941240866
104042,24024.663815712356
101299,11920.173044860227
102434,16299.980647243698
96363,11837.553370513444
93918,4053.8967888143216
80842,53042.86599476436
91578,19557.312786009563
90458,25637.329158881832
82186,28675.674290634674
99767,8073.945316108702
96898,30588.019284250542
77755,20948.882223740242
82958,13123.674396549117
89248,6653.378343879406
93452,7426.33732546749
81517,11163.366585733214
77919,30705.96522720457
97110,14615.056772013117
107317,9232.322940365539
106102,8794.877872909257
93034,22712.902605106938
103446,10884.317911347598
82762,26369.421859019174
77365,19574.180239135654
86634,15227.302194874796
93109,24851.985437860465
96094,5115.443316648902
108191,12626.899229713226
82667,9708.10861843829
87953,12050.73662775306
79188,36429.27136244358
84962,10999.660253697306
88377,11559.798011575727
85942,12877.602939692859
88278,13638.273317223964
77743,17412.6952066382
98341,10289.107158335619
101197,5551.807397795694
102838,13291.353141887548
86885,6903.117558999892
87648,14050.708850063558
78995,18552.39016368293
81374,21754.43240131152
83829,11023.463092416521
86073,14704.535210427239
82848,10456.374872223067
101727,15387.605465209082
89929,9887.804865137752
108534,11588.923831555965
80592,26914.678904106295
96292,13322.53641264791
102569,10654.394960107957
84692,17499.546160260128
84531,8296.69837333309
100173,7920.242588733142
90263,13602.310590676008
88489,11538.062975836821
83941,19919.099761879756
96621,11758.52334820883
88427,12227.165894276555
86625,9097.63980292712
82798,14467.514800937599
86084,2363.892510186839
93058,28116.996683964815
98527,9569.980661109794
99786,12194.817766149105
84132,10305.225443720217
101160,11601.2208879399
80396,35503.91764209112
88132,18215.87134616281
82835,16890.00786399106
82959,12113.360478182116
97225,17925.964647528584
85463,15957.359503059195
96733,9891.796366784509
91820,9811.10546008214
105870,25007.58267954474
83255,15382.4749727195
78899,19299.619278062488
99812,11928.734789896473
85798,11698.84598686582
85452,11700.019613378234
84706,18728.386527047474
104289,20829.973833142936
94785,14188.056988954222
96707,9952.532732248494
92847,25124.944217500422
96054,12448.137252104963
77986,56907.28520232737
103435,7747.873161271347
97008,12158.12642595581
81650,30798.09526392167
76920,21913.442928808767
100479,13606.004597864392
78120,11398.058261344457
84761,5029.616048091758
95062,28633.618555514055
83102,10203.974489780714
103872,7939.54289607345
103816,7331.594324045943
85672,8591.855014374749
102125,12656.498576841956
86928,20094.514810922366
82814,14865.605710161772
93167,25818.42683275643
97674,9084.39659683813
107400,29106.772512793952
92669,15180.716422013858
78046,25330.746029213926
85703,14344.377353720365
104265,16785.386481194342
107786,12203.349783243946
83707,17550.325796853253
76858,22827.84218638392
94147,26374.56361002595
87307,17444.099358599076
90594,24134.25983239849
91305,29993.55119435309
83302,9786.663953541485
86173,16802.56480308329
95811,20394.388329277066
79868,16188.683036577948
105265,13463.457874266764
107009,9961.76487410447
107281,18075.52872671702
98848,11923.725216697601
84222,11662.69272525359
98808,21950.284026883706
94002,35297.0189367534
83985,17183.496220403056
107772,17804.590140372577
86564,11834.2905639237
105241,16238.683069940074
101060,7391.4877798792895
104362,23949.869357819287
77441,12206.307820547368
92827,29264.005192720113
86523,16261.73627910134
78695,32929.1374756423
81392,20756.189822775505
104823,24008.760186503478
93521,28958.45224631233
107098,17201.912407333693
106011,24254.05543111971
97032,5703.515685619442
88646,9452.361824546266
82014,30281.47932831613
88034,12768.195350352757
90561,15248.90366018614
107888,12120.655425865987
106249,13240.492975655941
94608,23185.457343149825
78134,18377.054483150292
92898,35519.89934113456
97031,9754.587644216648
85220,14297.473551690058
104973,20104.264661086498
104081,9989.652546793763
89865,6047.411183383713
91706,9116.735600027665
86089,15267.688439956162
98736,14452.166092638074
83238,9906.11034542288
104237,30645.789377487974
106990,8987.842230259497
93432,29389.23137007749
85280,16659.92874248276
79909,15658.234333514652
87698,12363.892831733221
106059,21550.045308555265
91016,16999.594824135995
80180,21594.37641096742
90006,11623.723898550314
78122,22955.355632504263
99672,7341.231308773133
102297,10650.828568389496
76047,11312.186004420722
106296,14896.807342119446
79989,27264.74879820068
100843,9094.306583777887
89014,18850.89048181065
90568,19287.004859614204
79905,19146.17605994864
90643,14673.352941408879
100729,9217.677385492785
97084,9835.736557695676
100984,12122.678522559014
91475,23324.930728498
105531,15038.797585296308
78482,12328.5242109676
83254,17457.89830679586
85217,8211.33632497256
102974,12453.370261869693
80040,23944.48613983843
96077,13739.067247529734
89073,9776.485862013258
79118,23159.072216673205
107565,10687.717752378365
93486,20345.550537893883
84670,18456.460124903348
81104,14974.10236346954
97867,17378.439423072454
92897,14926.20235184755
96592,15372.463667162332
97864,13558.339076078702
83369,8838.29818936268
100471,12906.290592416884
87533,11488.585426038744
93111,18597.213729599538
99979,12491.684049834927
103340,14128.883815277086
104434,19622.18919942699
78515,19987.717691973943
82046,46354.819588318365
100572,11947.712019694674
96382,13658.785585837604
97575,10179.377725393328
76210,26441.501638364487
96628,15023.985264914392
98232,9824.885290078799
92457,26558.89374105759
103665,13531.19889351888
107838,16854.440858770646
81165,19290.48260068826
97719,29181.050214386465
80739,17360.81111378368
77593,13108.715459168729
84766,12987.206031473459
97274,11156.891444143546
77281,10236.85195684827
90347,5311.16378554284
77555,18075.998972539943
103246,10613.609421970388
78404,23102.50907707916
107745,23577.638953321333
77017,13282.077218001845
107995,16711.65222834335
80982,22494.95010173095
93844,59097.69650666339
83606,14354.772021034345
86904,10169.676812835032
102616,13143.03883038676
81768,32083.782286463844
81464,14582.063042800653
103309,6056.521870131163
92975,25114.250387876124
96156,14497.150652787412
87770,11046.27554287376
99632,18421.712793242277
89924,7478.412483766127
77573,21215.699035140315
102968,14317.568271681246
77822,19893.771667859746
77725,10502.291351871774
100787,8938.125533850654
78013,30046.460053948864
94440,23053.926574381963
83938,33325.75192557148
81204,23373.151138475012
76519,35448.712126701954
82172,30352.535834497583
103592,6068.782235043497
102003,7148.199089369071
104259,17598.076647945265
81120,18378.615792790457
106207,10689.191248554569
86710,7858.960548663069
94024,60765.820795007865
88164,11368.091289755492
86667,13266.571148936791
98371,13929.484283852402
102344,17997.925238397183
83142,16975.31324857185
92532,25330.516674007813
98345,7607.687565154964
94565,15811.214584824167
106223,13017.097136822827
104831,31570.81016638156
96144,7031.314194090855
106634,14648.372007450294
90623,11355.576872631616
91275,25266.90921412501
91547,15059.1472269574
86390,10465.13615662844
101986,7007.5221978908585
102994,6385.375945524029
85291,11325.02713155729
97430,13110.527762100812
106209,17597.15991503264
94798,83868.60841735842
104565,7603.531424465671
93679,16286.622947158914
93960,30392.779396136888
90063,6683.7897260476675
80038,33760.092041951815
106513,10678.20013239557
77267,24845.69103644869
91539,28352.844873160815
77973,39888.50232264186
95999,12070.341285652372
78036,22696.207627057207
106191,11081.7646760896
77480,12227.291490500567
82656,9097.327542903678
93916,15948.80553232986
95975,17794.829111501207
81550,13860.160685750294
103221,12243.322593988296
84062,10758.901198138255
81584,13631.470101981071
99564,17384.384687690686
100276,10858.64624781491
81308,18136.286432081833
85519,11896.04623032916
80114,18031.505729288427
83911,14195.483477011097
101879,10668.35886644833
106626,10627.64704360104
89009,11569.834230524664
81989,24780.49853578437
88197,12455.218211598962
93592,23785.81121875191
103290,12148.076589656535
96988,6369.808837717936
106777,21679.89695134107
88922,26443.538775759924
78224,16730.49921425461
79643,51846.530018675876
100066,10466.723373742487
99132,8655.889112455068
100610,7111.350428052303
89409,12735.706420594339
105675,21772.58726771915
93304,26479.351971595803
87662,10380.141609789865
99433,7426.442610769125
100011,11013.080997502444
95327,26055.65294958345
90169,14589.936683852007
103978,11389.218540982978
95238,25573.018812427108
96242,12678.351108154546
107917,12545.2015785266
92639,21671.362444692648
88936,18653.871872781492
102923,12959.821209341284
87883,14397.79961573464
82670,16893.494528624877
104229,27198.85177511454
82031,19779.41963555738
94197,21314.376849109103
93921,21078.60723597001
96030,29744.450477195645
106335,5877.344196361352
80671,15448.106017977725
86723,28677.94141793162
79293,31343.9331398098
97549,17086.973058544667
91837,18689.673886399265
86437,18482.382267831614
107577,22747.58808511465
88419,9638.31622680704
80746,47275.77521042917
82548,17442.68989054179
102711,10014.508032812062
80682,20705.470577573167
93204,33688.956606097076
99582,14547.591391738524
93195,33298.65227724604
89626,23507.87364499785
84713,3279.52285099719
103182,14832.26715813256
96954,28751.230963327682
81758,22914.417191946424
91938,17754.741203918777
92961,14077.820005416004
89533,19961.275068422547
86243,13442.084764190438
104482,19110.626016167505
83198,10601.99794984967
78284,12682.568497072767
101133,14989.865991501432
94339,26259.28647688057
88631,9800.988331500988
84364,15535.380249099439
104341,16437.709995882724
84650,8225.04064293824
91140,26715.603264729416
88889,13524.470575923091
98085,9790.696045104189
78796,11685.904528518144
80524,26984.994267204303
81309,7856.536214318915
87410,12771.401987681435
96810,1837.1493778513
89982,17253.477813622954
87326,10793.165853551038
79722,15939.858838752894
86367,10886.7301455593
105368,23781.14691958589
92505,31026.973490888635
103000,12956.961118553852
85052,11502.712497397395
76497,47049.0908996069
105312,19709.709800106233
89705,12781.936102721831
104999,25704.197744055436
107876,27285.559370398038
76095,20732.648600566106
96723,20214.441433783748
91593,29202.71346367859
85772,20851.57429783928
107199,9590.865446246273
78256,51639.3934758211
78275,29998.332356843013
87582,19192.6117019292
104231,12005.846970098883
90265,9200.383481980349
81793,18852.96277216207
90526,14771.984748681383
99086,8402.839971083558
92743,18257.668445859093
95412,14254.764730428444
91146,25859.864883892988
95923,21041.444068213008
76021,19666.006280149817
92858,14490.21043096049
90984,42093.2756906673
79158,17203.1213570094
90318,14548.777120845272
91747,18594.1316200564
96641,9421.903074915772
76202,15525.005916514965
101040,12916.81106066992
78797,30998.11273532466
84745,16590.25897895694
76942,12406.33074513072
78980,28488.82651722905
96662,16787.323026843773
107813,27448.387041842718
93431,24633.277433386003
86915,13538.256223425911
105102,28864.112832417195
104447,23154.16345096052
83183,11076.089552634108
78917,14448.72821685569
99336,7299.739911922414
86883,11043.336884313092
104155,12738.301586316245
89989,18027.377070312796
80406,26669.362328492898
103151,12506.820277196122
101077,12508.31803753553
80134,23554.861618470022
79090,27607.061459523855
93482,58319.567367957796
87205,16474.403575248456
81295,47277.434275541855
89726,9727.21696254927
107842,8944.140982280256
100351,10328.366540275889
78392,21009.5385083689
106503,13309.839209331942
103982,8814.995744176727
89276,6731.607702278345
83143,11537.73033239774
106521,23370.376183225788
100841,8709.90420932736
76990,9826.625357478735
108466,17953.0766739804
94285,19922.254769842682
76323,20781.45824071986
90868,23936.1337260536
100631,10655.745026303988
76196,10011.038190582029
98387,21523.40077653656
107494,8798.894130267552
107439,13449.503040567703
101458,16299.980647243698
78473,15667.568797293905
107016,13517.411253614615
102109,9984.51857838528
76537,11514.42202139625
106523,16295.641100600971
86340,11175.72940380767
102486,15814.43116926068
98993,20151.74196708653
79358,10913.624776156108
79906,10545.718008216834
83932,6590.759880911202
95064,8216.49090453978
108339,20730.26412529923
90489,13483.751438191443
107984,21309.230873512344
108096,24016.555643555377
98313,7533.951701668045
79508,16784.829944428802
94289,25129.530224538783
104393,13951.13672854508
108220,10159.392767882993
104795,14700.969031860748
93178,21286.38354275017
106079,41700.20274942538
89584,7186.01168738805
102435,7304.589626867192
91967,47862.90231010724
107618,19694.248944880226
86862,5737.37259196793
87991,10695.135645608867
83618,17619.775017600732
90089,12656.83042530598
90681,14706.8659585596
85562,12219.733341468213
102934,9332.654002440006
78806,30461.92796823016
104615,24990.54551991083
101221,8992.510628618002
107067,29230.366342563073
101807,15998.100421770416
85952,15719.451753260533
99387,29682.72399922968
106135,10745.39066736355
90522,13602.632547555419
80068,27978.695258388096
95046,38594.89637505077
93546,25840.243121122465
97202,24603.66150164442
97567,8034.758967646495
79963,23482.738780431773
84033,17309.304020353193
86538,12003.897273843717
104104,32116.809718043176
98033,6020.9883792707715
91989,26458.178239129586
102114,15682.123353762789
102507,8719.132852232837
104663,14353.147477400678
90772,7045.382571552547
102250,7562.615668064219
78758,15690.49192751009
101421,10433.046416985848
86744,11614.445902906193
98916,8296.04358045615
86659,19454.278150243368
79853,29054.052330869174
102463,8360.182308661704
103827,11758.286117472728
106662,21032.115293762126
97291,9818.889946749367
108516,11322.221771200966
101211,10466.160501360506
94947,20524.881384529413
87948,14882.112172632542
83719,20629.773429294863
105186,10621.77136679903
97592,19419.11807475914
79918,38065.57467514817
78137,10909.993078605197
78859,11054.850883172952
86082,11118.633140090227
96316,10759.656703393084
80327,9459.099368348332
81639,9947.98441859197
76145,28089.18253864844
76612,27381.43157603678
99606,18950.79337564208
101120,8363.410250111116
98540,6445.437680185608
99667,6532.230166877986
81038,27819.242145293563
77521,16653.677763353193
83408,7185.646702158651
86905,10168.0298384364
85997,8855.72973869296
77009,17872.087015005818
103958,10496.901740846213
90392,8161.402453221209
94800,12696.040797444653
84391,5723.78145935008
94843,22426.762791800254
85555,16297.436227589824
101453,7772.630424378815
86686,9588.121210538065
101665,8793.14375490067
101044,4894.185910664656
84230,8380.025507862536
88440,15738.192651650968
103253,7302.4431736043225
102847,12304.475594606723
94381,44476.569439674364
94229,26636.80457941833
76327,34728.94883636824
97717,21832.91909641326
101291,12290.036211961977
81877,14733.039425880483
88927,6018.1551755413575
77137,31988.8954137159
105325,10861.324923320753
79368,66081.62568866325
90769,15607.520974042762
101376,14466.305313356515
88733,11619.330336449984
104519,19335.279034314506
79100,11453.230773049732
85667,9716.457473142611
91111,30660.083052318874
84474,17500.64970383167
102166,7063.175138977531
96711,16326.672966674727
103102,8516.60314124679
102519,2470.8069210013878
92508,18101.574822765244
79560,25560.463117474595
79530,18750.004597101033
103272,7303.14349412546
86935,9325.724941782366
88977,17816.055935291522
92681,13878.117756265263
91978,13951.484250552956
81144,26103.976763601255
98005,13140.452960390656
82716,11130.757683395459
83371,7742.523496067927
95566,20821.126295941856
87240,10751.626409252482
105593,17371.466077995905
85457,11285.428076894208
89803,9146.276666831678
107934,5055.326167778885
94736,40363.20827757462
92865,16605.01711145613
89863,14450.551091601794
101109,10873.251440949743
100755,7271.6386175121615
99015,21724.885179442575
98439,9364.547805630567
84150,9740.716769385885
87593,14209.17605668414
83830,9184.44566025324
96778,12070.803952111732
93458,39265.59476404235
103141,9274.262972804103
78576,27170.836380378718
84582,8113.50414245176
84034,11207.79315236077
79223,27345.655396013044
88574,17042.675763795683
95914,18680.219100189213
91830,28513.345253757387
76682,21496.874669831217
76091,22557.926820423654
86187,4120.836317996351
80571,21582.185274088166
78015,20568.96062517027
83392,13716.44276783409
82103,14786.64762300146
93859,22472.144702623526
76290,8074.449470936038
86539,4980.4946259253975
81288,18514.57417090229
103599,9261.134440309956
90430,7898.737151503753
89392,13192.053589341294
98963,2923.055913908197
88846,13087.07670868721
90966,44131.72787389538
97360,9571.625858038478
82496,10911.286732585942
96630,16220.918550767334
81712,16898.41477078672
105871,14968.879716323447
90926,15626.49003565443
81443,17617.030229095777
98173,16359.236209106699
90309,5970.172088968889
92444,21142.8790848181
80136,26677.594153319813
95739,16010.817411891923
89153,19821.98902945909
76376,13862.163603283401
80884,15574.30986468568
87395,16757.029662682384
85338,3582.0449223197547
103345,10344.995748100224
82351,11187.750572279461
94598,40609.424785535404
103500,10376.321861093345
90717,7293.699680656902
79512,16537.2018813939
82283,20977.080752762144
85192,5426.056607298392
81490,16016.6063433732
94793,28425.088904270502
97046,17445.208300421484
78567,34962.36346833178
106928,11491.498295928352
102478,7991.526043908363
99213,9197.46333905898
101949,6661.803031754061
102151,6401.1708812313445
82627,10749.719959235841
90239,7304.8293461189605
91840,24032.820344895077
93782,43605.23721603247
97384,12603.019583581694
108322,16332.162125089011
97638,7914.186549120958
101508,18293.134851639996
77475,27895.02947879429
106194,44042.57315721511
76651,19731.71463013059
104133,24072.976201924583
99030,8551.483964552925
81824,17987.828580032285
83167,21195.873942406764
92274,23446.28559902857
86068,11564.756374423558
78912,14968.050639284778
88363,12733.907787540933
97410,10276.269232755047
77823,20281.65653702291
98879,12208.079698631085
77043,11620.911286934877
93902,17876.070676339303
82757,11831.81195397908
90417,18628.165605625672
86645,16974.71622367392
105708,28949.218648044483
79365,23449.900228291328
93456,24221.276631708184
104676,15533.557541794997
92775,24417.511885716347
103789,10145.11393107889
98176,5827.243245512638
101278,8434.619516981842
86112,16443.413275709037
90579,20235.991581264825
102615,8333.166746553978
97093,25059.973217677238
84373,7415.523377608708
97755,11950.118148386431
100097,10267.090889279103
80866,20650.31853713243
84693,13186.34394209216
103077,5401.6045310050895
93079,74581.65897184557
97533,26087.88676145112
94217,12314.331523747302
106019,24973.70667330998
107836,14563.323571701965
84471,12721.964363991017
94600,22407.851767649103
94349,16970.317505859377
95132,25958.768218718746
104772,27720.626756276117
92560,16769.965275111776
101638,8397.153249070361
100523,5952.42772737801
82090,9941.89291211006
95816,19173.44387247734
88689,12401.185069539166
82540,7129.496258944088
81643,14597.815459031955
104880,16444.44423245286
84922,21493.915494877914
97849,8403.242876031945
107366,11639.77199211168
89303,15540.15753117512
76547,43897.43846837363
105055,21519.525468316853
104312,9103.269047285647
106500,32324.013456318946
91096,14833.022969654572
92671,18234.2560710784
95982,17576.659427632327
105012,9682.215545830242
108232,24779.435501172873
84668,9739.046034227544
104903,14994.03783653887
86487,10107.944271033008
102860,5896.674902611126
93205,12067.224033521283
78221,21594.3995457727
91931,31813.431846229985
81589,19310.43392739642
106873,17248.738156528936
89482,13437.374313472024
98459,9567.405964330088
97660,8780.79257055944
96409,13112.353898670204
101480,4899.842656221937
105862,2443.875861107023
90363,11014.499476980249
96433,10698.889503006292
76970,20196.80636865374
96689,21784.855078411972
88899,11901.340206558794
87559,8958.571813606126
92908,25105.637681865628
105211,9563.793948502196
96729,8668.014385178463
95854,19699.828593744256
93767,14653.89147676182
90545,13242.294495281374
84005,8469.961485387192
77380,23311.729298119564
105877,10120.464066233324
104706,16626.426208740562
89994,8641.836197186803
90227,14031.999204060472
89814,15492.18571704886
102539,6404.892666042042
87753,15045.173837635431
102038,11142.233892483682
76666,17548.30054348965
86698,4600.366517690918
97368,9183.1570633487
79416,21117.691595741064
85147,18194.622945821968
80148,20942.322547740154
96579,12753.813042708438
89817,9677.988383264148
86431,10207.25729457304
103566,4244.018289312831
89355,10050.060423794392
97349,5994.928938927962
92618,21188.165177962892
98595,13427.046341663556
87502,13749.513435547937
107954,11477.465295043923
81470,35462.03522814924
79848,23492.449189431623
96373,11020.211379408487
79599,26222.550988350096
101454,9938.451091339402
92802,23647.131101977
82725,9110.52112670438
81084,35081.47068142729
90130,14216.690988438253
91985,14180.073393318846
79528,19768.157622891114
86359,12808.666864288623
95724,21045.260049988497
102527,8536.072816854004
87032,22698.63586825459
78499,10786.371991334428
107980,29958.595866841017
91005,89276.43830030602
100196,19185.430128488
102797,6822.55896149877
77141,18662.575329144067
92109,44762.380453224585
96501,21552.822905344477
83865,10279.511780165516
79122,33998.651410181046
87979,15341.479757185065
93237,34085.44612984082
99104,12938.941118633145
95095,18586.3857836279
89412,10501.171041174726
77440,14951.182552490753
84127,6060.413835224524
103842,13151.775203801117
89806,6785.5549756758655
98894,8558.65449777877
88126,9593.36024831278
92809,17332.006641295346
106076,14095.912313531046
80110,26070.0213690625
95396,17944.377714403607
103003,13387.456592458357
80123,24064.199145722112
82441,12223.847910443144
89990,19552.19524475701
92936,20103.068243263628
82544,9268.99400995712
91339,81407.20423079615
103929,8980.469043714398
102389,13143.783661770804
91128,24407.298059338726
89752,7643.289750564963
76840,3622.004037245061
96514,10927.104446842439
98706,17959.43581204159
107602,10287.656030945676
103844,10547.92996173226
76375,20908.369889204543
80401,14962.740527014168
79030,19077.158773708477
105766,13379.786245529282
83033,20629.541789840907
92521,12886.938379973457
90836,9268.937845584882
99168,9234.668987667863
86363,11824.823501012967
87320,11645.54051595719
88185,8894.382023082437
79290,20131.18904312923
88091,7270.439486439595
83838,6500.2177542619775
88099,7271.92111457519
82824,10980.620916495209
94204,14803.923150303039
107723,10783.669422942055
93691,22868.741220254426
99317,21352.15609924545
107105,12054.233004411359
106351,19589.062066333012
82970,14490.335829068497
107261,6411.779657903462
76679,31313.912429507964
79464,16667.4195435234
91312,28758.04078030404
80546,28641.179315828136
89220,9026.137622535029
91796,27588.664594795977
106360,29805.51990951735
83027,18236.21106806956
81553,17706.11252937832
79124,15478.223506726865
82590,9392.830534683535
107515,17146.654859203616
87964,5551.269751966867
79995,16054.37367642931
101022,9986.69979274078
78580,27822.516153152686
97644,6908.494344898743
87603,19146.836777737193
85091,19589.5621569608
85155,15894.482198739075
78402,10641.838179768327
92603,30248.63769632079
79788,20082.36739275396
107769,21577.608238337405
105117,11235.749847010413
94619,42910.72143238072
76808,20030.640724102734
89229,18401.46436959756
102592,17229.897559300978
84597,7412.378666418533
77146,30363.085452752155
98794,8342.6444951228
100453,9936.16117181351
84075,13065.477647247448
92090,31149.6755781071
97646,15704.569071941416
84071,10497.815412174272
80924,34576.541044830665
91167,27121.952894867616
92607,17221.237382758096
99654,14085.70041556176
108195,6750.257424764829
95150,30494.583372140612
99921,3944.298077757276
83768,22973.76649783363
106095,11887.280829080344
79380,28741.865244356755
106671,28825.95184574493
91757,40485.07678580516
84936,17416.77134101989
77970,21758.083483178074
103327,7918.435624225669
102169,9240.271967097124
103207,12529.979111702092
81602,8955.252659089987
79975,35247.97306453506
102385,16649.644369345264
80726,25340.141417572908
106953,16313.915769279807
92929,22180.170427936664
96553,17723.918875399562
79654,9520.14199797652
95376,19743.357887027832
96667,16473.507732101676
83421,10276.56453115895
107579,14913.33721439886
89108,19396.673295204808
79958,28738.241922282694
101980,9033.12869940261
85178,11378.141890007219
100898,10375.04675958806
94926,13908.806422895128
104484,12410.584459704405
80250,35753.210183933115
79639,50176.4516187905
84385,10026.550668851043
98249,15477.04859242853
94803,50736.84552618058
99178,9897.167338165296
99706,23116.241035679966
82493,10493.312932292518
105868,15301.9086035741
98807,9481.875506251841
95529,51905.813306861746
93580,25818.42683275643
91437,36549.03334539957
87804,6089.341747539936
92901,20052.266211008406
77177,37183.95261833465
78856,16305.724125560611
84586,2602.4002453296544
85230,8959.161040951574
83215,11896.91721437338
78610,18831.31388065913
100081,8047.162573286545
105716,14702.69523667787
95022,14430.027590194166
94225,8192.518809896403
106371,10243.866913099317
76850,27463.830824281755
108514,22307.072649657046
80352,53729.49704002259
87930,17777.203103621465
103564,12566.644427492645
79881,45433.487568308155
86736,13226.182150883691
83661,18876.805330286577
98853,29683.62021559904
107158,21051.28951514308
96809,12429.428361036864
84048,15589.5276218126
90608,9892.42981998054
89134,14558.37013003004
99321,10145.52594891089
82452,24398.15324683962
80684,27413.818756535617
99699,11161.396757656305
88449,9958.194130406137
76962,20506.54877863186
105626,16742.98128837053
78655,31144.76671756497
97115,6637.155023419882
94865,14947.584591507723
85675,17365.897866172636
96671,12330.571122816531
93365,21358.92769978723
105188,16577.476972051798
97713,14386.538902095133
98996,9047.933483733155
98329,5701.056544748823
96091,10598.275297908125
101010,10745.448406804559
87169,18254.654833311375
83760,12711.877083319265
98511,17254.93937952424
94233,55893.770643919706
92072,14599.908326551447
79796,18040.6446822084
97619,30096.388457658675
84419,10110.3877211045
101015,12880.181788314503
81132,15835.09913086417
105597,10079.28579608881
99139,13728.1973680387
93116,18459.108465536876
97838,12462.235242594028
76627,19994.488247262376
81785,14819.87819938168
97645,12284.396218961681
78865,20996.790072919317
92152,31063.591178417588
106432,26962.09121861501
81609,24946.313112656382
85585,19354.345357698912
79017,11565.187641156283
105666,9771.561336106895
97664,27531.86586364501
84418,14619.799482202417
102163,9190.50341831276
99675,7313.783866329361
82132,29130.40960123687
89488,10794.413446045088
95516,14812.23062689834
88542,8161.572346185373
81995,16347.343708529159
81065,15494.918683370039
89542,7793.221407575392
87184,24343.057969918966
87194,19012.204944336474
101981,7900.0141943694125
105620,9197.239854910298
99094,24648.536520088557
101950,12189.595742224055
93488,34426.38140363395
79632,21337.661413446625
79299,17836.82374818232
85438,11678.979465648668
91006,55018.33708079051
78636,10683.876337473783
98590,12105.458968120878
97735,14345.906747788273
103694,15908.483138787991
97890,12109.51559496299
87646,5863.577486849798
107953,32042.547656348444
103882,7801.626541203762
77900,21248.631105449836
101991,12803.324176900242
90105,6277.562739942971
106516,16282.754228190122
108415,9150.012786794237
78853,6291.37864716123
98196,10985.013575014815
95738,31450.83696675052
89535,21450.417270117647
85467,11782.76539711522
100920,7713.228377283265
97314,9814.088225860312
103461,12763.870200751266
104907,10282.211148181568
92168,20950.67552026705
98077,11149.577075912874
80593,56830.22329404485
76915,15507.525317274938
106919,26157.974403193657
95592,29147.276695598503
105772,8981.863831848741
95614,14550.566791615889
92550,10879.485998382266
92495,27731.70748651133
84341,12731.149286551092
84600,20683.773565396106
92665,16380.884712989735
93922,17129.73004154111
88129,8925.487994998677
82700,13586.914078538664
94492,15625.893207171517
100974,12004.188601195174
106554,11801.410310472991
107785,19032.594467431994
107443,10652.49808308402
105470,8627.49684008874
99750,18994.45901333886
94633,21002.49315216665
99429,7270.294467011418
88790,15831.127749515903
104180,31124.7202995524
104589,29829.692819036412
106704,22230.410203376374
78596,16015.180321481563
102083,7049.679017063504
84507,17218.38713328326
94274,26011.53406581225
92588,15131.925435213876
84344,11327.685945619281
99818,33261.470008236836
76710,24783.017381042766
107923,14449.999999789454
100470,6705.0647943530985
102211,16506.97881047117
90030,5249.78637462367
90852,15625.08194626752
90222,10567.494879088958
105952,12331.494516409439
100876,14107.872006711887
98062,12994.624123453155
100478,15566.131537275613
85486,9871.721761116749
98292,8322.7266111224
86160,11421.566317601486
82468,21471.708640058612
76728,15740.314809265776
97277,20881.150220291333
107553,15456.458071435227
100325,9568.872943195096
91775,33430.179123745045
104326,27294.010846325007
102909,10749.653923867141
82173,29930.85773900484
96281,9350.600469739844
92426,19103.61452380351
97724,9238.685596420468
84057,5651.934601562113
91020,12433.394388912118
100095,17201.166832060586
81655,18766.213634007356
107220,10385.40384343349
91626,29798.199093844065
108469,21893.14562551003
94037,33586.61896072575
83530,5898.594013639746
84542,11166.489704156309
85634,11101.174830861828
91707,47782.63097481132
81934,10620.36142122507
94960,9930.78923736708
105778,21900.514416458074
83841,8520.999715047754
77242,33027.1403219487
104694,9347.514300338544
89706,20703.218934780467
88670,12792.94431653833
102492,6369.912367966035
82971,13257.845260575727
87256,9873.881322538762
84642,17517.435418858757
107437,25078.844581132347
94640,14248.889105608301
96089,13188.248347328012
85018,28253.97407697065
106576,21436.77767063065
104158,9913.990835655623
98002,9360.295080811684
108045,30111.400108381164
105890,10242.849745346723
103298,8495.24014561873
98977,32177.26065823139
100431,15621.28829242454
81100,15458.309492767949
85300,19712.287327156177
77518,18461.347091599087
76712,14946.351118578856
87545,9186.044209669122
86848,15642.450839492725
77647,26669.253346093647
92094,23620.78279203215
78540,7311.54975266117
82957,18397.660022594828
82768,7896.344517585801
95875,15135.804313443492
80705,24602.130061014665
76746,27148.965582961304
93222,17174.37959999096
84494,11164.47437921781
97557,11309.448738890116
104969,19833.630659988376
92998,13783.788886943219
75991,17251.46119469674
78217,17946.996041315728
79176,43535.229094495495
83261,9473.679090607306
81177,23878.95019206735
89681,9667.492912948203
96968,14166.358347690031
82896,9945.604146388865
108357,17527.237338537736
103421,11844.246839404666
87971,11522.597553451073
87170,20153.785293118068
89941,24379.783910216072
104046,23333.822761098276
88894,12399.468682572413
82638,9559.809773945064
79213,16708.375129124455
92902,16816.172038233755
79282,15435.20002845895
86331,13109.918778323605
76336,33553.8996866763
96080,10934.537274240254
86990,18664.425052090523
87762,6343.642002605337
80699,22306.735330197167
84711,9606.828220368065
95297,21648.68054839958
92828,17550.967546833996
77614,22887.50374264237
106565,12234.480021283869
96874,6719.468614084404
77145,15781.130602818694
80473,25221.247275294136
89438,16374.030952604262
98442,22175.974709805945
106213,21267.893993505542
101442,11968.286247931012
79337,24184.466289682536
106021,31275.265404591584
88638,7419.983536199135
77383,10699.400155935202
88452,20919.54677163721
104464,12924.27541009263
82639,11780.26070135671
87305,11259.94346623417
93172,25642.059931437474
98857,26404.738521162184
90873,19079.351260268613
99679,7568.274597739094
78104,16667.255967428235
77770,18356.46580613573
91351,10019.008124262862
83700,11915.265905331813
80548,25804.25145012582
81163,16962.86040308075
84140,18778.062818508784
95479,21194.04534503459
91705,27540.259796090202
97722,15955.207411912457
88383,10915.084216985942
96632,9658.168316607169
76496,14554.056727032485
79062,33632.11531596718
103519,7351.55152723467
87592,8348.166578977241
97668,20864.417014053706
77969,9048.836365134315
97610,29987.06637303271
93889,21254.808255918968
87792,7992.535845111753
95078,19493.771479463005
87575,16179.393083609806
78804,14006.42802882488
84242,10772.849525552418
83462,10420.845224414867
102260,10813.811863820185
102635,16152.310192809875
104460,16953.26588585526
100463,10466.556061871248
77272,19012.249532455688
82246,16437.670013550647
81472,10462.18832488348
82420,14494.636997941112
91586,25818.42683275643
91099,20124.79707899936
103536,11126.879345183028
105169,12973.538955793687
93837,23727.813122275387
93958,18687.06707802308
86124,8450.216906845817
97448,9108.004324103847
83040,7603.64706323418
104713,19008.48232857939
101549,10504.792982030713
96018,10022.635602739607
91089,31347.37532962008
105130,15472.3890873187
84720,9556.89413100539
97182,11472.919473278647
81653,2782.1244771242164
87522,11168.589133702051
92754,15733.729527636779
77510,9752.715777287427
94863,17690.36649418614
108414,12426.528581359593
102393,10986.875635000808
81528,19930.859476028454
78983,28853.670019722933
98051,16758.209962574187
93080,20021.753826057233
92657,17762.19613908949
108070,16862.432215605957
96990,20892.939111026215
83301,16445.783244678125
88459,14999.109794445978
80158,25698.39460613391
106913,28121.291087643567
91119,13759.119806925832
85522,8800.400825961691
87469,9121.064259493485
89620,16403.327043169036
106903,5624.663235796528
104183,16777.887770347617
107015,18795.299704274013
89120,10674.920231373979
80555,32450.161099112436
107037,41397.831726199
83340,16863.697115707753
86654,12384.588863991907
76116,18228.071387193006
108208,11011.043190954508
99790,12555.907187711076
100950,7991.6111826407305
105495,15649.145087407682
85317,13490.661124761004
90114,22269.8707163374
99322,21782.07895963696
77185,23501.585377826177
99412,10616.328158322129
100021,4891.7439857955815
106020,12113.399002270316
85234,16863.389616387198
90059,26665.316691709108
106902,11403.330571507457
106871,14636.325102335446
97784,20130.541067261405
96140,26729.363255526274
103840,11770.712377339689
99573,9220.849722976647
81967,19745.312040933026
96124,6822.946812882814
80245,26838.685067518152
90896,32914.67201803277
100257,6050.545233084778
76759,23631.58113210711
87022,14322.490022903368
90758,16778.815517727817
94073,20806.874608040347
104837,12535.661280542512
103025,9835.024881482706
91765,24129.971475417267
88352,14768.288207735284
83826,15133.777132916908
106648,16396.63489032623
102967,15379.99874754078
88989,9645.597061303297
90846,15651.311698331321
90232,11460.67987667903
95262,18713.467073640553
80599,8398.080492962923
93353,21041.536225097712
100230,9398.465861524006
104516,12579.039583184824
76127,16806.28917874924
99603,9994.80091909505
87441,3106.2223944571297
98607,6624.292166746182
101385,12014.113829006174
84028,13369.015867573034
99900,11113.579995023765
97880,34086.49205640426
103005,10462.23478684673
99862,7528.57562917205
84899,7445.399962107779
76129,33904.51219617953
107674,37929.86345682259
79058,23201.448160152777
103161,14077.450108974463
77525,21928.89903671087
89366,13979.915442083213
76529,19924.998653878167
78121,52934.622890502316
87960,8630.576763974163
76468,10957.213599303514
104029,17892.886428203776
78294,34534.08811276607
93269,46937.82405390334
76124,17047.881939329218
107551,18959.813345591534
103953,12233.816320654192
103212,10016.629316561824
77337,23928.082843387936
94095,20820.687582144623
95358,22049.813218834148
94772,31836.18510114924
99318,10936.396429503335
96569,18497.100177733784
91669,18709.156521852125
95240,19236.566930867302
79693,14988.608886327847
83100,10546.84740971433
85506,20875.652178643017
93245,19920.182078925365
81444,15378.772709133247
95558,18746.61503119005
105709,17347.452785507012
80796,23270.53878882889
97061,2048.135467441637
91452,20502.38034874867
88626,15132.583893503102
92700,39098.06610168268
80109,16500.532309301605
103649,12561.970765707552
95545,19188.528835744663
96879,20123.787325505982
94580,10577.249420468266
88361,11346.067499077652
78094,25109.9685372987
82831,16812.74146627568
76965,37118.47316058541
89246,24762.140173622087
91844,22843.446147309904
92122,17832.726210989316
98944,11189.180431797522
101088,8315.526430922424
107119,9886.5976296374
91603,27140.463116592884
83339,13526.715773458636
105408,19021.686322681548
97091,10836.605212553175
93822,16833.750512842144
96950,12620.511587748202
106461,12552.01305931551
79538,31333.55850130598
81813,26226.822683505517
92640,31437.471576418797
107376,21527.25742699761
88834,10718.44417891357
98532,12616.600917534117
94957,19705.972440566024
84884,13588.412611360458
80124,25520.21312008286
92048,30374.779767424832
90244,6455.487021688219
90103,6271.49182919009
108009,4857.765909312921
96435,6234.1839123061045
89475,14795.887488175114
86286,7256.124676059994
100193,9200.220040837718
99733,10254.609836285443
100561,13418.286642530495
98626,7749.3191944087175
89177,9582.531517340885
80294,11929.266668665234
79134,27952.208950712105
78603,28500.27165627722
108528,15323.065454250345
79147,21886.412566657837
78538,4636.690030585526
105042,20680.104333580784
93560,18969.7878179905
107122,12209.525843938602
107336,11316.691809168773
105831,17400.62077762575
92973,22668.386802568944
79087,14149.459290488809
86806,17303.21917546195
98787,10569.996193538245
99838,12042.81474749296
105442,18027.83061441843
101659,9219.436122566562
95085,25021.338964309518
89893,7919.634076422588
100412,9649.153341568779
78433,11213.235423389679
90887,15594.555757031281
87783,11728.689131513736
105572,11908.010297129576
84065,18384.739752155463
93714,24492.189916172392
96148,10500.48059241748
83771,9009.632273674019
84970,6379.79219521413
88859,3176.7931477188567
104620,32355.518443829813
83749,7177.439096939389
90174,8307.68512449797
93947,25953.407277832088
91462,25263.463473943437
108075,8123.410583099253
79113,24388.796819988253
88445,12856.951691764054
81311,35662.75528062222
100633,9651.660384757783
92904,23791.974585459873
83091,7585.049092135925
104657,16877.150356946084
82910,22114.16522279639
92383,20474.67115075793
93424,10036.358589181313
79891,34296.01206923291
98961,9140.009281836801
81502,30545.540673652296
99035,11917.083202389398
81371,14969.361550419615
87333,11295.930066100356
90353,4930.1159201418595
93258,25986.31510949954
102053,7087.918205845853
86713,8248.174492402557
97203,12293.24402837734
92794,20121.397562469014
84293,14963.163779638318
91672,17139.997135034944
87085,9565.403538885173
99300,41460.03861326428
81242,14712.567527391484
77834,50260.32144288608
86864,15847.509448743685
108332,16130.026942259867
93461,20589.185502990567
85198,40072.582286129196
75974,21932.803569958607
78679,24990.658835168746
97060,12479.103083040221
89300,19903.37671350323
97682,22310.71676346804
86664,6434.686272396399
85169,32729.64957406968
82930,23670.151518650462
104583,19585.72836772026
107212,22592.832370593977
78128,18433.29180981393
101395,14507.15298033554
79984,16553.295501897563
106844,14018.078945207077
76507,16701.336622693336
87935,15823.542674510436
81796,13427.717887376455
92942,20640.060429951925
87848,11387.385408149297
88325,14543.686253385982
91296,14420.060242866268
103415,9459.30937358415
99038,22021.477860542804
101080,6886.927413028671
102789,9871.324485647847
84656,10080.801426382817
85716,16251.298230029879
90233,8073.198267909859
91097,25285.398855893804
104466,11591.559328766409
85061,12590.923421591739
92535,23163.96744947344
82437,13885.761989710823
104845,11794.682383242523
99353,13883.052963638678
94273,48840.29214887766
84080,17273.449809681864
90877,16022.460539108726
77883,14618.838033972826
106394,20589.765462287767
103042,15014.923419111323
105388,14902.156295467239
93490,16646.149111553077
102852,14701.45406756541
101859,7146.6812879639165
108113,17251.00683647182
77290,34549.491408287206
80341,25967.662214896685
84286,5924.4127392762575
96187,22773.44301800303
100716,7622.0726929575285
99682,7012.367055422835
89827,10236.76485387433
82053,11357.02186138932
101135,9855.906462684767
78574,27908.01898647626
82541,17979.3264629187
94530,32066.774278953435
107277,17015.82419890535
88719,7875.6240333330425
95962,29782.414053815293
89249,11356.079274219612
98786,2197.503371791637
83968,3649.99741825006
85115,10232.219675786682
79741,16040.124668442502
81050,27257.426863517547
106955,10909.445972581269
85572,13322.692294197019
80604,34311.07614710555
106115,18892.136482710743
76213,18992.357754168977
92026,48914.514573498855
91397,17606.916507657024
105916,12002.989680021554
100938,16862.201226295445
102187,8125.179524913367
87434,11839.445667080117
99959,11576.195275414482
83438,12778.03649436021
77840,15324.969876053197
100930,16656.067992238113
94925,18991.987908762232
78494,15627.033709456367
102418,7669.730770996862
77793,4395.273990393471
78383,25847.832044675677
84216,19503.084472750266
82610,7381.616778575988
97544,12244.685093365822
92549,34808.9904262982
80538,46598.16859106929
90890,14370.14404085961
100299,9063.412264324223
89902,7552.978790011624
105561,19039.98861730874
82364,8545.324310551281
78091,12017.681006023486
86023,18266.708162404113
79752,21712.782671497163
106315,10705.667999817535
80934,17860.20436868797
78782,28871.27876638676
76471,27070.96940543733
87418,7571.144276187644
76891,26811.595491855354
102628,5167.878687144472
89363,8854.644271564151
89237,15136.240937350054
80257,24635.120559231793
102857,6026.646270805281
76201,43658.037713801554
104887,9067.649387558231
102310,6373.913617997544
78714,57306.55661765839
89302,9878.263593971004
87676,17091.5393515364
90321,8326.80702202492
85244,15697.453199192172
101913,8910.79349979498
87086,16167.703493524823
81974,26311.114732026977
98075,21081.679305457736
80870,18969.23942191358
81556,35994.665519997485
94722,31500.937313824117
83840,9302.173018697744
100809,12598.38821408911
77101,16387.954489686712
102172,13726.427018307926
86373,18059.604296063095
77540,14684.373455101242
86271,13256.475439127626
77679,26158.55372912596
99807,15048.078121485965
79126,16888.917071041735
86337,14254.86648306802
87496,7799.293825449767
83272,18314.70453283385
103495,15491.625468526028
107915,26426.506674861314
82213,21851.45100424403
99461,9395.333068916698
85797,15293.811299352617
78898,13577.539760001913
86463,19244.667726161482
108138,19052.983065670312
88417,31643.421258361235
78694,42745.72899304586
99802,9318.087773314834
100250,16035.086432787879
83482,11873.784774666923
104457,10698.567322134859
101415,9027.800708377417
101767,15054.644438193716
108250,19994.09881879216
89772,8826.917985285994
91127,15972.33199528707
102887,10228.09989960214
90756,9750.559651083213
107554,22840.39271716879
103731,12917.039390145346
92317,15756.851392313978
86805,11832.355198659116
91722,27335.0453878101
85026,26901.0073640123
77478,16597.659147837676
82027,28035.291651016494
102742,14489.769435089633
80198,18189.847727819848
94907,24136.740757100008
106738,8893.470806373065
99797,5894.725874183976
106456,5024.040459581181
82741,6303.8400406729725
79172,28956.27045251566
106696,12637.455029749866
82422,8466.286013214754
83924,12007.38425197029
90599,8646.498251681933
108095,21483.85067471035
91777,18172.585590821545
95001,16960.485504523953
80408,44050.09780791658
87330,15831.103141471158
103361,13800.817195353895
89641,8436.474247879663
90618,13853.228058560087
91679,30796.08723740848
96844,11314.18360855448
94418,19902.73642664907
97002,17728.19647632886
79748,29281.662882335117
96355,11499.94039657376
92347,16905.164751885713
81569,14866.965267592328
106924,28103.38170590439
85270,12874.496660411902
99622,6752.063874062755
106843,9326.772175192107
80147,15836.781745386299
102181,5274.393127143922
84710,7388.539744939949
85189,10092.694601084091
99281,14889.759259579972
101130,8431.625983610887
91554,20944.91577414961
86116,12956.28297536512
106899,19149.819624546446
84516,15932.343476596117
105422,28773.68081427263
76956,13247.1433088965
84006,6767.462029976176
81453,11676.486907261757
104850,16519.70972622359
90867,6605.353672965794
97154,14922.638732583813
102088,10332.413212792319
96019,18424.62156468502
100300,7297.787468639734
86459,14553.771594763979
99304,10147.831732232004
80630,19158.084833944344
82387,26917.916620434735
91359,27473.254462237153
79123,11910.403870525977
103324,9496.897672308347
101086,13333.793842367826
97170,7925.903955819485
91834,10785.03714669859
85238,7337.442327772582
81942,16313.806923161013
90971,29699.744872516007
87864,15887.248757600762
95296,49635.22208152437
91427,14457.312774095082
93697,17142.655334158284
107694,24514.500640631508
77364,20796.71849985322
102144,4997.416403468089
83410,8831.54833401306
101560,7132.2989389404665
84775,10111.606303283656
103879,11424.886893622257
103933,10221.390877950302
76344,15971.83768061583
82119,18799.690619165573
102130,11622.734879156806
85748,8059.512109755138
93769,21369.61438214442
101775,7408.6061143942015
94613,20138.022779993233
104021,27565.085204408362
98175,15630.090758794737
98477,10555.517315816782
78185,15528.754318863506
81576,28384.19950953755
84854,5485.984005361313
98361,12962.497421410597
81390,9289.553467918216
80911,58208.162654935506
89407,32522.809968270467
95981,24494.988904984337
79131,11354.775964557899
96624,13124.869365232058
85131,18082.753702116897
76436,14047.338225616508
94111,16191.28186634078
101518,8578.839035847046
76588,54830.574856609055
82353,28030.12731261603
96186,9624.175568356495
92735,18244.885579621878
87271,15301.088716435903
88968,10028.835793086013
84154,10158.299872350475
93692,30481.15603692399
89484,9592.81396688472
92547,25283.165145237464
78689,16026.594241694303
102058,8833.019450865162
102579,14514.012184861573
105825,9905.280492970585
96154,16925.202773401772
102183,11116.125341171892
85976,7941.670483588135
98679,6987.215333268324
89612,7462.569036273105
107988,16849.534189175196
83362,14779.691929032537
94251,19150.96446003567
97018,13112.787789653928
90329,8848.778419002294
104604,25043.957394424804
83742,10651.528227208355
99447,8998.396679569189
82194,14376.09817112611
108351,20187.18198867782
105314,26369.68840093453
97351,11583.575960239581
105861,13724.761534961099
83010,8664.616318451244
91447,22848.553092274833
87619,8189.570826327194
91870,17654.142989847038
86543,14182.645682062288
91484,14646.248049036016
100659,13040.720455777586
104491,20656.99732921207
100779,13172.339302926426
100935,10555.72153986824
82331,13109.336982793482
105140,30012.400438388937
96349,13479.079182519246
82664,18089.80624784057
104532,11295.806053743572
91854,25826.308177177205
77003,20125.716867544685
85137,6658.304759210648
94577,32205.854130382322
85461,11292.68896248383
77550,12784.487065009413
99095,10281.504405015561
91832,15346.346535126251
85920,20363.352281577234
79766,17158.482117702624
103839,9409.754761334525
98167,15606.703801640477
96684,5675.9199097456085
106982,7709.651110797785
93524,30781.998644323605
108310,15299.588028637429
106569,15395.020558003365
98088,27454.564857783524
78890,17866.433815140357
81559,17569.374687213207
105178,19918.73074284808
90578,8951.847186129336
82299,25206.700243737254
103885,10689.830266861965
77488,12228.619697466538
96669,24988.721459735185
78344,28626.289022252426
79405,24829.707196555657
94620,39660.706318218414
96836,11602.272973983649
80212,12886.52444229946
95746,23630.6462018277
77363,29831.904107645852
76866,35368.26279476595
93847,24971.2428507895
105175,27804.91904708435
90010,9190.356545587232
104429,13801.329087204942
91160,30200.260751598722
78906,17453.078513080654
106414,25767.140105585633
86910,10130.395539745328
105882,9734.78382009996
107238,7904.704203688034
77102,20381.51159885011
76704,12881.946677120295
87083,16656.897277167525
79057,28304.437752547132
83270,10290.45506811825
80561,34466.1725779381
88469,3921.395486924926
78768,17609.924859419996
83574,9873.535433193956
76771,30555.119693035882
98589,20536.55663959007
93091,19967.672907877597
108358,10756.021720892542
94601,23314.638975149177
76151,16302.900173822369
87442,15448.082148012383
93531,21359.462315203535
89771,15091.04669898294
85803,18953.205322265258
93147,27823.38468957301
105196,9881.159118429141
76171,28543.456557257574
90616,13782.704597275924
100032,15358.965347381049
92905,35321.738334641515
95696,29187.77675684883
88913,12653.815381080774
101504,9532.777897364911
92241,15764.243815378328
99822,7354.641852299726
87745,10067.574547131624
105827,19014.638918236884
106620,9687.81602370105
93497,24606.38336938804
89250,13550.752161583194
105581,7886.508732170475
91076,13555.159877769092
83506,4816.0262614005305
100635,12392.790440656298
91828,39426.01459740883
76039,14443.889053129773
80685,11998.47357392349
97571,25623.48845875475
87425,10136.638535614182
91662,19025.48031925154
105161,21449.654907583208
81006,38579.7973456673
82888,16623.267214213924
78545,22461.106089217345
102922,7293.13322332259
96198,9623.18813050002
92979,24783.405344095157
105623,12861.992588519019
82195,13913.012063640774
76760,16420.280801310815
79305,23573.28588436009
107942,12541.89695939057
81981,41768.8156396685
100135,10303.905806999537
84307,8637.579016150816
92628,28814.553515449403
103304,7823.664145018043
89421,9919.703283925925
103645,11074.416947356154
77164,11685.286293925534
88451,17717.370081184356
76488,17609.899408867615
92835,29449.920192415797
80449,12956.43175319872
97408,23288.19793918676
99256,19963.45512539794
86205,8881.988302139596
101002,10320.57427268131
93390,16916.374704805403
101654,7176.351609135534
90595,8587.611391607024
94955,24866.697148995638
93871,24530.769026291644
82164,30032.019901898824
99373,6762.3990166418425
90148,23197.684431368467
83210,14582.872452784984
81726,13080.827895189796
78041,20135.15904448051
106229,9068.62277389437
84209,19816.819679934742
92225,27687.431425090577
91878,14417.324069358781
97878,13907.890486281773
77435,13456.334255860831
91180,18729.14717206475
100272,8283.943912971963
94228,20882.745698848576
80549,13779.033060584781
99566,9335.229342692068
85829,9372.393659400297
102693,9893.567868974214
83322,17668.827272636434
96980,8617.775634470343
101844,10026.3840494524
80791,73363.0043099988
107384,18906.611673486274
76193,16691.667153167036
88605,13230.236157631729
95910,40805.38276276373
101217,7860.051736576846
94833,16473.630491174954
80221,17469.02625475847
104479,7744.453442252931
94405,32106.824401883114
93415,14865.701756689588
82460,18055.566832933688
83009,7867.322766504802
85429,8763.456743742545
106034,6814.2785260714445
88406,10587.146784811936
81623,29394.20587084801
93605,38534.87331681358
103670,15891.574666186278
100409,6485.270150652848
107237,17328.698313509656
101669,9679.45161774346
78854,51841.441569557035
94034,25309.164151800895
101096,6745.214637431153
98417,7686.621546119542
76874,13773.829683138512
94954,20993.141430628937
83137,21514.679830254387
94653,21989.74512814469
87567,16791.30120711995
78154,14908.12078480548
84461,16888.170208909243
85686,11178.450892181614
94342,16446.39955056971
101392,12103.698087352925
84192,18680.095101483887
106701,11702.999508211844
104013,20493.818896530353
82745,8352.922347573287
103973,6305.399764731027
90409,14116.369046963364
90651,8122.113097964536
87413,18145.929755311183
102121,8644.097862771025
92145,25814.621067267442
107141,7415.433820835569
83230,4439.44517755519
78553,5299.868125909351
83939,9850.9889554939
104875,22639.125881263895
78129,33098.93396176729
80313,26538.81248534593
85535,15847.316625471729
108311,13449.444338208496
102292,17634.220567635228
89716,15876.84039078388
77046,73695.54591543923
97611,16715.007487407947
93038,20704.238143133985
80503,13957.674231163832
79132,15579.539449841743
103759,10719.64473352256
78960,18456.068815627426
97265,18998.778244405403
77855,20232.59014577958
97371,12803.014674009584
94297,17291.46047983293
95653,5432.421694027926
95891,28763.285516527478
81947,11908.911371983986
79702,12705.030633929011
76463,26941.87239849553
98065,8786.12131466163
77154,30344.19214028789
77348,25593.986133040384
80987,16597.426287559916
92207,11296.890616841461
92983,31494.662974777595
80731,13743.749542712905
86277,19257.58916924254
103051,5437.57908427349
82013,19793.203483926653
78814,47774.28108605012
80153,37090.39859754047
94618,22111.58752689472
80059,29530.465800235215
105557,9877.893829922032
78860,17507.74678020378
84849,10988.643393659722
96896,12845.522868924954
88244,7931.363188077359
105984,15128.555220746248
82644,13636.218813162195
90970,28154.764061519774
98810,22856.793114894987
85184,17938.112579439294
93723,50755.90372534029
105049,9943.32100963909
88554,11748.85900178313
94996,15230.842410469564
107689,9946.739866992019
81575,47723.33023339937
106988,10011.501867298432
89894,27232.752092558836
81703,16525.72191542678
90718,16294.230042529069
99561,9466.15410511182
81269,38710.66207802295
103069,6533.629355302676
88952,12965.033919326193
95295,15197.807918713062
106589,24099.635955823407
102918,8129.956313491478
93669,32314.380840073227
86144,13308.659696670125
98336,9576.72792515395
96891,14743.2933954631
98576,9234.177141115657
86038,15486.496235935134
87511,16506.31308195516
83642,12615.60015584516
99964,7082.97553045427
82842,15698.105850408436
101714,9961.985781059422
99439,18409.06472224162
108487,19012.946751297244
88965,15574.529331846632
86445,6307.80329662865
85916,7841.621652082505
85616,8099.1377762638085
90865,15439.143001457067
88634,11595.679290543838
108094,14352.607457904423
82654,13144.267523906577
81401,16019.10509709226
85163,18486.762745963853
97623,8749.983140515058
79759,22112.661889033618
108230,9490.324582485035
77757,30883.72788229881
83089,9274.907078634305
92851,31168.12401286773
80656,13322.175361428557
86019,9800.685350859956
100887,17161.081719207086
78011,36292.46015809014
96398,21125.704608747816
85254,9590.044138198831
95254,22363.951021153774
102320,9580.163328133094
88408,9579.444520750792
106594,5191.754562242839
83849,6509.446527578878
79313,18124.593983955572
95010,21773.321640650363
105546,18045.930315015736
81884,21499.49719193872
106088,23181.470209433242
100892,6349.853232099145
84487,18351.54560301424
78004,27506.46882326
97446,24459.61090315324
93170,17845.262606495235
83208,18987.095654489414
88728,9144.082653951202
91300,18758.916686045904
98637,10511.746758968477
107267,14493.541174380245
89956,15410.655310944067
77052,17490.554179813207
94583,10473.661272386778
91424,20179.460586650337
104774,7596.102503953401
93699,22608.1309510264
102986,18113.489062357476
94176,13981.655361882531
95618,19182.254775258323
81622,20978.071047232068
91273,25089.66445552427
102725,7922.846244523316
90479,9530.143851206682
79835,18850.636595427935
78909,34800.12793593068
99437,11790.647751333307
79890,14957.761799768481
77662,16551.27701415871
90320,9912.145167020688
76278,16006.331652954019
80029,14555.826408399018
95797,20604.44126037203
95356,83171.27367937517
101962,8412.133969680235
85810,17002.674797584372
93588,13610.171260745827
85679,7581.707010809927
78286,14312.80006975537
105233,12454.661890443282
98613,6165.719386333804
101314,12217.982608823637
105749,17147.584507358526
106103,20044.0959758771
96678,9379.059373258744
85003,12495.929716820614
78035,28175.626069932194
82443,8424.91606207374
93373,40617.253703841176
99857,7397.553071911007
82450,8630.23152360703
96256,13513.322014174522
95924,30916.57270991692
81425,18793.830814785364
87252,17579.464773659878
100379,10461.3804774763
106316,7779.77964645737
85879,14811.897547028437
108334,10652.079983640222
80243,22376.076524973636
84504,10396.095405891334
106064,8471.591391959766
96443,9852.733744245821
99020,7258.876452611704
85068,9009.597307108821
105374,9191.46018055821
101946,10082.649489870926
92945,21994.458731320963
79338,30529.47031266706
95027,24724.86296010803
81488,47982.17004564217
87754,11482.87041415242
108454,20011.25559257496
91283,22672.415931261967
106232,15209.215170106805
78368,30873.68508471735
101417,18344.948086706125
81479,28542.109550838948
94527,23170.174684897287
76897,22539.652116440888
84107,9629.960145803016
103177,10698.120272676972
88043,10611.202812569905
93710,68089.41473462436
87679,10301.473184171591
84644,7395.109270216173
79097,19016.220932591
98030,22673.85230982004
95131,18407.263078248427
83593,15934.425578642724
82532,13103.26966495215
101675,11616.74447255854
85118,19332.015593961314
100813,12251.478317762125
88693,15434.557333521852
85819,14472.239529713974
104337,12280.948915731053
102104,9075.866882229568
107526,11331.179505866907
85600,12377.58391563276
81771,21852.189524689693
98339,7758.461883853854
81855,10225.71780125753
85755,11484.504475187505
87321,6851.075753474925
101819,7966.225030213298
101569,14069.010470920624
94538,9063.5984100141
104142,25369.217961231643
93830,22293.587468553837
82076,30112.766290491953
82721,19799.301247567928
88982,9947.817713227418
85055,9994.87065417757
101426,9972.959622929657
101136,9107.099684881592
91939,9306.444412044937
104368,24532.335512182406
81513,12686.192594844066
76394,21029.254489241303
92054,17018.599335302082
94663,33804.53349021502
106117,4465.192053002422
92528,24284.16956978231
79929,32993.68876805067
81579,29539.212046359
107328,2589.5181422083397
105031,21639.063852194027
100819,7663.641842148808
87353,18083.029786408435
77698,22688.21752933415
77157,11631.886277553116
85947,18010.901543053595
92761,18767.966872434936
101344,8251.871366598949
76877,12918.908638404675
95851,12038.592713104152
84319,12971.389825637567
93218,15822.652604657593
83770,10695.661275008504
99753,7407.238403426628
82062,21676.113828588004
78053,38988.17300485453
83901,10093.741010731788
89826,8516.867327345139
104171,10135.607465416348
83906,14758.48037146212
86819,12420.604949172719
88150,17681.6008335396
85289,7844.335719541783
100567,3093.8581016764924
105930,11666.516982570396
107244,6410.156472146577
85900,10667.552334700487
83184,9857.534785569029
97034,12961.953509976009
82506,1787.2443643690144
81182,29565.378625496178
78619,8145.644846526084
86046,17519.584021920386
92798,15772.882206495342
86595,16523.524583621107
103854,15030.680478649241
108504,17905.502143376267
77451,17971.979986323808
76665,25165.339116771218
103434,6493.315088149975
82338,21075.231215147764
105189,2192.2276649910314
94512,19180.012638400123
97542,12195.618993180282
83343,10776.933238593449
77274,35620.65456365869
83810,16301.133924346503
90850,12742.427324391063
79688,14804.775562568968
104038,9835.976342212021
100468,5972.66864171114
81010,17190.854622656312
80372,27927.579149626778
95979,23625.44683082782
89813,5301.922887911889
96873,13199.823013884758
87267,9831.558436418036
83327,14085.611293260614
92095,27966.551115834773
84723,6925.9394600916785
101561,9780.051084753926
77409,7561.573272009649
76480,22641.208174927135
97632,11122.617566927465
91990,29231.531156089262
98020,19740.014304218592
81375,26577.647995723237
81903,15077.01400781312
107050,19289.125230761365
84920,11750.400182088671
108180,22249.297588316906
94696,25392.73854941069
88215,11609.622434514942
93276,19479.212545254522
80359,13790.826936634861
88717,3573.507551440907
99702,7655.826058310591
86283,9003.827131248734
100037,6563.3495281521655
93640,31349.219887825308
104313,11211.546946116474
84666,17136.83613452894
93000,26342.11838719604
77512,18981.149251769428
85094,7317.212054949703
77184,18222.62340396364
91257,20509.419882986887
103957,7512.144030376812
78533,28201.08163070708
89080,13284.92014850856
98463,22247.955963865083
89002,7854.669208679926
87542,9658.476672609657
88641,16328.548540190954
97972,9045.815056593232
76363,20148.760137131547
93821,32245.97108756538
93549,16339.289113714434
86037,12223.514121117967
79563,32433.43220454602
100014,14562.21972723855
98717,18749.922101678032
87323,10458.50759193547
101054,14532.827252999272
84408,11711.905627985328
82692,9818.002793731432
91513,41840.826279777786
92863,19413.087093621965
90666,17712.039737338386
76919,39701.11317102283
91549,49369.769893628596
90300,13640.426880929197
106228,13816.427716412954
101551,9601.736715005942
105986,14546.948128116284
78520,21303.922641881392
94130,25662.856249602926
88980,11135.250951047474
76245,21077.56246099344
96800,10706.334887810419
79591,29994.711054351043
94738,22585.960592155683
103275,11285.037361621648
82981,10276.956390012203
102017,11086.425987700104
85242,6840.659940791705
106488,12963.72572646977
80606,15737.110831502427
100861,10577.583429701608
93103,15524.15658994297
83680,17610.933339579202
95926,21815.017303895864
84955,9983.09251791265
102279,10171.792162292088
90285,14520.590389388783
86735,16031.06268986389
89918,6494.295711021767
100914,7922.989480281719
90315,8522.7113943149
98805,9295.728358418342
81572,37984.942509302615
85263,5784.575827423924
91962,12349.914122012686
86328,18674.610893974073
79610,23935.867300190028
96570,2288.917685128217
100929,6669.228184044792
107784,22041.398777602757
94269,12594.946116374023
105574,24594.21749942745
76572,13461.648060374459
96249,18629.082615580643
97897,13239.074828914027
77625,17533.178156784055
102369,13692.058878212421
84079,13775.593610101048
77866,15343.00434865719
83806,12911.374386289304
107540,20521.263648798802
103244,15971.57812269298
98859,22467.46262787706
96719,17650.84550744081
76235,48825.360900655956
76348,7691.683530783632
94323,47300.97707475651
96314,14804.451073663284
77439,14893.993836954094
88588,11216.92205086443
89516,14238.89430527417
92199,16152.4236230644
81669,28532.046150580634
93600,26392.69939506762
105605,9685.861076206005
102501,9724.794953423518
105250,19785.099616213494
103132,15790.466538611146
76914,31994.033321892333
103063,7993.810683223828
85636,20312.488961349103
95703,25385.536275325892
95014,15456.457873408053
91855,27799.751200756145
89326,17503.268863797683
86878,14334.037802085604
94159,27941.910643683812
98939,18703.43662974536
106603,29775.273320903478
97683,13395.362350818297
105057,13061.345468384738
82551,8032.881796715135
95156,16529.50798162534
96663,11122.969771168
103966,16095.690537675671
103721,8941.706386362637
104581,9581.680396472966
99601,21071.976857392
76271,11390.268264429407
106578,11672.61017195649
105436,7334.215421316165
96180,11952.391735335046
93214,17792.476450468173
83950,9806.548031356828
87436,8029.775582949862
78008,34970.41941579572
96396,7067.650080120085
86423,17137.013344297906
97519,19474.755061822012
86137,17078.970192130313
94515,16748.409247697648
86264,8562.18354088587
93856,13998.206215167194
89370,28304.989506984344
95869,28981.344064072975
108411,16427.377843747643
90193,12211.619050629793
84817,6405.3829547743735
100719,9630.509457557133
82801,19399.52066380097
83103,19051.765798756755
103950,7821.353625761965
83927,13283.078741587246
96442,18570.688808308354
92599,14117.421252259623
105284,9626.181775643458
89963,14310.589373571149
79117,15396.942775208625
94001,12070.332674201863
90520,6334.038874622445
83344,17732.544456757598
104811,25848.546185821833
81567,4429.820461923097
102778,8385.706759191957
90439,22248.679331605574
104220,9411.739180638715
102961,3581.172939600455
97588,8417.001313403536
78049,9427.096916432307
80076,14582.31329802379
83466,7792.095615920468
81941,24869.61720812512
105786,15570.334887555779
91443,18149.60056202119
99961,13036.118331378788
96323,10200.834236857088
107235,19294.925083139362
108199,4330.0782624571775
93938,28498.541522017505
82727,18919.847969936643
78548,30124.021062915217
90362,14758.718726503172
92257,24048.323784986715
80015,15126.545177798338
93724,32206.663351568695
88826,15974.280178886222
80051,3336.559320641012
90219,21098.874574598787
83727,18062.545092382858
90139,17375.319959334174
101189,7873.584290379219
85435,15050.386758605888
91933,29182.310136627162
95135,11483.703042615178
80576,28747.296057364234
97289,13615.384397989334
90225,17688.59977086968
77958,14015.095396077493
96218,29058.40806295498
83747,17768.673805595692
85699,13254.66570583148
92682,59652.77890505165
92129,42117.005696619824
91533,32048.542137902386
86503,10070.33718216729
107555,20076.265825065173
98751,25691.05675367506
88145,15512.39500928308
104214,19657.546383679808
80027,19164.63575603005
94594,20334.619076887928
105978,9592.59730281522
81202,23890.21993943203
88343,16107.380380086322
96928,23345.68575942004
89639,9030.516346280689
83427,7683.883087025226
77241,14896.033404383063
76837,20704.664482175023
105316,26255.374038047677
80915,11005.443319793409
78226,19435.90765210838
98367,15508.53796810775
99268,10120.301127385064
102336,14381.122154246985
99355,8705.95495914303
92728,25828.29265192188
105261,21581.009789202984
86321,11448.366541725562
83913,20987.894214777934
76582,11541.41107839478
80624,12311.75568458553
105804,14720.858610163095
101229,9336.848392285052
104782,9349.530382903682
91859,45827.44176863581
81892,21648.931650256578
104257,14746.03811854089
89995,24738.139313000207
94721,28143.35625656871
100123,10668.661323397268
83121,7463.191342385585
89621,8610.320612961577
86608,14008.453502188875
106922,9269.350819700521
96146,17962.133267722977
108383,20841.29412608165
81554,48571.151634749265
101538,8756.351939070488
105248,14150.814042227603
81033,22984.09656428477
107312,14656.829668146502
85588,16023.83834557176
108227,9668.344907551775
84017,15616.157086589992
101028,9798.698754501542
93019,28662.59071681257
84359,7462.355973681764
90602,8128.190037829119
102834,8603.270797754047
85284,10968.551840843933
78749,65441.53749344139
96892,29987.253331599735
89640,8797.888416457025
102773,15621.28829242454
105779,12869.223246477848
108453,16840.836383016296
83162,11176.072910698822
89704,14120.343143741324
96488,8413.132005305313
81546,21067.815050313562
82108,20825.417404203727
96784,8947.264285622137
86526,8542.962506401618
81220,30203.88083507877
97126,10970.477028710537
79954,28132.315051601425
100182,12839.960074632727
87058,17393.26157741304
95026,20602.341296746526
96334,13149.201493194156
92636,18825.362736837455
89131,9949.410717111537
78145,15304.841458365101
106255,11773.015233900052
84691,6582.077819185956
83425,7514.628881909349
91526,24017.93531503037
81170,12066.106403582256
93766,21976.70876432254
89183,12304.597388729782
87644,17788.061386138845
105559,45492.13152494683
91968,13887.311246526027
107198,12002.262682326318
97030,8258.243275206847
96512,18378.034235797964
106506,10488.369902446848
97240,11684.64673098806
98164,4664.356292711727
79782,8715.91027695765
102498,8138.01884753172
86052,9119.769757963055
101070,12983.011783185782
88461,6212.175755229013
94238,20347.688242964337
97040,8067.561166275044
102861,14496.775898836715
81516,45213.50319835157
98512,6988.974055387897
91654,28591.325730787074
87837,7630.504360953519
97950,17974.084510462348
91492,26250.091886976745
86374,8950.819476534865
103671,6991.610276003181
99254,24025.27402286167
96920,20296.923596924964
100733,10420.734172429255
101602,6825.738454372999
101809,8488.864893474112
93626,36862.670649645064
94707,27917.37921426347
84718,6117.210843133231
77357,18310.711805136227
101735,9965.96956020989
85009,8662.11987431028
98213,17871.23816352274
89068,7027.550799016281
76270,17193.838383325143
84608,18107.515205882013
106582,11925.082105212881
102112,14694.118671462644
79840,15876.857035544865
102362,10658.342891451899
102074,15059.678769797529
78050,21329.1165688909
91002,36564.40021001757
91648,17684.100002916435
90182,15045.573628887912
101732,11439.760327353253
108023,22661.932423375183
94586,28309.372012631193
91189,19879.929424465045
95199,23538.824590727578
78510,13735.683327499746
92551,11901.957460831072
92368,21850.813442936545
83335,7877.6246456102845
82609,4030.2011082614595
83471,16018.552403744325
89455,18003.334153447355
84982,8805.591212647514
106978,29276.350431405986
96399,19583.3931670526
82526,14060.685334942234
86743,10776.94279288162
92104,18883.988606037557
97862,9025.365976890187
99211,7826.302325492052
99118,22225.080771811627
97657,26037.814638103468
80627,13294.848912997799
76293,17586.911076018503
83108,7631.940904450057
93728,18996.326675441407
108295,13321.967211343377
87957,9852.040050313522
78627,25679.105014054097
103227,4160.4800056256145
88115,9873.25751044903
89694,14150.148542732819
95755,43076.94840645347
100889,9655.55418416148
76859,12634.802678133341
80975,20515.673382428973
104878,11021.750289171736
105859,19808.020964411342
93283,22684.822201942272
76217,15525.567487475351
90731,16693.884341977162
99826,14306.345081655332
84180,12030.115567379016
92500,24163.75233266728
81956,11602.110309241105
100508,9922.515729863684
78336,11949.664697816013
98694,14440.690980089918
92486,24651.571782824387
77134,17636.854574038138
94264,18705.004961791656
108210,7175.801803169134
98310,17017.893507978253
76260,34176.959365796654
89623,7285.977228884008
101737,11547.835038862286
97665,7972.736929515797
86041,16890.710516484545
86653,11155.925421351038
88423,15118.096466347815
103407,14887.236481073689
84654,18104.46391763788
77143,29983.17854231169
106392,18992.883738987388
86347,14256.901485940583
107230,9929.372705402551
103693,9025.02065487266
82765,17087.281926009025
103894,11971.600415482892
105668,12607.461872563843
94216,10266.608084209143
76250,30537.51861732187
102466,5943.63464458377
91919,18515.85798183245
99138,20559.616116882702
102850,17993.641962869762
79094,25455.247534804683
84552,10589.90490272002
93668,27285.62001323874
93389,15799.228537726707
84312,9961.375623094025
79379,21844.076906722934
98739,6924.707861169353
91448,28208.956599219302
89834,7751.840404040085
105359,8661.021402733259
100267,12378.080933814546
89101,17688.883996636552
76904,21810.522867419804
76664,30041.59261185839
102621,2357.828272117798
82337,24791.456430769962
94266,25506.265077725715
84994,16423.317716244186
86246,12122.512152541267
96923,10365.54716611669
107661,18994.011946240866
92401,18163.238947718943
96296,11940.151321568941
85114,10980.772285821273
83081,10091.697071103836
84948,8948.947825266874
80292,15537.538318504361
78938,12108.644604034042
79942,20720.798080039724
80899,25535.199244978132
102476,11330.012053005421
90589,14389.114395787987
89944,14778.928334057071
106241,17567.23761041464
99835,17822.008921158693
98665,11068.412449177253
96516,5988.154871212586
79065,21581.11714460932
97070,13955.31918371012
88721,17151.187077011025
100311,12232.47194776214
97912,6313.8221335320395
101514,8600.867944799325
91763,19884.54790614003
88488,16037.615151331263
79955,8704.227070069413
105677,7495.055320162862
99297,5849.111353615838
77377,10268.657444969089
95552,15437.862062526769
99704,15029.388314213742
82097,49478.4323148557
77067,8603.456180498339
93326,15205.781744373591
98258,5961.447860258035
98900,21960.717340473802
101474,10476.454346389442
91945,13501.938862428977
78816,32881.513395457056
95208,11002.219372932848
80788,17406.28533059154
92446,13018.328886648176
81929,27541.799623073523
101068,12613.750125010902
105116,8293.722491193217
96828,11449.71293209361
102272,9163.513329346668
89347,22183.053020086263
105201,12416.167465139908
94146,15843.895300596057
105641,9661.35799508241
94416,38724.24287119485
89152,15678.425247669411
99500,6649.418060571726
101711,13355.880444022458
88178,15551.910411327643
94259,23116.585405823993
90380,10566.635300245878
80659,54091.924549168354
94687,16049.120986623844
100447,8651.640647425784
80895,13589.857976488402
91806,23397.607664797688
82758,9497.613793901004
81850,16086.74784656737
85521,10461.418418707237
92432,19695.53729162432
78318,56372.43881490255
98804,13876.213089839697
84403,18015.450039151507
100979,13220.147107381805
80559,18339.694583580582
104553,19411.286441097927
90570,11327.579580398093
108278,24248.637722231426
107134,9433.290859536304
84351,17069.69127888808
105418,9623.532072129972
93910,20170.409518832133
98231,24211.775167159518
100789,17473.791855438743
101332,10937.46167134291
105715,9332.721670262343
82170,11216.060107904648
101526,13025.716448582853
89070,6092.861603665746
90429,15201.71581270626
91152,19509.347233391847
82374,54105.48025504785
81668,29266.436939691786
78914,17828.367978248607
105239,13196.798829388601
107483,18884.51327396847
83354,13707.919923384397
105252,11918.717597566072
93977,20209.612815392968
89807,7695.548721536937
81551,31053.830638961834
86311,10626.733335594887
85966,11300.271317264462
83878,18733.568907559264
103342,12807.060814129534
102398,11921.010557725034
77021,67801.66867783498
82755,7959.608992823673
88635,7073.026182550891
105457,12554.223236847767
106552,21558.522405253407
102641,14506.539991195974
77582,22656.428286347753
95453,49367.424176045206
78388,10527.537611268532
99772,16209.758488799622
77990,11289.389513510117
78944,32201.65462348122
88290,13747.81279577179
90011,5489.262480394442
89540,15953.285746550804
78904,27381.38750774913
91379,16469.28482012502
105750,11319.987216554728
95603,16616.799843084784
92481,14630.771388091758
93463,16944.86081251366
88974,13422.421850223665
77787,17640.041791327425
101389,11358.299675488217
90559,34063.086859148294
90421,12890.241004652764
107190,25108.42366867347
87506,12713.032775521544
101147,14359.172444969965
78096,30970.583661196022
99840,6577.814660435957
89677,9691.220910400552
97991,8965.697336478243
103556,10033.208618680868
101327,10017.116651500282
108008,19625.710329288617
107752,17723.926325918703
94554,18519.13045030841
96408,27994.181551986498
93573,26026.724320647034
83674,10426.04654703957
104503,27667.93632917516
93082,23817.26256930706
101841,5872.0549372110745
85143,32113.40835196396
76781,10190.097608496213
102153,8230.1832398604
97411,6670.448588424251
101676,8746.059532248612
103176,11507.96323985043
80879,28571.852388211497
79695,17814.565526368697
106987,32669.07207775562
89095,19370.37749089145
88707,7825.299821231904
79935,13721.554669709967
104678,9870.834212528602
78644,11259.004732189447
101947,14294.273141327123
85390,15219.523386422687
94121,13435.08206839691
80525,27315.07696731852
92964,25734.336958123575
81982,28359.42450226102
93804,20045.460345665007
95574,29092.271307817122
81710,17566.058855820233
84452,17401.206346636463
94410,19653.387294301767
79137,29105.650788984483
103270,12519.875998144198
82736,4602.564182838336
106741,17422.584725800152
77630,18387.7711480221
100426,14584.565206623673
107231,10199.787158928882
101001,13403.323081740959
95067,16577.265117682928
107197,25622.850566937628
83522,10993.981817258755
80239,11417.614300478654
106389,18099.809381124545
99072,14632.795072738138
92779,25072.308859749788
107906,21043.26655421463
81289,4194.974926707778
101206,6855.00092704103
85646,8870.643677589904
95202,26789.743096835253
96423,6293.445283559826
106597,7722.5179241027845
97601,10588.506512761529
76974,53700.67164228491
80171,26833.846534454773
78391,20224.92569029223
101424,11008.220070834182
79548,30560.682874840448
99083,9173.536103970548
96204,26741.825209762967
93318,11063.716608492949
85745,17865.361090709153
79531,47922.273062199376
106411,15893.373003821098
88431,13369.313705264216
79827,15272.842863416727
80860,21752.602967604784
93114,30053.521872579415
89031,7686.698593988483
105755,17989.407691780216
81286,9838.732913182193
94641,18751.14003833686
92196,9778.320572028992
103591,7027.453418555546
80497,9709.700419488861
89672,6855.837185247553
80800,20138.679489755945
102146,11055.518248273374
106675,20848.23351506181
76780,18053.252060447554
79880,38562.546050875135
90306,14538.002960437845
102271,8686.414269206496
82996,9571.589479060474
77929,29787.12972379759
86610,10449.137541619773
85316,11493.169146468708
91134,15802.9243016692
87377,10645.486310027241
102946,13357.469576457566
105420,14173.199041339436
78375,25373.474690321313
81157,11133.226582201254
93430,21417.703510665237
90671,10353.687096186133
98881,8034.523804585787
107152,13479.21906834382
106056,7589.275392563049
86256,10080.088360205093
88692,8005.516080989393
98622,11597.735902184597
84068,3387.6497092354457
85863,8647.832106615655
104131,12376.425733716498
94296,12964.759331927287
104177,7751.938485106111
105126,8036.52924444219
93360,24999.270915689576
91059,25055.79362806143
100015,9825.524918630172
97027,10271.707007356568
106300,27639.31257352885
83539,14500.646057790627
87099,13660.721004652823
90692,6701.983447624403
107313,14341.941306446659
81341,54871.09111774773
82901,11994.838404418142
85576,16562.728152165146
98646,13332.141670911602
102552,8279.265003520688
84874,16030.676691032026
104768,10749.70501993222
87768,7027.226608532981
93342,17935.275838995065
87241,14473.292155720897
103615,9450.44464387552
98526,14338.896735294953
107464,12539.128023738827
83357,17579.639006673115
103171,7616.425132832801
100341,11001.852859990426
104547,9789.66504539265
102882,13301.303166592921
107531,20110.08099172014
85433,11497.93599172166
78435,17618.102776120853
106094,19084.181865571933
92625,91154.29212404732
100319,9792.926788170329
95937,27182.07136709655
88915,9596.2280857882
87681,7774.217653375125
92428,3228.796461111478
85427,11785.568209575382
105372,10406.257624716198
82482,21647.93205715744
95178,17944.19732372968
106881,9497.458688061794
76562,30238.309436463853
103710,10843.45202487506
89109,7698.2590235069665
92522,28483.166352700213
84821,18688.68025129795
80597,27667.25680104303
104040,10741.752577530828
96115,8204.550593279326
82818,9021.960551117061
90316,16226.415966774835
94385,19835.309569998255
86823,10057.83449171905
84842,12224.263369997861
102995,6492.852668024577
85397,21622.112142064547
81427,13059.697914581428
102461,14834.392437724557
77422,33987.866565435244
102354,13691.706921499992
91822,22220.74544498555
87427,9814.162733645002
105450,19662.485331105454
94789,27475.234346903606
106631,26067.81981595654
97004,12495.312745816565
100826,14538.584301325141
97915,15854.441992672984
93253,31500.13132909593
85776,10058.609439813767
105562,14726.563043961978
77560,16486.32303260026
82659,9999.524152322001
89531,16953.552685950854
94076,19404.890185023185
98457,11770.318159885112
96163,24610.387522935922
84779,9829.548472301058
104551,17904.336855034024
79934,17135.683613321125
84896,13812.977547756505
99393,10734.620233969505
82051,17510.33468363692
93247,18462.78960791324
86929,11013.275829394554
106943,11494.57888263796
79979,26044.6121584252
80912,19513.88179792364
105006,9404.990396231342
94368,31279.59021591597
81871,23818.306851681813
90338,11255.109124738947
104271,9822.311859670803
89984,6634.244485296117
105122,10083.953172488315
104308,26366.267584813137
92941,28976.19778403113
87433,24262.978972416775
96289,26501.229561692708
89130,10707.508107153517
77233,49572.191471057595
96895,12397.422533305318
90364,11942.62820645404
76283,19492.15691051124
77689,23505.870290391576
98366,11038.808781667609
78025,23719.415802694864
96644,11705.008797233348
80641,28520.57341828705
80271,27649.644876734474
99003,7819.15494236968
79756,5206.068101137661
76981,10243.430545132956
83320,13792.181961030607
96797,4968.906451114449
86350,11172.97184423469
107535,16787.03258579962
104370,7529.490144810319
100740,11080.90257056539
85851,12787.05277377218
89132,5345.615014533685
78746,25130.100635647104
88999,16848.334544281868
96416,17501.902307432694
88921,7500.061363670939
101078,12410.226032643848
92447,22542.573497305275
77960,17032.430242517537
106799,14941.648743392901
99888,21041.096236777787
83252,17518.489360276868
78645,14494.991882782311
92233,22689.255162609577
104026,8358.51213696903
85148,17211.54506705369
107726,14514.020183716753
93331,21642.89090319468
106236,16414.67270758288
95282,15184.565887275972
76222,24348.39298838456
84158,5158.574947375798
81857,39135.75030504584
94698,17657.827348559964
104680,6648.9595042574965
104366,20829.29108221471
82562,16976.40333870788
89753,11568.59085765806
101937,14228.758036825173
76600,18970.351685680016
102683,5544.818413079367
89245,18781.83651682148
99902,11361.462456861822
106525,9688.490267066141
80738,32360.9682568915
107909,15509.996073215214
105939,14574.648772723189
92485,30649.317866820053
105128,16041.246446032832
103147,7252.30728202929
96539,7956.53595160415
99656,7850.325395591173
89755,18694.277728707268
88400,13082.650249533022
82968,19028.159836334384
103521,15349.867641385503
94755,25387.49813356553
82278,31453.98126620951
106205,8003.400923724332
102677,6167.77355296673
103577,12816.92452211566
88365,14283.323647885256
93543,15739.278244096951
103285,10464.87805837052
91445,55118.27557076086
86676,9821.91113565927
108086,10042.326857225062
97671,13388.843559322126
85193,13037.148323788391
80220,50465.437626944295
107824,13145.712516344516
87246,9076.534432220735
85080,9092.80305371943
85470,11723.70651160658
93453,31304.933070260602
87214,9815.732940399734
99010,9016.99419657711
77246,34231.43121143826
81671,14961.714106342026
83651,11696.135764271401
101085,5767.542462572342
86961,10750.408940296591
99154,6783.292482591702
85563,11614.201366362106
98972,18349.536668108565
79331,17399.32870054411
100112,10440.721129899614
92540,17506.389189974794
102135,6162.966982516317
104980,21897.926716912272
103442,7099.523783001286
104320,12143.173660074508
91208,73412.63951553391
82486,21980.250632683874
92052,10485.759528499277
80540,17922.733151127493
89228,12317.41019668474
98960,12130.946096971027
86821,16931.91165175456
95220,16549.249779001126
104196,12676.511059897795
77934,49402.5028955891
80965,16130.290641132864
80864,17245.873200821665
90303,17172.832235121612
100396,10405.446370974429
98226,12342.423920033327
107713,8462.120881379202
82199,23938.698954581072
104715,26729.56577540747
103412,11956.525481051762
77224,10642.272710766181
79149,20065.974873426374
79332,27462.41326403397
100094,15621.28829242454
76280,32797.34534310602
104668,20738.591039670227
106239,11343.486878981334
106918,17808.892540874003
103738,13104.400828118629
99768,16698.595543810294
99895,7327.986621499014
88553,13392.408497052938
106781,13272.292400893602
104339,20945.8978084361
88198,8325.139176609824
77024,17566.16786926795
90492,14288.357526003798
87383,7707.949520386222
85194,6799.927726202025
100821,10422.939879292651
86207,8518.822179494611
80736,10922.35253061978
85035,6497.6092575124685
77847,9456.135893264622
102444,8469.533919325058
101635,23381.481005864538
99639,8504.86676127247
101365,6479.0134795363265
106612,22845.793647778948
89655,13356.157248832156
96679,12184.579435519523
107353,37198.65285237923
101805,10438.419242551547
81804,17701.613428169923
106783,11924.065034691306
101047,12697.723146636778
76164,46844.508876151325
106524,11756.82595293723
104745,9759.412833349077
88874,11479.820236928195
89206,5592.977037495134
88602,18963.667253550517
80458,25142.079435467567
85756,9640.193569549425
100972,6798.342805597331
79897,29846.86886580862
85913,11216.694433573377
107705,22148.673263955054
102659,7463.903150943268
101994,10564.193748649306
104004,10412.229580200263
91171,44999.518189337185
100207,14419.48650410115
101431,7329.854966912301
92034,18887.12325794871
95470,32224.972256593817
79276,33092.53417850738
101893,11975.690029934782
91522,29741.006466177827
94047,20957.801392547306
100620,15149.111054482413
97405,10642.23356246536
89277,10520.489640585085
102728,11989.686131057511
95665,57608.925512370035
93861,14876.251812440607
77779,10968.056842530399
79844,19213.5574360612
102549,10698.69246893581
79764,19380.924428723465
106543,16293.202021782148
90127,12531.475448269533
78759,17872.89216410254
85232,17214.19853173477
103173,12542.294750447678
77690,11876.040438615653
78669,37458.33831153557
77821,12388.113843445712
96869,8472.24122095346
99426,10161.55534543125
86596,11400.179395204696
102352,7890.322451387242
88825,7857.142564232005
82595,18861.031367017396
79408,22807.75430814966
105771,21013.391236673568
92499,18665.78460839882
82744,10337.933198531235
104310,7199.391569927564
82965,12293.328862704022
108492,19836.70893831071
102748,7580.131852257874
105549,19959.604401224286
103794,13920.110940266637
87574,11741.02756172221
77090,18695.25851711846
77729,27923.869592781735
92854,21167.80189941769
82724,11307.7675661779
76843,8343.2218281943
95714,9100.769039187684
85077,17728.651817595513
100035,4576.058825270258
76694,12102.968581599687
86970,11494.952148038816
93243,23929.540227602913
95700,23342.86885449687
103907,11711.272475979633
105698,14823.603331220875
84320,11198.37912504352
91561,22143.692138049217
100459,7316.086213215659
106398,24292.72002004744
86911,5084.804572629968
102905,13650.571349856371
103009,6655.354658516374
76287,14014.756127494653
106832,10489.206517678856
107240,22114.17741894389
104164,8983.293345561015
96561,12722.23965975349
81823,8555.545748277364
82102,20780.132679970386
81420,26686.3386475896
79102,21278.701011232308
92252,15615.0834616654
91605,24156.593849433066
94353,25868.618247145656
76883,18960.488763428253
79941,19261.060916399492
102977,7653.067697120677
104975,27996.003689102687
86138,20573.527178929853
76309,21364.896307819017
104976,18454.781144229517
105819,13408.867604668772
103115,6917.57804575619
78958,20547.459386075876
86851,7012.451766961494
91889,14163.993550651201
96977,20571.128908306
98888,10327.239816299623
87642,11700.14117752473
96835,20047.45649372393
95915,28336.69900160717
89880,13363.893171899403
86974,10501.438156930357
80793,12819.393721978873
95773,27374.887257641305
92664,10446.85117476186
108423,13588.811720162685
88073,16399.70211658449
97731,18967.682726189676
92705,24410.44902382701
98275,9240.178596139987
106563,7354.291551749517
83216,10619.201544744315
108252,20591.09329587044
90052,21830.536434631085
96839,15516.124652960647
87847,7490.938857785675
101778,17133.378034660982
90493,9222.49303942723
84236,8098.79541067776
94651,25796.497682537538
82828,6583.143023680086
84570,14351.212015874915
103560,6128.291477913905
105414,11376.631334774427
82874,9574.553099428316
94023,15622.011477924792
99936,8843.17442901564
97927,6537.52395191741
85922,18770.24702390435
92409,16377.070810787685
102547,7694.826661414747
98620,7716.127134749251
77418,27589.84816890359
106846,22901.00648390668
90794,18102.394612236913
102848,7819.635139042221
77668,20006.47265404578
87057,8826.181615103304
92125,48381.5987687879
89356,13495.67886085349
93931,17198.63302101364
98496,7860.058434341922
96762,10853.408918342879
77603,16637.17586436713
76242,12737.545745481417
77854,20030.82894366535
90496,7583.219982077411
89873,7999.364739040598
81047,35749.3243241999
81482,12866.820355120652
106630,19496.106477017518
102807,10191.588027867327
101397,9638.48417031077
103459,10345.371054762934
78508,36866.90730948726
87042,17635.824312688586
106348,21097.98982493417
90653,6459.453987139578
76159,22621.05336673754
87944,10344.37287408453
81531,24018.04069162231
107875,5611.303519187233
99542,13419.511112234515
107359,19586.494671136013
104564,12916.53525804065
82560,13964.549762717481
93591,29009.39854247481
103234,7530.367631065232
108458,11255.325829761206
79888,13510.145058817076
76419,22701.80183692372
106649,13116.536008730558
90004,7866.745002750815
93201,36952.0539120842
97558,17869.87168266185
83097,13858.463264376795
96492,5443.831928197804
78413,6934.618253260914
79076,15773.858183772869
87061,9681.407244532731
83665,13121.785743484534
97131,12691.261568015496
102075,6924.733212855614
99331,8014.601737273653
82067,47514.10132792448
85459,18979.26909390018
94510,43391.10029602658
97875,22484.47944018618
105176,13442.999754861543
89196,6349.8943013338285
97424,19005.326201039352
92886,22259.2383710532
76660,12395.602722461777
81181,17798.537467020575
93133,15767.26110242718
84390,6285.280916999594
107413,24167.196874752415
98681,10414.625392395577
86318,2151.6624323822925
80893,24459.39481362835
106409,22335.682661678646
101539,14406.355287445422
107735,14041.563036594911
103362,7205.220044874407
95493,30448.478479692043
95573,25105.765013768407
81435,27500.105885580804
89730,14499.201751653862
104812,10494.9631939981
95540,14956.128169316793
105693,9570.594314533044
99879,13194.27586982734
105045,10135.62032719822
95556,22790.625838779513
105209,12253.487150817891
77262,45406.04002647638
88746,12370.761907019954
106257,29516.176511307673
86665,12820.301329130478
99714,17187.67040848235
86308,4255.567586298435
107814,15101.979269408457
104110,16689.453592441634
107020,9883.073744298072
99899,7608.590975660532
87878,10495.286545256662
107898,7635.030256321585
91803,23474.606827267064
91708,28142.686474631108
88131,11556.68345345174
94236,28839.177728640116
94787,40971.90581731504
88426,6414.189500434102
82052,20576.14373882547
81430,20529.74613067322
103458,8005.427946707995
87322,10679.912913254926
88030,9724.408814414324
94505,32667.202425828666
80104,10339.680598732868
92324,29070.039735407867
93393,16812.540841030124
101185,5490.038819745969
99944,9786.554743144647
91381,19590.180700503905
102720,7834.248491175079
80107,25347.68684586539
93006,31505.14764347808
85248,12201.295619880111
99068,12510.036379231773
76834,52347.449030122094
89377,11119.92539218645
101452,14163.228253353205
92548,39991.42003584079
100658,12201.904888848674
98383,51513.76031819726
77915,28692.048001208997
86268,5764.461136447818
80304,3717.45770402301
106680,14926.912606459488
101132,7008.867910977098
90092,25563.734182110617
100329,13907.856977859756
79943,13996.264251123966
104189,15337.597372884666
107250,22243.886714230113
105088,8073.346264093846
88824,17558.606518393823
89166,14751.828376057916
78748,17428.03549985166
80118,20324.213970283497
106238,30605.661080876176
105638,8994.960463869378
94974,15110.68711320326
78384,16273.578484547186
93451,19638.603069265686
98422,6790.5157007491935
91430,41198.00316006711
77519,20744.959984525416
96946,17059.770084416472
98391,6130.95518532959
102809,5837.856580170099
82926,9841.737630934555
79108,21745.416616259565
96213,21237.42845275346
89205,5406.765860637234
91600,43068.5631374518
107292,24636.904463333703
90688,20830.41344067583
98776,7416.98469300207
79778,15243.514873208625
106834,8248.1960409577
107835,17949.658449593608
99788,11127.920033146867
91133,22982.51182958378
82747,10353.693393607828
95651,18821.468725759372
90035,12748.640324824833
92821,12759.045390273954
93614,22393.29995435841
85993,8931.241166814236
94616,16491.665314033184
97987,11865.482623124184
79300,20479.561109917973
98588,8128.367989619564
83355,8568.494246401136
105664,22696.18612105345
106502,20910.860323094166
77235,24388.920706281355
101503,9495.4090825378
99569,28589.43454681585
93332,15478.378782398708
103565,3546.199538977834
98223,6007.402411533224
89090,11559.365766663075
101490,4852.767206126512
89428,9907.691559939216
82555,9227.911489218683
94744,16976.868944988826
97092,9640.487952946063
80994,23004.96501362442
99486,8699.411903875045
88556,11314.415998050228
105789,27375.296860428243
90968,14424.991027378257
87386,11945.44237271925
96239,11584.902398671622
98412,8765.195175237826
107073,11559.412258182485
85775,11969.972197446734
103494,14354.550628817442
96232,13359.174614372563
95146,20778.241471909223
101493,16109.987866334448
108369,22992.659897163194
94214,25318.66634253929
95377,15815.194302331824
80081,13944.35442038825
81186,14295.849039359522
100638,11815.191979396699
79228,20544.802204093918
83296,16308.089043035958
78663,17814.95536691998
90474,13270.30058593148
99746,11801.762203828379
80600,61025.861496639984
104132,15848.617885398586
77292,10990.840581732728
104314,11961.789857157368
92563,54645.234242487655
81135,20655.51049517555
83199,13688.282962053947
103083,7264.94057678496
88165,7329.2779337267075
93492,6876.80373147044
80502,21072.58268449191
87640,8042.744518954346
95862,23810.518562339363
97106,15832.61509407544
88353,5995.242662174063
99443,19758.131328657335
85914,7174.238880910827
102522,7776.613065081971
94035,22557.999719185766
82309,21288.91173855311
103845,13396.349057791342
82955,6834.890624564474
86039,18486.136012757812
76890,8474.664550051415
94862,22518.071359543665
89261,10626.910763118573
95261,29502.120544842874
76543,27416.30935613915
93805,17296.830830112245
79387,29801.165798549504
105256,18810.72444829176
103632,13604.234680089143
101647,7951.15494187877
90779,7900.550233049652
83004,8440.781513049185
82810,5898.121175457952
89851,6584.720334051364
95583,20726.20998706478
95318,12370.17801464119
96740,14333.360272314572
89999,5918.196385187414
101586,6203.499865392948
90205,21794.44991071125
100202,14403.108357692085
95896,16298.646818893236
78190,23388.364556381373
106867,12263.655003327005
103122,6834.662990529993
78800,19266.582234850885
98137,10242.589015389889
104071,21044.55964906672
80969,16829.542118605714
93695,14117.49855384417
79235,15107.722269967953
100233,8009.358025722534
103673,8343.416953775504
82811,11359.034181742696
106273,20562.335661113597
81714,13758.397352705775
76623,16665.702193100085
98396,6999.243270672615
87067,18997.548777687094
94615,29546.193337727753
91380,29015.62619284881
81368,16153.021851763015
100189,15375.913040838403
83055,9794.41740554103
104726,10998.182439448676
79494,20708.047522012108
86895,7337.559307667905
104253,43309.69570724814
80451,31079.307055988895
81633,27680.609847505482
85761,8562.24179554073
76040,16661.442612499668
86749,6142.845372430515
97161,19894.626562395602
89492,7581.837829324341
101063,12723.541159448201
102557,9692.168406678247
99966,5462.959872111417
93615,35845.17641456058
79812,14559.543316366513
106083,30181.830167150227
91688,18867.296067652427
93348,14803.344067223372
95861,14445.091980770838
84278,10654.826653645167
76892,16910.20798202972
86674,9723.045875254946
76138,18590.184364612585
104974,14167.362283804432
102421,12698.117761375139
82617,16454.20212014761
90307,7533.572565908471
92258,21683.055026729264
90255,20896.119572403604
101498,11863.727677492749
80567,14733.751006218066
95321,22050.24086581692
86671,3087.0068864102223
89272,11059.2690431353
78823,8610.201494769484
95185,23457.173590269576
98753,7217.918164102818
88611,3537.6827351791567
108390,13733.196087962373
105366,19142.883482835154
80433,22003.50395803067
104145,11014.016889740064
90881,14659.46499037933
82596,9198.92975144668
85279,11006.339322091948
105968,12187.5418265451
84463,15814.132366673653
85840,7843.14962411881
78708,13119.56402494993
81642,27246.796604472376
88004,10605.813669558729
97345,25829.10671430644
106927,6792.277886961038
78351,12543.180849538378
91596,32717.80608422474
98390,14824.306023175075
80145,14769.03214348167
88364,8382.34408481662
88715,15966.361541378641
100449,11727.71714703013
92076,28112.059052838184
102573,14502.774970417286
89983,12876.184838402247
76338,21881.660039496615
78076,20445.592963939805
96116,12470.98155928407
76662,17806.130885077087
94194,39428.50746623035
105200,7010.383868882171
95232,16498.92108729969
85705,8773.951617908699
81683,6324.054994425112
92007,42983.41869909604
101156,8048.445820649265
96857,8872.895436816694
91201,21194.7687737035
77066,8876.22741878292
94938,26037.040435003488
82691,11991.260844495799
108279,24167.34366862515
101317,11327.963359652807
91872,24502.005633725996
92517,17764.890765619235
76176,15664.874075214884
98840,20821.21095036672
96297,12649.039548441484
105077,14774.866671034124
108306,21799.40513803425
106837,14331.605443077084
80906,9671.150518545881
85979,17609.225471538717
100004,9699.85999275924
108473,20989.380956321966
77203,19526.286361566716
101523,12328.009641134642
91769,21200.698602129127
95403,24702.626512287923
83930,9199.580902847527
95272,27151.53460702717
107063,16539.630592145106
105033,7543.4886994773715
105705,12651.642205392214
80224,19589.4306630529
98468,9222.743884039153
90993,22633.301663895778
89413,5389.181316521355
98561,19753.256434512135
88199,15907.782875927958
95082,16669.768712466976
96647,7493.669403796923
80307,27074.105955832678
86717,7812.162665075667
107754,26847.53178026794
92740,19842.061816753117
89653,8931.277275195676
83458,17309.72066390525
88918,6389.986575329492
80859,16632.819836050403
76830,33402.81006320162
92727,14310.752999006016
82512,7969.704859683743
94918,31591.921354119113
96158,12043.850291297094
97812,30036.77675110119
102820,11263.472870080319
88655,8977.035240756242
86512,16426.64389694577
84814,16968.06534345679
82832,19679.50388466632
86946,7610.5211115034335
102885,8590.2416009297
86598,19230.896716638395
76927,48123.57557373071
83377,16943.92140177943
81917,28437.873028548725
92972,21769.106651482667
94932,16757.479762989904
76026,38060.11167962549
82383,30462.654136547208
95697,26206.330722216815
79489,26993.715322423068
102254,9925.065164173808
95248,31185.119323068662
99438,7745.149467815835
96002,24568.271069238464
107266,14244.90239838906
98233,9256.491484995126
87721,11828.323081093156
76462,46384.72626507953
101352,9993.462691104012
89118,9672.075103412362
91908,23646.747141642063
94169,21356.0245110481
105347,17296.973221641125
93347,19884.189765214876
107981,19214.919320793746
104698,14193.801723009807
87678,19213.781570041283
78945,11267.931459897605
106051,11687.867450530724
100768,17531.85362483256
78915,30657.365852809526
101837,3492.2071147236857
79136,11359.677602608352
97035,8190.982198757392
78591,49331.84888014714
95969,32139.74779238004
84208,9114.172354594912
100228,7675.4283652248605
97687,10923.566212672527
87591,13826.586919967322
96149,20768.900529558596
87736,10982.926350325675
87550,4103.345348857819
102052,8298.275095270632
78827,33445.61376799393
102402,14622.506572291513
79412,26280.575122339425
77865,47525.371080273275
107971,8769.360463860403
107469,14568.067852975992
97612,10621.90592712892
108451,17676.029760253954
91741,22446.906724236167
97524,7249.617264667953
88979,13940.18305347371
87740,16187.939300131135
98817,14416.451035159762
93862,18500.247020812963
99648,15990.129344494635
76643,15943.740638737198
107633,16845.46793642746
91213,24823.210111982815
90869,21363.59936445112
85444,16859.666237517973
104383,17436.708527899398
76870,18509.958173273655
79279,46491.52277373786
83999,5531.403709145315
98596,8454.028916269564
86831,13146.841307813758
78863,31683.98748725509
98360,7309.108984049659
100096,11779.802571841237
104448,5902.772507237176
90367,9144.922208105045
103277,12546.822060632676
103728,10121.911935696162
84370,9452.017705400773
89978,7584.976228733815
92359,15656.05593512194
90135,7233.531234767534
87969,15730.46801763118
102318,12393.260925106244
76607,41461.36559057499
88481,12110.999248184122
98436,21732.500423896778
92888,63705.4827805422
106269,9033.212752838874
100538,10633.020789794156
106326,11586.740519984673
82449,5435.402720788358
91142,17813.70978218488
80150,22460.45131284448
106004,18911.827250223236
108069,16820.01734598254
87037,18149.468900234893
101280,7829.489669427126
95763,16966.05051459243
86504,12208.700442636895
81964,20778.811960172327
98685,10418.241623193944
103215,13870.552181783174
94922,37039.39765612537
78554,26478.253383342144
105764,10158.95932513707
87972,12674.925134236057
84358,11760.139020301393
94964,19526.564600178146
103241,9100.989210288248
86647,13579.757114870838
99158,17897.145657551944
85420,11000.129260516567
78077,26298.358721427492
107422,10414.62145961152
104022,22155.72204389597
79737,46646.50422156649
80207,13831.818129626716
80967,19411.64893260073
104178,14554.427301311542
81030,18096.51674214902
93015,20367.980211622842
80407,32854.5389690667
87649,17000.452655804627
76690,17558.2722224329
79789,24036.60581398123
82746,7809.512084934668
87159,12830.55629434406
105962,12608.584826980898
86711,13476.765477679277
90644,5440.356420369972
85786,10443.946137044992
107631,22073.5564036279
99617,7595.924787716341
96261,22777.40863804912
103524,8374.696423926722
106761,5632.591148239208
85261,13272.58460820755
82784,11119.790393394102
79866,9198.140721374284
85332,18738.460126162594
91102,16764.30931044964
86628,18664.49365234828
79673,31935.492520184627
83347,16553.65534253895
94145,21666.689068786724
106036,18414.094953616273
82287,14877.240386516707
88789,11483.228512461132
79618,30093.178811172253
94133,19920.53499117852
76165,18804.616215937433
101369,5678.843696962356
89387,8379.681975954489
76789,35443.18163364224
107309,12844.51473342466
91783,25046.825911728836
101897,4553.136385313303
97745,18114.440590511975
82133,44959.45109772618
91614,18297.592682779687
97308,10881.525533918326
95044,45217.200221049745
80363,19407.09401911958
87137,17500.030855564954
80900,10002.305899976049
81525,31205.7699879388
86772,11237.992470366069
104784,25259.565806384835
76211,30820.600838995084
88180,11340.257227525504
107375,17869.863459765016
87142,8221.379729070242
102944,7199.210859811672
99258,15731.146392174682
80209,16154.358911217816
81591,14244.720871127513
101494,11496.620806098814
103703,13223.949332713337
84613,12190.220719259738
81070,21838.535325764165
98675,23527.061622180212
90638,6286.141415994815
78215,19791.153074340487
104188,9460.42293311213
79525,24963.629507755577
95362,20918.420123720094
95717,8550.739077632104
106872,24728.09445822026
84301,12907.891682543028
81601,33261.736749372176
86575,9288.809653340593
100108,11219.20170730284
98140,10151.54909713333
80480,17512.502113385275
105961,20968.408811042096
88147,7087.18593131281
90426,12881.610246052353
92503,24146.9442991677
91066,23734.735335515517
103976,10637.454470345665
78267,21624.611773861634
99535,8228.643807093178
87776,8123.184425964887
108501,22945.22408035302
102285,9897.110932838124
105946,22131.928049071055
107799,14207.351450594573
90291,14262.37886544624
103617,11219.20170730284
97086,13597.503808492425
108058,18857.51792176015
84663,13499.966234008361
83054,7675.183528918329
80706,10477.925800739264
84885,6931.402206791547
96741,9760.088447063557
89018,17770.17847574965
102962,12499.673195863787
107208,21786.321619017825
87254,9200.076240568445
90928,33716.895201175554
107211,12521.882912560135
104636,14511.39246787347
96902,23379.40086560063
92953,19177.67425697727
107082,25432.37797331241
87483,9563.818317115525
81493,21903.625167873404
97521,6269.084739936167
107168,51946.15009595661
94004,25218.38386206513
87794,13736.76146530368
99172,9594.498457586968
78673,29580.27817142442
77673,49202.11132160887
89569,19603.090662291088
95130,11107.156208413171
82941,13105.159235188154
106278,23848.832212030444
92295,24098.977780590467
100500,7004.049773949584
82192,49719.18169935943
103583,16519.420845579334
76059,13744.419543146962
105499,7804.1883173567785
107083,11953.719798540951
99563,9237.778228181678
94951,14274.457296787457
103148,15190.37364182033
91319,14840.097812317978
93386,22389.603476729226
76109,9873.14837823544
82945,7021.018555663336
101785,10231.391357604669
99381,3945.015228144068
87060,18934.558293243244
95211,30026.106886874917
91694,20874.977375616127
77173,53575.320167284335
82094,13661.159521198584
102120,13833.895050331823
91721,12656.075699125882
88100,7549.565722786628
101115,14868.950883383128
104595,10829.083574264097
90098,18456.068378008702
89595,5943.4681348066815
82269,38190.066995876674
79900,19568.83646529579
90360,13564.317524170227
102462,13685.408343086483
106639,18760.178926688317
100825,8193.647875609493
79579,31275.32403316621
97198,9065.865073454617
78303,13125.676574166937
87680,6257.13598161202
78160,50333.89007006855
76168,31210.97515701856
88329,18737.655856224956
97416,13742.032275962414
93159,60986.565765771426
91927,19404.5419545267
90611,12636.139759550048
78641,33614.99974098207
92598,21285.289972607778
94425,24442.695085016854
91168,21972.610157411647
78734,23191.774758038606
78005,20990.122145166617
93001,31796.13855426189
101473,14208.059058854767
81076,40522.7202627961
89625,7691.873416978379
77610,10358.286534454768
99909,14293.564520327327
84285,6005.016109682565
87146,11901.19795010184
106204,20930.13596434526
79047,11204.051095876499
101371,18446.07839690871
83269,11428.788892418568
79251,13961.895091608405
83976,24822.652960959924
102684,6555.464560421723
97327,11967.559028706615
103469,10154.547729016886
84299,10609.786310153537
99272,13949.383273644751
89489,7727.351927248594
83325,10009.47024794272
89423,11001.945149571704
86724,10241.41711549664
83802,10468.70516206665
92419,45875.53175508308
104989,12927.276485681206
83670,17871.482964773506
90400,9428.59432724452
107433,18272.89695909954
81641,31682.568174045453
103722,12367.389397433668
86632,11694.986714027971
93036,18725.93276784615
94398,16496.768847076728
84906,7355.68261362433
81280,30888.62115012191
104075,13922.405988725002
95998,26168.597025891573
100993,8798.64256903179
105404,19785.111056338734
95615,23961.236434758597
88828,8988.16540036103
94230,31552.216951824197
97101,29289.955555552016
102266,6785.114936355278
95269,11977.571163857498
87008,16306.495627277158
96384,21489.42522345531
81461,26969.138374642425
92651,44183.38356967432
83997,10830.368313973935
100143,15621.28829242454
86721,18415.69285861514
107348,13284.76867366264
99221,9240.100919817734
92846,22767.207776084568
101042,13133.85809120304
76663,46964.611004811326
87986,5867.23848441578
92959,17100.401360265427
86076,9301.229066994512
76987,12170.41126368033
76842,22601.566213032645
77966,12651.442095439923
86599,15891.012587399946
87922,9922.97198546698
90812,6013.615122011076
90897,16370.492677759255
86531,10994.858956549186
83583,9727.18615867576
81256,26116.699317941697
80343,14980.681723073541
102122,11231.443022524767
77334,35649.71279710761
102222,9498.948333537806
93883,15819.2446472909
101876,11805.32345450403
77602,16783.976616713247
88598,13049.570154107201
77524,28460.364714803993
96783,29771.379592865676
108041,11015.727926609288
93694,32742.211846307062
96258,14761.823965193276
97398,11373.880506443915
84225,19310.42502849815
86415,9572.544047993137
90604,11052.141005831762
103848,10394.975969512714
81012,12121.076893755093
94703,25398.12362879833
107406,10774.556008006964
97842,6242.189364495492
106706,9448.508157952598
81667,33850.76056894524
81092,19065.885798551386
97523,19315.40727851795
77107,28555.252191395342
100699,5896.070233362507
86969,1814.2798780864878
100917,10683.020481259788
86251,9211.990930770988
86424,16207.372306996465
79990,11194.262538760711
86382,11240.489946821923
101613,7286.509762194997
78397,16210.95153545353
80111,10919.48655305338
88021,10887.805848337595
76832,19902.16408744684
78935,14233.809497405186
100446,11540.61394746447
100621,9612.310327152738
78399,11896.693310882496
108515,21028.959489046305
106023,12145.836107501924
93721,58465.626790042355
83647,11000.682686451391
94136,26839.84031292675
95847,21092.81565856827
107172,10426.685620314116
94458,49024.600047569336
94175,16684.053329198658
92726,24021.377144930993
80910,39434.78794522232
86869,11754.410608361602
81258,17618.213859682277
84340,16188.124573431449
100324,5852.899695074686
99428,5832.2531746158475
88878,12658.926604894215
78066,45985.39437542612
105935,19472.747084897048
87309,9259.273094484388
87656,10559.579939055644
83790,10618.461917170362
77893,7889.408373791656
76055,19841.8091247622
99688,16358.109774619827
99661,9149.837892678055
93173,35939.81511711025
89291,8239.93586956922
107766,7995.407216361273
80369,15370.04000233769
84448,19275.043804565936
98481,6473.865173712109
96477,29527.203963073513
94818,14450.769656111668
106708,13767.278951854812
77786,20728.069550994973
77244,51906.55882295099
91199,18516.52807729674
101108,7527.386694415304
78967,16879.63292331359
106914,14528.894209272796
91647,20791.152456081996
91411,28328.411132524543
98766,17352.78418479691
105906,8540.482131504297
104682,21120.013234091788
78615,36727.933696474305
85253,11741.0093249795
103137,8329.27567149714
94662,23646.40295813846
104640,7950.3649485986725
97535,30660.14779629335
80168,33925.97744893701
89005,9346.056944227987
99876,19023.982297114373
88741,9998.503548390818
88333,13580.957114233419
79822,13005.602911876178
108292,16800.695524601764
106845,13623.934957871006
92167,16067.328154498626
91226,14696.722926770335
95206,13027.70873576069
92166,40481.35109756755
102963,11787.45289866756
79527,43165.13854469311
94552,24642.645115715255
89210,9325.62742723896
78573,24535.450991204187
104073,11145.267613585356
98520,13625.4994388414
77491,49195.755719471126
103333,13069.62302963613
80090,23585.061811849348
98666,9297.985554338986
86798,12986.690958364465
81728,15472.419679648801
81606,12228.80209616825
84372,10839.6297365722
105528,8017.97119125617
107436,10569.58958219027
89038,8660.782167979298
102983,18245.062068713152
83135,11828.03520436796
98165,9851.080160681302
96159,8233.121212367827
90229,8454.062815896317
87710,16224.465086122946
91414,22876.651701377476
77961,22148.973385708818
101890,14111.057513309346
83710,8922.147006122312
92874,21585.99979616023
86534,7173.742679800466
98517,18989.51336638747
76174,36866.90730948726
107068,20548.70380025756
98050,13762.603314180513
98718,12869.49469797501
101964,14078.138854489864
96813,14157.778472361857
95118,16517.90446540709
91139,25415.02679040532
98838,2348.321193738434
98268,9184.999131824825
99553,12694.988588648268
98904,10982.329494202468
80828,28543.984865452483
100001,7241.400374132668
106691,20631.572748641684
108038,22452.153691661475
98715,7562.935064337139
85714,8097.759312823085
88475,19775.94814011451
91923,24206.604513373943
94795,18204.664053116572
79738,12427.686009069175
104213,9739.132938228011
89425,2641.0601636487227
82405,14008.109295737879
101000,8632.227992264106
83819,16929.679534780356
103491,10066.695696502458
88226,9095.75678259348
102022,10683.824842121703
106889,6931.524564368453
98697,15320.700844574989
97178,9183.60377916823
92375,19878.162055676752
95917,31866.106763057687
96308,11456.767553953357
92406,15028.676728921542
108375,8097.458597840279
76860,12168.872853661434
82234,20237.880657163932
99593,10778.163513472657
82962,11428.717601384777
82016,13752.682214885335
86781,20261.87213083883
101065,13983.187604454837
95525,19654.62313793515
95306,32903.63243511276
77397,34198.57645061422
92496,9221.038717911662
102473,14341.811975256325
102927,14734.341977871603
91897,27270.668588679775
95554,16515.02208808633
97488,22874.967891503744
76085,17200.050750324273
84133,9294.53080646474
106369,22044.382789232106
92172,11269.33271342597
80532,12501.78238760574
96952,6566.561617650445
104627,24987.251825160893
87415,11150.68521851127
97047,11264.101645737746
87227,11337.771878090989
100308,8118.309471918032
105075,17083.702067777223
84539,17678.542514200086
92284,18857.732865163794
95634,33450.09172756856
86731,9780.321234294563
96425,12954.543140010182
96765,12091.869619457008
93239,12063.276713509345
95450,15399.29617485165
102086,15566.131537275613
103024,10378.180493189251
92808,25249.228971064298
99619,8729.409825220875
79704,23207.86873468519
99613,21619.085507244446
106854,7648.034873228188
80959,44892.07735419372
96020,16600.999612815576
78736,15196.031591544379
101207,14217.67350756752
89767,7970.111564879246
105747,18184.731646878314
77828,17163.394230929916
91572,26856.872771193008
88785,13700.805314663328
76972,29131.512608011228
76362,23727.014075203013
87572,23711.89040423738
82399,29358.363745858835
93833,20558.878522213363
94597,18686.906477326556
86551,9357.76860443855
107163,14109.326400936738
84085,12086.971204969364
93349,32006.015495045664
99389,20298.65575895816
80970,21309.16857589558
96279,11445.054939559883
95329,24589.015537428713
99228,11181.084570614486
90184,16430.57317750699
107226,14819.952790707412
80769,25653.833618840697
80742,17890.915618943796
93650,21690.537014467176
107530,24423.378127618413
87038,10935.110376159966
80146,32760.54422560139
94892,28562.431113095892
107150,19461.663527934757
77880,32328.327566730506
100591,6994.992939978166
80919,13377.322041383724
84533,6995.24994758213
82006,13877.590968638455
83592,15634.366306097614
77124,21471.33491907907
93924,19655.87871893076
95528,18286.210313650317
105644,13836.89910303526
85662,16504.595739122466
83079,13639.637833102057
106655,11943.648778169669
96517,12349.886673102936
80260,35756.57713249076
78203,12704.146922900052
104045,20162.38318507454
76147,31791.868105644582
94260,24050.134865198626
101648,11976.988293783337
84725,11675.417771475179
100099,11531.903230426347
79381,8847.541967720193
77511,11187.571542220823
78265,17870.315372311787
85496,10531.014443003189
77336,12436.542200548633
80330,32393.29672821235
97617,12849.085813972084
94477,40187.7074962828
94881,11329.454923953692
76653,100398.428896172
89023,16625.955330875655
104965,17573.710276464037
79637,17747.428798880435
94018,18584.143498684003
76481,11906.589241953343
76139,17219.956628676842
89662,15273.095692323082
105654,18604.944767351106
101555,3203.0921161507167
107636,13289.188428119061
99722,12158.432826917015
77887,33998.58456069652
83236,15790.052802029144
107964,22177.217728635474
108137,12378.951375580558
99718,21360.421147011002
86701,13003.35915835293
77077,18101.884226717968
88040,39973.572786941695
78583,16516.709684011897
85917,12783.304875842117
81283,22214.151564751566
104304,10468.994055601388
87081,15315.744904890265
87129,8760.877367114785
98111,7366.304483809539
76125,21592.67017808843
89395,7616.212529326869
105028,13954.46872360836
98036,12509.916468705567
78805,10440.097097096326
103101,12889.818190610815
108365,9255.516002765697
103367,15712.96296378267
79524,26581.335796853877
96079,29424.22020798071
104361,43033.908102752284
106133,28873.920014288087
88514,15710.735962242394
80511,63618.628690580204
90340,9381.206845317298
105563,17087.697451596945
85987,15259.248185372322
88251,18074.128571423887
104270,18203.466978040913
100820,7318.888098135881
91061,23425.405555971996
94348,22849.702317204625
106956,23284.011531358592
100858,10408.159046392897
81114,32264.771172976743
103100,9214.804680180945
87787,11147.108957288616
96168,20229.81761143471
107880,9478.399946223204
79423,9605.31327158691
96948,6395.782625147634
99709,11380.18729787113
92562,22709.761564528144
101684,11879.785252282134
99037,14689.988891717232
89129,11893.353813522941
78722,16791.815663033274
100854,12951.60602936782
94206,21908.921494175742
107045,7257.649693120733
102537,13411.381850544301
95597,45399.078723399754
88680,13423.651969301882
96439,18449.168662097127
95466,22913.927606969006
89104,6102.06702495936
88224,9662.033258289419
86152,8226.11861086762
98291,11333.364784470145
106901,19796.49520973074
81783,38960.19615272381
100932,6861.570410350327
81607,11091.080377076898
96664,13836.392121390703
87553,18337.901163839273
95513,30529.865647904615
89899,16071.821486347673
98891,20294.247503423823
107167,10475.217568600952
77353,11053.902136783692
106280,20119.733309013234
90874,6675.862367917318
101248,8064.504706716914
79805,28593.412280253953
106429,9241.43987146774
80749,32714.091565047085
100354,8543.824105005708
80249,15532.440768471924
108135,42026.15654375899
80931,17667.895376921246
107899,8050.093320798004
106399,12156.131303885459
92635,29963.47672968123
99128,8407.697811701131
83388,10223.45592558649
79225,33164.03730414964
103533,7492.585014272441
103029,13683.213122924974
107588,27323.928126511328
92646,22205.976491664387
95432,26675.880340038435
105377,10122.2218908181
104914,16381.566034639949
103692,6504.195654708468
90273,16117.932746540944
91496,15395.252794912596
90243,31610.223896158954
88300,14619.049077706028
87519,11954.454925856537
91612,19624.643545725547
101939,8805.824646517207
91015,30694.318486811488
90181,22141.592977549924
78441,16902.87957094889
108389,10934.136148074223
92627,23177.049028666355
96927,9109.832122062486
87730,10051.039743037847
89842,20648.072080149606
92971,17363.783400604898
85556,9843.724985127212
82669,12613.135530542562
96673,9607.458081795774
79153,36478.50213376207
104675,12567.295311047688
91062,21095.061541592608
93779,21653.463493426192
84248,19291.785994793496
85038,15296.665533280599
87003,14181.04279567858
104951,13469.762179442343
80530,14441.761279638416
83785,17625.917931436088
88812,9435.501354090738
82270,37252.43668481797
108300,11878.501498378582
103880,9622.132362884518
90507,16821.214843135767
108049,9822.792785074978
77105,22163.60928861566
86615,10345.358504303795
86494,8323.168541182302
103184,10109.255655563426
98599,22849.10652800534
104375,29058.067056048858
107205,30551.281679773554
78844,9963.105622801815
99780,20516.849553470496
88969,9190.16881905748
95137,43918.720011800644
102509,10345.60977251466
77745,32033.75679582985
86566,7589.343263324524
97877,13719.464775348404
101765,6418.3123905190005
77886,11607.492894648822
90185,7987.3686033784315
104203,16276.443651004209
85229,16881.426254318652
96143,18730.2181778291
88575,16917.378387777837
104096,16315.08631508801
90161,13503.63305513768
100702,7652.731341341326
91390,22317.394265519026
94518,18430.171743617553
95365,15889.866531930826
77078,10508.271085882212
103981,9248.161410099927
93049,22815.810386083955
104932,9027.716464427356
80929,22239.281912993858
84280,17278.732838512336
107619,9016.907424940582
96726,6802.0611779624705
95122,13064.00865808301
96286,27166.00455593287
104463,12176.171879330877
79669,17569.63482593183
83751,12675.489216078777
103686,7790.421573419676
76601,28011.988277388882
78424,27979.425319469177
103522,16364.031433236036
96181,17359.54400302554
106896,21483.85067471035
103201,10603.765805177454
108472,20631.37977373353
96100,10334.859135893299
78149,36689.12794597537
99046,7408.856297848881
101215,9207.77184266787
95675,26819.658210112528
103753,6729.180117424532
102010,12784.775919194512
99789,7945.507906567368
78760,30058.361805205328
88270,15995.028992166708
77169,30033.89301745685
94033,41355.83542771488
96304,10289.79498843804
83591,9055.584719762704
80417,19504.686107546044
87101,21117.907985902566
91487,20193.814506228413
107256,38064.760250007246
81695,34147.54935160443
104760,6800.613213486693
86668,10373.236215856788
106007,27309.011561590552
94726,16922.730660804813
80940,29857.314437292825
94574,16645.064568905196
100505,11066.580268283698
86383,8656.177778890578
95683,16822.310649231957
79982,10942.124164177989
91488,40818.05848455316
79556,39330.59204174734
108183,17964.325956819714
93993,33382.87434696443
95976,32395.400121002265
98574,24975.884219721767
94825,35902.33790582151
88397,9088.452170005929
84250,11273.168005520793
98593,10132.70970180902
98330,6507.7284172077
103350,7330.924481441565
79640,12417.320488231959
88447,11203.293005896485
97515,15030.965831327765
99951,12973.637312270897
99333,12988.2055526865
88755,6325.271243379973
86184,15816.499162667933
79396,13174.66139538264
86690,13413.736480813659
84172,13587.41000563959
94766,24599.925658150107
95569,27361.5132773324
106158,18386.400241625117
81339,13008.251166404516
93286,24055.764055595504
98950,7735.7463775503065
78868,16049.194351413713
100793,6676.813393329348
90095,16969.868201823265
77269,25096.890571427975
79615,22404.316102252644
104050,9748.54329674273
103961,12265.417706704093
105844,18135.894611534244
101832,6755.963676535104
102550,15536.230446353151
101434,15621.28829242454
101418,6897.426618231075
108042,14899.364328392881
107747,10778.323101467056
84521,8554.41367271418
97615,13964.667356381271
81424,12314.68009389043
99517,8543.949415419142
86658,18270.839135814564
91422,20068.330013679057
83839,16113.503309827012
95100,18558.937242544358
108425,16424.217083080788
102439,6533.025734829938
88840,11702.68337739135
90580,11612.331503500385
85770,9195.039453313599
87728,19132.400601489375
89952,25096.8671023949
97315,16843.96236798242
85711,10476.456149726253
90358,16842.254426973774
102929,6611.076447309628
82447,7177.624198475172
100245,16494.598110321975
84784,9405.719740674564
76465,15754.330748367034
87664,9573.950507869142
105387,13147.996659437544
77089,17967.150276254346
81610,12079.481881257236
81058,15800.616699781945
77730,51402.25874210074
87459,28051.73535818457
104036,12117.828868097684
107145,16014.655208827055
82326,28420.88722082072
98946,11715.89150805962
107053,3102.187493542818
108371,16780.360930404044
99914,7853.321317468089
103049,15470.714155322661
108509,14642.343169719916
97598,20362.895357704696
79617,27099.620675534417
95140,20326.6960260893
90323,4920.969986733217
87974,19509.880246842964
103944,7904.362740424646
103018,15621.28829242454
87158,10773.961514294842
77669,18148.753496944424
98042,18302.159652707935
78268,46611.1019748978
90767,5728.825185703448
90669,13409.61590703299
81912,4328.693396910384
100120,10860.289214322951
102601,9207.848800390504
106911,12772.725305546246
85941,10777.695122800358
87006,19603.4908160037
79286,22357.458041533955
97138,11035.074657781704
90797,5721.862503093355
100707,10933.165616431656
107334,11057.242365384305
85757,9241.848994346168
85888,18606.536888806786
99962,24058.216939659607
76188,34880.668544799184
99064,24155.559344045625
77045,31217.717007403426
84655,9381.298363372862
107154,21043.087923522802
95840,13118.935498395718
82979,13056.004225311308
97459,7516.381558906506
89352,4541.190805146046
98956,20325.093897552073
96121,17920.235942478645
84625,14076.986226515191
98767,8332.940851301155
104355,20013.623558057163
89678,17119.72393585577
91357,32184.62750554326
75998,14025.17115867234
107603,13171.417326722616
86574,11587.875492467521
83632,14577.232845412935
89374,16819.443494474253
81663,12179.379822792098
85717,6661.0865662589495
107272,14069.811014721678
106265,2972.3691926065635
99040,15379.787412906682
88694,16569.44254661918
85144,16264.729047100824
86820,11828.543702472878
102396,9635.745081735364
87881,14845.159276633558
76603,14184.3123727331
100941,8961.933217935284
97580,26972.3167963891
106362,14861.012807203684
84680,6405.19087217147
105064,10761.802502145316
105522,17415.834206693904
82587,15922.681007908453
81216,29935.978436825913
77075,18534.725475116913
95633,16894.573369534573
97702,7087.806362533748
106735,9069.368236796312
78177,19360.193397771884
108495,9919.700765084726
100743,10146.156661945559
88876,2546.7365709117803
101192,14411.899925470745
87450,11494.885498120297
87281,10256.645080505948
89740,18538.566952075627
91037,16581.20350921719
88485,20274.177947683263
103760,10191.386428324555
108527,11435.545068001418
94564,29549.63330136729
96909,13438.048009389398
96759,17374.553495186345
99752,7402.083297587955
96075,15583.5791404975
93329,15312.698526946628
96936,25170.698055125962
98873,8005.52548551741
90863,11917.0576136215
76692,46672.096392548694
89812,15923.49592350436
82128,13241.325363463691
96066,9418.501041520392
95160,32321.07728842655
94923,20160.346507200025
79998,20523.203644841386
98555,19201.23664812903
84197,10627.830377652
93881,42038.03873792649
96420,10994.771195754256
91466,12049.16069738495
102246,9642.83025775232
95149,24146.760373928173
92066,34496.71354241297
94579,37964.85929990812
81791,28910.880375391687
87929,8939.334927469796
79839,17195.95371567125
103708,9517.288893175362
78718,21593.43224126078
87840,15128.552395879355
86316,12615.18655204575
106118,24179.40102797616
87923,9582.494931713047
105417,18897.234219186055
95584,25319.033220567806
80187,8662.545505197233
96280,18158.34724816559
88069,7393.6393513810135
102826,9860.789637400094
91166,18854.195737132148
95616,30404.341011207038
77374,26207.055424763494
101288,6995.017297835497
88801,14747.754688476918
100060,8347.547275895062
97336,9910.755703412025
79226,18837.47898326273
106287,10912.068351822518
95018,22094.02355532674
78131,18126.74457231071
84551,19255.096408536752
100445,5569.312343985347
93031,22575.30883868481
104415,16956.98226720398
82984,17910.321766679477
104242,7219.6285093183515
86170,17932.3837789298
79814,21160.47200728112
94172,38028.035435342594
95530,48859.565409900635
96105,11572.187723006571
87822,7575.663421710096
78073,15441.422374774993
106610,18955.293029919296
99065,10008.424588978081
77646,53402.7217292065
86266,16886.48619106966
80186,20390.445108195658
102645,9248.210682180033
83453,17427.88686298962
93905,24723.27740770528
90535,4594.8606715981505
103695,11965.744156128132
87488,17650.08210070848
84520,10711.143218343019
97541,10320.324041315953
93818,26916.342191360036
90796,29118.996225395218
92896,34039.39357678125
95577,17669.109974488612
101488,13500.317036013188
92336,24460.762213624646
98826,8553.033022061441
99527,13803.669714429296
90582,12581.90225483794
99787,19900.93783714118
107806,14649.52550653995
94108,21038.723989934748
96333,10373.27958126788
100710,13855.15669645646
94129,18681.53703670102
85361,8380.46583552685
86043,35293.60116302591
86833,11692.070689074617
94373,19050.227236635274
77978,28544.97267353178
96250,17860.709450736416
95594,31059.256750049033
96781,32232.87062687206
91860,29373.72643794914
91206,17712.031468561392
102627,7438.389389324297
89384,16027.41633384514
100945,9179.892797857667
103337,8052.955394869193
78230,21347.655593291238
103814,12309.274640676695
96429,12938.75403110227
81547,25477.271258880046
85056,22717.959877822355
107758,9968.711129745125
81328,22968.446771332798
100775,6134.694628804773
82066,19265.248207609504
83908,18185.009132012565
105323,11050.486100533075
77492,17823.9327548233
107451,8008.947574989015
77351,11863.640478301933
98029,8037.53663155921
101572,7178.522205329619
94944,25170.99840901657
91179,29516.132949932522
97780,26823.54706869177
97978,9685.224193201628
104953,13371.326499767678
89173,18830.887996180027
103406,10208.549955241037
105570,7006.51680129915
81815,17769.677418528947
83095,13663.176791007829
92184,22878.43942364359
88793,11887.247591577618
81805,9429.925470819177
85794,17056.589468027596
97245,30850.027777506955
88691,9474.770691747939
98261,22423.824812049097
76495,25258.024519554892
100400,10175.981340766906
95964,32957.70059535656
101477,10501.936942775823
91345,20712.26213178921
76207,35011.323202706015
88153,13573.761557132184
96153,17493.578821144547
82291,13894.964487692552
99451,7941.7783529045355
87965,20997.707132256874
102559,9538.117098230663
106147,9917.489487389446
77921,14777.692438621218
82334,23773.09802618498
108164,11100.749601844773
106096,9678.124360570146
87657,16943.711259582873
98448,21048.246609384325
91900,22249.59055139814
103220,10464.643406616111
107077,8896.750217824147
78197,11007.563999668686
101655,12670.024684392169
107006,11503.868557975022
101367,10362.425572015165
91219,28474.734567958407
92182,16463.39495946163
81544,19011.073521878203
80496,20396.958927430096
81766,22702.234089292055
96589,8769.085296836405
81711,20542.14246531223
94981,18618.264705338635
80701,16874.515651627586
83791,13292.486278238628
84832,15207.550512092126
108407,11222.091718947495
98308,16917.228462663017
101437,6828.741734357976
91248,36205.162851331595
104100,20122.12474990894
78410,27685.486604267397
98413,17647.45785667536
90060,11660.96577181998
101366,7145.827441023362
98709,9153.632445868938
102890,8572.473614100405
87962,13126.612281967253
79140,17208.881695861848
94166,34497.89232037703
105551,11127.109756259857
99518,10952.041623586923
101813,13817.146592313085
97443,24548.557924071305
89725,8063.06389016843
100115,15703.31348039763
91893,17070.03391916308
90000,5931.163779806282
82989,11825.045026664153
89359,16069.237429501445
91971,40151.62125695377
88614,7923.138786833655
104765,12238.255087764828
80918,20762.2963425038
91622,17685.989671278247
88210,11614.740439782117
82019,52987.08588497018
85200,13331.511907686154
81558,22083.547899393343
99276,11138.341119016513
81563,46986.67903100716
99583,9464.059193495557
77201,10595.384393678994
94664,32781.862075894496
99203,9473.867335429793
89314,11578.221767879802
89306,15170.876439641599
90716,15559.032435714855
84217,17180.388309345133
104655,20753.693925689902
92210,19963.3710306009
82528,8085.180455981473
91346,46612.63741030784
88118,19629.14990080724
76132,20887.464403269834
101208,11537.89565472937
102136,8093.904254089789
77562,33941.37300256169
108283,23886.30459248008
100008,15621.28829242454
91342,40337.68076446713
107698,11454.107720308271
81538,11836.942240129127
99044,15637.533789146155
83163,4806.8455482839045
105124,7108.409221121628
86549,8726.583699297138
91034,9431.172214356015
101853,7077.334850814975
99837,19495.622977170515
89337,10392.830856464874
107369,8788.893465363071
77529,16326.070184225906
78801,16290.407584348419
76409,22620.87032671218
98146,8900.111550909622
91565,48382.01422076529
107994,20943.228587843547
93945,29278.723530427407
99755,11740.393027451122
78753,27928.228098321233
79674,21380.538161050805
101599,10668.661323397268
81659,33938.50384342583
96322,7144.377677831033
80700,33303.891524264436
101522,15621.28829242454
93595,25429.422339555345
78924,19193.49838343635
102891,10668.661323397268
107611,18113.431254790175
78528,42612.4301295095
86323,16064.490174200784
103910,11321.029387013177
93854,20284.888185730015
88710,7975.301753189684
82438,23165.233621809937
83328,15898.831880728483
91690,25535.986802671545
83796,6050.3854578553855
99904,9546.60164236228
100270,10996.056937235333
88422,7996.857971819065
102971,7726.7586397580935
106161,10296.531511673154
91244,14703.067501016769
81158,17916.18624123406
98004,20942.199156383413
84522,10626.55826221659
81215,22565.31119472936
94487,22858.4013727768
78065,20852.806822577324
97766,21970.96168735999
86180,12964.05571016067
87921,10069.10098395667
76160,32179.851927568183
104197,8756.26481507872
100295,8649.964397184765
96012,12746.201585861816
95783,16409.448561873374
104527,24460.330302989
77354,27044.363712989543
106062,8156.66249109966
84578,8645.140113350973
99784,11432.238197982755
91716,19799.983576103914
97394,12890.344691041342
97254,21203.299832165485
87501,17787.56761906977
95532,14895.46915940259
91011,25863.396837461474
106069,23125.932972641956
105103,17837.12276354899
84421,10425.314907924629
87363,5733.737546005059
108379,13190.099603857027
83268,10501.024519061255
94592,36149.88809684868
84041,12949.799726764491
88908,22327.11885167176
85932,18320.34150877547
96593,10164.146719911405
106195,10359.910414995431
107153,30047.04508371879
104500,13989.222280351512
85737,12466.359298449794
75997,11710.585897600857
79336,33106.74104561453
77061,40930.21208673415
88839,18159.379697047036
86859,9184.429031833864
101090,12866.223504460902
87563,10399.325993818864
107188,8920.14711455129
95198,18835.69279777933
86476,15904.401940900982
99894,25063.383062328146
88279,10058.022045754284
108121,13176.648367137324
99827,14807.300193981871
107457,28864.112832417195
96509,27621.470276145523
101858,9422.48586628956
93052,23700.74681820509
91879,27881.45809985523
107229,5908.824655714192
87917,9107.237933342394
82310,10751.046809794208
93584,15736.935080494071
94356,4469.987745519285
76249,54160.53472245294
88386,18963.794329571556
104406,15096.895368492522
98286,8401.024300579507
95310,20434.90370758794
95994,21724.88858084601
79879,26667.590556043175
97135,12146.936296653468
81818,28278.30930349924
108055,18912.78233181347
96474,31449.089012997854
104358,27288.390807348853
77110,12155.05291763958
95124,10793.214970054112
100539,12770.195358333653
102883,8450.484646294397
94081,3780.753958748754
100018,8273.10363369755
101491,12402.80218256668
89297,19378.18702054655
99337,24256.719051562024
78463,13354.827580036252
97799,13066.70965345914
92138,21874.815021681563
83715,14528.638236780418
90455,9286.484109538775
89100,11198.37912504352
79908,21658.857707541265
91045,16173.405589601638
78357,12857.183480228752
83989,14981.399717511717
83057,7867.644748076029
92472,14308.946221711429
77836,7607.211170574226
91661,27383.387407702634
103107,11474.154201718286
95476,28801.52385180609
96615,13758.624212233963
76337,55791.29393305509
85067,15900.168606530206
95176,15410.184780393427
104450,26205.80889798627
104227,25989.363944920395
94327,15482.500696297031
97056,21142.045432517418
79775,17062.655841702282
91282,27301.01168989514
98425,14171.324629703164
79509,16009.501423740132
79798,14272.53550730376
82615,4414.652991539511
106314,21117.10305061402
88964,11513.34743807836
94303,14128.56158235813
96851,8463.59541416531
104465,11842.792675850384
89500,11663.779547414852
100482,8756.36690171642
102159,8594.87041862116
83242,10085.3021794356
104780,17693.441056367847
83902,7455.94161420967
88955,12036.141876066386
83139,4676.216956801205
88842,25911.58881026867
99320,8051.038386967886
81840,26568.075491012707
103216,7498.970851777705
80734,24040.073641215888
102743,17524.017478231694
76855,25020.216049703147
89866,15243.478683880112
106171,32687.453069310468
76530,11761.60024204343
77933,12227.805184571667
89304,11934.181495918623
77180,30299.36056798257
101525,11389.318611720202
83657,14078.43006166098
92832,18309.709113676057
102059,12687.980103051495
98895,2966.096420865764
87994,18746.054050865638
86458,9999.8944779598
95568,30731.234618532228
79603,22829.72685016859
77681,14782.095988210898
105596,16267.570238843793
100815,7383.88657257721
77113,53872.53425868152
95519,10851.712017395104
82180,11975.079025517904
105893,17970.87945770442
96087,6285.454153150888
102458,9928.46782088513
104637,17339.909796723274
78633,20502.815180563088
101205,10668.661323397268
90825,5908.733020804799
77280,31989.002905516
94924,17274.897397575438
92185,30614.533906164845
101547,15908.483138787991
88425,15822.142776051589
95191,17583.114373409968
82878,12155.653090554442
87900,15248.328785417787
90045,6947.875522958601
85402,16962.36772143446
78124,17631.368638337557
100374,10229.806068398611
96192,9143.131324641645
108050,42103.039730404154
98773,5900.148446761047
105534,9979.17151841575
89256,12120.611557902654
102735,18206.930988135875
101683,10689.777339982174
80977,32335.96439104199
98983,9984.815266725394
91969,48167.50509405032
101852,15192.408073685805
77600,12929.141991327408
95813,16335.099044588944
85687,19041.608403093465
97288,9114.28523217415
76331,16820.030988567974
76111,19400.48659578414
84464,12801.786392154516
102105,10571.18517438238
92739,43251.49647010947
87154,18347.59638380129
76313,10830.683596367287
80830,14856.173220161061
107419,43029.99323246558
103729,15717.083728146956
93796,18894.816759720245
85542,8460.37510075562
89838,18078.893322553722
93303,16966.775798759612
86555,11290.318667462203
81471,21921.010169948764
97273,31015.382931490338
84529,10710.810942119158
86886,2052.0833653512314
77905,41487.514077864515
78325,13923.517112337782
91821,24187.83498719771
79209,17047.680538011926
107729,10455.978258164965
88328,10688.007148658395
85466,8759.722495075419
105634,8872.144000935376
79780,11922.601797460302
107271,11148.572569886826
77909,25167.12220694368
81592,22283.461726765207
90946,19348.096242347558
96511,11960.386705346275
101345,11213.270294964148
94773,23022.399655243255
106754,38572.92767033773
82112,26314.82366177226
76758,24478.256716666194
99146,19249.915540702525
103707,8737.646919724746
84009,17790.359201060626
84288,13488.2461022939
107688,12055.859962748638
98025,17822.76656127353
94529,25924.65881487488
78142,21134.260511209442
98985,19792.130808012924
96366,18683.69753899747
96697,8556.715595954433
93267,18226.374010995572
98625,7227.334649841877
90111,15384.991133361567
94666,28424.965402700207
102390,8463.47457745665
87799,7892.875874485922
101806,9744.627702119664
92319,17113.000708868054
82564,9812.168997107105
80431,30590.989138747856
90298,10391.120000797317
83570,2990.985860740995
85343,15301.056435986842
104567,20997.832281929204
107481,17408.143414455666
80625,17500.137669357006
98575,10548.269480945235
76415,17310.676816018018
95772,26400.02639285308
85564,15950.510834084102
106489,9084.280929542558
104520,9112.640719168232
85622,10457.668038419915
104842,25496.444585137564
81717,31448.92942151574
91720,13811.021575117587
93411,29738.286863354988
91818,44331.18259865712
103824,11242.502025407995
106453,17289.425301339375
96056,22599.769204665234
87924,12947.924457614698
76902,26740.533393606856
107200,32200.277428598438
98825,5639.374946421071
84740,13168.656042612824
94186,29205.721915868595
87093,9448.759618015272
90703,9995.06614523633
87711,10286.632870130923
89763,14258.776240845958
107087,11070.138296444857
97903,11233.556630144276
105393,11974.832173140345
77984,17962.96209140035
93270,31339.65000026907
83584,13208.586862425755
95630,23950.446506380868
92001,12646.88824892683
104596,13794.947038230535
108196,13128.01858636526
94963,16899.30427283766
103813,5602.800272339114
97285,10548.864028824053
102140,8138.663813027264
82537,2654.693611382519
105396,20589.635673260593
92363,24430.929497539437
87145,11750.384765650431
83808,7426.414925816368
98940,10096.594870730314
79334,19224.757685956076
88939,9554.928227449782
86108,13395.044104918099
107513,21248.850426356552
93992,15661.51583131918
77114,18771.348417278696
106247,13462.7985990026
106460,25503.73209151591
90980,24411.829966295034
91407,42449.834658052445
92716,15654.454596353216
94427,23931.47521727629
79107,43813.0360671914
97517,24758.377665924952
82963,10062.08765479846
95600,18884.105870426294
105627,22074.843778590133
94599,24425.802533366
93831,29404.01430364864
77796,25049.38176193652
86054,9727.446094239793
103984,7325.351210223631
79232,26103.976763601255
86186,9746.432859151319
79993,19767.63637658102
106645,18492.829251028837
100923,11366.196523128157
79473,7765.378622726754
78631,11222.203016845922
98920,10616.938040324201
93487,19039.022457564293
89722,7516.865482213719
86489,9749.551634090923
77792,33804.293815066994
83434,20800.80308586021
81597,23383.220661063257
93788,33187.50271660091
105929,11777.690367499274
83037,14962.664651692132
96675,23717.12877628716
85315,23947.24795003555
88309,17297.501277023748
80642,20949.833251488883
85401,15034.01466554734
81449,14374.713702880897
108274,25744.090686665964
106544,7288.878764191552
91643,41147.13724316424
77829,34382.3715902098
78255,17408.72404842641
106408,12188.468877521555
96365,13649.854567718881
89365,13479.293508404844
98758,13739.350267643615
82412,16869.47557174623
103970,5724.243738807406
82004,27199.649315349303
76359,24661.40220835311
77601,22861.53513754677
87750,13338.002208537164
103263,8300.812950634243
103050,18192.43672869482
106203,29505.615578543417
107465,24411.460941118003
89824,13858.000616173355
83691,12707.423671776402
83517,11584.629753169242
87354,11068.590064056893
80631,46983.72005530384
88470,16988.18161531004
85074,9752.917336773075
106338,11859.881500160596
86031,6715.723099777716
77815,45188.76661816039
94854,30436.15235656232
92558,11281.547213602527
105202,8904.329677017779
79841,16750.6114376824
81027,33848.973882918246
81862,23473.798603027008
90349,16317.374691750898
95059,31695.867966009057
100279,9045.445960896297
106984,22694.995315145017
92688,24665.609380905902
79781,12909.735044906938
105426,22870.323919236733
76908,19927.324841403693
86624,7823.206929486089
77747,23844.065117170478
104911,19749.387539506384
100968,10101.121776330396
103235,3939.431528059884
79717,7518.545768564247
93346,15913.659939163957
81416,50567.68357367346
105745,15385.966390617541
89942,21301.52899789561
99350,15202.725817351782
77848,16188.21223498429
98163,8170.711405475375
79733,12529.934363460137
106417,10800.276208369345
98931,6748.958989770862
79025,22007.015625075437
96098,24757.90905774214
89627,11659.524537106463
100722,9169.339378043729
89119,7742.3146601047165
106445,18443.49413083151
80588,15591.36018157002
91785,32066.625126275205
79294,16313.388952627542
105542,15277.6341682855
98603,15484.762629869676
103921,7543.093711052668
98405,19078.731109297452
79284,22232.619304038097
104738,14508.082954629177
104623,15963.199555473457
105041,11551.333495669847
107556,17481.75386768211
103553,18801.479117881827
88716,19956.00789594449
88844,9797.777112636157
87568,3720.5437847442613
84183,15913.992949638454
104240,17808.60108440288
87404,12380.206560464378
95985,14653.89147676182
95986,15834.333947063635
102723,7519.5162527243165
93713,29745.021426425606
97359,8531.40047199019
91991,21221.24106916866
77490,19893.28082697532
106975,10095.659885673766
98180,12803.057100946859
80465,4569.833803317061
98027,1581.0476331731786
79085,12593.893584274647
92539,32949.12864237486
92267,24825.34929381028
87807,6097.091254044863
78839,13347.410576377095
102361,9244.383484807344
76828,20276.07563756024
105914,27739.729035750635
80885,33765.25069249668
89833,20777.08048845251
81436,11372.92235551517
94157,25761.603123458273
98733,14389.181952587633
102978,5357.141651894384
81455,19877.110099519894
88578,4604.8869817191635
105743,11379.494551325168
94325,55882.23704909267
79801,21601.133566345212
105405,15760.86786453789
80670,24969.63532126698
91173,11361.738539959177
80960,13776.07729598287
80623,34057.82882250367
93516,19988.770238245444
101762,11799.03333538434
104665,16785.498152351563
93682,26660.234989439487
86261,5325.773968212731
97450,7688.459452921413
97153,8796.766295595617
82769,8724.75159384589
81781,12969.028190224779
108329,11057.065366550994
93812,35977.65378568424
81383,15707.120143483324
84306,10459.609472186547
78773,7451.780625101308
85809,12249.797677659855
86305,10240.180362472182
88701,14794.127338741535
99973,6903.337967552038
106851,11646.669507265338
89751,9928.691537378272
83788,7668.193047159361
80351,13605.840593661867
84894,12552.025071637447
97232,9523.449410389056
82689,16326.971826802885
102485,12482.109148392912
96093,12000.736480632073
78234,46478.80709934833
83402,11203.123113144376
96362,30360.641901461328
85275,10054.091470776737
106895,23003.52767706245
87163,16059.789207368052
94751,16474.21243272559
93542,18714.764739189988
77980,21286.212685733357
76166,13042.277040124982
89776,13948.67558699153
106767,19036.51700957755
84743,18538.46863749829
92273,20988.543781416007
97882,11948.767743735514
76744,18920.893372129038
86560,12784.447502698476
93835,16230.227246127182
94203,11530.742183563101
88439,10012.82995799273
96097,26604.103217772947
105131,19543.28716146222
100343,9607.437711760138
90841,11070.06617304519
90540,8243.170625279648
92762,23679.420435351465
107805,20015.20154104944
102622,8205.819905816306
108073,24062.75031261167
86061,19550.356045813372
92883,21246.5955508832
82290,6715.682648495357
87824,10008.40530855282
82554,15720.918506396454
102928,11104.155144953227
77420,16860.6820337781
76315,23372.250382012273
99825,8233.418754960256
89292,10620.693545204462
87301,4572.10584889926
103076,11649.87239221756
93084,33857.65198741024
96934,8201.852688174275
85141,6361.721356319049
101607,9784.441701948886
106992,26493.46076274613
95873,24641.801221359186
83341,5394.587983819443
78017,22851.09761518096
83129,24226.629714184284
92261,13008.305937223491
83824,17806.62722436456
86151,11884.714531509153
88105,13420.911633943359
101848,8695.75141865493
89588,7300.7168511374275
93705,24428.810201204848
93017,17820.02936478583
77465,20207.893860510056
105484,12171.895915512167
76751,11864.557509488066
97511,12254.130533526468
102864,10474.643794629163
85858,15653.032312247877
94836,18876.01134602169
85250,8932.255283097007
78497,21785.221161876147
99540,11536.290696328184
97147,27627.572872701487
81347,27084.54870923455
95555,25479.024857941793
98074,20326.69627110708
104435,10242.261994317169
107097,12391.207276966585
92205,14884.64107397831
90822,13248.62342833687
93344,11158.572610819358
84232,10934.78803579806
105217,33725.77485532296
76013,24954.007582553513
102818,10274.33596051904
106541,11906.769070644143
87213,8651.213774048945
94119,21309.1654733069
105753,22957.88679953445
90397,15745.651645505526
87612,6311.172876744345
82789,18258.584350003955
102916,10192.044681703926
104561,7916.503783827802
105428,12900.172469466492
86677,8348.181090010203
95080,26074.45100012539
90113,9027.596358083223
77433,21549.765916775516
106180,20986.689655162052
101692,8147.879400030347
80466,3696.442400060901
99512,15990.129344494635
104554,11923.225265280344
89047,13601.907534287824
93888,29072.831250276307
89659,10137.669817036442
89920,8894.334453115316
86975,16560.386737768265
91405,27168.005492721186
83203,26434.21783933538
104338,16651.542064110723
91659,33315.45962337834
86385,14595.149186851719
81048,16466.032825360264
102880,7683.926543054389
100237,10361.742067980309
97751,7108.348791162278
85614,6478.594351076243
106145,11175.982150428932
105955,9887.509114044668
100146,9601.347191738481
107491,17989.291329754087
80061,17227.51249976494
94324,27888.945862906898
97114,25276.618765037187
106600,8226.415285446255
90922,23615.548770061407
80222,13552.873652449367
99356,8646.84073254775
92780,20593.912434159323
107380,9133.005507901524
86069,10581.962383173744
107753,18678.695931205406
97983,11289.167032543242
88082,8643.840751575462
82115,12334.601269174045
81634,16049.134818548036
89943,11717.181668971758
104167,13841.768113318694
91010,22793.339621146493
85004,11917.531118853092
96953,18884.17344222134
78632,15301.69517107585
76114,17008.85349718789
78570,12049.896855950761
82674,12758.946568259495
91196,14875.30502430438
93734,14382.75933746771
96031,25208.124169743016
102015,9288.949197445283
108372,26219.981865628804
98719,10995.039480514399
83391,10298.90812212898
97098,17225.519055864435
104357,14428.430159415238
93495,19293.629722746726
86422,17866.598645048198
99731,13283.342839848025
94144,19951.84139655228
88103,8447.192651551024
105199,24072.377094485222
97003,7471.511694599932
99925,8043.527869055386
92816,15369.485852151325
98472,11510.854157180402
91986,15491.693252432577
84152,7964.103527583292
87538,12510.090350475955
93305,21135.351257600876
104249,17318.860171779368
85501,10519.058275072604
82343,26058.4941281873
80601,32993.23153793475
99715,13430.721847406898
90451,32645.09691471864
98282,10269.442336482725
98397,20315.807290365094
76414,16259.463009798892
99016,13519.050361013198
85767,10999.685745066794
102787,9907.86247697355
101188,14761.780644340277
85019,14588.547897831884
79803,11811.14139617535
107582,10417.207549880146
98501,9119.611398688807
107021,9460.011405273754
82317,19521.688404462377
105678,2942.075355768636
77931,20151.644167523962
101619,9399.31391025786
76128,17451.45179753572
86460,15641.26280626627
106084,7968.959819987463
80551,19964.381102815547
77062,30675.61044694772
98406,18484.257524209723
103489,6379.72474296901
107191,9130.976072591206
88549,13383.23900668056
85095,13310.401049580974
83923,16185.228697736698
87074,17400.119728735976
94031,25216.43900203411
99120,6054.380884035603
105824,13452.753810513663
82389,38125.016914246546
91994,16995.234917731723
85060,8954.711239678674
87412,20420.054987497013
94683,17096.878679269117
83069,21569.293332517635
77071,27931.400241629202
81406,33721.88733762897
89203,10379.432460693848
82423,10150.220836049835
88301,10875.009553818662
86758,9438.016424847152
94072,16557.71755237988
102247,10048.258480375343
101529,7308.61329037393
100738,11163.99744217726
101790,9226.067036226905
96188,8883.431302269333
98656,16124.211217693553
79321,13374.4991004765
80052,19072.665142540474
85150,15874.307574052518
102370,8254.2193250783
107503,20063.014558042818
76560,21698.84936931548
85319,10845.998212247618
89242,19999.388579880237
89510,6702.066666266942
104922,22630.73321452723
86937,14421.714357817873
107780,48194.10195875509
102448,9620.535424246515
89648,8989.211134753352
95347,21299.132691410556
97926,9929.028114860728
104963,14684.885191264866
92272,16105.627592355153
76618,20206.37220808133
87722,11150.68664617631
85560,16252.632991175193
92621,25304.801388194614
87712,10472.610474049536
91009,36284.12856861842
76199,19259.618603929786
99145,26807.05228621308
103618,14489.769435089633
106072,13177.845514361503
102488,7038.065860279882
79837,21057.183873522852
102792,14698.678488701555
86565,6302.709357880678
98631,15948.057898053916
106374,45103.489040684624
108222,9292.052780331254
92127,20065.86591260959
96068,12489.422450892585
84411,11733.970364326526
102143,10223.238306281475
77502,20999.600555024528
105514,15999.552753330083
76896,34673.877862758505
104868,20475.943540663935
99686,14178.035001827411
96721,20578.68804262051
93026,20522.982552338435
95961,20151.72024106795
97465,13207.301683313237
86075,13951.225317068756
106946,11456.778477467511
97605,20387.086493418592
83156,19199.59459699813
88123,17373.732689366123
106817,9195.921652206562
103245,7939.678032202687
78564,33409.84867838258
81879,23168.434726868985
102330,8679.82174939159
98866,12043.87548705971
87178,18196.458551152442
83106,10380.744154965862
78280,17465.42197655289
101161,11812.410615391918
96047,12617.444171841336
93044,12940.06648050429
90176,32656.226957961404
76585,21518.386905391508
99524,22365.175423923924
97467,24541.55552338451
95557,14410.943166411173
102816,9079.407304671902
87141,13688.965153323523
82602,12942.889919212423
80108,22451.308414265426
77871,18206.18792861816
89910,6776.836469710802
76255,10178.802655536034
76231,54982.14754552885
87089,14005.999707525909
107635,14913.355877303524
80916,26536.001661086175
95179,34562.39338808102
90694,7376.217393666543
87504,19180.05851565507
95882,20087.118197856962
82944,9126.116680629131
90862,4681.646164224605
89494,11146.821461760665
81196,37407.12277568881
78258,25818.654283676176
98420,8833.999883068702
84051,10309.46911136468
97011,12858.570265837232
97357,6834.539662642489
82683,9342.590202445757
107472,9322.404385930064
101033,7936.058284966535
86376,19972.622876614056
97773,26888.04661101337
76448,23600.041845608008
94912,27551.165217926005
100444,12287.10117500553
92364,23654.130029287382
104206,25576.781489030378
82384,29199.869072591395
78524,28373.22272272458
82825,15733.535996885856
81519,30667.005294283696
89462,5232.695233136055
94783,27768.47216687303
99101,8984.722672681899
102363,7450.43453131345
107901,12701.908555341926
107950,30684.975273818145
94631,23530.325785468798
85176,8809.597787977827
93934,15980.478841448694
99621,3052.600900398943
101616,5530.443545864349
86156,15912.237756952285
96327,7337.695768680158
89538,14817.296830798152
98236,20899.440911331792
92253,20807.068141715597
105896,17826.128488562892
97333,17240.877579559383
83166,19134.264054573196
96224,13822.533313131833
94462,21398.91970756677
82796,9843.297381981136
103597,9937.583750702579
99905,8814.22620072353
107349,15405.071119260072
76754,20120.112496522455
90912,27586.056501571828
108289,26340.97410476065
94106,29999.935976349738
86956,19481.665855441708
82492,8499.1046404839
81747,11373.581450201935
89144,9649.113079276838
85256,11768.443732003792
85342,9351.02386890406
108054,13397.278918378333
94681,31546.471949272516
86244,10010.67814835855
81028,26421.464725738922
86773,7657.938674286678
108431,20139.90449841762
102839,9922.740249390132
77700,12551.615921578297
92967,19858.578911758977
91982,20554.775604288283
80639,12192.18240077877
97770,11952.640499635683
100460,14498.703886156067
100531,10006.347819907558
84508,11088.471495643296
103706,4246.857280996533
79723,53446.924928232605
88897,10055.441321930648
88695,10085.561049894048
87380,7418.355707314079
76070,21642.741233295117
99342,27324.035789834787
79110,17598.611024224138
89341,13979.174078587856
90330,19245.314609332443
93894,27065.85401596289
104137,6195.235396620107
89113,10952.891181542594
91150,17711.24305574481
79621,24782.678633648455
86822,8342.619239498978
104869,13604.43068290386
93874,15744.95288523992
77606,25282.499339007794
96981,9276.78638508609
88437,8579.406042608907
87834,10875.852693886833
98923,9535.973710806396
108118,22668.33360534405
94447,18247.642850656426
99454,20304.21151980294
82144,14683.399739182589
83494,13957.56278151375
76545,17757.502332624277
85852,14338.521163014062
107056,24016.46996963143
95419,10004.89742169774
76570,18616.61880446048
91325,18598.035518934175
98990,9609.269625631878
107639,14771.453519869105
100232,10815.504998926437
83318,13521.871257548471
82277,36857.18280113699
105198,16330.069153083123
107660,20523.767795965316
92349,25986.023138674274
105445,16659.86490485755
98333,11363.603920126267
100919,12711.202349161762
94295,31380.06060655658
105853,6534.777339824618
100457,11441.080821464046
77726,16082.862422375414
96027,10579.068518461252
104201,11828.56770464406
105205,23811.030467783243
94718,51078.89874025155
96617,13457.154007455243
81405,12594.416578539085
98642,15357.192601362796
89156,13066.176760460296
104916,9772.239364495295
107696,31644.563474675637
87902,10986.766778227953
106870,9755.723346195622
106153,13266.654427448231
85108,14298.158572853863
106590,14724.108684932427
97948,8287.92899401731
77144,29690.74637827219
91535,12761.569525104178
83900,4199.295671495172
107374,6029.110915740369
106805,14182.286448013492
101971,7129.395441299961
103690,7861.013849188957
107830,13671.93368235519
105302,17196.907475672524
90504,13628.270307024593
91865,16222.271342045431
107204,20132.760270244853
93231,29863.018406025345
94654,17495.40585998134
107435,9673.95024615565
78616,29897.046754027804
102268,13097.826521336561
81320,25692.312758286404
85005,11999.81865347902
98032,8063.551329097481
92938,29557.91709030114
76177,11551.698468938965
83869,22377.735466391543
85806,5938.677009229443
77987,12105.329256885878
103802,9949.898725228488
104020,21432.768579633776
93262,24202.16856342964
92988,24405.845358751816
84434,17750.351615137384
95648,35589.19315419635
77947,31243.62152305783
76135,18621.012560559644
80971,34429.2901929225
105584,11174.729865506732
85530,14327.410298601788
106515,12738.301586316245
80686,20449.71143111543
85040,15838.494758931249
77404,8813.068145998326
91234,38038.1002905978
99225,10408.245293673854
88808,10698.982880141499
89948,16232.112372480158
107161,3596.8886547225475
83683,10824.924497172822
83709,16863.389616387198
80256,18662.593557742384
83504,13383.23900668056
90112,9232.776876026765
93042,26851.375343821168
89466,6480.08545900694
103405,11486.517139230085
86026,34930.22019743986
86824,15673.749232050219
79357,22919.482812355716
78812,11992.873774503521
105364,19055.337062891176
105744,7337.531402607962
99819,22367.292841740116
91051,22526.052754422988
95688,21090.526741054033
102174,17207.943560105516
91914,51719.202533514355
86568,7652.151079879756
98761,2772.4138058566737
101252,9411.620707658301
91406,19186.01399735213
78069,12578.47749986101
86168,19921.395748234103
105858,11859.726936765224
83972,17876.716860723427
107196,22252.987979215384
80990,12656.73313812146
101095,13407.789307392455
93806,23115.8268197227
104535,8097.638391871753
99257,8820.533983162506
94967,15135.138897449659
94257,17697.00208124612
100543,9063.678046901503
96277,17494.150395587814
78730,13677.166300906098
82370,18797.275497574392
86050,11163.089453832546
104245,20053.737650658146
89903,11740.651734764257
106353,15240.664352280923
90055,9279.25367797075
78070,25953.304473332915
84302,11595.679290543838
101048,9599.718557938337
97981,8961.616270760685
85001,14774.603236080504
79444,23998.543569065165
88862,11049.287585411652
90445,10148.745174662829
92203,39553.80705299699
100623,6604.728374566228
94528,18998.92131379743
94482,17160.423043561746
77706,29537.266956596868
100947,7330.616163428285
94367,24670.03580400535
108205,19888.434437141117
77256,28079.743062003
88458,18398.371545276015
102997,9049.93103366184
88421,10000.60144974196
86001,10456.419079225763
97594,12233.546245877122
76992,29067.43177218013
92157,20543.92585051308
106018,8195.606714424623
85491,12978.650221826096
103359,9588.844365874715
101024,7668.561982302529
95167,32204.205603124385
93493,19572.166953266777
77624,18243.805708238757
76803,28407.986743291956
77142,23483.82082229728
86693,18643.945011326283
101755,9784.970836651233
82229,27321.626406167983
105220,11628.018376500793
81442,39528.12534571289
92017,10746.93205719917
106471,10640.341539352654
86231,10877.27123174383
92036,24981.64920272102
93224,25122.09445899259
87139,8622.808514051447
107623,10196.13696277643
81066,27218.174575907666
97790,13072.877825809172
76514,20617.04121655444
85297,10995.288741627735
93020,11836.10835183279
88666,17545.6113342532
98711,14927.98950289203
107486,20806.367058054722
79363,29010.53864003267
88053,8012.061549497388
87127,13597.83817330017
104704,25953.60562203695
103808,8725.076144257933
90199,25263.05475159612
92950,64152.99695369372
92002,22524.905381851655
108435,13970.84969028333
86748,11542.417773579124
86978,7897.734444146957
79932,32300.998807849042
107382,7225.313793182356
82616,13485.613582612508
99198,22123.087134079546
96788,7473.074777023531
92073,18731.96052167537
92060,16728.042927574108
79559,8259.172583100419
105276,19635.43050661985
78536,18376.434263072333
86795,16399.859455616723
103739,16415.1937943761
105087,28703.522434867686
106499,15244.834121064701
81009,50075.253040289215
77053,27586.168127300436
104832,7277.309893548019
81864,14542.059017850217
102634,8649.090888015528
90510,7134.270181270939
103001,6935.822917174359
97323,23535.11717962462
77996,30429.613432866805
89082,15672.227547718718
106910,20117.5276753041
83882,8143.048736880778
106459,22870.6143052262
99678,7387.8422015427195
92583,37962.85697387181
76986,20730.63232942966
90844,8543.666359502604
94286,13309.037189236162
85208,11137.192913136647
81224,20781.486771283533
85569,6815.139905772721
78152,24251.948897036404
93054,18699.67329091639
93481,21026.451956945988
99735,14624.807250670325
88060,14872.545919886574
97546,13274.580438997507
81083,30130.56197893404
100259,10432.105082081825
77751,12886.304629619575
105093,7974.147471589858
94991,19290.24519295588
91352,23437.34528344986
99901,11841.523649782739
83577,13630.829082611364
95846,37563.35310645538
89917,11956.602037702065
93394,15630.662828722103
102805,5751.635986206733
105448,25618.961913238178
108444,13670.416429629975
100862,6957.208069049956
95006,49836.51853083445
86446,7697.159718139605
90906,20929.344903084093
95336,26290.647373686083
94904,12947.646804934797
81105,14052.180282648273
78132,11942.932163079715
87302,11274.20557257183
101471,9881.593058338836
90015,9269.357938145096
90539,15118.599283253552
82418,11722.019489154123
79940,21330.76564863393
77401,34574.854535797545
79054,12765.85325349926
78493,46467.36221393988
87727,8311.852188696968
100390,7478.367413844216
86020,11683.858058045205
106293,26114.679506340563
105435,10928.503037960112
81992,26969.39709766562
92805,18418.577661957082
92871,21990.403689334704
101833,12680.047525175292
98352,10866.407817224033
98629,13724.878733819329
79700,17225.11227901712
99710,13617.08732825374
84526,19661.398812794778
98636,9659.889648064232
106829,15553.330072347266
99652,21278.901419098693
85469,8961.521751627535
82224,20751.86168005244
81899,19583.345891803474
94817,23187.386048299628
92379,27406.118767101492
94423,28807.699577693704
94010,28699.2369832243
84867,13659.482940811953
84679,14687.526745089019
103292,9322.740310924462
77349,20080.79534547915
77697,12478.24909787485
103017,4365.9379593096
79727,21989.615813009576
86490,9625.258479740003
101009,7333.9146347658325
96540,13735.808112693043
106974,19564.286820252084
80055,20160.127978762266
102035,8727.429599848398
87843,8032.332788472704
107868,21992.51786223137
100831,6394.629633087583
98936,9662.05936845872
96915,27902.12047494631
88473,18778.265130899472
89030,11862.964299975925
95894,21593.527791719425
92113,23275.597411252886
105809,8966.768809810445
99360,15183.003012409907
86746,9287.672011726823
101917,9814.542517774398
96687,13138.749294284442
101210,7758.487563382897
101146,10094.883762618041
104900,9357.297206149688
85924,24349.556209248778
90544,7544.628204574734
93003,19285.492210276963
98738,12786.933052579301
99884,7145.652390471987
108053,25234.960009285765
90188,6714.2526885399675
91970,20635.958809018448
103257,6489.993092061887
83138,9279.15612268476
104017,29029.379696431442
105104,7598.347858171848
100054,10932.571292301698
87155,19907.95534671665
107600,12073.112547734074
80848,29979.800684158257
86709,14538.4828740699
106214,30134.068516242143
91963,26059.761348582968
97698,4928.370104273991
106109,11832.642828888269
88231,9745.715512235114
104537,10650.476485629724
99388,11381.944227614866
94517,19548.32254858199
76658,42568.842651772065
107430,25898.80153938476
87408,6711.369012338383
105971,15909.765181018289
90264,15201.40172345812
78434,18742.280130576375
88248,18542.54522686671
103386,8069.046245211879
87862,23651.601584880857
83101,16004.623159645183
92350,30135.415351916443
98624,5375.934549207227
97298,12735.801553328285
81919,16977.195407120613
80556,32146.73860100921
98141,14421.34625765184
88205,15343.835892219093
102779,15908.483138787991
99926,9952.132461002962
101484,6626.56616170869
102869,17079.60018682664
89043,14841.940722891215
92878,25461.531808650983
101071,15285.104569172268
106583,24918.702663730583
106819,9901.095330961083
79956,15147.508910007518
90659,17321.333086137514
82276,11367.763439656464
85881,16523.226976850183
76753,32325.378213786473
102970,12926.197623143085
93126,31494.58150057304
97964,11531.711781446083
81951,11829.00749518293
101200,12918.322942699708
96104,28771.188275167875
78169,20605.20747191019
90062,11716.906312340489
100918,9740.327259050611
108353,11030.210114962858
96642,14457.498236086152
104763,11008.58453123012
100926,13995.75056662759
107597,11289.8604997615
102765,7149.563805317537
85805,12172.171557202746
102162,13220.456841218413
82952,15682.704763994123
94184,45382.33969869865
87797,13906.003951695753
101511,7549.037511707547
107686,7012.403468605376
95366,13036.116580896009
78349,7688.774374561988
100908,4232.730238651844
96196,6413.6522723940225
107677,22006.46208507958
93603,27909.732939284302
99861,14268.203326579769
87456,15815.340507496105
82484,12653.152801083048
89252,14340.015259288386
104243,19331.767395202995
107181,30760.053638857582
90446,4222.943697448925
81412,17264.002922702275
86732,14008.453502188875
103972,9839.775950808298
102586,8626.188766303154
82466,13819.009602474758
84937,17218.92015954494
103038,15621.28829242454
104111,19309.439307840465
101111,12856.695433638934
107812,14403.70101964079
81483,17877.961966390172
81303,17047.967033255765
105370,14046.518109282797
80504,26723.27039964905
85839,11737.68726821653
91560,15991.007279158635
92722,42602.1035242702
86115,17759.671741203245
88062,19810.54622810003
104876,15740.193796406327
98777,15025.229545820946
92504,17899.606524073337
94025,11365.621700628642
87253,15318.033613233261
106668,28902.1024603235
100007,10738.515163583781
100956,15986.064150997061
104055,13927.646991282341
83761,8370.950927410859
79429,20015.530591111892
104731,21001.552355414344
104125,12090.687530543159
95628,22263.69956075363
80913,25891.25820541891
85196,13329.086918719968
102697,11420.68559839465
98587,6224.985240605952
106771,18844.847982155967
90889,13512.091751462482
99697,8538.279701252299
101404,8076.060287981404
96283,10600.857201221812
83072,8847.58717466647
84053,6792.967369557157
92435,19771.274357089467
99445,11401.404340223457
94604,24363.743627345437
105585,18940.23052736437
106189,14422.728316653824
108456,26546.453100719922
107914,12811.852342237546
105646,13609.528759717503
99808,20902.74798812035
101337,12800.487813738642
94636,12132.749203010917
100480,7655.2773066164555
104644,26584.02370668214
96254,24085.257913033336
105238,22552.11641547256
99534,6383.070212994227
85285,12603.609748569519
82145,19853.72598716
79604,17219.70816345941
92928,24671.506569980276
82245,26957.766340208058
100973,11638.58408391327
76365,15942.33531069102
79164,17245.986248382585
75989,16142.29696000212
96557,21141.82152385967
95029,5830.4532678447895
107817,7359.271237786197
98521,10990.00706325458
103150,12324.082380058959
95850,13863.06505077797
102008,10570.072948377598
106002,13778.211861693164
106077,19789.973469115495
83367,10729.030859173696
97196,14174.360034873445
76566,8370.826295804112
104384,27695.39530348729
80692,14206.76600398178
101094,11100.87739445066
81800,18684.280676517545
86722,15420.84752305889
100318,14315.452912115958
104827,22124.22976529795
98244,6986.217443226691
94712,26068.97243750888
98393,6828.518473436902
80771,5258.817462645023
86607,18374.08226406482
80768,10561.83646962085
96949,18889.133328553813
87207,10682.306838099577
84629,10720.61132459695
76136,21558.456914300634
76644,8600.494350390709
107649,16839.79078993051
90281,12931.497146597983
108187,17397.532614540934
92025,33893.8893785618
99737,22849.56450330885
90801,16725.376096013624
100790,13571.78497008838
102558,12118.83295481604
98713,9564.938160310907
103633,8487.805670485599
101449,13318.234969483743
81515,19080.49604819066
98364,10681.437510914979
83966,11889.919719725844
99995,10127.27678855889
99150,44084.24161082888
86873,13826.661267930587
83731,19295.200755509828
80810,33876.8089871141
94650,17948.38631284493
82521,16152.739523819875
100255,7413.748133447622
80454,9390.68850984373
105154,13186.85329392478
79689,23906.476982634947
86810,7247.671924293075
82113,20413.48880236887
85929,8288.598560473882
77522,26285.67195994823
103578,4474.843646978608
102688,14899.53514581534
90791,18533.903027845583
94401,28155.177907275072
76740,18456.59783590892
81666,14465.918892906351
100227,1355.812531440549
85673,10291.484979039367
108395,23198.665985861226
100214,5313.392916507507
95659,23669.276632871683
80490,23839.105087829525
88384,10998.547324772322
107062,9588.201369661589
105277,9161.575942132882
79265,22195.90935964608
84984,10798.492115097206
77376,11726.188657576935
77355,23062.049439543014
86313,22266.37571305763
99285,24494.595437562388
98028,9470.44786598206
77611,15706.487214401637
90056,16191.625301638478
84773,10044.720056455464
99264,19313.05808781226
100948,19377.89414118907
82379,26211.18836249141
85047,17890.3175137866
104114,17366.54638857292
107632,18377.98196756427
93536,11550.978267031162
81421,36101.33126521267
104793,35984.151260546234
88141,15061.222497487743
102679,11530.374294048108
81051,29926.6037985222
101005,14259.348606740867
97532,9403.807360622799
102499,15176.68246495419
89537,14452.142656294967
93046,18758.895911780124
79823,17280.581222263838
98882,22585.311085486937
97094,15230.131221230953
82461,10979.922102738421
86118,9929.18001160676
89801,6660.008005336204
83127,16965.09103620512
107519,9814.169483486667
82583,8776.603411137216
103259,8641.832897190006
81152,16366.773256573084
106206,27228.09225981547
96706,9437.25119290417
88303,16698.04478554694
94241,25781.473241685417
95076,26884.22575006066
107546,8247.66512502847
78467,18727.140981369896
98304,19164.171735507185
95393,19014.57329916702
98134,10023.478657576301
104152,16596.68461113043
76818,21855.009877900608
84707,6686.140795108753
87889,17129.208452237155
104736,14245.73777844822
87844,18535.600051288304
88388,9629.656211839903
83940,14019.167128746318
99536,18084.09848879877
83313,16743.579368646395
89864,14177.944581594837
106944,18449.36947596189
105635,7975.164154760098
83110,10495.283450752868
78937,42499.11033858645
91724,20015.227108912703
94886,21414.080521489745
91449,19867.147635559548
81745,31419.284865439746
93405,16551.926907634694
99402,3030.6782811868443
94317,13862.886250835178
78503,22194.11715419499
87111,15469.689732107441
108538,14924.786266365787
90689,7610.620174279757
84402,18646.038070700615
80890,18967.416697175027
101682,7183.238489771834
81874,11332.627003536347
84259,4956.2607583493445
96616,14427.69027989707
106173,6750.704603628499
102534,8757.583442709725
81629,55078.4225377638
104910,12641.637241268423
92100,29789.614473290607
98454,9802.378638173921
81880,21083.373757947254
83346,11370.525295501562
95335,22759.430155045175
106693,23581.677149099894
107432,10417.207549880146
82694,10747.175965263019
100199,11049.150972195588
107361,24198.581249951767
88659,10127.546734273346
84237,5609.039491993708
83666,9768.74914732433
104468,27632.87500558149
95495,15988.234393787905
84298,17131.49206261024
108427,11720.864502413693
88238,17286.909001078853
103836,14277.901446821768
87394,10434.423217273425
77799,16388.6771299075
97905,9146.105967182042
101142,15597.177490326141
103274,8528.842711290603
88302,13669.845620517164
76533,12133.000157064234
80080,33069.874945723874
105134,12387.00651260197
100792,8467.879701209466
81408,18787.683325644084
80410,18941.85427048139
86355,12084.10817136173
100954,6731.47332883045
93799,18167.998703944613
100810,8186.133009603091
80379,16832.48527801449
107796,21550.98734311032
94046,16009.832871839977
99931,14847.918434275149
85890,2894.931819784226
106923,15597.21324350514
98319,12962.689241402633
94853,17900.33715706001
91069,47164.40939167359
78790,8868.319546399889
92697,24698.005844676914
94765,32414.28381113773
102150,9738.143781024748
105768,7783.353464949087
81755,20586.216030980115
96933,9665.010394637427
92136,57712.779000727256
96082,7594.027549671676
108457,15991.028057284466
95142,29501.070248886826
85688,19778.245754050924
86672,12416.533990624208
107583,10539.562954889345
93369,25818.42683275643
97637,11385.941061117188
80868,14827.343599754933
102315,7806.909327969919
108428,16568.359800730006
99478,11521.296991613148
98906,6979.746597935376
96394,10127.329479725462
106032,18423.814692262327
76121,18134.812760739736
92642,15908.357678046114
94725,21052.991484779035
84528,14437.504313988316
104492,11428.91081883069
98456,24781.679732977696
102089,10374.178446501128
105274,4766.740368733066
91436,30976.692660413257
99127,4150.556108718953
80416,16743.154317386714
83419,8441.115625084165
76209,20770.991048455184
91874,15599.426576598704
107892,13566.748195643348
86727,12089.142741648124
83096,6460.938612672523
107036,21174.105955067076
86096,8774.762347458052
89684,8749.220456655887
105301,11051.168650483736
79056,16385.956694631448
103508,15305.284323728634
102651,11380.678334799855
76605,17743.544608945926
99170,5914.26490247151
94850,14075.807172442492
78638,10973.085416335887
106031,17358.24387750806
104955,11721.639720931522
101565,9640.112954160071
105886,27320.91151449362
86499,11594.3038448831
91809,37752.2312015935
86033,9691.721655965064
90761,15632.911020583197
104168,28709.552569444935
88048,15060.732221503082
106343,28466.32249907586
96568,9207.382758118674
90082,33947.862193956804
85659,8710.584797040126
102950,8837.078877195001
96231,9741.371506492338
101781,15197.452419936359
103210,7660.71860302918
95174,3574.7280629380516
105594,20006.40175784799
107809,22802.27069283523
81222,33891.045827994196
84506,19071.45567402928
83399,14199.722994844913
88318,16234.896621546275
106235,23497.242139942522
83952,9601.152434122901
103610,12468.062785871633
107273,17790.366040680576
102134,15621.28829242454
77708,27782.05119688345
99754,13114.117616898033
103372,11427.362736786858
90457,8180.446951284446
80228,11045.805381805229
105630,18494.14293643094
78448,22311.36550674142
86729,9501.92438230886
108510,16477.545806618557
79686,33191.367778716136
82677,17404.673861980285
94161,22385.98187118966
93064,15454.40081710006
103595,4614.40248469519
107257,6800.766857481896
81162,31202.461984824637
106410,10081.176066530374
97829,22356.840046575224
92429,21156.816900162004
90183,15711.528680280908
83816,16593.518772598945
88613,10272.969963361713
90025,6978.76611268859
89004,6746.124064922208
107997,18457.74957304537
97458,17055.825921869866
82737,9553.799962223395
101739,12159.626253231181
86766,13316.643114520204
77098,16219.731778026735
93598,24794.03473140356
108115,11728.454202841664
107653,38125.56384873631
94706,21817.302613307325
105344,9478.935978260242
87516,8301.048765196412
98959,7465.812980125343
104557,9300.742737077499
99137,5892.55642695022
102126,5362.694285727716
104455,12613.46601032166
104278,10917.641483740044
80331,23728.14815547967
90087,18178.90350722141
93700,30668.35925648793
108517,13829.593533102363
97373,20623.55664154455
83394,19216.34074245886
100989,10935.466895502419
82625,16667.986742094152
93457,11801.313080085594
103186,9441.220464093327
85133,10998.931854547534
101198,7745.807807693815
102095,7923.1232025343215
99684,7987.663927701235
83595,13911.571370038677
76960,36307.2362615255
103015,8157.156692310989
91987,43510.43645276513
78825,23512.588982961475
87668,18819.84771484564
84826,17481.1331113686
92309,10871.29059603191
90969,19591.000236581633
92987,18258.28607748129
105317,17015.03059278245
93606,24036.464323011027
95536,49982.003843603125
92839,16677.655494986273
102133,10125.05231425254
105225,18982.885204166036
85627,10135.582330544985
79013,53093.084343551025
92008,27335.65578992292
80983,19558.337696824794
106475,27733.84818520971
99357,12206.599257621565
79246,22957.827895434064
83200,7274.267931394685
79656,22895.60072767437
99031,25611.52744852327
82780,15624.067166849713
88310,11537.962420785732
98056,28732.970831202725
77289,21843.90671181023
105503,14456.492979334438
79198,33982.595559675916
93429,27430.816149651102
97172,13000.8296720435
105958,19953.130780911608
103180,2895.880332340612
85825,9131.967732771951
81725,33183.978516992036
86590,15445.674213679682
92366,33300.53966342651
80589,63423.77458782043
95454,17874.71457776452
104525,7443.426143640462
107646,3902.755784555402
99226,9023.472505876793
77273,19485.069456255565
99642,21275.104257835566
91195,25039.7966757002
98641,22040.99477036305
107724,22380.10338034473
89646,31125.382390747935
85873,15121.848162124963
81468,33998.0209704203
97648,7057.688318376148
85573,10964.302607572314
102394,3848.4363573679207
77771,21536.723341438836
88122,14113.675341580722
85640,15262.67564665131
97560,6175.910453401633
100584,5605.297261454675
97404,14026.074848394393
82414,10362.901090313195
84609,12722.902973293456
100462,10222.110486945676
91573,15563.986404142674
94716,18847.31970741687
107560,24750.17090912577
79627,20374.18907622401
83025,12558.217277222218
91918,9864.838096561976
87344,13024.135750294981
91683,28616.58383777517
77259,13481.351081143357
95887,22188.277984377637
96802,15106.425666032179
103965,5961.560851490204
78110,11148.535691949503
99144,9355.845730110499
86801,11643.19723007656
88181,6730.821583091251
88262,17886.312966405738
85846,19988.57815762723
97896,14304.193982671752
92462,61408.56977404956
99668,19757.418272179257
89440,8223.396896730483
82867,28057.623084291878
85857,10920.572922787802
79583,30032.09401026009
103090,9883.261904905912
104184,29400.55901926501
100921,10352.272322537152
83124,14866.70214552931
93320,22908.16254751228
81985,25386.897731175857
89618,24758.16343029513
90086,8503.908788789771
80855,25739.679776608085
105114,9857.783668696427
92497,22683.279447356897
89049,10211.30279760367
88584,19350.40591280766
88019,14145.986721420875
80119,22076.010349519405
84879,20821.498701737753
99293,11821.72841182819
82515,17308.29858344312
97600,20577.52245923568
103737,12685.544816027388
102387,15257.688363131962
80404,29927.247717705806
105785,42027.02124516259
76379,21862.38405759917
100569,15563.304341251194
101553,11070.126135504071
105803,10897.002156410754
89151,8873.99255690215
102960,7521.794295877179
103094,8092.28053456587
92146,10520.823875020335
97802,10839.32755623485
102939,10668.682547137874
101492,10437.45145209219
84207,9837.08966241031
86995,11098.063338469734
90024,23492.343716152045
87536,9403.115459632976
103571,7384.054510131596
87529,10358.986632124934
96756,20776.721477652496
92326,17496.16116593036
97609,7173.04394192461
75984,17879.06226704676
80733,36461.9435831868
77150,11263.524294030758
102496,7805.168023057293
86666,16955.646786046822
78836,11096.176572121458
82444,9005.365647162354
104414,24948.509204427875
98585,7231.2866383147475
85191,12351.827588028342
88013,10589.414783417205
78962,19192.112124969583
101510,14986.718993129369
103438,11409.989793024108
99474,11238.835741902072
87180,15231.107759693674
82983,24772.653147873647
87503,9344.505722700858
90410,21489.698278806467
98416,8803.943527874606
104117,11067.294406854695
84900,7424.420602394126
88565,19241.395559266322
93797,15943.55317999491
108131,44886.96866733756
78848,16547.52609441196
88151,13005.18600166692
85081,11250.212812027245
78163,10317.654498859525
106580,13069.435371469692
104638,10263.750995214186
103696,11712.493963647568
99589,6668.504277804797
79699,15172.904331874237
95129,27910.08884158396
102173,12976.714457286807
92811,22784.22928534939
84986,7705.759486746047
84162,15720.992731238484
77340,22190.083953712365
79685,32974.679408890166
81423,24067.808410800204
93745,19728.79136568702
101399,9987.865307414893
91611,23617.158719139486
76973,11505.823581977616
83734,23135.3704992737
79526,21069.4796071583
80087,7587.33979606328
102186,13717.718787691683
77640,26360.020930992538
105138,15928.97763178131
79146,29431.479582366974
91713,12685.624400096684
104230,24997.201634252604
101896,5954.308650174317
107587,30648.449686350363
76461,31899.17717636818
95587,30070.649934226833
96185,11425.207011028733
103181,10886.52164378299
107643,30439.717093900912
88948,10259.707526334074
97565,25333.62168243099
83821,11292.566010611536
103781,7291.7710102873325
81677,52987.08588497018
107975,17756.064325301195
84106,10491.599143583322
93060,44485.920151692255
81078,30583.4504587815
106748,20182.98617505486
79264,56401.552969276105
84098,9268.217622633185
87838,20718.503431703444
102957,13189.605893963613
89353,10702.805676471322
85492,11124.10887789968
107957,26167.955054325448
89938,13515.143807684897
90260,10514.504865329287
89571,12471.16905545475
106963,10415.733829948405
97266,11052.923205391933
80413,16182.456792846202
86028,11048.14384142565
93343,30178.03121312494
105232,8452.546404849274
107755,9984.00677559367
107326,11195.377487365895
107571,9417.248430392889
100062,9507.319161033407
91477,25856.24077570938
104598,8524.347410011553
98614,9021.472114624417
104034,27824.531671880104
98446,9124.683640652647
103023,6177.861359125432
91550,22609.090273148886
81211,17516.48899378286
90619,9364.677967419437
91525,40935.06815424912
104422,20996.050905168566
93555,23209.228297362737
88346,10346.491548440872
102067,6492.879672227242
107051,18238.287281155615
89642,17510.597059678475
83492,14607.500521809232
99169,13953.075452883755
85964,8811.69138252029
85179,12069.606053674373
100677,3223.409675629607
85529,14686.674390116223
86198,12103.459150929664
99532,7447.2472737860735
80443,31117.30860189715
93248,20401.816448120127
86958,10024.714309381812
77942,26092.1216833955
88568,16119.185278419698
81730,49321.51793391063
98884,8509.695266179951
82267,16990.038780215185
88088,10314.990924999413
89578,19478.3214570783
83568,28451.030514375663
85083,8913.907599441614
79222,16135.896575828516
82543,10195.460906685486
82611,2818.2550255183414
99708,17536.956008416313
97699,6181.7376995842205
91371,25374.937214927646
101757,5973.567066928674
104417,11727.257875417681
99830,9434.310992107412
88477,17541.08214719787
104614,16093.611250608177
76098,31538.686597548247
92143,17451.693691107568
81343,31160.688402874206
77212,27755.73561269396
78262,54045.82028666765
95097,26576.79610289158
84440,9793.820193432182
96942,18400.532054262407
101584,9313.900198389367
77202,7659.168704474002
85173,18486.39780653869
82953,15057.168756043202
81151,22568.08016429254
104377,17936.13311488184
86697,1267.8747883327862
96650,12685.141530016348
77031,18383.69117593191
82235,39386.222747887274
91333,15527.552591551035
103393,12732.564195546682
76254,15640.206108090155
101592,13075.241283820611
101865,10020.501372524386
90819,14157.003627613358
76941,10527.187772419573
91974,15968.64183372843
102930,12109.059406538854
96310,21017.406548095867
77912,25410.75700300406
108119,13598.257619785272
93631,15312.384913750107
76592,19314.356266071805
94282,34088.36456429573
77715,24681.174311389765
93747,17156.59706947701
94560,34302.67057709213
90108,17595.96169356271
102128,7253.041836271201
85820,18609.813310157155
79541,12449.432198522718
102901,12973.81170856582
102761,10388.056895475931
91536,20798.243923978414
82089,13574.685780879354
108489,8751.37822413013
98409,7210.302019477637
79151,13518.80452427908
95549,18765.67753254553
85472,7221.994017302578
82072,20495.10643712397
99386,13265.801460155848
92932,28413.92215921141
86525,16380.609112629503
99013,8857.131016180596
99472,5979.413241408405
89967,8184.883754375186
106604,24355.222681051127
91608,14306.121542893532
82249,27011.941160543203
85445,17487.38345380061
106905,20751.948710090943
89122,14998.11561903063
87056,15827.539158583928
98254,6809.23476835241
81697,20758.0299304352
102542,12022.600960806229
86804,10786.22716136227
92626,49348.50069695446
76602,43732.55818657657
87943,11915.265905331813
95438,19014.336523204973
95823,18646.118224789356
82403,72796.66229750671
79347,23536.24307798375
99419,14238.716184511426
88561,8968.762889591502
104572,5355.4974628206965
108507,26349.738199557392
97900,6966.238585726955
89733,14008.559258519801
86211,7078.832096567859
96713,15830.74460903059
107123,15790.58097534234
78086,17560.67553489051
100576,14016.202587887517
102589,17140.405242964505
104477,28195.896365282046
103487,13873.268222362549
79189,12770.39008172642
89098,16845.355767240402
79787,31429.81803926068
84294,17028.619016800763
79128,16766.78433325255
90269,8552.497082456735
78251,18277.02353063306
80572,10246.803824860453
75986,48550.855865034966
77619,30501.749378930534
105025,16007.021092106681
93882,25515.069552001405
78338,20650.246697719256
80621,25961.385410732248
103601,4513.395545592616
88170,16020.308310292068
102889,12489.652974602952
76347,22804.128014947655
106080,6118.225012506722
98834,21997.924844197303
76498,34162.66044793496
85104,8395.964347724028
87534,11379.527364735843
89883,5139.681329070073
88738,3566.1777135719713
99252,21053.97545339705
102696,10734.352698843712
95948,21822.339902052445
105438,28579.692268112543
103463,10668.661323397268
100261,9243.895976749596
95315,22353.15050604959
104172,21495.70979572063
76502,32912.30070527921
91569,27238.54784875573
96071,12173.070525351532
105936,14887.284734062123
97089,16438.523355115372
85434,15261.644934703067
88446,10524.317651514655
93751,28153.086117452236
105399,13631.034346503231
88174,34195.27261701376
88555,6968.903568280901
102346,13372.067617072165
87144,10821.861383104511
101990,9888.907083399134
102931,9585.86691687022
108317,12279.026256101579
87976,11176.259527063468
97988,10126.359582662073
101822,10821.69693701827
82536,15915.549435691384
80676,31907.935680718037
91255,10020.88583173197
94069,16880.80083966653
91894,25049.309913071393
108147,13233.264511962974
76928,24249.140557827563
82648,13850.176705646962
79426,13088.245692297416
101936,13058.301068072828
107567,21504.584942624264
88776,10918.296027274955
91113,27830.06260253547
84568,17466.194310881616
78044,27421.43187070119
76929,41887.377852133126
102526,6224.331008498438
92515,11442.943596755309
90009,8101.667025105779
82978,7976.134352428387
104437,16563.800373749596
101451,13732.400804453833
76325,32149.965628878406
89491,7530.037655394449
98435,13379.691272045771
92282,16896.667694176034
82209,14545.85327314296
88705,14376.307270732195
104679,8408.3954606679
84919,7645.729338607244
89998,17503.928763952168
103520,5943.3284772366815
106857,10244.542433251203
108499,12849.3570737243
78893,45064.78403865403
100860,10568.156596135475
91684,14860.327328200447
80617,14254.791405105889
76634,35262.494531208344
92055,27125.526455939184
83030,2487.96120310329
86154,7036.888217842627
96022,20106.837738484443
100336,17118.791834662956
92663,13869.132375385545
102884,10042.85865215477
80763,23380.818487136123
78329,10665.904647870597
87867,14348.991984837889
104353,27316.44167278031
94284,14841.717188330873
107996,19762.624311697204
95784,22662.31174008625
101298,15721.519952704824
95995,17895.165108942518
102718,6609.402294405503
93623,30109.371708091036
89585,16818.9487239075
77533,22449.37505704767
107550,14444.877828488923
87760,16072.545387048956
86299,3848.4592556171924
83152,11276.306233217407
91322,29191.323440969794
91286,9804.883053638508
89231,14678.304747432503
80082,9332.136470858444
105518,10018.22895115967
100224,12427.504576637746
97261,11974.83627850416
99651,27541.73619717243
76487,12653.571172153359
76867,25084.92683212819
84574,12793.337105842666
92378,46566.787411790945
103934,10995.0903431647
108445,8791.117009367597
76872,19288.381314110404
76180,50591.788840685826
106906,9562.621740139935
76431,19276.23417972851
102603,9696.188091145988
78403,15719.037362771774
100799,7338.284094221555
104755,14155.973613308463
89602,21633.39504331825
101656,7363.002559996263
79362,15954.558423531247
102262,14306.432274039342
79884,17241.93364897491
97740,26118.08767282638
101264,7708.485256345422
76525,11404.257500764821
101988,17349.24714871376
102819,20055.456488928216
95501,21868.301186263077
82890,12957.393817451537
94413,18331.54511149657
77898,29483.52309557947
92991,23484.371990834865
82055,11302.21124093415
100865,12478.268037241145
107388,12669.098227007444
94252,20093.666649227987
105973,8762.047304834567
100976,15672.756581861511
106212,27013.54909033859
76078,10343.308186610686
79014,17727.065755692307
104787,11156.75724085764
92342,23514.770097830708
86334,7515.696843763333
94066,10968.034912703626
76062,9852.995461993183
99371,14626.722238146494
91498,18770.110488944287
86406,16463.70971216907
95531,34116.038093992545
93274,9655.851714323124
100190,16989.325255310294
90424,20155.451548476474
99089,12091.236674931377
94306,15614.219542904973
88209,7701.2113003020195
90029,8701.490936710034
103397,7740.073900381464
82341,28103.56173482884
92358,28352.67400026839
100389,11236.858555178249
104886,23271.59733834895
98404,9824.756822571459
85100,16560.77944739596
84878,18647.467304427475
78693,24916.3590063607
91992,57950.244097666924
105754,8762.0892671533
89594,18422.081804613583
84756,5079.12683467164
91795,72684.26854876499
108235,11070.905461678096
95474,21927.73590957786
103485,8810.983498992893
107700,9231.030060622012
86613,13181.510792601941
85741,8368.330201024091
89372,10919.516360631169
79735,26323.93203911618
76186,14129.48643591465
93135,29319.92260641837
108107,7438.982358716788
95853,29347.026395267563
106625,25843.45663496355
94400,17001.738361289714
84893,14017.784915008227
97777,24697.80178831635
82127,28642.231715193517
102116,14698.000437377243
84330,19110.291379674636
105251,22454.846490026317
104115,9597.12939451942
93746,15970.560283068471
104982,18411.18947926465
105988,9363.859862940524
102562,3032.7960998936724
100822,11127.90945847093
104409,22955.438274116506
80140,17335.675842860535
103317,10045.006126076309
96145,9304.061142350069
105732,27113.81423571399
100943,11029.618437129151
92940,12248.051018817765
108400,2686.004378567899
108512,13016.25511820884
92473,51997.41402809296
99001,10172.881292030075
81082,22837.2076511449
108460,13244.739046147099
108169,11463.606314225453
106864,20176.776014124112
84685,19335.214010713767
77736,28763.20602714474
94232,27522.412814476393
89520,3436.2970579189564
104514,20738.2735105621
87509,11163.332519223173
102802,9838.974174075514
91042,28583.679523982777
79197,33452.7697092225
76499,15155.10665024742
100082,9625.144723675969
91224,25265.449456668888
95303,13089.449179654126
96830,13415.228986971979
88064,14301.311502145825
81628,7765.620854362256
84857,7908.066057603358
82032,21964.791044692498
93316,24036.853895897388
104993,20698.336479549027
82315,20451.3396214304
95990,52161.704307343614
89970,15082.89457872524
93407,19759.864512985874
84755,15788.033353907864
84684,16530.47631203098
79353,36564.94694429438
79649,48748.788052907796
81749,26944.45308483864
107002,6503.350414016316
82546,18999.994458295212
97536,14891.665917441895
77580,31133.817303484666
95967,19491.36133842532
108150,6271.579867680508
98992,8045.804698234241
108536,9745.402586343047
102358,6473.0140095356965
91856,24657.904517332023
93148,25627.951074662175
84957,15076.788693990105
95413,12202.938638055757
102404,11793.796376758934
91495,19201.845304446455
77953,22123.96608088582
87398,9086.352568228738
95955,18315.549756835713
93290,16035.677643528852
88128,9976.878754899102
88830,18783.342303360794
83397,11252.95209262262
81599,30872.913338012284
106055,6911.065373805569
77655,14364.953533950444
92106,29503.28387972426
96536,12128.665812569081
104575,14913.150642974959
105513,9923.922725976032
92308,18149.2883590887
82419,13840.006257616447
96473,13014.007209869767
76961,28442.935436917294
104060,40610.9083843017
91056,19089.55351430979
87618,16261.966506006855
95253,31105.31428287599
96135,9476.455939649786
98015,7542.410208116349
87695,10887.828313620259
79066,14741.143084197492
95512,34304.23163998348
89234,18047.472991911945
89971,11427.525225695998
103750,11695.378814584854
94180,31510.244223434023
107947,24177.798270939085
93455,74301.96822445431
86369,16516.44860584761
78817,19756.62111740657
85051,7385.228562924393
79315,58195.547733121675
92395,26262.187060214852
82513,13878.009667105789
107728,7491.270756288272
90261,12553.725356214161
101064,13093.620054082838
79329,19670.328073319237
88998,11523.652425125436
102002,9421.142116884697
87718,9631.312068073496
87774,21365.501004373153
105214,11886.781116536542
103055,9911.703800976893
103543,14474.269289605521
104548,6223.6629897020775
90387,9425.311236223057
83786,16523.142558818912
108102,13669.84577332877
101455,8156.073229091493
100577,19518.102916237258
97483,6403.152105651799
103056,11476.82537916202
78401,10989.81369191609
97400,10680.237077274918
97703,13951.162334540404
101311,8787.970285117148
87912,10505.97097407031
97168,8784.817436915107
100833,14742.63492800982
93043,26236.42988065998
80772,20990.256126718778
99794,5748.0478932965125
78326,10353.60836315893
98710,8134.715103171961
92351,20327.688879584613
87356,7708.877905855773
96926,33078.020597826595
100570,7904.279479562025
95109,21554.86382521636
85050,7651.6715860220565
84046,21182.1052597129
101466,15557.360960954016
90832,15066.282968143401
93397,32051.846926510432
107778,16701.57715592038
106710,23230.030466838503
83464,7853.616520277552
93622,16296.219517334268
88744,17001.460156502686
107378,17383.861551148075
83032,11455.95407013512
89480,30755.400420254813
92634,26143.205392356835
81057,9278.759946302791
102633,23469.973384644356
101794,9217.713286139602
78355,13571.922957635617
76544,65996.39870689777
77408,13339.425278506273
104451,32165.52243934658
89254,18123.800393584315
85412,17265.076618491214
97709,10360.564268817026
105230,23556.487136347467
87691,14207.206780838746
90722,9490.59086988184
86679,14124.614589520897
81418,27276.830817416325
76980,17905.677070136648
105319,14399.788181389185
80516,14835.894899502828
88960,8837.945965135117
82982,8210.947134894697
105004,24572.769309274863
78037,38120.43755054832
105901,20191.34600866038
77109,13534.784516460653
85855,11579.001792282736
107355,27683.97154010152
106193,10513.861750348457
97700,20730.777387963284
86150,9327.96110450967
76267,34584.17628913528
102096,15062.874864427367
102561,13935.090337751953
101137,12333.063414877593
92050,68085.34364114629
103878,9970.471576743203
94760,23495.284281680677
102678,10233.944343126364
79971,27683.42198013896
85739,15778.198745891323
79714,19550.066193221337
87673,17716.113300062192
107304,18988.001693891325
78692,31413.868076775314
107274,9611.627603069725
88686,5178.123347043179
90843,13407.145963047062
97507,7750.265705925624
92343,45745.83590937343
78781,16351.7698594614
84990,20258.174206719348
92913,37650.679591925684
92079,48963.66267119919
98507,7422.5883728843255
97152,22471.25016826787
78442,45899.598858269215
79711,14632.1690497087
96643,9691.141642515184
105000,8627.182899336103
89454,5750.9740666936905
102265,15621.28829242454
94961,28868.493917141874
76335,17309.338955344963
82897,10316.326595649196
94061,26256.508151793438
90661,7326.693285254872
78112,30792.6300331392
95596,17108.12713138092
94740,33381.4125910271
83287,5900.328903633212
96668,13215.236116021313
101834,15706.298673835616
77285,33938.96760474203
102545,14500.336484582518
96287,19270.655122117085
82156,70571.47949537016
87276,11654.803830210767
77564,15741.151658726623
105991,7501.746089674681
107570,13374.684815243705
94519,30726.88686533945
78369,50759.02475557859
92674,8842.680671555801
90532,22321.1384368424
85489,7391.049337615176
103660,10039.621728102176
81206,16854.53647024526
106764,27517.374956601878
97425,13573.313867257726
96393,23341.742133169988
84960,11091.40821985862
78993,34129.88145661135
85876,15705.08896839487
103936,10827.59983931581
84201,6057.001802296934
105098,26823.402963708544
85078,15618.138154438391
89886,14745.338423881009
81268,28602.97854760316
79945,16852.328227219925
97727,8697.855121477316
90636,7158.7825629658455
80106,11139.441020493581
76947,12793.942885984821
83264,16139.17332996835
101532,6188.207828833365
91558,29409.64494596956
93311,15568.240602587925
101967,7117.0649768003
85725,3630.545413382724
104684,21998.652792082856
89747,14815.025025312374
105165,17344.122631653838
104814,17390.375891847907
101904,7294.373005814195
99238,11976.540372980337
80989,24784.25824345837
93575,13250.18800832288
101536,9508.685871474858
86847,9397.24453854542
99847,8526.242808830895
89212,6995.144908668247
93997,22035.057916745824
93647,27596.152744950607
87846,11583.007765294504
93737,23885.654753367948
77906,30987.5398090635
80648,31539.922278968108
102925,7736.44153937939
103709,12675.24376993117
86195,12762.511750138576
76865,12589.64324893057
83260,17045.75974607398
97233,24618.12751698582
104618,20629.38946591429
83879,7230.859844693393
104804,9736.450843641087
100551,9360.292616737033
90524,19681.844532606763
99669,21302.97108093265
102658,8157.053403762965
101398,7665.151471438242
103286,10776.571091679501
94823,34253.34627880266
83630,11400.98621862932
86079,7429.680668509536
102145,7868.707455085161
94270,34274.4367679084
105688,27990.471486122704
87335,17805.470720166162
89805,14104.83188631884
95093,32939.6034837642
76699,17258.97852781117
83187,15388.337039147791
84218,6278.779566951241
94153,16120.446591881391
91849,16398.079032753638
96202,14170.02347349762
90172,14895.08220343386
98759,8224.730596563279
86718,7467.896990147761
103349,9943.352969607558
93293,48347.00242241048
94622,33054.90290334701
93181,21150.734816601664
104870,11913.292947379
83247,7712.887304427733
87566,11417.456034276449
77362,20981.561601835914
79537,21508.579140397105
85049,12658.908813711227
81402,17502.83238015416
108341,15610.559644859679
92193,27758.43800489974
100184,16112.000615198984
106252,8996.832820369258
98047,11909.087260090599
105416,11303.81384807504
90872,31854.928105477884
100235,9675.83653257346
91485,22292.187903017228
90534,23035.15125979283
77841,14887.822070569351
105730,12376.934291659874
84175,13364.680442680316
103964,8299.18502052422
105970,41946.75499507314
99843,6855.778931502133
102012,10212.54487261574
76779,27014.6409602215
80778,20448.064559429444
106638,14996.20667525534
88233,16489.681503417454
102657,25830.369190314268
107180,28234.338516609987
108468,14898.72369123499
86399,12664.238355824862
85128,22987.02939297049
99868,4988.957298131865
100413,11739.424445061342
91125,21161.938377534858
80467,29211.41917912123
78605,12985.22283620924
90259,14162.901916944256
106759,10270.444241108686
101253,8998.920817750586
100980,7415.552398069294
83805,10528.375459244553
96745,7655.567796648522
90242,15218.691489608756
76118,26124.35390152505
98824,7923.107882012972
78006,21612.651268447884
100924,14053.35162315953
77138,80950.44688111315
87665,10364.759935234064
78023,16011.955393638185
96117,22007.80904501772
86789,8265.252659971331
88649,15954.706059174636
96792,8215.11635242723
79403,22159.89143026087
100547,7824.228689162694
106529,12561.722958177354
83042,11998.922857409998
80334,18576.79738792073
86589,8139.409660635013
101811,17872.26706527578
94128,16458.472509647738
95868,6898.613864876028
76244,31247.43514433983
88957,18975.20421358602
108503,17066.733930676015
84409,9125.972274985763
104962,29524.854477292112
105121,8596.183512681882
94389,14716.924109669057
105602,13808.145502131849
88289,10008.932922170263
108168,17071.15827185133
84978,18228.366717345543
108011,11878.076837568207
79783,11877.577688912625
89892,21278.58741682424
91748,25179.93100092434
105942,12412.044312838654
106893,17194.963140732987
85969,11054.877783753709
105403,13682.715084446669
80319,24929.628108217097
103010,4221.522857380394
76518,24696.73536549042
95598,15227.100503900721
101287,14451.875396060097
84475,10604.281422262618
87686,14443.612538736541
91202,22342.52288178873
85296,16161.470040329288
89710,9999.73853327949
108409,13494.88253347843
104660,12098.366384815894
91493,15298.124515883772
103318,9077.104517434287
83537,10428.45854791229
93277,18471.28428215871
91290,16112.439289594939
107127,11992.691018466921
87752,10993.702386609406
82613,14454.920641925748
104508,9403.081788460757
100051,9335.685768325518
84203,17159.623898407004
88624,12309.925092646674
99483,7037.396441771924
96635,28565.724115939887
78956,15710.88922851542
105839,22402.383848501668
92487,18767.830726550917
89382,10321.561325391336
100337,7132.523860813328
78640,39060.66770458389
99495,6796.470788300187
95580,40576.07091446124
85347,16730.55533815654
100050,13983.348063174228
97749,12472.616471474194
76587,29988.944040705104
95918,31067.989837957073
93823,36332.7352195352
80470,27207.046766262258
95399,94084.26177937718
101483,7767.685102729168
94776,24975.34829146337
97442,6034.112614470263
79267,26802.574129080294
82710,11996.633880139101
77473,19495.475887034852
105371,13105.606847727304
84991,15172.714244014835
93878,26157.55897603205
107126,17316.244003641354
90996,10488.210804691034
87095,10045.922526089873
80205,17265.341393032624
100043,9259.760783290069
84793,15696.979037268447
80403,15309.228732780648
88018,12845.828511038757
92747,26675.582807513703
104894,11779.409044177397
108319,26577.063105045356
99481,27347.73655780315
98270,10210.102329188583
88155,18337.19737110626
84565,18028.60491766183
80779,45806.769360024904
105684,25646.47425582676
106855,14988.884071773788
103908,8024.85982576777
100595,10669.759936250095
89822,18331.20591869667
100401,11851.207284897417
101037,9285.095468674755
96350,18636.52733905567
104191,18649.304428100862
87891,11689.411845311144
97744,17121.26645093457
105757,21973.24825789995
98966,12899.56875530884
91869,9358.463973621323
81292,18727.91033064323
108284,21609.89744011506
83092,10849.366479151322
78394,25044.390779776386
97961,12598.711842047967
77723,38334.967412794824
87317,8277.559637469572
95065,35166.721230932126
88227,9356.472707077848
108087,9485.105623924881
76311,10626.514037189238
100764,8626.047669027772
87828,11752.415256473996
77314,17207.66893814595
107860,11988.524588539005
100339,5988.836930051484
106165,5778.354721372415
104443,12390.94857067489
79613,31800.105711637807
92686,25052.54536212727
97493,17888.926406851773
78977,33076.60622254296
82933,14852.052171779593
80063,25687.471448373304
92287,19901.238496296013
103664,11811.176844872769
102185,16338.94185495252
94679,16351.533514253995
99024,7892.848244402758
99366,9034.940654181255
96554,8944.035689216544
95906,25251.069716347305
85623,13471.33266820251
84336,17037.380756611306
96560,14793.185850244608
107448,7941.336430173575
104118,18557.725627791344
88391,8585.581089042978
100327,14489.769435089633
89323,6693.150715289053
106925,24395.231826437015
98542,9155.531996056365
93996,23669.848269547994
85103,11107.850840360376
76033,21539.201293373313
77213,19931.39171162719
98117,21069.78981915457
81109,33577.28515243415
78316,22530.277427858902
91021,26310.000202751522
78093,12268.460490020845
77497,13105.503575099467
83590,13048.335288312352
76126,21278.701011232308
90509,3602.088696047019
76454,21154.92029899171
82095,34533.425309105856
88625,14994.324875446868
100031,8062.710809182011
99458,7810.190818042739
88085,10824.617665049347
91823,20807.07208879673
77735,26496.178741932705
91799,7896.690859448595
91480,9189.353577943151
84915,14320.914067580585
83688,10867.717087509907
102334,8845.833253713496
97765,11347.242990595616
99836,12879.113295696838
98569,19413.276142320272
105050,22975.194243925078
80826,15536.27048038244
78684,12042.376993218
99123,8518.566705982577
96507,11379.30086859133
104742,21963.520468323746
93690,18053.169491069937
107606,13319.22280783976
87019,18464.400367918282
100735,9477.803145714312
101685,7648.392141128024
82792,9167.429515899496
100036,8547.48995111902
102607,7253.400646063102
97772,17640.882151016882
96207,16790.964905541667
100697,8213.499923529487
96481,23034.902842756583
89054,15829.56357611155
97847,22559.390178188594
87528,10814.41323763601
97145,7156.727023769235
95223,46510.469581110556
104325,13203.818833892237
93743,15810.918747886766
81914,6847.320710208099
79040,21056.682853192633
107030,17047.243460743768
106244,23950.365940158208
79602,27553.158163013388
107684,7295.890408088004
105346,22940.273255011787
100000,15664.532414067975
79001,10772.399109666789
78942,23464.67921493254
87637,10516.371301554987
102257,9004.285195802911
103502,8195.486739370594
84619,4731.111121920361
91129,22060.009536462505
98493,14326.13701758144
107108,30040.568531604364
101158,7024.049302146142
80236,18677.733193254477
105375,12641.719124997535
93002,30248.38140437574
91619,19834.35005516885
83965,14507.741291912162
94431,43027.216778676404
104601,9526.060795615502
92698,31122.37451972357
84014,9504.199857187004
91961,25796.497682537538
77595,51463.910718000916
88848,16594.54894184203
106046,13403.179066352594
99498,9448.15491972295
98153,7105.583779520343
83157,9273.72481314277
107475,11780.65083361867
100589,13346.675540006854
81448,15344.144428198539
102638,6631.508912353841
104473,27073.94690893129
102724,5785.141692435621
99338,8901.175803641245
92431,10520.823875020335
84969,10373.66803845459
108426,3128.715386602039
103206,16074.44525390692
87345,8455.325107718802
102625,14856.61302137198
84606,13099.798188760502
99166,7726.694605383691
94408,23338.596484479483
94898,20333.106246224223
93658,32335.69403510183
98234,14703.272077557613
99725,11255.562397695521
103979,13480.800806769843
77277,21580.51321462199
84401,11639.422719773607
80006,27009.070020305793
78572,13851.368842853444
88781,11242.920486325915
78546,14050.468920718668
103829,19399.03667190154
79159,56428.35996009646
104502,11118.85127860086
95125,26685.979632744722
80804,15213.956889605157
96580,26525.284462724434
92059,18447.017877089474
100530,19399.882672765616
78079,26844.50360936062
95036,15285.388516335446
91490,19150.25700446826
103310,15126.453507170954
88853,14148.122147136748
105948,9101.627382783257
93744,18247.333561103773
108518,48403.911148416206
107733,19495.814293333075
106813,9298.11811361774
98343,12678.255982689076
83056,7037.416150971234
105721,22417.988546789948
89165,7284.3312503924835
106402,12038.808545808037
77252,47344.86223970849
89194,9419.524758855561
76777,16549.042034332484
90569,13800.583810147056
93912,8997.136215982076
96848,5939.000635244049
87355,8998.277390704125
80539,34352.58308174466
105351,14611.478687507342
108019,6036.770776407567
91331,16982.335003379707
80814,11066.515633240606
95951,21394.406840592466
98392,9222.96621506502
99209,18951.995891050545
86085,9553.019148712521
84678,7614.989641698705
96534,13630.678930844082
93665,27033.156933483504
89832,12411.047927169946
85079,10516.080863291167
79425,14331.93916310069
96052,5065.642396602941
96599,10081.19497307976
103705,18251.83635935994
78171,29998.841769525116
92005,20646.687656484148
101323,13666.963583185443
80398,18758.61790568106
82123,16711.99892611524
90262,6583.136372780076
93300,15817.028040349569
76795,16490.786327369628
91043,26128.765312655523
97362,14640.956520360087
98969,8244.375734128556
104826,13243.455824820005
84329,6286.340237150966
97976,12082.20983065556
96904,5057.651455306956
88148,11497.41223145712
94895,14844.176165180526
91122,28893.13341059272
108145,15053.016547455603
85476,15293.949134526214
97564,12534.321491742445
107770,41967.09335528896
106947,23269.789900308584
89548,14483.31718170156
79027,16319.527297297884
96032,20316.039134749783
100133,9605.51201799029
83191,9157.004174013158
82695,10366.746970424536
79273,50703.43397009974
95667,14637.3428061513
99578,11538.698983919428
84492,10612.950718459939
92353,14936.327472994646
106435,16279.660614224671
86655,15874.625631045945
106651,11342.505897317324
90268,8089.678523453191
98311,12778.715651866109
86971,7353.414049514402
88573,13010.238382698391
93189,23480.803026042955
87244,13173.17134099447
108207,8031.2279024933305
95819,48988.498740938354
105846,28788.59149333459
102372,7680.991904464017
83616,11657.76703801102
92411,26614.73507074128
90395,13515.512484919454
104613,15388.265511448411
95808,25522.392687572043
98662,13206.86577726502
86066,12021.476584479435
77454,15049.430510201732
80846,17639.16440366851
89060,7174.599599618649
91975,13130.609676197306
84011,11164.354708102146
88315,13105.835482301647
95692,27845.401152499286
98373,7925.324066313171
97283,24197.94632152466
101495,9232.152350201639
81770,18398.782211814192
87458,14998.610532125238
102710,15573.665080871884
81205,30528.404217776257
97440,13479.364336802151
82618,6782.322457163359
104838,7655.590507612605
103606,14760.1652746536
91507,58227.69627817669
81463,13967.65650910457
76741,36864.59796701526
94422,20833.038279272365
99543,8513.274075577328
104044,19827.25924221712
83284,10253.399007087375
100834,14814.658706918857
108440,9928.04269886179
96881,7432.9726910575955
103925,10509.000128605992
102881,13663.535784440814
78690,24157.083173233346
78052,23496.927561467284
103938,14521.101374352109
101271,9145.365990042334
76924,19960.64213033572
100415,11792.988205815987
78455,23023.298205853825
102811,5248.857725739634
85154,14577.642208233257
103761,7273.0070794029
77732,16924.473380289844
85957,15489.957879682202
96779,28662.71782287145
99061,11950.18174598191
106028,21700.475165509306
85889,21956.936703601306
97539,7956.207539547693
100890,14172.568901542929
96058,15110.210606836537
80216,18468.240342545752
93045,21518.169858565387
95789,14504.76958402386
89368,11070.522645646084
80917,20072.731439620144
93323,29054.37973439817
103669,14206.206563474296
81561,18160.54828522426
92214,30062.210414694273
86368,13498.429727337998
95070,19347.254421807756
80730,12294.785645869628
105647,17822.834213027007
104707,26714.848955054036
80353,19426.124665584222
98677,23650.463566609233
89445,9110.9774542177
98332,7585.129676185571
95929,16554.409415154445
88970,17260.521731826302
81272,15242.311530206007
77963,21031.663673527404
88285,17781.71691183174
88924,11999.848900760213
93562,28588.764706743525
89463,5548.681098663821
105407,14307.325029088159
80944,36060.6934052483
108099,25974.37925663006
89199,6240.330976803954
82756,11565.062066081775
79573,15634.490306846892
98847,10843.917806876672
100966,8164.227591732057
108500,26092.85997603839
103830,11846.169961246116
84043,9983.680937388712
84550,11781.223550806366
83946,9168.704313730954
86287,11003.935150546184
77598,16938.318963772974
92893,17054.08849357943
106936,13913.302510511892
101123,9574.387901092545
83943,10300.670917046606
89197,15799.678105388575
80185,56950.27592942002
82429,16932.845108961188
95864,25632.71324988465
100750,16560.968443375277
85497,6007.2368883276185
99469,16350.410366573087
87667,7636.566416491344
78681,47394.232965870826
106579,15439.690271531912
97388,8405.949688625538
82487,11554.737038093039
80635,20532.98454536322
96378,8328.27895884932
77827,27025.881682063307
79045,32780.0466319061
95229,19266.253290320903
95387,18245.36902746168
101754,6831.059405340412
90728,8354.08696241502
77618,27898.131462428148
79390,48606.3104732598
79449,18150.287618014507
107826,21978.28197021235
87026,12660.645175996837
77765,19376.322347276757
89691,15143.702312163305
91087,16462.077121540617
79770,27868.85525352218
79341,33782.51797628327
87532,14173.810090693882
104082,8809.290485161815
83169,7038.949424329181
107978,23980.12323948766
97466,10522.437496812981
98381,19322.26642270451
87614,14419.928489474145
84768,11777.032103275898
103605,6797.922331143343
107420,10305.410627201767
76099,48464.82613514891
81932,11443.63180522438
96233,14001.28653620216
103484,8474.6665736715
89608,14440.684760618791
91316,20824.999208138495
80424,13000.084097989702
83120,9555.964712339366
95888,18891.344718380828
103279,12527.077293673867
76800,13600.382471229483
102188,14349.74209387603
100147,6115.143746561117
107959,20470.058491334814
93341,15917.784355316473
87446,12383.300233204012
103554,7956.283743264962
83756,6390.7352267333035
86353,9860.646046915517
107874,22100.982261931378
78416,17508.901120648825
100911,11820.21331372161
86514,12524.074559053148
92702,33890.47559671318
76787,19543.76507625674
98523,24362.147210926647
88972,19658.719372016596
87370,15080.240842844769
107060,9738.74221520088
108186,13095.931828099874
90126,16352.059474379697
103874,5866.12069150837
88271,10554.033086062766
81752,13955.875857494444
78089,48510.03239430679
102383,13144.625418694442
76766,32328.327566730506
86120,11164.830720781729
82871,21004.03443630582
78647,28049.631449709097
92451,15998.457125024946
91743,22571.29937127404
96582,11976.030939460134
79729,18248.30916258149
78864,22418.772064717687
94728,22229.7670899791
90355,7518.153730948184
103777,14489.769435089633
96076,4723.930647085095
79201,22970.35691385413
106707,16084.998661877717
83836,7519.89961065351
82332,33358.98660601576
106545,32132.263257908307
107268,31231.886010464244
105459,7466.9568577969785
99683,15728.074420088216
98385,15326.730969083896
103402,9484.123866774946
89402,12666.911805304397
87077,7414.461532784439
94222,22113.568484153104
89919,6746.812456696165
80585,27537.593022363697
102406,4602.983585515697
95002,15305.305664394984
78216,19465.273879073597
81346,21056.508631469926
78309,18956.207357768675
93307,19991.312008999495
87233,3790.8517454001108
77093,11602.548058539536
86762,7098.772936706132
94561,14951.058462566003
76392,72819.26843616257
76895,26099.605097525087
85419,14502.996676355806
101026,13716.10876757364
102584,7412.20795598278
81381,27723.65746898006
81761,51947.30888628959
98099,9845.980188203925
91347,15794.615456720414
100024,8042.192140372315
97924,12115.440372299528
100492,10972.960545231716
93559,22992.284736644084
103175,11285.919175865974
98122,13657.851140128865
84362,8747.50862975752
77943,19901.544031000136
87275,11857.448064397922
79991,15514.728723800996
102700,10846.588288209376
79660,52801.92784066949
105465,21326.47101569059
94354,30815.27485938171
96390,7780.734654064074
88763,33110.17056462197
87219,19406.849835021007
77221,28306.26826932713
78165,11009.176633737157
95069,24083.85229429308
85157,13007.201337613049
94547,13115.419605674331
80643,17492.06190795728
97499,9104.848873921563
81957,28670.392189037077
82538,10279.003836219474
83777,24441.159206894805
87927,13664.807139704422
82916,18087.09599738999
104146,13143.428509398176
105260,8890.118085129678
85483,14390.594668365378
102412,7245.290499089833
86508,8188.405026722741
102998,11137.56802183884
94493,37320.57863327709
93422,20317.905849651954
90033,10919.39870281707
92957,20319.538686272033
96584,13429.753990526093
103170,11954.125983388256
83550,17772.605379714845
76050,12221.411646267534
99903,9935.184697392719
95255,39098.06610168268
106697,24709.259225669288
91497,28495.21046687392
97177,8134.782548812643
101863,10411.820983800806
99298,8010.354887568843
106496,3777.915601097989
98770,25646.96180693861
101801,11276.703942016555
85037,12915.110720314602
104399,18855.332146652298
83980,4850.8885752924825
97825,16616.8861873267
81924,20950.992637492902
104192,9619.477667138097
87130,8248.736302127338
79364,14241.358299442183
81388,11645.686479984672
94917,20532.232645865337
102119,11131.523063572986
84135,11497.161679436387
94992,25570.616908049553
81229,21084.74717880163
79503,24469.644812774335
84540,14642.463580368822
77881,9727.893246620806
104978,2176.561759445057
107373,15580.824566560814
76208,12837.185867851234
88192,18690.408155078985
107010,42257.3616190804
93961,48227.68269660274
83957,20285.235159470336
85283,7475.346674355377
104226,6323.955186394731
79463,14988.64943956838
102587,13878.62852183921
90204,2747.2046178002756
103507,12196.785301171101
94351,30428.227125004174
95181,13311.794568604131
107410,21820.400573542283
86541,18134.686180647164
106281,19429.720587149946
77315,11913.853573073733
84485,8370.511195810732
77592,10854.922959311052
104262,24999.32974604284
81260,25601.140672471545
94417,58401.31564455141
83014,13124.938419556443
78192,21297.458616724445
85838,10975.815109363612
98395,21485.89943880127
92617,24826.63212434321
107538,9130.269350762836
102588,10430.438720551496
88950,12124.15095385559
101450,9225.780979544257
96101,13060.291656168296
90567,14874.400252244102
94383,26429.66800641492
82961,3861.3219510427393
96591,7884.273201688534
77890,21800.6548589804
77801,15297.002788792022
85738,6497.2248399168575
88580,21875.805108135028
88914,12782.543140367421
82206,22960.67122218076
107485,13280.711272717146
105203,24149.36737557209
82256,70109.66298008978
80181,31830.500181499207
88792,8340.760611104744
92581,21223.924025022112
101272,19037.53224203479
102359,10429.364886108637
85306,9339.29486331953
106078,18514.396710261306
82442,8064.268759808561
106313,20986.443166395984
107617,11075.035249493974
89719,18493.05238548813
91358,18527.567801587636
89676,33062.77485311738
86927,14831.040008003109
76819,26189.663816452237
96646,9023.168044413307
81533,47733.86187111572
89207,13177.232746322654
90282,6992.842207599255
94908,24900.111959801307
89890,8494.797178840758
103477,13643.008886112664
76090,20598.05821976923
84810,5867.633159126554
98323,11072.532735929437
100552,11762.021983074826
104719,10636.176421761767
90016,15985.844592504684
84632,6907.2382154734405
99846,7734.64783191946
92362,26617.58145737847
81315,12842.87884386938
85084,18305.777777885574
86760,9596.641119141166
80297,16954.9930554401
93420,23127.950404437954
78563,20379.478119499927
100791,12260.889776352871
89019,7142.535502470961
101709,8982.720130406973
103419,7404.822923721602
96092,16569.056138935157
89891,6910.364859811181
86562,11835.482640969436
95874,24614.353106394115
99343,12124.59319369153
87586,7805.980333764704
103112,10103.036042373415
82740,10596.32287306944
81595,34066.282728107384
77578,7276.790721635961
94090,18597.385839759423
102873,8806.393445012065
103258,13101.710371465451
107497,8488.99905129743
101861,9306.22155822667
103997,25728.44280513334
79785,16506.7015080713
90250,6730.044197102086
93233,32024.46594764178
86527,11879.287313803678
86140,6098.371574090023
104063,8994.05152843889
77734,19783.60033727276
91652,19049.75481579448
97758,11194.525865055108
95096,16464.928505948883
106186,9489.758604056331
107960,24275.27572098597
78445,21548.292101618677
91886,22009.808589556564
82711,9006.386357245801
99248,8785.82217441829
91701,16146.611594595039
88172,9635.122612705913
83916,14081.975923781883
88883,11489.908224324514
90342,14627.125835209774
102042,9803.977257138185
96563,7983.185203764236
82344,21138.411869404514
102707,13160.527911831568
101718,12639.578034988346
102705,7890.105321217457
92589,28229.175642289712
84231,11739.62861822946
83534,7926.654570408934
85768,9159.48951118056
82141,12786.129222476118
87448,12495.934657698082
79569,7474.66802868695
82261,11051.407510863459
80605,13648.56436069508
91120,10153.69096783655
92482,19894.829753649705
99998,11219.20170730284
82202,21984.95147990676
105899,14069.007957538197
93653,16000.06087629516
94333,14549.152483233407
107717,11776.76113328406
107655,9627.784780666023
86240,15883.522847200764
88745,15962.399644101542
81723,37082.05899299477
84125,13632.050480931552
89476,16658.67625366698
79059,37759.143660895126
77879,13686.143939393645
82855,13939.557534214824
108513,31495.328089906725
83646,6890.527090343414
95702,32083.30694298258
84145,10509.174010268705
107629,26317.19274220179
81843,10061.045374537896
98863,9654.595564476529
95154,25906.059480090622
93275,23290.411461196694
94003,23135.629797784746
81095,16816.789182800796
81099,11648.74452381171
105527,12383.316053350074
89596,9490.59086988184
91007,24481.464794638163
80594,15265.943407671975
82782,10242.560419499347
92721,17829.656442747386
91718,30426.54198510484
87452,12994.344696057688
78098,10295.076206579235
84123,8855.458429372255
104672,13502.078395432318
105118,9863.453640291587
84690,14540.497525044702
88986,11258.877231224415
76028,23874.488256443907
92995,17216.6360256294
76275,33735.51084884544
103315,5379.259308478724
98168,18144.8643539986
93633,15659.288559655884
90151,7446.496631888351
105269,28579.063154055428
102604,3492.5391644201386
89541,8146.020296979455
105694,30589.551619090133
80405,31779.7758580681
96001,16187.799773866918
96500,8183.191876654365
95235,18018.135344219772
88367,20839.840368983885
98850,14025.445844111448
105724,21555.26923686183
86451,11714.541562278844
86426,11478.644887193861
81213,35375.617448114266
98547,17882.141884956025
86461,6696.914521560259
99294,22802.886697005284
99597,11134.962061641176
92255,10037.277055234412
90097,22267.227508754186
102302,12581.585849879726
105746,10761.802502145316
86133,23686.93583580336
94950,53192.1433386065
103666,7885.918835754285
94750,19999.007284649964
92880,24956.47288249246
82349,18503.0661605158
107337,15375.041612012285
82954,7076.9758717608665
89689,15300.97328572212
99034,12687.606578452478
79873,13799.031035277827
107966,22996.50816946242
88864,13436.969562244196
97942,24773.813457115193
97481,9375.071485202963
100313,9189.403414268736
99927,7044.2402760339155
87287,9591.97890093269
99134,22804.187168830616
104705,17766.007120564216
86134,21910.874637064622
93028,25411.863955364286
80161,22253.860184350036
76639,22902.009637455452
79239,27545.285582103308
94244,20509.718260759797
103815,8919.282660074137
84445,15849.189686028965
85884,8102.177124216854
103496,10830.836222557153
88620,18163.87075049951
101448,6976.410136230431
100044,7733.933234943884
98388,16454.499709367366
87610,10483.859604530768
82063,27780.72649201169
82211,36605.12411816319
91156,16869.833858134592
83323,8366.461694078187
100187,9218.08774642465
93117,23392.7134404456
82227,33531.12430945841
94263,13999.018980264293
88207,10297.920642440142
87988,17325.874874662528
104687,20005.68243664027
79791,48176.49042992437
82242,21707.59722294378
80273,14474.719458243304
81542,27032.33231716915
90361,13947.206403821672
83914,18991.149908868352
103142,10886.668919369007
80137,35322.42853618521
103580,14210.393542807782
98328,8656.44571756359
95936,32390.887822392746
95189,27344.832170233723
97806,22477.97265186864
95829,10547.860599151234
98684,21051.434873580074
92494,23127.411610710165
83016,20874.707073791986
80865,18351.660462845768
94537,18469.141293011948
86293,12036.263066647509
100087,5990.356025578196
95534,17225.05081329097
80827,27314.57247928487
80610,14322.162057440079
97472,7027.9402638482525
85523,7178.947278093013
100005,7538.702873703441
96618,30920.68022962796
104893,10158.367330124065
93688,37832.96403074222
86182,13461.263885790975
105091,21824.465683879145
103031,10174.334813911595
99359,7910.2978125742875
101907,16475.36257954808
82914,13795.505316985966
83990,15334.46651648355
98598,18943.55429200691
85494,9400.416553882575
82922,10137.643970280553
82854,11340.814104582532
89024,19422.418642593646
91754,26021.016348675348
102699,4202.3157964150005
96887,15038.838600657562
102671,11323.659032428892
80646,22756.840254336334
88146,12542.405895980664
82969,17778.950056623922
77225,16939.241297718352
87443,7360.987980892609
91227,14143.18838041112
95731,15783.716741766328
95171,20150.393624017997
97076,16811.422843590546
98901,9943.817234177028
86013,8418.810575299776
80831,23210.869052413615
100258,9566.93489620463
103586,15510.331092715101
84553,13841.175717112857
84400,14647.565309386027
93434,43947.75993446994
86149,7242.83061143447
80336,27630.48856467675
104511,20423.051685133196
93127,19393.218007070016
86330,10738.126355217486
105082,11497.665792649366
101222,12184.242930315118
92606,20676.954103124466
90462,10533.808151102374
102123,12986.833061928282
83212,10695.656430537369
90403,14903.540491510137
79392,21133.349317570155
102630,17041.15335357036
85988,8580.293968153273
107908,20106.447102894042
80949,18312.085107839623
80517,13640.678998084122
97922,12103.499851846324
100296,8840.512432979718
93073,22996.083133684617
97137,8057.485429863882
88311,9473.228153499365
78021,17095.19686334016
81970,22590.7374738315
98957,7028.932973502403
99602,19794.26013292687
91417,13548.014748588408
89429,13932.979688364092
96535,16911.91629685778
80782,54021.616993754644
86889,18745.90115405245
79609,22257.61787356358
99497,11793.076324473244
99547,27435.329007674998
93817,3179.3646743895943
91079,32406.642683402064
81962,14398.789597870978
85833,8227.984903858685
103305,8201.566872253145
94357,15311.416910593578
88736,9449.588938287292
105162,17328.775326617477
91131,24048.408882212632
84148,7404.7148609225
76377,19597.81220184141
76357,25988.74743153118
84675,16276.405282449436
83239,32609.86884596562
86317,7994.637567915617
93990,27475.93448307299
96357,9022.168657448607
89745,21976.512148978607
97141,20080.01901375559
82911,17713.232564494076
82943,7112.3718238683805
96282,4858.379718673548
105885,20966.20983660089
80131,44400.075027137565
99806,21310.17470623229
105497,24596.365009378478
106447,21244.616799083717
107746,19907.899870599227
89523,16580.151067439758
84388,13630.782747304493
78166,32053.84118760349
103685,8284.521076079402
105018,9456.7561302913
102373,3490.5093027669336
76988,21867.679979721208
81097,23213.32578585672
105521,22570.98281040324
99775,11466.368350955867
99766,9306.98947741648
101346,7789.499524505591
95228,3686.424515173822
75982,24638.732875712456
107142,6429.37567435794
86109,14037.435419531488
94195,19880.137714158165
80777,33587.4430650288
92612,28296.996626978427
99383,9390.78058663152
81686,19864.185134346295
88650,10558.20885825593
95681,14779.99273503912
100071,9349.984349608518
77554,30067.785557016523
103505,4421.725397176121
93281,19618.028485655977
107444,18277.116162626695
78752,22620.469114039013
103057,12972.354555577846
100248,12979.957710937973
98489,11410.976561379215
89189,16215.697933293195
81293,16444.879057444155
83285,9114.84690599417
99459,13449.757914780843
90810,7456.177316158711
82015,15790.576439664532
96132,17480.774901098615
80808,60525.26956645878
104685,16063.762535309557
80937,19067.48493664223
103328,8798.128721094254
76512,19002.380171372584
83456,12984.990671281264
95102,30774.581819102328
79692,26006.163514963133
107807,5154.464071112825
99176,12117.330815602347
89632,10388.471859221012
85310,16723.188701425184
105676,16474.94074722391
96825,6017.059071027062
76640,12639.61027270172
99932,16295.217266258014
103568,13144.978944337036
100906,11065.845727007656
97420,13469.626693156357
86996,15796.464231195085
86948,11354.085057406875
77326,25125.633564449727
89296,13346.422608036062
83087,8103.5976540825295
100477,10094.772733547296
84635,10353.663202633463
95060,32545.050064987532
79303,29920.238053846333
84026,9003.034677705422
87802,10780.619535329575
85561,8212.550941577383
95941,16023.309580263678
107662,19842.50790979557
105811,10061.909428309234
81618,16148.320764964037
95733,25409.98750802565
93613,14831.72885895334
82163,7918.002542175751
91734,26876.809514289787
87677,2228.311536534241
89816,7096.201220958574
106327,9016.808094999758
101799,10677.069264413132
106344,12104.259717279258
97705,24803.765495168926
86976,19369.467762629898
104847,19192.81259437146
103833,6165.211407181253
103482,8758.20510632859
96532,13957.153581002713
105817,12175.551183549847
80883,16105.02986817372
77825,51977.80846049786
98673,9445.611524981421
107364,7275.502278924332
88945,6211.845322855111
108307,14583.483157544264
78078,31982.476463975258
92490,26442.70240840199
89401,11167.622352526712
81002,15076.032335611666
93285,23983.316015794986
76796,31593.517073821688
99933,2764.075493068397
103989,8824.654007013527
77504,16079.290577182921
77187,12593.047252183322
76477,10571.332507306497
104834,11628.77194301119
90656,19464.50646372294
86161,9010.829903774214
82503,19439.13681220519
95429,21830.340786959805
86123,20611.40783007204
85549,9533.284983417545
101443,9885.726874843129
89089,11499.629370907836
101004,9457.018430977721
98976,10970.415843763738
106328,45337.89554720069
101630,4527.256855510413
79682,14120.15337576881
107885,24448.85683490944
97206,8392.204388914626
80721,28148.646829244037
96625,25009.481758791793
87687,15198.104785025633
91458,29778.047152092047
104683,7907.223817991752
104151,9999.852100049211
108346,31671.716358395624
101262,9624.716053184688
96543,15542.513641996296
102763,8179.20397538062
81274,13839.126171800113
95280,11856.147895047052
82561,13358.53532864712
77783,15346.146957974233
95843,30205.861470751137
99776,6487.16887195368
79114,29863.373657111228
102376,13323.220780163647
101704,12269.046696562453
77297,20989.828475394675
80285,38974.64398770413
83467,6059.41556054403
101059,9463.617117452059
102229,12675.483982939215
84664,14212.002118535498
107750,20272.56169008779
102405,10374.720935642967
85553,9712.341468748848
89780,35086.88316747523
104268,9830.512676181255
102935,6774.095329590757
97898,11364.857122721765
103785,5029.950772612157
98529,20936.66415118108
93897,10995.589893729946
101766,11036.470063683922
95038,15236.565182024744
108350,17416.291849233563
103542,10390.872761853532
106061,42125.077978729256
82286,20086.183684985463
93548,32898.12007896406
89937,10761.967220018365
97650,16669.670279514583
77515,31576.898692624498
87466,14986.22586678493
87489,14209.120755078562
83029,7308.728629335156
78512,47829.44862541147
93310,19986.141034691354
99598,10212.64673227058
91341,15775.604362908678
82704,8502.153417959564
80819,6524.756903165822
82774,10980.673222839794
100367,8706.157911430688
80303,14409.463556215078
84897,11149.11220070633
81307,31047.119885014414
99687,9736.401683677437
85321,13320.90741721472
80702,12378.660483891692
103843,11907.2177923072
98898,7179.554514497744
87147,12689.01344422641
97662,8759.279148220903
97518,13322.503407423917
100217,5081.55313075211
94513,28286.91405338266
77035,12840.363417524577
103165,9045.474400544084
77140,8447.374160506059
103771,12617.411967800936
95993,27662.188538675295
83624,16002.280042182518
97945,9325.751997060706
87103,6504.198836366141
107640,11707.949626373795
99549,10990.38002840755
80464,16754.332049704513
99623,13277.601778513073
103689,16383.181887901817
97337,10434.843074405255
84308,16891.264061377762
81459,23612.31056794177
104126,29455.851664006892
97303,30207.98189652891
95139,18872.74264184105
93074,38906.33390162639
102368,9860.949155882094
78475,10114.627996520627
80333,28412.222456269326
80144,11622.366285494527
100439,7502.923002985028
108154,21921.094078067865
107137,34012.47587755067
92752,24610.834341220143
89896,11451.904447700581
90485,36175.08545964507
83159,12191.511931693683
76671,15789.521928966858
96849,13436.012235988448
93722,32364.98199553706
107787,7747.019999724065
90164,14394.428982975922
84760,15583.56743093273
90370,8230.52579143278
88117,9694.803283693538
89557,11158.305086691882
98274,3102.740310137364
97325,9704.324209753238
78887,25408.095502307544
90525,17788.743812962268
86491,22435.945423835517
81617,9649.89038169807
96123,8689.196370524704
79413,14220.82393798211
88016,13060.337339836216
104681,22575.74589060402
83330,8038.830453040142
99163,6322.635625032145
102236,8395.289000056242
78116,18680.235192320037
81077,21961.276404786393
81046,32188.6102181332
93928,25026.544407793743
96436,9710.608149759491
93479,16691.18714769913
92021,25824.335190128244
95143,18408.22663511317
90500,13298.479119358579
78940,17620.995182861214
94861,16153.76243636094
81961,16192.765373799179
87630,9083.753866743438
101224,13894.858327801721
103357,7347.957947237508
99521,17089.625486862624
103897,14563.547810952205
76701,9740.58979965282
83560,9650.658742811107
83516,18571.136215268365
76385,13802.738375724482
87311,17731.583100427844
102065,9349.922789087484
81718,23655.62777156773
100025,13218.799945919134
93182,31601.138960830387
79240,21758.633730431473
96331,13733.920770637453
84781,12471.994017486088
100663,3634.1976030271835
76390,21670.257623851074
87234,9444.427644661177
85790,18118.209200715744
91278,20845.1880445854
92254,23525.994026121378
99105,6400.911396793624
101324,12304.189902958375
104734,9924.25337169877
103445,15469.639186307115
103323,9006.720074011853
78055,22709.186664939698
101302,13580.95566619387
103095,9991.91536662431
88134,6657.562796740599
79346,13348.200415052195
81699,17374.740262950356
96464,23375.26691032825
86609,10761.546940202732
96737,24028.04827383441
100080,13412.514361063173
93423,23053.188543669017
79886,26695.233010869568
89452,12444.56824843167
81509,15910.724781582876
83975,20755.925906506996
81360,8912.826465682318
98089,9230.785956335454
104047,27965.90382644679
78711,18361.197470232022
81025,22214.48216667246
79973,17943.554417256495
102117,15933.261747653196
78400,44723.8773761863
87911,12512.811564372107
82806,15986.53749635132
102480,9900.490560735661
94044,19940.135213045207
76824,12137.447968950217
104095,16610.419599706252
98660,10407.58366729985
101444,9948.14939176178
92320,54985.04834288372
105141,15318.87944198838
106950,10753.18952920581
81851,28303.15212943817
100884,10451.638637516633
95196,18653.944695344577
103636,4124.926330825121
80584,17690.511711706582
92337,17743.44220987086
85513,8272.696595337182
85180,14737.3680919809
103365,11836.724201226087
85796,15658.104406255045
78462,29095.495883451178
87895,9557.616598500997
99262,11134.749366004757
83363,10165.576988887797
103800,12376.225654578171
78822,10983.3690691815
107816,25581.937737416334
90042,12243.533604332777
99022,10346.865398978935
81854,25844.626311946235
102619,13086.63942537321
80425,17588.53854172177
102306,14411.44585941783
99778,14305.234035192047
105957,19686.50682579312
102184,11116.926362352211
105195,9779.760925842796
98841,10515.326095181528
78452,35436.93710745624
98974,11357.478762473165
86430,12547.565932581689
87124,8995.037982590144
105872,20632.14326680271
108077,16196.64877221109
103608,10015.778033076782
89218,10765.361911020844
106418,17043.438724412346
94498,11754.244750219103
89269,16609.76911541441
87283,10465.329134320957
97545,9553.68814623394
85408,15727.169267128034
104594,8954.851472336884
103905,9467.242541321812
95101,22795.70484339761
83226,11097.029902860058
89257,16716.890175304376
79479,11155.502486085774
77652,19774.27596222937
96606,9349.39884114401
95504,2847.233683791097
84103,10423.634596599748
102843,8946.878225225966
99361,9216.098155925192
91098,17739.275744660303
92937,13024.121380477007
85635,11066.158900328104
105348,12026.440146574827
96427,20626.64382633609
89473,17744.797964200152
79316,38295.20098377114
89157,18499.32066184237
92217,13761.261597793053
99761,22087.92700077899
88748,12125.946346985917
96029,26411.05785240037
92916,30467.118989840434
81210,16790.87633292479
83778,23381.77804736359
89380,11467.751408936647
103398,1689.2788415356597
92869,28864.301268653628
105278,20592.857763370845
77054,18008.692292598
94021,22836.84673693339
85177,11383.583313827574
77904,20637.54878265898
99917,15335.442252487152
77123,25214.93615943131
95195,20074.502244728854
81922,32487.387211951973
84281,19524.065506670653
101289,14755.564670878355
108200,32354.49463607651
90235,10825.710184017522
81150,33012.70082303867
104224,14754.293499750785
90071,12377.413622564098
93187,28826.69297141531
84284,11719.978621452206
97109,7895.166269547781
102231,10057.0982189499
108093,9115.556864883434
108443,42858.6208606787
92992,13885.77028907307
80438,63348.47259779803
104913,12133.156109801861
82772,10015.990783265912
83960,12783.70247771273
83052,15817.582352937341
82939,6706.855312446314
91175,26353.006148659322
80115,25231.214812742168
99384,10116.151710420418
101540,10997.018918759652
76849,35506.02396143568
97226,12534.695542290016
97672,22862.855908687816
97579,9189.427001714896
92361,30220.829040456938
91952,39342.516093444065
79024,17076.402533186803
98048,15714.165261620587
95481,20085.782714676097
90572,10061.576247292014
91301,19854.28791744764
103209,10042.949468309933
78464,14409.606777668801
91311,29006.620038956204
105722,20006.465856139854
96211,10948.7353926016
105482,7493.43796862383
80750,54696.691527635856
85880,16699.608957144785
106997,19264.845189397398
99866,22484.539278921653
107262,12480.05709853963
98814,3154.193708925095
98650,7545.539668737871
93505,14824.897402014994
103810,14065.591899897701
92931,57139.674645230996
96126,8772.763993512111
104285,5175.153767910414
96503,12780.594166317089
76826,19191.976728171903
102531,9953.776672447053
86939,14211.943036869901
98276,9663.188008224319
89094,6197.5921509559485
89376,8044.513958779735
101715,6329.338647535517
98971,8063.309005050425
98359,12401.93576705873
101520,10731.946254895956
86866,10763.74439482248
80468,17346.68700907785
84146,7389.315676972516
82628,10599.75992276917
88012,17564.76915763537
78341,14773.181084289867
104664,9375.038947305788
80753,25632.776083161672
88296,13733.06938568768
100349,10541.19740548575
95307,23241.40576340438
97982,13422.523437429483
99328,20873.888808819327
84689,6640.530737207877
86620,8253.59323158636
105565,12101.506733965818
94198,43760.120880464594
81959,8081.980731955576
92894,38697.272902251745
95163,18787.190021523307
81774,16675.4022355537
97953,6763.347507101458
83179,12893.600567255344
83316,8992.477393480076
88506,15830.242698315193
83533,9829.62238958141
84069,11138.020841568185
103724,7590.4520339291075
76757,19576.485976407334
88222,17838.82655432024
77382,18785.514496390766
86702,14559.464105314246
92511,14886.512612295339
100163,14318.883767047046
78982,21264.531010884202
94043,15547.273364406592
87066,10635.990864642921
79987,28778.425725216082
83428,17912.684017713997
88886,18572.74309209076
79836,18439.50909867375
95090,22342.86089660859
77868,23833.512080898017
81415,20451.347836811998
76542,26845.2521449412
99066,9771.811634655623
98211,12977.637743431087
77789,9732.441638133
102614,10081.830918429121
100676,7516.754743343306
95751,16208.326921750717
95684,19849.298373207814
108508,16328.260388547164
82075,17409.967906469486
78948,17089.987320888064
93337,20365.700185414848
86465,17723.266902843225
76163,29419.134708171223
101688,9707.666099397034
97445,19082.558487151666
76672,27830.472841151903
108153,27288.85666884629
92963,24959.50030665219
88441,12714.700618439781
76274,15354.546020823986
107189,7045.149039174138
79393,10718.649114014272
94684,34454.431692723156
77033,8188.029064472248
106413,19024.3814196381
90407,22990.243252955057
86730,10902.849305519274
79417,17933.870658858876
93426,30793.890225149444
86689,6328.152871098457
94562,20965.182509236558
101792,17958.518887466238
99696,11788.423268561122
84181,17541.25563011262
83652,24731.900147346667
87285,8353.577767672494
105860,4809.463754490111
80615,30802.86716384329
100040,7049.275073679069
88919,12389.823439133568
84980,12021.321686505782
83969,16425.635198311636
103616,6334.576298757727
105097,13686.912925627274
81573,27118.867034148396
85124,16217.252426852509
82995,15747.23863428804
106976,10009.504833176372
97250,18021.932355957335
91609,14824.25603900973
92582,29644.997161384632
106719,12673.818313285641
95711,21719.61577405872
81868,25810.43618894256
86650,9999.917060496487
84727,8054.589863305306
79409,11574.452315717761
90538,16019.338116157975
90346,6953.259430217697
94050,49591.681140861394
82866,10016.529779729193
93402,15164.574668928844
95803,60855.035591847314
88730,18147.665819394857
84023,16970.60788264437
85119,16482.418345049784
80528,26382.91979840249
103284,8788.11931394138
87269,8415.817183996012
80708,15451.290168106314
96853,20539.912756285677
77191,20295.606208707224
89419,14190.519862283645
106060,10900.361027672445
98372,3873.5351364086964
102076,10031.272135162593
79960,25585.2687800124
97268,13443.903012622763
101849,15287.972274093016
96850,23287.47691181432
99301,6624.004688544369
81672,20928.55310248182
100709,11698.955490853945
104616,12262.695590690346
89965,8720.211409953068
93313,12040.692462681889
104340,13131.54788738818
103783,11978.15260881793
78842,30765.95216418954
87942,10795.88513507941
96790,6561.60836106682
97330,10117.343149920045
90180,10125.493367934152
78934,32096.43881649839
90145,23498.990296388598
78173,18830.91755294433
92455,33627.66500630347
81565,21813.85919063921
78530,26886.738539550173
103732,14265.45131215833
91559,25842.939631845362
100802,10758.323886995322
104472,28945.542914120804
96556,9069.536183957514
85610,9693.633385924873
81512,38613.00682421874
94005,26576.495861281288
88847,10712.909408215915
105272,19632.36359598462
88156,6493.846052756944
102245,10486.256065911326
103740,9314.87643355329
98554,2775.55197566179
82268,12200.144767780292
80472,13631.903696115238
77127,23011.049014226413
94612,11683.030490125055
91124,32290.413080849026
85847,17160.265701695454
95527,23203.734513392603
83373,16533.62504668635
86221,17478.846026828614
83131,16929.981290585536
104639,19518.59669074354
108323,43787.9600913065
95465,16991.371257900486
96905,18038.566959197462
104272,18124.278859270697
90562,16357.230065822583
81396,30704.906156311263
107589,16879.435710729053
78022,17539.39229068106
89141,25224.084214381754
87808,11984.701397154326
92344,15305.986650895496
85181,15446.938526205384
101172,5979.190696124764
107038,13766.288997094085
108214,48737.14799858467
90048,9245.683508017839
92619,21288.117323023664
106279,13245.834213995387
103918,12420.480957987947
96418,30926.96190060539
97891,12056.65492972484
90459,7909.992207260786
90230,17018.484596988194
82589,13895.140243760032
84093,6479.15513249717
84128,15984.23605093474
77775,23037.343015140807
80709,15871.063794667858
87084,16946.882773075853
78358,26988.783175498782
99051,7174.5821288480165
81732,13192.76486003176
94316,27360.91961294759
95333,25520.106940057234
84653,8324.257162262467
94200,21471.76497901689
77707,24989.03515245269
78884,9782.366130758928
87384,13227.269574062775
84311,11597.939072426958
106179,6765.130112813525
77959,52614.373802958944
101918,12341.96541938737
82519,13028.4079150725
90216,8464.643672340562
99455,9430.502419702041
78784,30918.86493509704
93016,20168.99517080415
102343,6886.512710788449
91681,26296.279216702824
94868,15859.762025304912
87562,7312.1753319953
96639,16945.093701299753
85312,19639.49880054658
103821,6500.344887229606
101157,14249.636409619214
98644,7460.182294309712
91060,20378.035719806332
87747,8310.840753016571
77903,21259.321831215748
99482,18239.98623717683
76170,17487.259546370715
83750,18221.275476238436
95288,11252.440789711698
83977,18929.466502893538
78300,23522.515347973054
80362,7779.972611980074
101315,13186.498886596331
88661,6223.576509677597
96575,29409.372989827367
87420,16397.878536180884
76175,9517.7259971426
95867,29143.57076309659
80904,34179.07070831311
106939,13892.385482995236
97892,9876.734133430464
102282,15566.131537275613
81764,18591.97953968787
103326,11891.934842119093
94064,23871.181595022146
97529,20132.370596146742
97606,5294.981234607996
89922,19815.583052824928
104023,12610.326586332441
98885,8095.879317985955
83365,11855.867534347177
81828,38481.35389447495
100521,10857.106670852823
76827,8385.294089951936
89850,8827.329328591602
90528,13255.491722116016
80710,27078.724670700736
104646,13137.692689141728
102709,11062.51576624889
93055,15756.726544245412
103701,17850.479816008858
103548,8434.743603267547
96053,8450.675085918916
77609,30042.945700971926
99637,17828.04130137851
99911,13701.975018318066
87622,12990.200048590583
95938,16556.03008736025
93648,17503.538042321885
105208,19735.671258759387
82558,23567.195889127546
89781,18791.30409466651
94210,48139.937641226934
97589,25993.04785943822
96120,15342.576063251749
79277,25853.768595780988
93852,25888.5497267315
106276,13890.24151216431
104292,21232.086339778944
103994,13379.971112302654
83967,16115.809662743091
77971,23521.589792879822
76636,28480.862232008152
105328,11957.981663745386
89518,8403.840251601416
107941,12271.282571996026
79721,21292.100541182805
96770,10454.649346659839
105293,8941.149530729124
81503,48062.70231221456
97932,12412.92276111439
101258,9382.675233093012
83499,7491.926367004313
85447,11404.790389457075
98221,9552.31399450192
105617,24409.749541469417
103224,7405.339982432548
82749,5114.159869496158
104578,17395.737009121745
77279,26119.148773051707
106045,26314.175000597406
106053,10213.512007185378
99749,14993.742284470056
102786,15435.304568622918
87467,11328.07088725594
97949,8459.938654783236
91680,26873.132657693095
86203,17011.769368101195
102078,7025.563654999363
94020,22022.03513672171
97807,12343.021383203733
86146,11999.826529877546
92130,26503.53567994113
108463,13500.005377309473
79600,27809.946011580163
89904,9438.300247177305
105696,12410.803889580835
105440,11504.114717040962
78666,28426.100300818078
87225,9376.203595833864
92285,30641.337344824933
85762,7856.211288365808
107249,7187.901735567671
86894,8171.424756696966
86790,19489.927381273683
98272,13980.651402518744
95514,16818.955687231206
103863,11931.465734361685
85887,10630.578045719758
92171,19321.934879456076
105828,20503.66595844919
99025,6496.361781302375
77032,7298.753387246794
96993,15929.286603310786
95599,14804.39661740525
77651,35087.53466539813
99249,6076.01098418925
82347,28153.843669064496
83547,16168.76874610036
90793,7530.478138062358
94114,4422.180884298257
98376,21764.794790986864
88356,11331.702961892264
97473,9146.32584931517
84728,14795.95001422179
99765,9332.759905059682
95147,27702.30218380855
93220,23879.21224233291
91907,29196.289500424013
100215,8354.545796394254
93841,33375.847592748985
99392,9835.568147688975
100078,10531.858188774188
98334,44215.034637045996
97491,7634.3034102698375
76179,13557.029082967128
96845,19030.495929661116
99295,13462.145488708966
101419,5994.34528797672
88658,15087.190805747958
82883,19411.7154760708
76475,10649.816215838131
99742,13158.741175408684
93385,29612.464112766294
96197,7824.244299431258
103239,14494.668256068579
89746,15279.734794821301
84083,16877.936712179002
90921,41173.062375514724
81029,34205.50291347301
85735,15150.647373262085
100511,7151.026732569655
86938,10044.981954428498
106540,12197.828675638326
95088,20529.95203426184
106791,23995.6097317923
101353,5964.356855956226
90012,8620.193879088756
87810,9654.589530603798
78427,24489.12134945287
105147,22512.605041804643
99572,20221.56917854635
95461,39556.08417418597
91238,25277.385695441168
89040,18711.46191596069
106508,15704.150311990923
84365,15296.626044954932
98635,14119.588227812575
95456,25063.66661760251
82157,21932.710354789044
107710,13590.149533940728
102827,9086.313694306395
79534,22585.12496263898
81865,26531.475215586153
88639,13020.352512664931
106981,32937.00490638821
105063,8898.948010399165
89959,13609.736347141017
76364,19677.36560927828
82709,11496.958818452773
97975,7473.612805124395
81231,27085.655127948416
91395,20079.74339432244
102044,10371.621026345445
78668,15230.758459171215
78000,19516.066658162566
105797,19956.770633847555
97820,18349.526375067675
78541,16934.324369951773
83979,26502.58344813369
92189,24986.397663488613
92421,30547.184978609777
104433,14999.690673065257
94419,24455.75480928159
81249,50266.50600744866
83181,15837.78832122754
101041,4025.0369142360055
84544,7441.358421849841
82304,23652.81874301417
97216,24162.399890339413
106909,26245.26222306822
88158,6386.402375515704
97244,31242.37275383596
85241,19267.04799338176
93235,26733.837259342643
84502,17596.38386628438
100273,10305.66037258142
99220,8379.97439248615
100249,6850.247782007765
98796,11404.559332552175
100226,9663.70023620602
76989,55791.29393305509
101824,15129.680396485497
104347,17073.791918592284
83602,11641.631930520201
105100,28312.999741990476
87507,8408.830447851273
105460,21967.174573651842
106962,17115.461784803192
76968,17448.854099160108
102530,10923.055647373181
80270,30630.590263657155
76134,11399.127142490164
81648,25088.823718132877
82846,10881.28441285912
107094,29672.342604736936
88963,10612.24042126624
85665,15370.460011915184
83962,10421.718631976511
96200,13259.577212470556
89390,7223.25388954128
86778,7952.796468844157
87626,15969.082436409179
76994,15491.200836046546
95430,14486.530264967752
99912,9636.21279755061
79916,35122.392063612606
77558,33544.72277232551
102504,3944.98040879397
79125,18353.304443478468
90514,16078.129869752243
84199,12104.601785711497
88179,12211.906715574223
93132,27927.695616868077
103105,15764.987197739014
91760,27775.80826400953
102027,15590.129933468172
99456,10085.330003440858
97843,8718.618483757706
98592,22698.606716449238
101912,8896.800188957337
99398,8463.45921385412
78585,16409.42342498577
99870,15802.40886973751
86989,16460.04589433263
86206,9237.814959399146
84406,9338.134355839195
86226,6051.790954605321
86528,12461.309878953953
84765,13088.918455928577
86600,9804.429685698133
97750,31010.180220317357
90475,8738.771457998928
103437,7752.544764447179
106713,17582.22583158689
84811,16070.135731137932
79863,38705.128989407116
79529,17269.463550865803
87367,10465.947265222812
93885,25296.405779190376
107524,12951.960035728089
77240,24745.11283612583
100091,11103.367680552814
77872,18524.21688516752
97015,25596.973999969126
78978,19859.593791596475
95091,20013.92377576621
107650,14233.745232775096
76162,31139.975245866553
102355,13380.653101775904
101524,10332.800040867956
78720,29426.358876719245
108192,30268.084708873634
94404,17491.532921451853
100206,11958.548816468747
94915,28963.699880100176
101631,7289.929887115203
84639,12174.330948278614
108277,22692.343592828827
103453,10871.635645820354
105392,21080.85590846238
82369,9162.486194910178
104666,9307.483774910675
95742,29017.6146543112
96912,11576.64788644463
93541,26225.64151585589
82393,16657.05718689236
81024,12487.298116529897
81284,21602.87658319302
78406,20976.312344390044
99306,8583.783651954049
108130,7352.824057942312
106160,19094.49253164924
102940,15436.92911725608
76742,19909.822986081956
108025,13442.999754861543
77658,23769.959106979895
84295,11303.035786717022
91996,13709.624946049833
103468,10788.653703340173
87336,10122.398512429398
103993,23941.15171916007
90396,7617.2725129372775
97935,9994.80091909505
80399,34846.88488161811
105883,10821.50426746294
92823,24914.280674977443
82238,20679.928708328855
98091,19356.148162951933
87257,11605.565457946002
87937,9718.157707506069
97548,15588.615088534043
105775,17663.915087853835
81363,35398.380110798775
76833,33631.769863005306
91768,21249.767511200236
99627,11226.35422339812
