carID,price
89856,8537.453785403324
106581,24695.386219880565
80886,13565.088852911143
100174,17664.61037199757
81376,23042.652878448935
85391,10361.672550219711
82175,14404.806592999657
95250,14962.367600794489
85071,5194.31540874758
96210,16958.90662212058
80317,27901.71172857343
92731,21013.921045354804
107704,11917.13338581781
98302,7272.691308625522
107055,23280.06659283477
94621,42755.59935406691
91709,19961.766039090227
98193,46210.240400878334
76189,18374.448544180093
86871,14140.393393436156
102917,7053.253335811172
90923,28157.99882021488
101603,9459.5521914758
94196,21033.627223597196
85174,15707.611495535743
103370,12341.26130939365
107877,16297.70080769217
79567,14560.320253381862
90091,9500.427541242705
76169,13322.599564167149
98708,11606.410842431827
107347,22022.05862403756
89583,9687.085736420422
101591,12131.070833927732
92160,15655.784531864721
99676,11793.730830831131
85354,17219.347275120745
81900,11772.217785774701
80345,22050.152061726214
78509,30672.88682505646
100872,9189.358207685382
95087,27053.566983803972
86027,16621.52223714252
89135,13884.94019473138
80557,27478.052631803315
108092,20925.046010074697
102672,16435.63020040268
83022,7862.218237740185
78398,19488.913864719074
95889,29928.46460710469
81117,44850.384279387246
93730,18700.94369158603
101380,9697.838063510537
81772,27627.247911581057
85304,11126.795265928393
86107,6046.402491223824
88696,15559.718336665956
104350,19873.200946477686
87331,12437.477684569334
85206,16310.553708266474
107445,24997.59031155219
106539,28293.62207034771
98712,20977.01302706201
96875,12676.147831665276
108464,21545.854980222968
99890,7898.108809376848
87771,17257.601072138936
79442,21300.451787762097
84170,10923.853146825195
103045,15125.920927776713
101544,3570.535919709773
77350,10099.641938376448
89225,14666.124097429505
79565,51292.24085701052
82849,10653.052105174902
94360,20500.572081718565
103040,6533.544449617602
105101,40949.19833095482
97077,11349.42469495955
98674,12685.597160115223
93447,29069.405426500245
84951,20235.50243533835
91953,10656.980064404006
102101,7929.783679919448
92604,30485.57895291939
89010,9470.325537659952
102729,9880.677166108408
88024,10707.723367430712
104367,12263.893771912146
101230,10784.227284669412
82524,19777.482033013825
95279,45808.03532538214
106098,12300.145935012331
89749,8686.852218615357
101277,6855.688023393517
108016,27040.66784902836
81259,25095.133144146777
97434,19919.80376278245
105289,27041.813774518843
103379,10069.334196735228
78317,31264.859911742704
104166,20250.649953919692
106660,31395.57267595109
107490,11600.940039493214
90684,13764.65493271567
90032,6899.691442718009
79481,19767.145521898747
102524,9093.960345410693
100778,16947.10929564914
77810,14343.710112933753
98979,13298.230685929571
76558,18719.4783136801
94550,23575.50628094903
107246,6095.233925468425
77429,27225.74964340798
106105,12474.910412846782
105213,9532.32386375992
102747,9707.116126483292
104958,16100.820545923774
96036,17710.60344212979
92310,22899.221183210608
100837,6305.773522664794
82858,11324.194736089536
90119,10953.554086441225
77304,22803.46904669837
89011,11062.641946117277
84623,16636.345000641515
99665,22700.213132613306
100592,10052.770760751135
82623,10815.876492746382
92035,18659.41196710705
84305,10660.909203447158
92903,6749.926059290704
93398,19567.97282976798
108067,17274.971161114077
85062,7792.174004036796
81727,37019.10986149225
95637,10259.363253359383
89690,7668.514613711786
83240,18203.31285550061
89711,11181.684945758108
96945,10265.858461807786
104924,22128.0433610405
79633,20741.763770965263
89582,4791.239929969153
98080,7345.707368438992
85992,7063.895033595239
86712,12831.555336782647
105767,12928.600470659734
100590,9083.49531523657
104574,14819.887819469179
97246,13940.130486359078
78141,17506.84806261057
91590,27696.877936568497
80767,14124.668432458377
100344,14239.099362147394
88987,20877.655407405062
96479,19278.0281578584
90598,8963.827851565686
83880,8090.991157530433
86802,16922.492172997827
103078,15629.340210548682
84736,9479.97583242807
84196,3786.082400018149
102062,10037.009304468287
90110,5939.6535161358
102907,10499.990880336107
81776,23985.358122766967
102431,6512.091915841589
80442,14605.529096154343
78656,27286.3304759267
78537,34322.41948653447
102511,8427.830453814107
93612,19160.06343643009
99284,7868.377215326935
96315,14676.575982283237
94305,28485.61715483804
100636,10735.85812453386
81816,14804.679614692928
100352,15618.055869616293
101476,10530.163517049588
93392,33318.59694179458
93995,22739.18278113443
94261,30173.95084208387
89117,15303.927958080994
86506,2500.3548205085644
88456,6344.463807331882
84134,10629.519869653697
81088,11576.061465717064
103960,11747.406223217671
84925,12811.091542251608
97306,9821.34124498126
83752,7592.510543139013
100696,4923.00615235649
76472,11699.408482663775
101128,11627.363609322309
105932,13892.245254547604
86416,6711.572774784853
79616,28672.96366986474
83395,14178.840816199148
88734,11198.896722471052
106676,17653.466951657283
102442,10121.935450002584
88761,17786.09043587844
79708,27921.987034881033
96808,20021.290453761943
103755,10174.718805077808
86273,17062.709200326193
97635,27203.82780479547
80797,24914.23526821037
108000,19039.951554912157
95126,38976.91182917374
105187,30682.621051339076
81613,20473.997026330642
103906,6469.290881519957
105729,7785.908486089464
100637,16269.007103192109
82861,7646.209742272641
107823,15716.857766430252
85274,14766.707223801233
88926,14585.58213819476
87871,10915.11378139258
97970,6904.6234823436325
98044,8589.45312893528
90277,9280.716184922128
85647,12217.250213053392
107447,18130.783995876533
79418,8135.539357725422
80383,28491.301122061144
79894,16922.77026932543
105875,7402.964793415896
86032,10729.10558110233
104423,14875.119878509882
78437,13980.406307244326
79480,18361.993662817837
89973,5505.331998073106
94007,27574.231220806058
93952,15618.384044577811
84548,4088.936982466749
97885,10970.763433373131
86571,10350.842715134764
77839,37915.85977585091
102201,5742.5741643977
98731,7887.832269610542
82395,18268.134944457077
76816,31214.6696461832
97956,8711.373259512715
86012,13128.141411696572
106393,21340.887936157327
81832,25272.31839756661
82787,19707.14853463702
103974,6762.400861246329
100725,10928.490719610614
86552,7015.086618937858
80174,14051.806932861275
99189,15111.663476324778
102543,13041.964324464214
98518,14149.36091454903
100334,9200.99407008008
92673,19778.451219218925
88008,11893.98820750944
105207,24320.420877887234
106462,23688.00062568217
106106,14915.020273059296
79705,17897.996091630514
108193,17375.215749817704
89668,7874.588174612472
86435,11831.60558280501
101281,11480.452023443086
104753,26806.365496062517
79004,17078.94289080937
89732,2873.7964282046405
89201,12977.179706156114
87282,13335.79834719398
101589,9891.126514419366
87352,11526.666329392372
103388,9573.359645922752
93619,17586.296694493536
101941,6534.708918477587
106533,13838.44530481884
90018,22729.180526926863
101265,16139.00359069102
104255,21853.282371882597
80093,27627.247911581057
82433,7724.57086697422
77254,17545.959372893984
106400,33854.283664127826
79847,9988.74594620797
95735,29411.581807423765
106733,20191.51191993908
76318,19124.379619217034
95966,17009.5448022243
101690,11065.712151541407
82845,15893.16805234983
96266,20998.292934700974
104175,28645.102106158633
97347,14173.830455290066
92730,46458.22506669512
84738,8922.246273259512
102596,5408.790339944667
78356,30998.919961848605
94062,30492.47255089326
101662,6946.16052036667
81715,29524.408805329283
103046,13460.204052891173
108133,6942.369782337207
96302,12680.349255098317
83859,22500.07996251087
104815,17050.50681864865
95903,27443.78577107719
79683,10927.798850067165
88888,19991.879075654604
80529,29200.044542818207
81898,66224.95597460792
83435,9629.933936014699
80448,13462.052753798815
79241,33591.778033454044
76056,20799.723342044443
76342,17085.425379940003
98238,9596.973707094832
85878,8742.007061527343
102846,9868.545073103183
90215,3023.787919232674
79635,60447.451258656976
77561,16085.716930663628
101151,13132.811513871044
93594,27066.016747524274
78703,37660.12859670786
87596,7894.004681953122
92572,19618.207196299165
90757,7970.881406657046
95881,18980.414374058273
98008,13310.703567250852
84805,8535.915680393657
100888,9884.952322816473
82504,16062.028047431115
82177,15176.226580109067
89472,33730.05853648499
82301,18013.543779033447
106483,8798.274819068169
79808,13293.046763293718
83412,17302.631341466757
89386,17504.280823920384
89889,21234.249708317388
108249,16733.018167833612
98252,8792.403339429453
83525,9787.655939368913
102595,10837.980801158268
94255,11688.87057285098
91259,26819.81097867532
99539,6776.390266989748
97379,27008.44457312033
104452,24614.084094101123
88479,11189.277656141992
95424,30683.41122635579
94732,34676.84844423294
89025,10377.462845381815
89497,37912.03520815377
92405,15002.179337844065
95346,16622.644350494673
91337,17284.9827581973
97739,15299.460490073478
81087,11295.436341724993
80661,10518.388176611346
105537,12401.57522164694
81073,27590.807686804783
102770,9825.478101897812
99299,9552.854535911509
77528,17381.315124224555
95278,31726.995891258706
106536,16878.159409428477
79421,15196.441967065648
105026,23763.22463124854
97887,11914.261918366281
106163,15122.086124437976
103242,10164.298686833059
103098,7971.9068483722385
76195,15186.965814779402
103418,11545.306834648178
102091,12188.921482404721
102341,7802.571913893515
100315,20310.085418682964
100377,7775.486321924004
78857,21648.417598012344
93748,29472.589336522302
107891,9871.783272660206
77063,28237.88784973599
86916,8856.055591307386
108347,10048.449759697876
94475,18594.70692661688
100383,12169.89919652316
80618,33739.10374787765
98926,9981.316354267394
77228,16334.714175958963
106915,15151.710997749282
92594,11573.849307953047
80745,33901.20339088524
78361,11545.25905895526
95725,27190.863294539016
105171,7427.85756485165
87007,10056.040643726965
104121,15852.277242271583
92877,15004.469199999246
108335,43320.07007271247
101357,13579.063992256384
89325,9842.835762207416
103144,7740.256603750096
101413,6253.2871651847945
85182,10748.663420688816
84097,17205.590840174384
101970,5782.127528412097
98315,5237.491666847769
89048,11100.89356527376
106141,8629.413619371726
87105,16722.808714374147
88472,14002.22266995481
93361,14960.266517801776
87040,7782.723917424029
99831,11763.272400681448
95677,12543.384865065047
89770,6439.960119356274
77371,25943.86611607291
107143,18434.28676078561
100271,12222.263696902044
83905,11332.619563363842
101531,14647.698189844716
90617,7988.097754912901
83895,18204.595543165295
89453,14056.858881146716
106012,20569.232820911853
76381,21342.260342686815
106986,15792.135222479725
84143,12603.68399231633
91665,39190.76425095416
81350,13351.59573541901
80422,13890.753733249185
84794,6355.381819674573
81156,30550.183536019314
77082,34274.02015492736
97356,9019.584320043905
82730,17193.59736315111
99244,9722.35836354244
85538,16088.87283001868
101585,10879.931981462294
90288,9936.345352219845
98799,3054.3766369079653
93547,21512.324846352723
85142,9479.97583242807
82012,32482.176399871925
89654,14340.784871064649
102304,13300.607677607391
79288,44839.547645493905
77400,11399.054550037303
98597,6175.178237729766
103156,8577.224042814116
95446,28273.919310449328
97036,9321.170071283601
101401,8503.996231058005
80817,10704.249386068657
84078,6846.073913774398
95390,27569.74938927041
79883,23897.38472665804
104059,12941.507991339344
103041,11249.87833174168
81651,12854.413293453936
100432,10483.112310478718
84933,13402.141527717524
81600,18605.56412096096
78379,7988.291417175971
90816,7765.3818241147155
107414,9558.04877960979
105633,19511.297406330417
99508,7728.705822486046
100874,8583.24428924666
104208,16757.077035362647
84774,12271.361617971648
96518,12215.253789756069
91543,20018.795476800446
107146,21125.31697120092
94426,16493.855603331558
99059,8767.960246660097
96640,7931.225754077929
81277,9638.771599501779
102409,12584.294428124182
104800,15529.680077332852
107498,18807.070158436738
90942,44336.124371406404
80202,24679.0804605377
76794,17594.49526700933
88973,13259.101777736314
91958,65083.83818766079
80562,20440.219660362298
103486,7295.492157294032
95237,15628.404832612374
105569,15667.685458581665
106560,26504.98104815092
107977,12456.514135837004
90076,16948.254706694537
93050,15553.036023893093
80609,28744.95763238675
88557,16913.908372332957
90894,19160.993321906986
83669,7006.264683264522
78849,16672.155947630854
101275,7474.292610618502
91858,7939.582550841431
96243,14539.624870271678
106227,22991.7661839159
105300,17859.637963979632
93065,40917.421124400105
78002,11948.724234876137
82500,13609.111337533845
78204,8942.149533997477
107851,9071.308620320378
86217,7198.843871522753
82662,7504.4390363529255
93324,32518.04340845246
79680,13016.10602178926
104920,21336.92393774256
96735,12403.31705823926
89992,7634.755763823285
106961,26490.450382950374
80078,14745.888055295465
101429,9875.138875691977
95551,19006.170245372712
79937,56934.16584968712
80680,18846.51516103286
99448,11277.932521045714
93909,32214.365169614077
96888,9477.225293054853
104584,12536.556044001527
107289,21100.88845828381
84126,15064.763153635453
101282,11790.591411684358
92474,22376.20940705576
88871,15387.064671044362
107177,16777.181784975233
106026,13591.03314517653
96937,11807.990668500364
83543,6518.942041169918
81094,18643.366049257318
77503,21666.9325415973
85351,6067.591979629399
96000,16690.096141951886
87374,16042.400364364341
86394,19188.03001658264
108364,13408.759576268309
91441,28751.01814477078
97039,18640.627466022517
106685,12113.049507386173
95631,16643.871359840054
101883,7929.783679919448
78238,10682.42402102138
97508,9058.637148379907
98441,12376.238830228203
80066,30355.48029498027
79095,34807.616672345444
80007,11733.011478370066
100219,9340.066270316522
82511,9798.320171145011
89270,15077.724086808797
88713,9941.37869579555
100353,11603.240127617328
102841,4490.410546213574
90117,13440.309593963973
81549,49719.898249096994
82350,26254.740354032903
76546,34541.94092351286
81013,18529.855251791203
91240,16512.42480523875
91542,20782.466330960087
104518,13083.210031875253
93537,55402.16161638915
94372,26036.70553977226
104419,20775.861159386754
97636,14339.67623006998
96288,24363.966074472184
78717,9887.81923541406
105610,21419.547238668292
97754,17211.67835291126
81458,13092.196586951986
86931,18404.65741808599
90713,21489.639277328115
90909,32239.84921555194
77251,39988.36682130382
95081,10543.519062078158
95560,14257.089281318427
93288,18168.654049695157
105036,13347.4313285034
108490,10188.027515907752
96935,21039.272415130934
89373,13831.997453915834
98010,9323.931892180257
104699,21977.79140129354
86692,7960.624893399425
85024,8241.693399549698
79086,32666.663234902007
89939,12606.002991538891
79098,18649.367339031254
86141,17466.471413531923
105462,29142.722853118124
92870,33706.06713274997
92163,25161.915717746542
87481,16515.78912395893
83276,9762.801527173437
79356,23370.678440489228
103602,11589.209529324424
88460,10716.776273157522
100934,6935.296083710716
96659,6409.367737024902
83204,9136.572715113894
104621,19394.31294500794
84110,12448.296825261838
99265,12523.262326580567
79574,13735.098965355255
78186,11713.955580976935
87005,13764.097843130714
104043,13887.919843376489
81574,31358.312409048984
104091,10774.714917432986
77759,25266.028986268993
78181,11281.429867393119
96169,9520.865293679753
98267,18450.292143310762
97837,13223.363537361653
80133,17784.194615884357
98571,10053.514078454762
88628,20097.121989598363
78622,14801.759321615362
88678,11091.90033184424
87278,15938.275462534904
86963,9871.048814494838
100350,6753.023976387783
78771,18657.83495965162
95935,18333.824349485436
107590,13182.51315030777
84458,13543.253275323414
85656,9013.839234593526
81611,3943.0961387433176
92638,21477.822724246565
87478,7962.829891252381
98407,3480.877158781608
95581,9713.881064733401
100645,11808.290367438929
97184,6863.560513512004
84473,14338.713542936699
88951,6868.787373512441
100836,9993.745560896443
91338,59487.69878458724
94112,14407.714228124214
89882,18903.898577634678
97097,7750.022369497563
99151,11272.515940048663
99607,9388.575130670712
78931,17297.1989504428
97805,6880.189148264368
97477,12493.086797636719
87819,19516.958972185497
76361,19883.20860203241
99201,30413.510287507303
103410,11541.86603903661
108436,15502.486420740319
105558,18636.133840145634
88025,7792.501769355733
101944,7998.2766562176175
80786,21018.435296194086
84001,15049.20774555179
78304,21866.179439135838
100501,14298.52290427202
99693,7703.232472015764
94557,18394.84782502872
82152,26183.895512207364
92039,42836.192033646985
83177,15772.788576868697
90726,7553.541722081697
82879,15075.523811643627
87378,15518.436282484889
91699,16325.142811998128
85500,19431.945004273675
97050,12176.392579408657
88754,6771.049291815991
79069,34157.271745904545
89329,18033.54313719869
102605,11114.614277277722
93090,17250.79766300701
108403,15633.8822435225
91391,18436.75823459433
80964,22147.668635938877
89444,24225.908461547508
84092,12091.637754492534
100617,10702.760643193194
107962,20615.02133130901
106640,7484.053434313213
95123,13470.283219667632
99114,6277.311591556997
94461,22199.449859197994
88654,15872.545663707859
80421,16888.748970687942
78113,19627.961717425376
100558,7091.927686994909
78873,27447.15287459696
85480,10091.35155646908
103902,10567.959193899771
104816,20569.232820911853
89039,14400.924117040131
95169,16665.177981779878
93971,18325.72305710134
84450,20504.2998048522
80824,30199.317034481333
92545,16020.796764031842
89226,6913.41956544242
93873,20166.52527581605
85871,15468.208729837743
86343,10503.484636973262
93634,38246.026515911326
106942,8792.585950906829
82535,10873.873274662268
92259,18672.889302189746
88794,13795.857166564678
77385,36183.88024105872
76996,6827.707727140343
102708,9210.039864740389
81359,14507.607319655714
90486,3136.361693470679
100200,7906.276259419401
87970,14564.377181284606
107512,10857.991681616746
79078,29125.726424248864
108477,14177.544790233202
80312,34946.08855434343
82208,8296.957298510102
100695,12367.001797823566
99506,8782.18451514269
85773,15623.327304392747
101887,13886.622750121172
90129,10508.815940959348
84730,9050.045099143124
107601,21680.819574325513
89592,6430.96088198726
84844,13495.579418640082
96938,16778.83050776607
84981,16622.181611173073
100698,13555.484333702349
103306,15696.842178909721
107175,25318.08706637778
95411,31937.584638341
101169,13904.359498216567
99407,18956.679605189704
78248,12759.510499685859
79031,19375.293199923442
91040,18743.769389589186
76464,11780.147544645233
102813,8003.383083706629
86811,20663.265426554688
81191,27516.43169156584
78202,33355.243998295016
82471,12634.23668439573
103920,7964.417962638169
79904,25271.144592887817
95670,30907.40899409029
89931,10127.378764143758
92605,38704.047178768145
85695,20055.36982902667
98750,9670.174361846848
101284,10497.605611473593
91932,19691.718409654473
98623,10819.918593489787
82499,11173.8594949766
93193,27385.374805323714
106110,15842.557686042976
78500,26959.975297130037
89447,15956.188486244348
103373,17894.214014160083
87872,9361.94167887826
99425,13590.639057049913
96552,6022.683219179269
105787,10862.050842114322
82567,12867.145027871753
102894,7381.332336990591
77641,13298.297610082298
100827,12367.716293677235
97712,16154.089245055353
95197,32415.020304232265
102993,11802.683101582395
94855,32111.630128081837
81534,17406.119760554753
95133,13618.266262276496
107468,6108.709524718579
86402,13121.2009254254
102666,11544.882482315681
92984,23864.33964529733
93891,9064.253810122163
94312,15954.647345003472
91959,39652.40358754734
91802,26811.057882481906
108175,15523.897537305138
78293,30692.08415723752
104991,8887.288878992127
104302,9727.226921232394
79807,15632.65935099822
87167,13846.838768984213
78620,22291.499236098764
81174,26597.10909452946
83125,8858.82952747553
103123,10593.423227825526
94065,19062.40332299917
78480,16653.064417884747
98280,8785.904298685746
83415,7830.27479353754
92297,120488.11363858302
100221,11531.871378675221
78829,15195.031198832323
93418,20603.84818334559
83424,10937.325155378912
101749,6486.829334844438
103456,9395.971428896175
88503,10373.570579314537
84931,15804.230464618304
107552,21885.492277845915
108037,11551.965245575813
94539,24109.86421963737
83697,9039.336280681322
87455,17432.49084185854
103044,7780.896990812455
104852,21652.08040101633
93437,39746.550226980595
92885,14934.481621094272
80922,18361.993662817837
102886,8121.510452280169
104586,16447.484751190692
81164,13331.311391736423
106074,16322.111585683704
87617,16950.211899540638
84513,14014.800496107044
96743,13460.504300693628
81209,16169.232057659303
95463,12129.940853051732
95457,18611.36108401083
101606,12340.304210757875
97485,28953.850509478118
91916,24977.55978248272
91629,43424.91020437496
84215,13045.701915245485
108190,9947.51850311008
88314,19542.303054290187
104526,17397.26215080195
82467,10844.984740448263
91827,30011.71760455124
77885,57190.58950188739
83459,8162.672191214598
98375,20817.097468378088
101233,11146.942840985883
97186,9476.545681896776
95520,18607.172007004752
95216,41393.07537387827
100878,5397.732178586327
80031,29204.56769701026
106134,25561.217416066705
103526,6509.624198482843
104018,43293.32863620636
83920,9991.699423313417
88245,9974.225319519244
86248,8165.982279680641
86315,13740.812200517554
108157,30795.4153529194
102814,9345.044289216201
84371,12916.536140648359
95270,15146.024686091007
107670,19208.035616638997
78745,13491.520111807895
88772,10935.936878219949
82335,17878.283733852546
100049,9353.55577992236
84953,6778.048401548318
98948,17486.60718013246
95952,34823.45129818186
93638,23573.351752147253
91164,32249.325322940676
87627,19607.879951439838
89209,14520.809041052813
94140,20248.077541487062
86567,9304.636679078345
81451,18563.053168024395
94658,27507.981612106738
103969,9539.987215120282
90158,14824.037357492009
107712,15729.560792436458
102518,11446.029811169397
91367,28929.580892805465
78764,16159.200366906507
87411,14190.234220460352
80790,29011.897004630704
97848,15022.014026082972
97985,6189.169282701347
99323,6611.465811577046
96854,12856.353133982668
103917,6849.965125114931
86223,7826.818930910734
101812,8781.43368293195
102098,9987.344621866963
93414,11609.163816074575
86794,9878.519545317442
81508,26933.770376141198
105781,17259.58141649326
103758,8336.689223190067
100877,13572.695221830525
83075,15979.461095316536
100303,12652.805023333938
85269,14076.172088841604
95693,18099.95504426767
85891,18023.09543653742
85991,9775.90391821726
89378,11199.41010989679
79718,11728.393524687064
96415,11737.654929375305
87510,10859.894548418715
95579,14984.50737680104
96453,13303.245803514055
80182,30770.86427924363
103363,10338.103698945513
76430,20950.440706205154
86302,7899.269668357814
78876,11731.0356340919
106740,11441.473522777644
101855,12121.850292723628
78987,28730.299869766994
100155,15504.518889905883
76069,31030.767776452743
79889,19367.16768974354
104035,19877.045421451992
102533,7480.1201270748
85374,13201.723760748539
82210,24304.578658224
81145,12873.736823761614
99738,13170.886184883244
98201,35542.03692147797
88630,8562.876570135288
94084,19474.648713551956
79771,21092.187722074443
91057,40216.8922536476
92492,17229.352858410162
103600,15958.403249960727
105315,30339.87094624435
106151,19551.876787544294
87426,6670.131033103798
85249,10504.425845355925
77379,7429.408275863507
76190,12080.996173066935
89820,28003.68036670665
92650,26891.813196302523
82906,17172.95263220798
104766,17506.844518637045
104673,18538.331593476865
103734,6530.897802896516
87652,13109.728530664604
107399,15062.291708201998
97222,18069.858115179824
100614,9240.922400199972
95807,30011.71760455124
88084,13876.831650336728
97997,14332.089087618064
83321,14337.309597073301
83002,15319.458332310165
103995,9629.298590710678
102305,7053.478762295977
97774,22767.4863081839
87737,11279.072386890433
102191,15504.518889905883
78470,21924.93658484463
81787,21740.444661396275
90975,37043.9481968708
76598,19704.47967294819
88308,10300.425215768493
105997,10775.596479142258
97095,20651.89911227943
100555,9157.767708684212
106628,21690.433311171284
84638,6147.359896984758
106752,22784.58362684713
88072,15766.89083303552
86734,12029.061906490542
105842,24607.19785995133
102037,19075.72963535786
96623,11507.64202239253
80943,15001.27879634681
107882,10541.927895078714
96069,9545.27564989609
86796,18844.291604409005
83234,14329.023862841848
85044,11397.087973053392
76183,28706.383811243664
102124,9496.134499677099
105963,11776.938041815836
108127,12399.211976179786
76435,58786.24674513883
89809,23823.729820321965
98129,11805.261139314987
95632,25341.954398410027
77264,21223.142530630445
102849,5606.01331472153
106860,14875.962718823703
90177,8850.681452966084
104336,12920.871554754516
91068,19892.623950647958
85416,9975.52030792871
92720,18841.4885043264
105257,10587.982260579747
94524,16210.590931712266
87069,15786.478165204864
79026,17086.154608209567
100533,10482.424869896937
107396,7435.067720361587
77220,11468.4054642039
76863,11523.136266895513
89441,7964.567031099613
86301,17633.02844432353
82808,17108.958456801098
106681,12947.171517293089
100673,11392.972507706385
87115,9760.913046762627
84819,9952.269353133246
99889,12597.52738415799
100435,5332.963324461612
91329,16156.146950010007
105897,10846.50150614491
94788,21165.505484268884
96403,18720.112160384524
105780,25542.464018757983
81290,19442.873203485888
91689,18038.28656320809
93660,48346.42195712173
84018,15619.95830740435
79166,19595.774518546314
99850,13438.961231770018
89900,14757.592730360504
76628,25608.452620856602
99136,11050.416980558351
89388,13817.313546955622
86441,16462.833292138992
100362,8213.086997233435
99493,10049.903323822431
108082,13789.79919825691
94759,22779.471680029357
91954,25122.266969943317
90378,15853.26650574052
86126,19460.322104664312
92990,17776.588498951463
80507,18329.65844499663
105394,23439.82221385284
80679,10760.92281162144
94014,18276.9766682538
78092,28184.075351118372
92725,9498.358469217561
104609,5733.233861041152
89940,19368.462448938706
84337,15812.413378547415
80392,18621.66357608722
90992,44569.137317221284
88342,9445.575680323194
83193,8095.517999456331
83080,27194.58805245971
87197,16600.016417341383
106043,9151.694505239735
81316,14233.180877977038
105197,40121.76534761233
86103,11154.732257614078
107819,38539.540895983606
94911,17514.115801640794
76597,33186.25036758598
96614,9003.091073448779
102197,5643.506472710873
104617,7424.893089612875
101445,9430.056874812719
94521,51091.05982099797
107290,16847.56757425492
93099,28260.763608175785
82179,40476.79725955674
96268,26578.166176300572
83202,15396.179746513872
101568,7418.5452523756485
89145,7558.560751547184
82718,6510.934016194061
84595,16543.122100201697
86633,13095.185887482896
91925,31126.336077542437
100357,8367.525003663772
93684,14663.362080776888
106465,42795.57127907945
84631,16300.68033735077
97796,10556.54162559325
82836,11454.060640104288
81314,53003.93889650013
96868,20022.572810277998
94329,19268.93236177559
85728,6685.558249797125
78259,15365.870954635137
107084,22403.575196636953
96134,8696.665708249124
81583,28908.052150848423
104264,16712.976832541663
86202,11133.843162205323
102867,7892.992372775772
83461,12201.10255750367
77589,15845.142516688295
94394,17145.340754476794
87588,9461.39847396638
98769,12732.805125049143
76735,21705.978028895253
105592,11809.895173217792
95260,17328.054204997574
82699,7623.9109755877025
95827,28477.145070560728
89294,9325.203090205758
90853,14039.237799652416
86522,9686.454564776208
80958,29213.04382190315
94038,29296.57836649879
88512,8097.536339797473
80219,10541.90509432437
86063,3018.223447407476
87724,7742.473157244298
88835,12899.35551908042
105687,17427.672792080586
83567,11470.307824675292
106584,22170.803962255628
98492,6458.282743007642
94494,19748.32711103059
89061,6196.335832373167
103125,11878.692910983638
103883,11873.681633373195
80430,11214.414355381798
95544,30603.77703667752
105136,55370.03044437065
105560,10070.28410749428
108397,26478.529009708785
82236,46429.77811262576
89477,13184.60360050673
98106,6814.383454208075
85996,5458.704138230602
103439,14040.777987359677
90831,7737.603362035109
100746,13336.778361217475
81518,11415.987297612488
98610,9781.357910482666
100644,14692.649653062042
105486,14676.03312611305
79765,15228.59260705326
107609,10417.679108113043
85407,13398.39418965996
81527,28863.693046233653
80955,39356.12607857645
79400,21830.199796266534
101238,9435.902020960557
87024,18261.362857750737
88662,8909.480114549311
107983,21784.463280364907
93662,28351.42968139808
81557,27883.76477403698
94520,16720.758461891597
97010,14172.943594729772
77628,29569.393872464596
89561,14639.87211798976
104218,16551.73922984096
99839,9685.858259449087
87279,10714.432927256823
93760,19017.900473042857
89551,7783.9197897530485
82714,17248.35085353929
98166,19299.778365888633
83812,10225.228696567157
102617,7155.831177701308
76869,17265.599465912088
103735,16955.061339325704
94201,20810.643345113687
107893,17568.007442815648
78651,12601.180158259085
85246,11686.705567818708
81194,25326.386198897504
81133,33282.29430889551
95611,31832.68887390157
93004,14826.899044452965
81826,40498.06903308518
100157,12961.343038742903
103768,15782.145371876593
93350,17128.824612805976
76901,21846.82407780255
88742,11227.591514968799
102866,10730.37941922536
76438,28985.229242352823
86105,9690.54499980574
107506,23544.354169145292
108520,8029.023890673543
106613,10979.64364390647
94164,41362.45994106324
100964,10443.715159937343
92769,12182.125473201455
82221,10864.931827561488
98686,25030.74489722393
79762,19364.469398871606
84645,18634.240639849475
107656,19933.63928741348
97538,17649.61788025593
99552,24889.99752820065
102157,9898.949029144755
80935,11264.853909523232
100578,11156.285891706964
94686,24413.490099946594
93268,45925.213648823126
91842,24152.927343797244
95609,34240.87130531448
91576,21553.885678661707
93139,47746.59403877335
101030,7696.413652268928
80172,42237.02186835217
106262,15645.898008908229
101562,9417.760925600449
102273,1855.6731042833176
87102,5048.725876177306
78491,18672.25300794735
90631,7787.57246989021
94672,20845.649551323386
77261,56189.43956261818
80434,16091.63848851921
86840,8647.431509999287
95011,24926.97785219469
90870,12003.752738294641
97999,10316.275153444281
77016,41963.95856023005
96931,17962.754464145415
85215,8356.475884427298
105268,16512.559037946943
99519,6601.608042733436
104056,17990.76143839949
91117,52476.78140415646
107099,23635.746569680054
80475,12720.010415430512
76216,35169.65103075417
93207,26677.24521020904
105166,9648.462187827781
107209,18733.91747768046
100109,9323.502912030772
87232,13805.902149657737
102624,11813.213094489098
81948,8829.364273597252
93625,38314.5430527697
90334,9687.085736420422
79878,14755.566033421625
105653,17928.742680514508
108014,13410.844295442646
105491,22572.84458053609
87064,13947.539587341373
106773,16092.967491995409
93489,12909.969286079588
89490,20442.133846854675
100771,13591.843080760542
100803,11965.287401988435
92144,15396.83740809561
88632,10789.790416625527
78778,17274.25851585779
99308,10268.858746172773
77161,15580.617579079757
97501,9401.69313715264
100933,10884.779348950127
77489,28001.217104750245
84309,10830.183338329554
108040,7115.416656006447
97159,19449.530780284338
95779,14776.760392675284
89650,14610.480224440273
80999,7618.114618127985
91887,22081.33719555558
79753,33332.77413788499
84669,15032.811114760945
76401,13534.224242230062
90299,21321.405735111406
80820,11986.590455974356
80744,36593.88960238888
96151,11923.335830991631
101368,9883.263285642293
106886,24470.94911626178
90590,13946.975093831694
102988,11115.573076372553
96155,9859.394883122413
98069,21956.861533148538
99349,23003.092655211356
105341,7224.695458942696
97054,11821.135651690036
80210,23899.97957239138
105334,15535.491585046007
88495,20166.33992867042
101578,16891.498160921623
103240,7515.612167679675
84979,10841.181128695946
88799,8915.815145865374
83073,8875.491945233294
107288,11034.743895775564
102097,10719.488927618791
99042,10131.168946972326
87242,11734.385117281194
77310,24250.038154479964
87982,17616.549302654865
95506,13469.438311517799
106574,16622.186980898805
80962,48290.35774275651
102168,6230.566288285735
102528,6906.266210977246
99307,13296.755915680242
89354,12842.302138450501
96717,9571.74535273203
99267,19390.96421190466
84588,9331.082951803271
88920,7745.587523724753
101122,12935.793831639428
100916,9608.222425529337
90206,14056.839533018527
100314,10007.775736622665
91528,39185.90420439991
82508,8112.586319082303
77095,40194.515076213276
105943,10538.159002865974
92610,24706.121166660523
76706,18985.280770167283
101753,8288.766010596531
97020,12377.894662542774
103582,9701.893025988167
89559,16239.978694229356
91293,10319.61069672724
76698,31095.397658370493
105365,25230.265024962526
102755,12719.511251191188
82363,16297.178951959373
94314,20892.231480681858
92463,20635.085394661084
107566,12171.856455266941
99251,13097.081700613076
108140,32059.012837932485
99394,9787.99602895678
107849,20679.030680524138
85021,10937.054022882781
98878,12199.8687624147
80258,7459.678290731437
85751,14524.252230637452
77932,14175.18198767696
92120,13147.370990334595
84462,14466.544411485605
104744,14870.28284602211
78174,12658.802185946064
76239,29544.85840670385
99098,21489.325575862633
78068,19238.497703314453
80129,16470.940609745412
92276,24830.925083290553
84297,20955.81250255496
99082,14311.296731297387
103218,12312.845919621406
100512,7626.65908818678
100481,7235.490718340522
77761,14665.424827571498
90764,7438.791648183067
103431,10070.460679461381
96133,17890.50312190357
80377,26470.275354926427
93811,11901.768408321883
99125,12560.883410047147
92377,25738.02597258639
84221,12189.568106985878
87280,13518.207369915423
91188,22113.903544210963
83645,10590.704119667667
105967,7972.066371719816
89389,10033.6689641366
78866,18724.54054268537
82761,16401.945671086574
95049,20065.01347751294
80729,7745.007905863762
76702,28910.13985888088
93554,14459.976176692493
98932,24272.690211137084
91264,24121.291771610893
86993,12202.342386891174
102784,9993.745560896443
79105,21896.032195652708
102943,12536.284745652702
77065,23208.43154083095
104740,14891.499869796824
95500,17193.994843714183
95345,13777.162222392753
103581,11124.998293204972
86417,18167.97067430786
87299,10496.398682337627
101375,13218.996740823899
97640,32796.961364514566
99560,7283.431935616824
105849,21727.46111017094
95701,26383.205732460792
89124,10887.187429140817
78589,18253.652439883714
86742,10157.566400843683
84620,11948.79015673778
91165,30480.12335767998
88463,8641.012888625339
87571,8256.005376615507
104773,14579.976465054504
83370,10353.783769851543
105599,11316.46153138195
104275,19564.79107129136
87908,17704.32889921411
92637,7347.278790848129
101747,20515.88433612082
99271,7685.858704336347
77493,33344.74501348011
100122,6544.221740565347
96424,12458.141871586871
103113,4751.745486902647
107985,26965.73010108466
103634,9285.044112064517
93302,27199.406961725545
93877,14054.133947478758
98121,8551.134943963
91191,14786.969843725185
99106,19751.052136857634
83151,16931.413938795293
87913,4919.253487697344
105517,13806.717471612536
99452,21588.295900690886
95017,24026.820509472716
98803,11400.018501995299
95625,29758.499464553926
76846,18590.530181049693
101791,11628.449474755378
79911,17724.971409799462
98545,10301.236891508934
106811,10859.426971629804
78007,37068.84527362096
97259,15055.146682681663
96999,8267.461706569045
101969,6708.009711792777
107018,32314.571839307322
76246,26737.196037462174
77303,10418.185477587158
103674,7030.192757889931
100794,13517.934302779107
84367,19386.256464904174
101652,15629.340210548682
95111,19067.531500630426
96965,8514.79674576571
76396,11515.871749307678
80269,18770.08419861459
87328,6653.581752147827
85984,16379.626323518733
80193,27280.364231766936
98525,6422.348061849593
77460,30369.452078272458
85424,19075.859905670928
77271,19238.497703314453
104786,27169.905158812937
103727,9474.840486262385
91819,27399.968895235408
107028,21098.18410711566
94966,20382.47314890662
78126,16647.531831333916
86200,17599.591607576967
100317,6637.213066035158
88403,19178.740237705548
102036,6711.487038240485
78858,24928.95699033603
85122,12289.996709865381
107516,19360.241598574907
103432,9830.799227785332
97354,8260.946660873391
100218,13398.766126054468
92759,15208.775384818504
107648,37984.98267120311
97107,20791.44152441667
90871,7087.306426769996
78611,36610.04154215447
107537,11387.690881706138
84840,11020.429099713168
79802,20851.545967634305
96763,3789.317409447607
93033,19530.410249002718
76969,34859.889944464005
106154,10027.847594736579
105965,10315.07230229031
83644,24445.482845454277
83889,11921.592873785392
88026,9688.605558389063
81652,27997.72352260951
77312,16612.94669289754
102749,10512.206442755523
84444,15365.154725413586
81496,16556.569407729326
107471,12671.416831833905
84265,3164.446763655164
92346,40033.822763715376
87248,8323.333596653083
94931,14512.474794358677
93712,24502.929073824962
80162,24652.841388730187
79351,24419.97236755211
85734,2022.2147950190806
106372,12597.014714620796
96106,9326.955538818389
96702,20661.86021844476
76823,10688.205480127297
102214,6315.134902221432
81128,15634.819357437289
88320,13450.677299932371
83531,6159.744745208894
104506,21213.1589873146
84074,6922.773405014609
104709,24770.190914822026
85626,10608.668656823673
98427,9597.023692313865
78699,33330.43473779707
94756,23629.16871436234
101283,7784.410503697742
82397,22380.49075401373
77954,25208.799622746727
81630,23526.216582100897
87025,14712.416130287982
81189,16377.396447643012
107048,27136.68436070734
99510,6716.020498123678
85462,22247.28304851951
99442,7063.4024808946015
85541,2391.4764620120886
81635,35467.64746774569
83983,12087.672213204942
96161,9266.560385357228
90359,12554.123828570868
86597,9205.089899381077
77633,11983.255777810122
80552,30293.90125850049
87749,18426.357641425202
88246,11143.773026874745
100434,10270.099881363181
102049,12289.82067980104
84649,9942.062984294316
80783,17590.448502339834
102021,7598.680889364191
107760,15124.408383651376
98095,6644.5859967748665
103474,9090.312460317211
101486,14898.660333960992
78334,39235.787217936624
97026,12720.563001724795
87049,15015.724955407672
94207,23990.7089126148
90080,6111.341791319251
82025,15814.53217578532
94478,24236.579722256207
90501,7520.259035526599
86699,9914.700212895461
91557,29468.962108277614
105343,11718.89317279585
80034,28177.406347096658
84220,13777.31000140249
79498,25053.868797500254
96294,27821.231362083767
107974,8266.66866472331
80316,13564.228244474993
99928,7460.7891409577105
91851,10876.378267377213
87827,9904.234673993817
98130,14572.1023479633
96139,19214.30778769332
93176,31680.291000032306
90903,31575.31390039862
77200,20272.749840495926
95858,20127.579358382576
77764,12167.69341240814
93978,35546.25284710589
78852,13554.280785930263
82121,16685.59493370183
91653,27822.920564457534
88882,10287.958087874238
107327,6758.242394602605
86583,10456.145142972995
90101,13957.417213999663
90893,20443.400505678015
93813,28861.333110583957
79215,15479.584308048246
96480,11194.884838335582
78841,33972.78964386121
101519,17378.11499478802
77704,28009.824072798838
95308,21657.74555120594
106617,7074.78994429275
92279,20522.04573704503
77974,22156.59649072431
96897,8284.57839547967
84841,8639.163806862864
80966,13132.206060553799
81646,27731.994151715196
83773,10188.658377199286
80357,33276.52611434409
93576,13017.289374638529
76332,31510.810839435984
100522,11925.375407519468
95723,11714.192235166816
97599,11303.151575024334
83267,14487.063114525758
107086,13164.988635892176
80173,28313.061070209198
90902,48120.79777276393
85442,20594.36040467656
82924,4300.926582567287
106669,21505.892158269522
77358,21989.796565184588
86661,18393.96911281626
101073,12799.34107362684
83897,11152.667960889445
92465,22144.823789139788
105110,19350.53032676075
79370,12727.214370284733
106568,14233.298345048746
106121,5721.77656845369
97194,11089.019454400608
89289,19583.541420008965
77301,23846.174845719303
89051,21022.79986214048
90207,12437.954909224494
95193,18444.88746251336
98653,6790.748000126952
98934,15663.668033707621
102897,11164.888383888692
90845,10181.968848755956
101868,7869.166376021615
95210,21075.841942474566
106341,12488.173999311864
101091,9647.90816816575
98060,11409.753502428406
90026,7423.8021067009195
88157,10915.11378139258
97383,13521.115601525367
87451,10326.68112373488
103381,10262.092849555043
93512,14737.082187040849
77414,56457.09904812085
79553,14104.584273775254
96377,9005.007051049768
105001,6874.778801161094
106183,25086.8756573157
95745,25504.93941615605
107011,8951.478264467289
78953,21114.83826422354
85187,9142.326667173586
87941,11094.582990327059
77483,20185.32359035027
101372,8804.784053722864
83730,8924.834192414964
106166,20422.932304819773
83753,9412.053577766712
106514,29265.637703341177
101583,8244.008819254957
105137,2590.519681542855
105295,27113.115809141917
77657,45690.40496207027
88515,7674.1107378456
93729,21431.623820430344
88280,13124.41401632037
102832,10512.206442755523
97873,12679.144790874254
101671,7759.680888037032
85210,13382.550512033915
80735,25425.85284530228
87811,17020.455262989355
97684,11966.338031204577
99915,11377.590177348875
97502,9140.938768005977
93678,34341.84971617554
78821,17627.446414185753
93898,16713.670936762763
100832,14183.51362269681
104921,14656.718755275524
83890,17691.782743441043
85696,5958.197021728279
89485,11806.306965589123
87460,11147.231206058597
81080,50426.32977172077
87235,7478.818576410694
87587,8452.278741997095
96329,28592.13054210506
108174,9562.882734919303
106700,12903.551471660296
98539,18735.07422513846
105234,22345.50369756872
104708,11391.79529845121
79081,32216.319038925347
90270,19744.590125265357
106057,5816.73333211489
80928,32398.739705807755
94218,30602.443941185535
107429,10611.478882831514
107776,14695.19076349478
105303,7838.7064173709305
107166,31660.39113043617
94379,24610.58965416995
94832,3912.1736788053418
83043,10702.173502623154
84114,12064.229374968065
84283,13076.145681266431
107679,7103.034254407409
89280,11171.017574063699
89840,9598.33200518736
89927,9670.013382703812
92218,20006.01350200281
97100,8018.206952497393
79443,9896.976032154978
96551,8968.701031371655
101305,11412.472771013538
102576,8677.2697283219
84060,17970.998568965737
92280,25975.574887644285
105210,12831.569311045874
104496,18549.548591822193
104267,12996.13116538743
91491,31216.18542513755
78595,19238.497703314453
100913,5832.296514582922
103028,11411.40553361345
77788,23963.80561481796
89629,7345.737238821389
93781,24276.38453378451
76551,50149.11381188361
84917,12252.747527791917
106009,13860.031017301573
96109,7804.221695335609
78933,19824.135137218836
80386,45663.292071700234
105590,18659.29308654619
87670,13720.48699540983
84443,23707.67437241136
95776,57866.70532368935
96400,15432.318882533338
90834,22952.069238390613
88360,13505.729690933786
106848,25854.857890515144
91981,29842.63547480534
89126,9736.30769886386
104879,20674.821800613267
90449,15654.533734929797
90667,21990.310062391294
78986,10802.536982668464
84945,14732.234069912969
104356,10373.617354872304
105159,19636.176275046004
87755,2586.2392985504434
80978,25983.175421054682
87272,20846.58678970334
77291,30296.28349479252
84904,10832.761996621693
99446,18352.258191326946
78688,29116.041346021193
86155,13319.987750725906
79551,27835.815489345598
78281,9465.447950636104
94551,45922.23472335869
103232,9314.48010369823
104767,10902.988936376547
88566,7590.981934566194
77896,29268.045040023913
96885,16297.166778869381
95778,21418.30490942906
86874,10455.804113305107
91080,21719.094160539447
107737,14740.191705730953
104851,24216.558620547654
85070,24032.416044047342
87362,10668.203315692102
92302,13445.047068438069
93294,19116.188891299418
83422,18190.40319265693
84862,11512.6423662919
84415,11234.06951126299
78737,20759.940888221936
84686,6490.171699468078
95112,28107.638836363516
86518,13027.655725714274
84839,11779.813438865192
81172,27351.447101067595
89932,19580.894480892137
87300,9476.703298065608
105568,20460.55345367801
76252,13080.726465463205
80951,33477.16662248451
83509,14252.462965067158
108493,29159.759606585085
89976,8732.63930918656
102525,8294.435495144598
88102,6119.183141363492
89605,14719.523988849074
92381,11853.59240824102
81987,33982.251968521436
91951,25892.33237027087
108167,17220.560363664572
89798,8205.634547790922
97312,13622.023423101688
106458,10985.336403413752
80611,45224.21100984727
83390,8703.057128851742
84346,17984.893801902035
88061,11986.60446716271
91266,15183.755755681346
99611,8354.447924097134
106366,18432.313775436625
91936,31797.51646825318
82520,10891.229262952555
84865,9604.204796418502
80141,24790.523436009204
91890,16650.995712978125
76251,19110.49057616392
84247,8413.583097619443
91298,32507.419502936445
88015,9083.9829039911
92776,26419.62060042793
76709,9335.023537070108
105728,16164.668348673744
103796,13049.29028207849
81171,19301.93309717403
88413,9624.08173580869
102155,4964.3942344119305
81200,16884.058958177466
95674,15407.420529709769
96157,12376.044255902441
79020,21221.265120070962
103587,8851.158938071283
104190,29065.473402507072
80486,17705.024573604376
91177,14457.382111259978
76909,30580.2928623556
97278,8354.253781281905
77170,23803.363673420987
78840,13080.445099659426
107987,13886.521419797742
104444,14422.200770992444
98408,3792.2943368973747
90629,14445.37349869097
85268,8234.197312892502
98419,7849.026523465025
90747,14641.811677891877
105907,14784.794120589368
88335,10546.87099608988
104161,26654.112188847444
101427,13033.157500582032
87176,18312.547811644956
94012,29604.1190509083
106937,18447.476879080317
106573,41886.83256256122
96877,10010.942944168923
102568,8121.510452280169
93510,21630.05237712681
78820,31198.297253858476
76763,25418.014750973416
106884,6948.117181283836
81041,13601.996348885194
93827,19106.33980913754
100321,8418.374524592735
81450,9786.456291310591
95107,16859.039552357786
93670,24240.367958404884
103551,12049.355850102289
106715,17214.44815529746
100863,10472.827882807662
79259,10845.442064441224
105336,30319.096442723578
88906,22954.908894143475
93039,28363.303078806854
85639,16449.675456251236
98378,8208.994633054794
93639,12220.062147155355
83518,10238.708368498794
79592,13811.679208678119
95678,19030.26387317538
87400,9671.920297036331
98813,13136.229000076735
79157,7434.643054545145
76223,27637.364595088882
95406,18611.679390462898
83724,6345.881212974343
89739,12114.460015521272
94933,24350.750258790817
82605,11013.1981454731
91566,16663.098507004754
76873,15157.998163818165
96884,14877.013300086575
85901,10448.113643198161
106449,22290.347909963195
90672,9747.221894495684
78513,24153.643283645637
86464,10717.363229200775
82921,8840.952860522679
93886,28737.779357643485
76303,14234.985148317399
98243,17147.40946526046
103497,10874.42182328282
87786,14714.232405726998
87780,13872.63982771901
99339,3950.8819285633426
95351,24830.925083290553
106965,13096.55644055968
87540,11826.822439303045
99854,11224.12475258773
102357,2718.5766513934045
90737,6848.526743676212
85392,15281.120886199415
96882,7273.038681760089
88268,13904.067878481954
106075,21708.202839520294
88674,16307.87220872468
77623,13500.627271206744
80394,15253.867624746103
94942,26558.98197026787
101237,17540.085372554287
86351,14854.538862852276
87055,9088.944514535686
94851,25834.85273962908
79816,13204.755951595662
97214,14483.962186333652
88900,8713.11770108316
97464,11047.315500538118
76403,16500.91710508526
79786,18650.025055774662
83858,11351.283362975966
83658,9252.369408125161
96456,12675.904722247315
106217,14284.225660108175
88111,11092.730446106238
86581,10493.782167628367
98218,16454.353607801142
93801,24617.64548734583
87206,10613.43987219847
88569,15059.171057787036
104348,13133.944342185388
76478,19530.99344201842
101509,16986.87410607993
100915,8289.022777691842
79676,17635.274417790042
102673,10128.34165512877
98151,6795.0120773618455
77583,14319.389100233833
106602,34302.67910495667
90134,13164.355216348265
84228,6264.102247785622
100131,12092.6830598104
92807,24581.25682158377
95025,29241.37015454435
79779,9653.700594753298
77216,25445.64243105492
83476,12948.372598162363
88942,15821.499981866964
87565,17749.86258344317
97055,23018.34432946648
97212,20571.626278811418
97321,20917.00333618215
102240,9451.055616057512
91253,16597.41544175293
90284,15561.907974837066
83582,15594.49076842367
81255,33962.93560837362
93903,37453.591146062055
96241,18378.505254668573
99117,4151.981354466041
79874,28699.14063688795
105193,19172.063569537404
98186,4999.00180993838
103313,10542.714314828028
107714,15728.68207311253
101081,9197.385622931333
79663,4949.962173666183
81108,10841.998282321601
86643,6468.7610569172975
90931,22226.765501285856
107518,23475.195124726706
84511,20044.24589249147
80689,11524.840415142186
86547,5829.432936556815
79670,15606.277141166773
82281,15926.43271259375
102274,6376.308052262408
107948,12479.767712554638
97149,11693.800634821437
95980,15834.47840652967
108047,30213.9945792379
94763,24404.386397872644
106148,18458.746397690644
84164,10846.910537606745
93448,28250.380273235718
103837,22097.173651652076
91861,22581.35094796733
87914,11559.776791327131
85944,9222.134026763995
83795,10850.975627663696
97374,14122.94256362763
80569,11431.492893569237
106331,37090.856572442644
93177,35290.15157524103
85257,15961.540725423401
80094,20690.659272534467
98473,12923.008837518582
98021,23080.85285651318
91714,21903.42805205114
82569,16444.27997921895
96451,9473.55352641152
86310,10292.31731890397
89702,6984.008843835107
87577,15091.404578180947
85221,25346.005197798604
100454,7309.07316355914
96748,4047.234230322464
91472,7403.963003897256
88350,5022.01769238829
84386,14940.165998803901
107993,14257.842278065578
101496,5905.659853225677
96805,13327.260982262114
82084,18757.151111282157
94643,30016.445382870512
83871,15789.130411355143
82327,18758.261014857042
90332,12992.288993787246
84949,28315.52011307859
83111,18104.5625551659
92067,18629.955054569717
106714,20046.265451648385
85531,12089.575182946028
97311,9997.138139753653
78102,31357.84481208106
98348,14315.685683104812
76715,22314.14254961412
77091,15061.92471919455
105854,13451.043121915722
85983,8069.107795247773
80823,13450.441811895747
102612,12406.716161156244
104209,18494.512683869165
97643,7884.141584579272
95340,22540.75136877932
81183,46237.651525446076
87928,5708.832076046682
89448,10947.00820144541
98522,10058.975804273327
94213,10192.489564785636
91583,7760.079121872797
90280,10642.185683213751
93287,24109.91298610772
84510,9638.711070003845
98179,20668.22080935963
88162,17543.229800313547
78449,43701.4996054681
94548,18273.50712801784
95056,28951.262343094862
106725,9788.437894283657
97968,6760.523033271176
104923,9835.810136308555
97276,6631.799615327118
97080,22247.062100278337
90691,33121.82342577957
88033,16644.32201783043
90160,15566.029749516429
81661,12023.15596035163
101260,11177.422799607433
79520,28211.604754717726
78213,15156.305737290477
76187,28375.091735181868
85752,15219.116726279211
90729,16291.86901812986
77637,19233.013397893243
101847,11219.369718140246
86787,16436.48583261482
105758,10036.214342225161
79389,23362.680046901583
98312,6648.92967984379
100222,7756.216192519343
87873,9099.900235834823
92965,22266.846414193784
89168,18008.329437924764
82368,19415.212756464534
76505,13784.917786967872
100946,6112.008118145758
85815,7715.824623817778
87705,28415.90333089697
106931,11255.567494784365
95571,18722.34138137553
80308,19949.83301557649
91824,22021.407168240523
106743,25205.767875826295
101866,16294.997778466139
95817,32124.090489433613
108505,14710.807629878831
88722,13889.891698828633
104371,19641.50354127027
93879,10544.863976734918
96038,17505.811604160557
104690,11673.354584693785
93199,22828.559004258284
85967,13113.086260496606
88714,7804.761398424736
99467,7111.978464657319
85701,9097.73876310658
103450,9859.085830810844
96943,10244.838335995566
88526,13922.301938620367
79326,11136.904600502148
92314,35288.524702203096
106373,19776.286836294534
76953,20353.32176963768
89741,7690.371290923195
100458,8880.620968212248
91895,57098.1767244071
92356,15340.771094827574
80632,20684.82449465803
106959,10157.768367727489
96251,11600.384714213495
97996,24919.82265034132
90021,15056.202116291439
94899,32220.805803849016
93093,16324.633120784782
100175,13802.677881287515
89968,6654.032818566912
102132,3936.105045402697
99121,11853.566485660818
92662,18645.648372692416
96612,17920.535580812615
77399,16648.039356491685
86443,12350.013793021531
93198,34586.27578363564
98001,18190.292975700126
97764,13540.138066152314
94983,100561.01797713291
82703,11129.65578082784
94794,29241.37015454435
79793,18356.600446709046
93376,12891.414791411911
76374,22411.586175118184
84045,8241.693399549698
106780,19429.40820875187
93213,15438.43202397848
97870,9312.920683913217
97748,12415.945545753204
97255,7678.80181836972
102668,12100.258956610714
105898,11049.020071922392
101786,13289.93053452857
87690,14682.522463037081
86329,10623.736711988282
77696,33888.46031422861
104321,47714.87596553916
86782,17161.153804885333
97134,27616.230630067843
86684,9836.461234312224
95509,32842.73803401487
82314,18474.792178329077
84124,10486.732633138265
87597,10897.810079009574
81357,16991.7677080193
95055,17447.651391554184
100244,8652.977426202431
79271,14381.623721471113
82043,22644.797719231818
96348,21812.72530272813
76594,18821.35285128504
79552,14258.679481019428
97181,15809.742082709896
99147,10696.576637495438
90786,7359.317868826437
96203,8056.817152688657
100288,10832.45181569589
81529,20143.674125121743
84229,16272.93128855682
94332,26014.11928278091
92714,20745.243695154393
107716,14398.699578021184
107685,28074.18099788502
97836,4396.400486481283
98284,21276.428400473855
83128,17495.5433847855
105500,11379.427367712775
97781,10864.486658166885
99341,10108.777323439388
91793,25338.61454976434
76224,15027.202498584931
80840,24706.819943741597
94587,15741.11095096292
98667,11504.023918245677
78973,14898.95010094475
85175,12684.660675595962
107489,43710.0650342828
95790,13255.114955069626
108044,8420.766179528797
80652,22689.39210463811
76007,15944.97347094936
96039,9318.609043497643
102618,14895.891639491554
80863,15154.700401208176
95695,19712.786606951853
78815,28324.630816350516
98063,11633.743748946736
83732,12913.764289522338
83190,15573.155876497294
99504,9680.659653429586
82372,13267.655005177703
77977,43301.233917554986
81688,14285.866756956191
80154,21596.116922848843
108106,21391.991884339222
80724,15252.061062337223
89190,9169.689777142865
102321,15976.871888261856
97375,11149.032904173899
99379,24228.59161711719
84767,10279.303971492069
89470,12623.766050412853
85592,11164.879779111652
80381,28666.27656010975
92149,30189.44205292858
96044,20071.1308773999
79041,11983.255777810122
103108,18043.62144019848
91118,19513.212646388853
96434,7694.179032041261
86875,13791.37698070919
100326,10702.760643193194
106416,20250.26461171699
88074,9318.646548302757
91579,12636.478907802515
96819,28861.10659352556
80373,27757.508395749475
82681,10032.568075171628
88450,11160.703454218854
95040,15781.864130846057
76720,12186.158365842914
94576,3428.427657402626
82502,6941.546534129639
101100,7945.7932448614865
104522,17235.936484896632
108039,9935.487728561218
77894,47850.88493344673
80888,11586.715429005722
80366,58253.66243060302
87653,9219.028350049854
98083,22622.779937005642
89042,15771.201708591052
102520,12909.068292944325
101620,11849.674437150543
108340,10404.2460536054
98465,9405.406668268859
82307,29240.95616809359
107499,21491.10676289841
101440,11328.674876591069
82392,26168.049604471267
79371,24783.365179064585
103916,14641.827090897239
81192,7915.742329983215
108185,9467.754665188944
81811,15925.89755407776
97993,8606.069351279113
80214,24417.482317105827
79896,17946.799442897125
86793,16978.868889656213
100548,15487.003423226362
98986,9341.71538940192
82411,10887.187429140817
98467,7685.858704336347
98645,22606.92614028509
84530,6610.2029737365165
86479,6986.192664985117
90655,16749.722085221103
97319,11018.689180293684
107749,24717.653635264964
77199,27732.86487383373
79255,16237.98535569826
85072,8291.568329399313
99421,13372.17113303759
95187,10449.769572460767
103262,12930.612190851756
94589,34512.725596578515
77608,61349.2810534083
89729,5664.269424555582
99171,18610.07304622094
90914,24874.076771377408
83250,14711.089467275951
83275,8413.959332724824
91269,23993.776260838687
83003,10248.655680908005
98988,17740.153904780243
105748,13797.29200855614
77688,16353.764054036059
91090,17156.914238181827
100544,13902.887049520648
96608,9040.54031238895
98784,9134.20201693361
85655,15260.515845695521
104236,8427.055780514424
97437,12284.458289591159
100150,5887.455076172629
96911,30526.75698822099
87126,17684.350987740916
88544,9331.082951803271
97889,11378.11263204441
76768,13858.591011812467
101722,7488.247830838107
96407,12066.275709727315
80640,17280.171030883055
88000,13513.251463706358
103451,14475.095393872793
80542,46512.72815098697
82212,11605.96842392742
102407,8378.655422398562
79895,10061.602449446491
95909,19078.104040659095
79646,33328.40694087458
77051,29626.87001195275
79375,35512.67895869728
92023,31042.219773109653
87608,8963.616247602631
77731,11170.884618757458
94671,24585.747117821054
107804,17082.52560488156
106359,19834.052483412033
102758,6006.2456935578075
76944,37329.09528359369
92103,15678.779363656997
81188,14305.450071252564
84157,14099.129222784279
77509,27431.59714850131
87332,6126.569212241344
101597,9993.745560896443
84021,11229.617728450832
79820,24600.95405515435
102505,11503.28421508319
82887,18482.810809911196
98676,11501.987368271066
89288,20214.40307570053
89410,12629.699366835514
76489,13581.476897903382
85587,13539.698678500705
93752,14451.58873042937
104857,16177.570246518153
91582,29027.43538553265
100760,10092.586647980295
95388,27536.236323213005
105606,19211.964847070252
93352,26558.98197026787
102452,11866.623465234246
88997,20518.037747111128
107478,17330.88746741611
82604,12563.172256476419
87188,16013.294089249905
97769,8315.793068129366
77941,24936.44765006938
91489,12032.392354896807
84501,15853.533848649804
97428,17561.499120815475
107961,15300.680003763548
106520,7624.942418867337
82860,17529.608310606294
93232,24391.88790582158
106592,6950.192999216878
81719,8605.265949085657
81658,16491.54936516303
92676,22418.52825129548
102253,9010.126540751591
105237,13537.834455813283
78527,21270.248920413054
97452,8775.906128331773
106530,20100.709981531334
84118,12659.91739564123
84314,11592.30733530741
92313,24864.48455585491
91271,28383.994643571754
86067,7836.106470783762
100751,10003.137088624666
99647,30456.110220216284
79872,64337.70703791071
89703,20346.355325856795
82985,9622.261052937753
86719,7015.086618937858
78249,29868.33972065759
94826,37351.99471267348
80867,33322.38848950116
88405,14206.301903159627
92596,18068.979309339724
90699,7862.417432700372
97504,20707.56019359689
88236,16682.41600013919
90859,7625.999093953862
84327,15849.31483081715
86926,8952.753886299148
98478,9253.851551148697
82435,14344.340754265304
105477,13694.582372295374
91685,16741.78992622251
77406,16430.88493051042
79806,19052.584682982535
95728,14151.088053227104
79181,30615.426500901056
89777,13084.98373830547
104090,10529.650953715756
106849,19315.487780617976
80612,20879.61582450715
78114,15558.428872868299
93850,24481.33166552173
91913,11513.894615320527
104359,19340.83537785595
103818,2086.2570421462515
78505,7956.685477662259
78147,12097.42678277657
98618,24321.315632279344
80947,18412.70880480786
104926,9063.32664124873
87266,27459.61153778077
100085,10851.032254451024
99550,9844.887944322985
100618,14239.97116990273
88609,8982.708065984909
95379,26947.96724611808
97130,21248.601009367332
98078,30556.232141499022
81543,16103.492498645575
94442,16160.473659740692
88513,8814.718690823163
104084,16418.33457365772
77862,16345.553587594863
83231,13108.0330349654
80020,30261.109650989343
88533,43151.37792785515
89260,16078.097728523146
82264,13239.053627911238
84569,9657.881359476003
94361,30885.70068923592
76511,20538.3412557463
79088,16497.611507955
85645,17100.18456076103
80492,22993.665127186476
82092,13099.052819391161
80792,11376.504266684764
79022,16251.153608673892
92175,16262.905969228674
87149,15116.276680549283
94676,26951.29898593286
82453,13783.60804126729
88623,15735.612192195724
93157,26892.37948632183
91767,20211.858250879955
82525,13025.497019019153
83387,7443.794818471997
104711,12816.66337354502
82040,20662.90945857425
90973,22838.287497761947
85628,16636.345000641515
96701,11368.674082064477
95441,15787.93902187934
104513,12383.177620600332
91247,28529.76196767328
88940,2929.720695581236
77571,24126.874235526662
104299,19204.308779574196
92609,22315.997628271354
85134,10728.409130484402
81305,31901.186553100863
77683,26488.896884123704
89313,6031.669776507308
85999,11093.289710697925
100266,13572.695221830525
97102,14615.351009330996
101321,6071.756533650337
108299,11234.601445539727
85057,12633.942460841059
84995,13615.137151219613
84612,8568.209981519436
94300,19695.859068809572
93656,99639.86796469204
89647,10763.172254498744
84389,7815.233967891929
90197,8159.196385743422
80844,6793.140358418785
105331,20401.72190161457
98831,7432.918793270866
89697,17422.958379473952
103351,10121.935450002584
99969,7083.163580496798
99325,11732.588675534065
89198,16357.96108484928
78239,16761.372967878055
82481,9494.709118662955
83655,15019.010976462941
83006,11074.585435822875
81067,38099.21284877156
82451,14480.491618502232
107390,25682.945165990535
101406,12624.993780994773
91715,26540.039763520148
99989,10833.840125109657
93206,29108.51402914826
85902,15143.816404105892
85195,15764.265399392147
78130,27039.830752129903
76552,27619.96202695258
89420,13438.628016162602
89566,13676.918923068815
94682,39622.4242631758
87373,17449.947403007787
83481,11124.611620914426
84348,11229.617728450832
88809,9535.05381002154
107886,11843.030642082656
84976,18027.02134028783
106340,17546.466117355372
87849,16419.608625810695
78363,7668.836013684453
86657,15812.413378547415
89773,19344.141486758475
94449,34155.92904034689
90861,15744.900872118187
91749,28391.330082041855
87090,12755.656704131661
80200,20012.969400998692
79369,22292.926113864323
101679,7651.653155006307
88080,11658.097325991634
103400,6713.6212652885115
100960,16135.067759242951
106116,10573.98764518536
76678,35632.73541426273
86832,4172.117693663419
80278,13283.664368082917
92718,14840.878807575642
80121,22848.846669201244
84360,7802.468227197911
98000,11409.753502428406
86852,9830.801663618067
84665,7765.462611674046
104032,19942.819174774726
88348,7184.595231159271
85919,13924.422615815703
102408,5922.303486419564
91678,12251.941660359134
86965,13754.643111498977
99748,2177.190188840798
79192,15681.246158955959
100469,12235.060268465171
102772,11681.817197966195
89526,8351.73993011495
96191,8108.101855649514
99222,13296.755915680242
77086,34616.737389059286
84447,7377.708057781876
99981,9899.448877095354
106052,21775.980279464275
79612,26890.564455942782
106792,16087.264487286307
99124,8107.386729549192
79678,29389.072738863277
101632,7934.314129054569
77692,17121.410731099546
84345,7275.01782259886
95000,26830.040350440715
83015,9208.556983125678
99423,20826.506288757348
107480,20400.980924282496
93765,18137.06449875104
105419,10646.73966803916
94052,15372.376259838054
97432,13342.425381243072
79133,23120.037029749496
93225,21698.194149213283
82956,11012.781661204583
101231,11600.233343930531
78727,19444.197902690787
92150,27010.779524389203
103869,7920.1649552929575
98266,11090.003128982431
85017,8604.955303560093
76853,29868.33972065759
93027,15721.14816060354
88493,9257.215120493098
104829,27534.45231199326
87800,13985.907152732732
94723,19032.01178502952
77219,11305.895675424941
94891,12560.769342582607
81656,19715.953724141724
97239,23063.8336663693
83620,10245.66934745366
93312,19436.65081415954
83441,8292.509210476135
83959,8848.811978682119
83653,14972.418983214557
103364,11627.930875041768
81279,9775.988594049719
94483,20013.21461051425
78683,13807.024255049024
80423,28484.357128247993
104442,11538.057637931197
102026,9178.936455397714
105992,13693.496667253145
108007,10582.19684877517
81476,13376.049060568914
82770,7467.660755404693
97979,11784.283208132729
103866,7047.890893053805
83147,20137.62008139087
102902,7892.541918565215
105918,24305.592767259604
100265,12395.458045483874
86165,12457.639785538928
107697,26168.273982141003
94497,33584.79852391123
83540,7710.4520217353165
76617,23694.97269197431
88133,13438.945349958656
92181,27419.253170372962
90065,4024.9468846122772
94177,17574.1241126207
86942,11321.495223096317
82629,5509.546165182948
92087,21446.997791453425
94508,12164.289496565209
81678,12308.913656484117
88106,10978.438356867597
82869,17177.192931545796
81744,24476.564561753345
89208,2899.289981099912
93035,23348.060402780982
94656,27719.88074095031
105571,12339.087000162821
86332,11244.700903616354
76711,21434.286456591457
87423,10782.624881308373
97343,26098.09804408898
89591,19924.90400012406
83291,2500.3548205085644
76146,17780.13943317506
86683,10716.861131222304
100726,10842.6483485678
102328,10086.122408112573
100991,12820.226686631038
98049,12416.795351291621
104948,17362.22261128119
103129,8343.210117596798
87892,15816.264696480264
90770,23763.857669068944
97113,14313.151515952684
102422,11464.435685650704
82462,13288.876970022653
99700,15323.770819416124
103799,5316.1396925628305
96959,12881.22540954309
97715,8109.618845443967
90880,12081.331379393212
106632,12786.005132797347
102656,9862.012103100475
106686,9847.273597052665
97346,9026.302286250782
88283,8500.633284245181
102248,11930.39083288865
89091,12924.652954050433
100474,10690.714935743257
103428,7765.786482829442
82698,7339.478760070655
107510,8134.650779168941
99122,9008.77973634744
93152,12061.885564808725
78084,18028.808009449545
103130,9427.386935524028
95826,40524.672014941665
94977,24479.690872806
90104,9073.325702149576
89105,2012.0748919480006
95397,25832.73300755018
77476,13880.417455568288
80208,10178.042822900261
96744,11849.833775485014
81310,25677.93794478473
88688,8127.104802980893
100514,7471.165956563168
79490,20482.603641771228
89236,11407.345805275629
106677,13951.55295244024
90882,10484.220726037553
105048,6671.028929443194
92458,18893.242175248204
91682,14109.201130104797
104659,19318.180251199537
99559,9676.389767637416
82608,7775.311095858502
98793,8717.544335755361
101083,9086.372468439715
86469,11057.357139121581
106304,10971.423215358926
100515,8522.227059473993
97006,11838.21858208411
87531,3313.9714266414444
88873,30136.768341745403
91700,16355.196570641321
90471,16235.077213006554
88077,20056.554814028288
95546,44322.26578846563
77965,15244.464468135271
91548,22644.433045792517
101360,16703.72608564957
89845,14249.41592762034
95934,24977.116215834918
103745,10082.753667286943
85862,17429.47761890596
98424,8962.837720370006
81736,29508.300033841984
93391,24812.82818397198
76523,22806.918884425464
83573,18666.01627191972
103118,3751.728988393103
84399,27568.363861809732
84864,10292.31731890397
104282,8700.144321822581
95389,21700.241360840173
108097,13145.758006382452
94999,11687.176517602798
99345,15485.206082928398
92946,37063.08433626671
104048,13938.744490772164
76817,23767.187717409233
90448,19618.908406832346
107837,10348.681128794782
91182,17991.250915530836
102654,6935.95444344651
95298,17659.84257735068
93659,20616.779594213946
87866,19431.945004273675
99990,13163.124558300002
102469,7306.47048622042
107351,15696.69781690804
82490,8887.530113993434
80756,16268.979868119764
82365,25494.807631270814
92332,16035.086692676048
77456,30571.586270435044
81007,27885.135985388453
82391,18418.37867162384
84647,19757.152407406516
76296,17941.521438596075
100192,8389.73142370345
84547,13599.438671751745
88877,18353.444247095416
84254,11012.781661204583
87836,8776.909787815495
85970,9158.528215168084
94834,15802.507241567362
107159,13780.53311458161
106800,10309.244841594706
101989,7481.453678633573
95604,28465.28644139268
103637,15696.842178909721
104301,11424.639444742166
83799,12408.746291465128
107855,13636.367377641689
101506,10695.53777017536
86644,12814.645528495068
81902,70312.38205659747
90490,6660.795282800314
76314,18778.409729877407
95360,29991.571101485275
96272,8179.7824541919545
103911,8535.194833972886
106553,8799.257712881637
106063,15622.515430548037
84179,13567.765541839606
106912,13890.671267195206
103819,4787.476332308305
94009,32378.77331117283
98285,20471.34999066131
81101,14202.738903663552
76806,20261.96895268667
79127,13065.633796806263
107416,12900.815328000448
93786,29183.119712145504
101542,12858.44896597527
101640,9330.007766254668
98800,16723.952043634174
91451,35401.51683547267
104033,14611.556410193129
105550,19921.358631869407
88203,17357.0853392421
77481,18486.196848771364
83704,15800.132927533568
94474,21021.081545960136
101924,14257.99869814347
93203,33777.70866236761
104628,15455.480545434184
93308,33488.62889407768
81984,21450.39922745983
93228,26063.69426267628
94247,20489.413416169828
85162,10362.680291579569
104670,25711.19691115675
80875,47509.325701607195
80850,25800.926644371408
79475,29226.58722784136
87229,11785.89956552339
79162,16510.793399312937
107652,7470.116368244167
89835,15808.491201476352
77430,26514.575476267873
97568,14111.77326807465
78947,43493.39868065688
106692,9134.151091434895
97127,4670.69957110661
80876,21702.200800998617
100152,9274.986661562882
88949,17908.365631840472
95804,35196.39619276114
106833,9280.781233154428
89283,12644.58847169375
78115,42401.425240382065
86941,16655.017458827824
104794,17919.08886125437
103892,17664.61037199757
90746,14142.12136591723
92996,18740.757440878828
88679,17701.859073491847
101007,4444.477261998378
97824,9786.352976607452
85138,10023.499572295465
87869,12412.299490745716
84266,10306.526374543502
88682,8098.186223629776
84543,11018.249781567078
88967,16534.912092495546
78831,17195.954232276436
80227,20624.698677416938
88995,10300.345969819025
95761,19082.107148825446
82060,17428.6028613669
78253,21210.964330412036
81193,25548.809229404735
97309,8117.297459640734
93654,19172.93845745691
91399,27284.768388589335
107195,35005.954971545776
82137,12880.092118147573
108006,13862.726318777824
78534,55948.11346933726
75979,31454.65198471214
78847,7772.044684322903
94746,11501.886847593792
76591,15693.241111228508
97366,12758.44849980219
88756,10754.285337956853
105074,18592.15755411175
107641,25318.08706637778
103717,16712.748650969417
92559,24830.937551112467
85453,3419.1637635274847
91736,28046.53839956134
100632,11678.67305529309
93314,20821.823125543022
82593,12385.69141978135
105791,20006.763350871355
104431,21174.89375846945
77967,19642.01603521393
91373,20457.332794000147
86095,8988.059256277827
90950,23246.74457184686
105410,18879.152171538957
86516,7812.291129065683
79221,46742.567920672096
86603,14744.529889896077
84058,18850.472687250392
101017,9454.501703466713
103065,9899.448877095354
102817,12933.464475054318
106443,21177.915135896903
96455,18331.391172666936
103514,9893.799329364178
88407,15749.777443591365
104658,20303.64146249922
83823,14354.626140275339
106801,16207.397889297354
100859,9627.051388515894
97156,7527.714056523005
99816,7613.10388391044
87726,11021.631315651324
88783,12476.354859024545
107654,16662.582583627904
102420,6120.550645101953
104147,32558.50017753285
76019,11421.399245200535
86158,11006.09785517986
82852,7234.122253221627
100871,16389.48012386667
92537,14263.17324599562
92028,13058.587555260134
78319,10412.959811863717
77111,21904.970792270542
81426,14197.429388504988
108336,7142.155234728129
106048,28089.142137872786
108482,15009.835424746729
91336,20081.45423250052
101242,13655.283268201343
108309,17695.85927478726
106397,7415.546578555431
82413,9819.559904598047
79355,31836.786164934245
92826,28648.69605056676
102020,8853.014097321387
93857,34534.97185290549
88875,9343.043715898591
81926,20382.02191130611
79236,18666.63733837462
101106,16812.22449723786
99069,7204.302984722541
90017,7423.372217537766
101706,9494.109257210064
89701,8106.529053936104
96760,32814.445630974944
103901,13886.144599208841
96780,25986.827101397852
78905,17203.320629791953
101894,8741.204201182962
94657,15626.513075706052
93703,13549.8484584523
98690,9235.072552594998
90597,14911.352538311883
80138,21094.14411749344
97044,9893.82103501434
84258,14741.973372546483
98543,13867.221636208935
99833,12847.27721947213
99848,15589.920492803862
89178,8417.235360901279
105598,17249.44374033328
95971,27223.239828158887
94875,31797.51646825318
96048,9481.048297505993
82606,18510.39132842435
104545,9613.75189188466
85571,3755.7806359538436
103757,14846.432292071297
80192,16282.980436828764
100422,7222.2694672158195
88065,16724.832400349827
83544,13904.487180188116
76851,35574.32065388001
90464,6412.646256029152
106501,9507.841893847093
85011,21531.639039432863
102308,9543.987457583482
82241,68580.00424946165
100655,9815.310999013778
86477,10659.328352737144
90830,1860.6271168719486
83274,19557.55423124405
83251,9490.372921522187
82122,24993.00159863713
105600,18528.195418629537
87514,10971.627151673705
82184,30271.79497632899
84829,9926.246773128336
90704,27215.442662589874
86306,11477.678567289702
105655,24594.233915372246
98964,7184.539753857445
87189,18427.894298344316
80116,12958.371264668782
78366,28325.488707276152
103668,6076.612603415647
95799,23522.0987853537
97496,13110.040904272442
107112,13502.360145218227
79698,28362.022037297626
78946,34456.90553616524
82843,8410.528773148124
108537,18953.064095334303
93675,31360.62233224776
93629,18426.91528631335
103134,10895.075517764502
76458,13982.627075640201
79219,17660.857519193964
93401,21466.661920164166
87666,10480.675364621602
97697,14324.24003654714
77945,10250.029293160394
76173,30072.908279600917
94835,22647.870630406498
86700,6810.287898594064
105682,29411.402014747197
88546,20031.108813367668
100486,7634.428730440595
98187,11784.283208132729
81395,15704.946401776873
104408,13135.357639906937
79922,17995.054557439027
102955,11360.620694097694
85515,12407.60155531346
100490,14906.55668552064
91070,38394.45776645354
81321,25990.331121561667
90925,19193.61804591895
91291,30475.316987849932
83986,15695.292166973295
91729,15562.09369856828
95830,22552.966100368907
103720,10130.656790976445
97023,14612.656758934507
84892,7211.614712331502
86618,14676.031570911631
93094,24517.746183517917
102487,8403.555208477337
76952,32128.724475538198
90121,8712.80881613929
89687,34125.76613217235
82663,13555.947709069122
80253,19162.489145433632
96004,14693.939501832216
102267,7683.867356596288
77777,22618.524963401356
85135,14155.79096124835
103806,10769.947599858962
88031,13435.315457718349
84252,9373.42147124047
80246,24428.083883473435
83445,11648.921003373282
107528,9507.841893847093
95161,44706.35948943517
105132,30192.78420663768
107504,11848.087513430037
96720,18190.4619179429
86060,8847.875680290781
76370,15539.325676214112
102092,11863.747388339196
93523,16859.406513254948
87963,8458.860052124684
94183,23134.287079170652
77548,30215.570874063345
91116,30961.02321297303
100013,12497.426595676434
105525,20493.610922216827
104210,16951.05668104648
91137,18698.286293212102
101960,13591.843080760542
80662,30788.388948794323
84914,14114.0229233837
107857,19600.41934262396
94916,25165.66133716766
102858,10787.808002012784
88182,9953.642810628353
85339,10255.513488747125
98692,19499.89982600585
98460,8880.582792196705
101787,6053.189453950807
105924,14176.819233442471
81440,21493.224086998664
107043,14937.441056551386
98747,10046.056567430776
76065,17017.44630069469
103452,10781.380920291318
87162,11743.602263032166
85972,5020.256013972635
95159,29812.470082778877
81106,24831.502804745673
106324,20332.413841953163
86957,8548.810314765815
76900,13751.524205493479
99319,14943.180758749873
105884,21819.438295697684
82889,8502.965172206294
82253,81132.6542552407
80818,10137.477490698737
97074,17939.687452994203
103269,17153.161563584694
78298,16475.416477304636
87216,13470.78005702304
104853,6797.695129004356
96298,20349.728617382065
86803,6478.832072866636
91326,14516.447805272612
90948,18121.518490103237
102795,10719.488927618791
77163,17929.031940773726
93519,37270.74636387288
94980,11887.746022066523
106455,23916.75160084438
88860,8158.670292746654
76536,30173.144507623205
106556,22114.89669309478
103002,17894.214014160083
104193,9246.542712326604
98247,9682.484269106431
82529,9215.284237341473
90499,7024.141141752801
89400,13777.366291631903
94595,20703.54097884181
85870,19200.865892432616
88424,15272.688673905213
82715,13489.498420386195
76324,15247.312810486763
102259,4052.9023251443023
99192,21937.44077691883
81437,15902.680129819668
97208,13045.435360070298
76420,16755.706343271893
107557,6530.270166450513
104202,21908.164572194888
83400,21511.231360122925
99664,20145.29855292647
87781,11818.846232604841
105706,32631.168247615988
86320,10226.590295629267
81907,36414.61129788933
84881,7052.268105659309
78575,12884.974196876503
101857,10719.488927618791
104378,16376.931044512237
80281,19187.931822849485
88208,22520.451740058
85864,7486.742132654708
86973,12575.224388279097
101072,3512.606449065436
102664,6168.05088628697
107949,11059.538851571071
88832,7520.203840535949
87046,2850.0874216671436
98930,7906.818742945929
98721,19691.874429698615
103249,9900.510482750185
88230,2273.6807388370535
103604,6780.915316733237
90645,6893.490403600634
94246,16011.932730678544
93604,19226.51471969943
99287,11506.421665450756
106684,17029.115365621503
89506,18371.569511023423
98726,11138.60900252042
77060,17698.190498401163
107323,18503.01232391256
100559,7414.36482867921
94511,29651.378705256953
81367,22110.84676838392
107185,13294.235841906651
87243,6174.104636363213
93241,15898.392532994261
90899,22819.920587042063
92791,29965.209335249336
97429,8841.098025284819
81883,31624.859354631535
82428,9497.767222571456
85224,11721.714912310837
90818,32365.53728599122
107186,16332.518033034055
104489,11160.592449723834
77026,17972.213523160543
103119,7763.246651432331
79360,36501.97034803264
97763,6953.163446314255
81434,21533.42606705666
102270,8951.621870568573
86171,23305.321332000934
102255,6858.861523854196
91018,24756.354707951265
93219,15532.61102610965
107667,19074.213368024935
89301,15618.42273279123
106869,9532.32386375992
101867,10327.483289969314
92922,18448.961132075256
80057,29314.67288566365
93951,22121.3155568001
89450,9856.17042651593
99681,14929.051609057215
85661,16444.27997921895
76072,31597.411311069514
81693,25736.059337536542
77375,12675.295165440726
77649,31030.767776452743
105904,20065.90837011221
81679,22419.749726472328
105555,30532.855145270652
78762,16065.107834552959
78590,12402.149785815722
92784,16987.47234440497
88497,6174.831368201604
108413,17041.419359875807
88994,16514.270641717107
103426,4868.974724561567
104394,22365.457774060007
88703,10927.965347692147
97376,7383.134848863706
97470,15684.111298733751
88681,16690.753719240078
76599,18348.445557034636
104274,10524.528786136132
89590,6151.652120317995
79749,45714.47638288016
107386,11841.15233859699
94829,25572.82740333456
105123,12610.3615730394
97602,21132.372863996396
93900,29439.24428218466
85986,9824.172187354896
78014,29399.42255900331
90073,18977.35088052187
91815,19339.442322453615
88067,13380.445809098102
79079,33528.90856466137
97590,12628.532179525551
84491,10107.748606778563
81997,14528.190197932288
90875,24233.659988507585
88805,16818.918672080872
84708,15053.76214062309
108010,4329.012911647084
96549,10292.136461500797
79023,10302.746611826358
80493,23709.964895238587
98860,11663.197056379275
99938,9633.374737094242
91154,28393.29704839258
102202,9850.360515915085
76479,17516.984319146046
102548,16028.69746252297
107979,9875.346756695255
80905,30708.57917849909
82630,11756.180422858897
81130,16809.310716130116
105382,13003.03117845386
101905,12196.279261145835
103353,5568.768512642634
88275,17503.15652993862
88052,17030.767337372825
85537,20370.203918020037
82742,5083.108391504197
105960,20072.766179024675
95151,35913.94085772903
102555,11046.403719701073
87742,8401.836495651143
107219,23979.83968038793
106170,10091.295395610661
103341,6712.547954845188
98947,18497.017324063072
90933,17415.95955176857
107651,6265.712837516263
107937,11032.745964702295
92742,32345.291351283384
91138,17153.172884305346
100134,7700.457570665039
83718,13454.857381366988
86977,11166.766833188656
102165,10584.879872276017
91372,17725.627231486793
95812,23458.207202195365
98911,49232.743296805136
86966,6413.1011583644
107280,12402.205007861337
89020,10988.416280366566
85167,15771.201708591052
100394,7560.79580812805
93450,16920.460057155164
86838,9960.444784231484
107563,19832.95321721112
99692,19527.37876403055
103946,8413.894038364779
89586,8439.581338268988
90733,9147.09986431374
91071,19814.3303889983
89142,9662.661244450825
79359,17220.97452413816
94435,19196.852703794662
86980,8817.480544365952
92661,36812.38567163655
84734,15816.264696480264
92829,19290.41597664393
78925,29742.13390248314
88863,9121.201919964562
100507,13090.39721263837
97469,17894.90215868337
106358,12640.713745091267
94446,18189.673604855103
100068,6690.583568851181
80005,21435.802684254864
106548,8649.331844925542
85323,13953.71623943201
92629,62317.96394941157
78057,14598.487011024974
99591,12597.99014815364
85307,17418.098614217946
92660,29931.499720055297
89525,7530.737241160707
90953,28046.53839956134
103312,7324.027449463957
107912,22106.92703667671
93292,19778.451219218925
81638,34929.82430110324
105433,16393.865045684528
94804,34138.54232943751
85666,15707.611495535743
87338,10508.194612372803
98818,25197.428433096742
91960,27286.864519498722
95612,23405.221965649256
93399,15445.717173698657
86492,11124.611620914426
106169,11872.739031016301
106699,14440.432389413361
102175,31166.987226961966
83555,10592.446847681897
80941,20925.225822737248
91366,17668.14191968973
98045,19286.453090096195
86988,20502.83780774602
89139,14209.520426573967
106277,12914.888930479026
76317,14786.769956832704
101300,11586.187444158746
93086,12009.18337712384
76936,20347.50343228361
80711,18222.920974975987
106659,12137.460894372174
78296,9420.912662821785
97527,4716.193934042713
104494,31068.089690325673
77982,31673.76414638857
86456,10486.414952019164
85161,17991.51815122897
100583,10266.081393673372
93063,16632.741186493677
85331,17020.25506650476
101731,13482.658509578301
97389,29679.735814594478
79902,18499.969013905295
89643,8125.64647160731
93175,17524.627495116518
98389,5475.513340967349
91334,14344.806002787884
98514,11945.185865392585
95382,16021.207054752618
77018,12864.21897081065
76437,15815.164117994691
98250,13881.403927581367
77104,21575.465690721823
103059,8438.424917535645
83308,14322.750166176838
95106,18136.73736938491
88684,19274.180552025173
100870,14741.486078789507
103498,14964.280656603445
105342,27418.317642667786
81398,15916.095454391385
91833,29794.966255685213
95311,19095.705806263097
77369,30088.698244894116
86011,7953.448414156603
84952,10797.35485254178
94056,18774.867346048584
104796,12552.630558062083
101571,12147.768169423725
77188,16481.71453967106
94304,16536.072570292974
106008,14122.347806634569
79849,17508.798036744647
106099,25311.43443135679
105086,11249.12602042144
85658,8065.97718049003
102040,10858.941463220654
84343,10861.52885890243
104882,6038.882058600615
88582,12899.499421982262
90328,20149.180989892306
90536,11902.741380996096
90805,13093.552184343682
106058,29085.859213125197
78871,28099.80934836959
95489,26965.23594223864
76637,15377.08214039622
87818,4957.280264812161
84478,19525.12527409313
108394,18930.567426314607
91676,35030.83948756738
104964,2065.4161500565274
78506,36740.46649476336
92557,25876.84375412691
90715,16068.584141129148
101721,6108.683862919682
80715,24098.194378913446
81705,22044.078770467022
94219,34999.43293209353
85893,16755.402030944213
80550,14519.249431832981
86662,10790.40596343781
85271,20206.835717029666
107075,21713.152428176756
100992,12639.327600380924
97396,6808.357908987136
103943,7677.079614994527
78916,16941.812626852334
94516,19461.607810304293
105411,9256.273061782918
78377,22781.724583550113
103977,13005.263442004014
106716,14046.812351250335
88465,16818.78658882149
77421,15072.91808718621
88866,11733.309338892946
97787,20924.185685214055
85063,9610.915037151404
92555,16799.652462387923
83695,9767.03993736315
81797,14097.34424324651
104241,32768.74120578892
94730,17284.979878836562
105191,14244.20871644589
84112,8918.042627863113
90379,11954.865336273884
88992,9278.951963839581
77423,25635.69817994482
85126,8811.659052676576
78691,36673.14366374928
80320,30603.414996334726
96309,8783.685889114542
92577,14633.333260674712
78891,16713.94621469292
86056,15828.245177423625
82129,13866.390491307735
102436,10170.910604274792
101469,6015.0877410394805
95885,30219.17864345423
92879,21936.19484060975
81484,4838.922777449339
95550,27886.784675286468
102726,10160.452678624946
95252,21428.198677787794
90695,11327.657229272636
95863,24524.323864467704
108338,21332.164922262196
105327,25401.82006271845
91616,16260.914407283204
83077,7749.880230501539
105582,17552.525241449763
84382,9245.899006062016
99666,18121.27400388526
84818,17441.764001823816
78498,48961.026374203
78378,43156.255472688266
82799,5437.450815598359
81429,3544.9721493938296
107572,17168.743200405683
91279,25740.976649184853
100475,7546.846657186148
86325,10949.857900407802
76825,29648.989944198154
107657,8391.793141930924
82346,8775.63352871471
86687,7688.596856522002
103471,10567.959193899771
78209,19685.357264651844
95328,13053.065484434303
100363,10661.915496301872
87672,9312.922232609108
98994,9676.971836134093
83549,10664.935689338352
96370,13805.965480591602
87842,14064.087691791261
86297,13056.4529966697
96716,18018.401041186997
97492,19169.91600415472
92786,11990.19153461006
78254,15233.809962568728
79291,22398.562789357806
96050,20141.6557769983
82240,22769.356442493172
107938,11197.589368401494
85258,10558.168511203572
92512,21979.681568745345
79919,29553.136401247055
101410,5986.898594196187
88700,17115.826970681454
91847,69018.40955056089
101835,7576.626272009182
99878,12673.361376869494
96318,9411.744291488769
96245,15859.251240477806
96194,21804.123257570325
97973,8982.652263374293
76985,24362.83804288144
100002,13139.938842763095
91364,21169.091229426238
106980,7286.112615420849
76285,21792.754996548145
101396,15805.144131312278
83368,8620.631904078073
92820,15345.42793773772
92264,18577.239956456728
84052,7825.32212096818
83928,10350.842715134764
105324,20015.839154708214
98502,5616.237398351336
94457,14379.32231074303
79073,21415.36951612992
92738,17001.962960310455
91008,23511.954554273583
76447,32113.747992543776
81627,17659.40471334635
97016,11631.364118032652
83182,7982.375333730395
95791,32990.11464229639
87449,22372.02070609233
90013,24555.83162460078
107223,18437.813130461873
96785,18706.798119326155
81473,21981.372916933095
85403,16913.908372332957
106473,11246.53984677527
81568,17739.911119641878
76748,15966.82600872859
77020,18025.73387066694
93210,30865.89068592128
103955,8346.16131761866
86509,15091.23347165558
78291,21164.770794844
88895,10345.31731996951
98026,9997.471687899679
108410,21784.463280364907
88039,8638.465879239258
91193,106969.04229909058
88087,1979.7730312596452
88708,15815.359599512532
98485,9776.789936058767
89847,14419.794960253463
81318,51202.573368241596
103971,11389.835187553543
85649,8748.827842429575
96137,12028.624413317239
81112,22972.55457931995
87825,18169.24169443035
103890,13073.406277509295
92845,59002.37814276378
95649,26267.284298437495
79000,9615.672721991366
91668,10065.693237991869
94544,30262.84283227014
107024,20152.870467082234
79725,13014.701324395082
107343,21017.749216830358
107612,15992.407385525878
76647,9593.795431065515
100922,7280.811041524246
88583,11102.92875909391
90425,17766.056112558083
86258,9074.098180294412
81973,14998.842187696058
85370,16247.807559004219
107854,9571.22047712692
78195,12546.213373182489
82124,33721.85880579066
79050,18677.108416579726
78880,30784.82435127984
88596,16699.048775931064
89033,11167.096406961691
78792,4378.854462710655
98664,22522.04958158953
78544,11361.816209780822
89184,10712.796125731593
83109,8023.875765732861
101759,14852.74950241206
87164,17108.973544558317
104156,10294.276721929322
107607,26257.15447577071
99705,7962.485257947829
79398,13893.134864288148
98401,8767.035029295355
91911,24798.417427439475
88175,8260.629086569055
77275,22343.86877101894
88946,12354.570612353726
98293,8820.855495897988
95991,19354.572219667447
82196,13485.356881166505
78514,38670.84543366964
102853,13753.821117880823
93984,20978.047465535677
104689,28395.68970420917
98534,10054.921604645475
98744,13324.685335591654
100456,7069.187267393219
83468,11014.899088675958
104432,22545.49894826607
86752,18516.6720513888
89762,7417.776592960328
82788,20343.15414626922
105604,12470.299906176704
105490,11238.245163984373
79447,16094.984065606313
107405,18996.687964432527
102782,11322.736690705691
82786,9766.43945013046
100557,14830.539225457735
77711,20702.7526724183
104935,6418.478639417531
90750,13033.246107812674
94396,28354.266899269172
99628,15576.528304733563
87360,8943.118494818944
103238,10013.916517091824
84883,7268.119659808582
91450,27132.684380624672
96221,7931.128387427846
82400,23866.336595731842
91940,10791.594147068381
101320,10282.793438663726
88653,7489.964899641327
79446,5477.09067941941
92672,28276.71018643772
85552,16624.514609559203
89858,12419.302223156468
96610,11426.487957682719
90447,6798.826390516
90357,14280.550356491633
83266,12097.405052595053
106259,34622.43980718825
84489,12196.96496578319
87875,10538.495331559101
78430,30475.511876751076
77249,17825.599265556473
84094,8852.721889020431
102218,13712.724703589904
97151,18791.002523651252
102064,8191.302052706598
97655,15565.471064281128
97387,8674.260177626464
97118,14387.122115380556
101804,11966.871255762615
81888,21307.776801882912
77455,25393.382475120805
99638,12907.025393604627
76845,14160.267487605508
85493,7009.884870622703
99781,3771.2814325348922
79322,28926.332342998885
96766,20672.89078486057
80513,49248.90677100522
83907,17961.29449823509
93217,18363.460848417104
77426,11740.774898565374
105044,9448.91778884431
86573,9659.423607873103
95251,33655.69508487067
86098,4267.022762871823
93674,30400.893470540454
104392,10326.627771242369
82340,32966.3956198594
85899,20680.464972441092
85579,5373.771441959532
86725,12218.085099661665
104810,36041.82670546785
94570,15758.594233087975
89607,8270.643101298145
108478,17238.49597309788
91464,24069.905342202546
77613,21653.286347280522
83067,6827.286864474051
104585,25971.55492069545
94473,20793.48161003148
98756,9994.781433130769
81199,21063.399717398373
83741,16086.861614466958
84972,11678.198174136323
87486,14047.976848931412
92290,23792.610843507395
97049,6513.216665642049
81960,28075.525374041397
85765,14251.134678113021
81319,21848.336751902632
84335,10215.312463775734
98897,8110.094582462916
83649,11768.752970565087
89567,2406.813947500171
101958,10283.598757343341
108211,19016.74201938473
88326,13470.015470817225
106424,18117.3180869002
90848,10087.457882143313
104944,24042.841645327517
81300,34348.61797596061
76804,110270.72819526985
93569,19025.438892811984
76839,19566.203553569598
92611,26910.90897941086
76006,24636.91295176729
86953,10439.953584429013
107767,18233.831299613674
87949,12557.057079375332
95782,25597.273735703082
94414,29891.26501813304
98483,23303.72310823242
95988,14109.700154031976
98640,9726.522282127808
102899,4466.653428458657
79367,53150.6398517807
88430,15613.675823505255
79428,20108.635026462747
76247,30309.496082089707
90955,23233.759804114055
100711,5845.9126092629385
83720,17365.653305854466
93618,21523.73182212264
94754,16668.907180864062
78740,30359.71898284773
106522,22553.129265375508
90165,8549.969858592603
99615,6213.775735691605
88112,10292.173395818154
90759,22935.479075761537
91835,13438.468626186956
91563,28455.004331648637
92736,33690.49038643647
96939,20208.910498917525
100301,8748.482048246311
80143,18809.596700559265
108141,10064.020722471276
99743,6446.025378386956
98627,18631.12351142487
86233,12242.708870709645
104568,18785.445042871994
96489,8381.389121570544
79018,15650.230462650185
92173,25183.279655002145
81198,14083.930926535708
102450,11642.457592480803
105038,21528.87745785656
93284,19423.93660982236
85848,15054.02789804825
89587,11781.424411124384
91457,9992.585174841364
88804,8483.741780073298
97228,11245.02805076467
105841,25834.013826209524
107331,16681.013148370475
81008,13956.39545827274
81853,23582.339840184606
103283,11115.573076372553
79036,19282.527613104125
90376,15262.042244265902
97271,7226.241382197242
82967,11226.375152445184
83663,6257.473961524446
81640,20498.781183468043
99076,24488.331404706467
107790,17162.474468258122
96460,8345.294824559487
88286,16305.971013236069
86545,11355.880237070853
97634,12879.122018724536
94452,15434.405335125704
94409,19644.226183107396
104877,10521.906889919004
102952,11153.598999722724
91502,15698.349996701847
105695,7502.51584286056
78608,12560.631367579552
77384,36325.93704477115
82188,23096.41770559021
81054,15005.545413932756
92709,20825.233838133576
98260,10252.841221416407
78996,18172.984840604422
103868,6445.503737747798
81809,30133.38868873246
84251,11391.15022938029
103762,7318.1088648866635
101479,11538.937983498845
90533,10959.0893220355
84636,8329.971696909619
103208,6025.340425274951
90274,8967.912570693097
87517,15997.059222377407
79671,32192.316426177975
81486,28132.362573545928
89338,23060.5272087286
76912,12981.443933025841
89675,9589.116338240769
101294,8170.847975638922
98316,9039.228481872962
82457,15321.323685359244
78558,18481.47177583875
107933,11337.020527041099
87555,17617.811427023335
80873,15410.78431814682
94717,20472.33814420711
78922,17909.387643674305
87376,10707.875047275582
79203,23000.68606916532
83801,13214.730526336207
80314,18978.410214446692
96011,9264.719806163379
106585,22195.979411538035
94122,23040.777082106062
101723,14475.095393872793
95561,19541.275592812573
82751,15771.657467799612
107424,22421.19573830513
108316,24516.036515069984
79229,8118.855942573208
104835,4093.345797462239
106289,11251.80149879542
89876,11399.174217739046
96917,11024.466179124278
85982,17473.633773289417
105023,15975.349835777188
76749,31452.460661113364
76453,24434.784621660314
98954,9023.45814112676
101783,11142.62226947923
96734,6420.89785378003
76884,17577.74453360542
84277,12776.208801208175
104756,10698.99352160899
89268,19554.177272312198
78955,21408.64660335679
99279,4241.181733744186
77361,27011.518764376262
97823,18454.677205821627
84313,10349.240242196181
80520,19742.81335004163
105472,26898.09712326477
77671,9785.665137549613
93098,31556.5087148411
86559,17226.622622740633
86582,12614.805556459449
79414,11353.78385344143
97179,14302.666920057587
94617,20892.231480681858
85780,5468.1286586323395
90904,22894.73267030449
103178,7929.783679919448
105752,17665.900789555995
82636,2031.0907821834185
81069,16732.745361178324
76784,3861.169411657
105061,44678.190308255005
100732,8507.42138280366
106562,9239.11062977119
102833,8370.900375010122
79029,16516.41390139453
91944,25772.144744035184
99849,6782.919285808426
85213,19302.255558503846
92653,18302.385574977645
90824,8429.663274800741
102752,13336.778361217475
106732,19331.98076806621
77076,13869.623616121828
101825,20965.985935338384
78920,29302.7653692492
107404,17334.906704585203
80053,9249.985433261047
108062,9962.73642197951
88256,16367.681825378948
93809,30067.26436228856
97342,11902.015691191205
101308,5971.181729170267
94366,22495.50205815148
88228,10073.31348308687
91471,20753.38603207277
92294,14586.40423418209
92018,24372.704665912275
77448,37120.05455955862
91091,14496.83322971924
90892,10966.774806875785
93754,31723.502808144825
103644,9984.05670504832
101170,4231.684316367703
87238,15775.171622727219
103651,18456.49550290548
108015,18644.44434188287
96704,8680.453837838717
87938,11158.746436960017
82456,11009.35449561761
94735,31466.729523044134
79831,19147.034141733344
99435,17658.943833940044
77407,20352.74324106816
105163,14102.783320774466
90450,20954.71852585049
101144,9646.30959947142
85101,10292.31731890397
102152,10092.586647980295
96445,22598.61369564529
93062,47066.01008340275
100172,8669.59776725818
91519,22315.997628271354
77563,102250.71554312826
106245,14078.165093236525
78606,32401.025174593375
94171,17112.297166305703
82263,9875.567568467213
104528,6910.606982855909
90918,29548.99261836902
85512,11701.378891387812
88317,10923.853146825195
77807,10734.962332048126
96992,10828.698968253766
93802,22357.114385555207
108022,22432.28090032506
97029,13038.600354670614
92027,46562.191336942684
88331,10514.354394939093
81387,13365.652194059196
78465,8746.872420178428
104119,12139.796860334118
86438,6843.364260874555
78315,12751.768260718123
102212,13654.072773121943
83625,15758.26612379983
99983,6458.015173808295
93838,18421.883876048283
86485,15260.515845695521
99164,16852.188036813266
100640,14951.414939119008
91693,25285.819397993295
90195,6592.327646917995
85076,9874.886385748157
83090,8320.653050554314
84161,10325.107020126195
85985,16956.189137418343
84759,10615.876024740908
105838,6775.3021002323985
94748,19304.504696476804
108188,14583.535800211255
94465,16650.962967960986
81856,13190.027960382235
102715,11496.926980819142
106448,18123.984007778734
103923,4976.322139047273
79482,29962.248756697976
86062,10004.350899319468
95217,20760.63298268312
95712,44738.446143188004
98498,7874.232145737555
79175,14352.295407807627
82244,16320.713691223304
91792,26505.06180477667
81626,13491.613969033526
83185,18215.249104133858
83134,12169.025311317324
97667,10606.170282575104
90780,15628.252368976537
79383,30623.913130282115
78440,33295.3576031448
93657,18469.337633755367
98771,21738.860415079158
103569,15167.606499744177
84696,31174.401758319913
104235,24351.50737713506
89916,13936.985513084299
108238,10743.872471611081
97737,20504.383713632207
95184,37187.83183771755
77985,26635.574003936756
100680,13444.45843177718
105919,32107.9086335085
102177,11922.20412164285
99133,7142.771290112611
85097,8170.377093930258
102464,7325.491386314251
83036,7272.829134344984
82142,22599.706649936594
92118,9146.867213857427
79734,13610.353935911015
107861,19452.347536345365
98253,9523.869347793689
103183,8185.403324971303
98112,10793.822689812734
82339,21691.602990582556
84875,16691.72322871256
99774,23640.610490464645
101808,5558.388603817657
88731,11285.629955441924
84055,6492.261691862147
87777,7521.981326986753
93362,15633.260257851203
96195,8304.72101769619
87650,9288.175400311065
105329,7242.417654203168
84167,11464.479437277645
79667,18038.13914971789
85111,16077.155270578594
79561,17975.58796949368
81753,30183.223955120524
99584,12118.400072275723
107389,6160.807576928291
77634,58381.96653444017
97353,10446.101842633165
88362,7831.329984303489
78923,28874.15540315728
78687,30954.019679304813
79611,12464.441708581864
97264,8299.699358960064
104372,7573.2569067753075
88340,7712.729450429323
81409,13511.718863395457
102716,10136.323284000076
100489,7973.354936610597
86616,9619.120395327252
96450,9639.011717513122
103898,13258.703323319298
78965,13536.743752362909
77910,15620.236714561664
85534,10695.879692203018
81814,19672.71348373605
88537,14321.371323040243
97930,6898.227540388566
98346,10060.865506935475
96397,16776.771840358793
106812,36297.18317937636
88599,14948.65703047263
102760,11451.304874711956
94884,26265.924952593152
77319,33650.448348562706
77255,9588.04085550536
79483,16055.769114055898
93869,16251.775293142384
78283,30146.109418356093
79491,13689.435849156518
79679,15632.018283664978
104817,7992.889703755815
81355,41786.29917333255
102513,17524.909933454222
102311,7873.472920773429
94639,30453.143862857978
92057,26595.98721673477
108057,9539.209843094746
78415,27714.138343780854
91755,17760.002429556836
94507,15215.146714969082
77368,23862.337379155037
88838,13699.703142877654
86482,11763.105074336025
103032,10176.097558367177
101482,10197.51089176149
95744,20178.10636712629
76424,3136.096629984545
98537,18263.802684895072
100039,10143.180143707386
76025,20782.564176829073
82426,6409.170467350807
88387,10356.930390387664
100785,8487.472527441194
84030,10450.888389906613
107046,14148.94211811644
80159,10124.985037912113
81743,31648.866956112535
85348,10915.11378139258
79901,27614.993151649265
108373,19192.620622795726
79436,13585.490779348193
83626,12574.953410095766
84211,11285.629955441924
107879,8721.945525777119
107245,14152.616813168104
102868,10653.851036490954
98034,14219.200590659131
101634,10793.261496930378
78902,20006.073188319602
104908,24464.10935054046
108265,10085.827681411372
89613,15446.808220521845
100852,6502.9616955385945
101045,12658.350252768161
98194,10925.569943229519
87876,10054.57234655473
88436,7444.480035520132
103563,12904.002511268058
92679,13316.300710327925
97639,12172.164431682892
101310,8639.259426593258
107398,24269.695656872063
98740,6930.504235328902
103081,3851.8256023956405
93701,39818.40722354428
88341,9851.867268016547
91276,17958.65219805897
78877,14717.10722892185
100579,1901.8223873032318
76474,21195.99717438093
100963,10584.9044524446
98672,5694.633990160732
94737,19074.451447504383
106382,8644.816303351523
90771,24705.443268577514
82118,20357.017706831728
104839,27449.76689521705
88881,6374.854966909563
91400,31207.904632885304
89615,5524.235292822977
95916,35101.35146748377
99952,9352.761285036457
95605,20362.933576732084
108251,12213.458029360776
88507,10868.851594791513
97142,22823.1060106118
97129,14114.791016517402
106320,5231.13984275837
104569,3821.3137050755627
86018,16910.13376495752
98054,8862.723952046403
85925,18218.033531204703
82859,10284.32359914083
107329,23045.610285694132
90943,30105.472102062617
83393,7691.9329767621975
108091,10542.85956061741
81571,17657.40552331509
102704,9032.55819575663
89511,8007.70884093787
86361,17408.3901028081
86449,10245.210540441281
91048,30407.198218061203
88932,10814.363154162767
97096,12391.707095709897
92493,26811.057882481906
106005,29392.900688473605
92101,20698.834220493736
85618,13894.585512675214
92275,10441.16048514913
104354,7804.4883440616395
100165,7437.914847925788
102137,11600.593866981368
92251,12661.425194988544
102299,15140.587863647479
93358,25573.45354239115
91807,42060.88590379097
108402,15228.676895531959
77155,24302.556556976942
79195,26297.78085262016
96974,8916.767712135506
105848,9507.841893847093
105425,10238.292361844715
103620,13367.762782843938
79238,31013.06809420092
82292,19545.3039387379
84451,3255.7302407889442
93942,28473.45427521241
104577,9005.047315047897
105690,24684.63549107286
93421,12316.29619817623
94411,19911.724322977017
103746,5796.423481033634
104927,10969.72294851726
105798,11217.255236547951
88601,8417.235360901279
87898,8729.90741385801
87580,11891.041080580462
106294,28742.531598000005
83194,11227.591514968799
76073,18190.487372424377
98161,8675.34448518335
99152,7950.749187738496
78180,12225.680500605062
102662,7706.825124576758
98915,12807.928938124136
103302,12350.055175997406
107764,11917.66219097483
79227,23597.206021696256
96799,12630.336611199808
106081,17588.683831633924
107508,24948.077508605482
97995,13313.847554740089
97586,20073.86356247067
87104,27665.76714952297
92790,42792.79689702892
101900,12778.095017976644
107104,12983.44179176605
93384,25124.707499879783
100649,6073.730186079231
94525,24953.913071265222
103004,12652.644611309444
81477,56624.78958584875
94774,15415.826069747238
86403,16699.048775931064
95958,10185.6943455611
85977,21601.043843342017
106000,24723.07883386869
80189,37458.693926700296
105330,20361.95959890637
98119,12784.828209826983
108242,15524.024753735659
86122,8964.184776464373
90847,16071.615126733479
78649,18615.944218778797
78043,30081.731177225516
83454,16048.32545619922
98842,10047.381582418046
80378,27223.026891189034
100525,8948.379900654223
101979,9260.012995544006
93192,29512.745934502214
96062,11621.792727040836
96319,10832.158708862675
81121,49892.22276582155
96527,15594.294246504896
76762,53105.30756465362
89658,9550.36606865543
97136,10292.136461500797
91941,23238.36747565699
107113,10152.491444793759
86846,9222.692417221346
102674,11931.82459065384
85905,19264.161029492763
78034,12254.595851527904
96919,9638.069389220536
81474,24667.00744935548
92121,13496.674762125427
108308,23964.99114803462
105113,14937.034378926197
77939,33696.77706590396
76253,23248.436031516485
86272,9986.159293026412
103786,11115.573076372553
77663,24314.168686168097
90143,12133.049936247857
83487,15588.993598858435
99629,7551.608644989003
78016,52998.84013969175
97062,15974.7648896978
87499,18398.989876001222
104580,5390.98939331817
92086,19298.914982884125
81704,25841.58977025255
85458,17591.93209113975
94697,24432.127114274856
95730,24408.95503443405
95533,26145.677483391602
76852,11678.719768517636
83813,16730.00770307473
91465,28415.25521949147
98380,10776.58230643121
86923,16621.9435332952
81159,33149.36778294617
99462,9909.216130815108
86553,9221.861221756772
96547,10413.656875058467
77542,11439.876199476994
91704,27189.79310094022
103567,14502.454712818597
98508,10315.466598910692
94989,10600.030571675306
96305,15280.639791094698
103772,14123.952170937411
89923,10161.55488958228
84616,16087.661597341312
99970,9294.911279804715
100286,7015.724785181036
95785,22310.28151577064
77239,9022.114217908547
103828,9589.994034779944
86204,19360.653298508554
96855,11224.02865478021
90132,8680.250493571437
83949,5343.310857604183
97042,9444.8165710131
81439,2195.1772530398084
78200,27614.6344582739
96583,15957.389770539898
77935,16650.507579947778
91759,16197.808171011024
104912,18215.706875574986
95613,14025.262862111282
105447,9602.6159200008
89828,10781.725182950395
97297,25651.60258423092
107599,17248.22295931148
103109,6531.219815396885
76094,13824.059058728237
104324,16364.375844697617
82877,13502.66343504013
88953,13897.896769816092
106644,18011.324345481135
100086,7201.009482860257
103949,11156.135587289642
87447,15322.729583422319
103384,11176.274168896527
108506,20499.240784536833
82045,16339.991432906258
86346,12926.900325508514
92643,35836.11655275241
106532,11791.347071136774
100209,15629.340210548682
78371,18807.44088337248
79815,18054.87771368861
99946,7533.030871996453
85965,9665.322127710855
79558,24336.951612619316
108318,16923.876229156616
100907,6286.251155654285
85301,8477.021380360336
86214,3999.3903545927383
76307,14403.523024160186
89487,9410.392653358687
90272,18242.25534145648
92470,20801.323217003235
89056,15937.651766163333
108376,12736.526058314894
90393,17493.177861228804
90202,7804.229160393015
95164,17136.97736442828
80501,19737.766386695468
80614,26908.8426082747
86354,9398.04837817237
103851,7544.050495384484
91517,3796.6672826481017
80179,32746.588580447773
97710,15894.427880835765
94083,29037.470726963144
83733,7759.004674454353
105032,17816.56734039029
91064,25469.030615963762
94799,26712.12537973737
105548,17668.264715486792
94248,44296.24188758692
91984,25501.6967677338
105390,11104.728587150123
84137,6843.387176333919
84643,9074.098180294412
94173,29180.078105552548
89789,14142.12136591723
99329,7920.324557399608
107125,10428.125629904633
81011,12071.351776018888
92062,55757.00782840608
76630,21841.09692510196
89022,9041.341654328651
91463,29809.29098657732
101563,17306.272523817363
104307,28241.62449598166
95572,19730.28697128836
91019,14762.965724842132
76966,17507.430231681174
76916,30101.493709666283
82319,22693.81509831148
93863,20639.186356529135
96798,30776.086275990685
87072,17448.241258085953
92771,16843.66676525276
105915,8664.632849490652
106830,12530.308364120787
88798,19605.133213276116
81750,10731.511160645694
90415,10510.480365332218
91110,26770.682964880194
82187,25741.164604368198
102386,12425.182012829433
103517,7371.626979522979
86270,29028.862106210756
83526,13287.54110470905
83728,14299.700264850511
76878,11434.055806237195
99712,12830.754452117366
92556,10033.379184650668
89879,7286.378278991359
85276,6610.246297492046
85272,13109.43763265004
82645,10623.736711988282
81445,15639.4623863977
97841,15767.07964490862
97088,16120.883926519968
87735,10295.090486037527
100748,17597.1193892394
94315,35728.58795199246
105218,22741.261563124674
79295,20983.443463008192
85482,11039.013372942813
105112,11255.567494784365
98458,12541.633644208354
98177,9005.360318188368
92392,21234.756900004533
106885,9088.632182038318
94239,26425.479941967253
98355,5902.1820293050705
81111,22533.637427351852
101464,11637.11612405768
92070,19556.320581507935
98707,24599.032180502832
91095,18086.498074832714
84486,12646.659546295255
82898,15945.492554444589
108233,9955.420898861079
80001,27246.620943161222
83538,14070.147070360576
88563,7270.260857384245
98871,9773.404397245948
80645,65177.5708701352
82054,18738.391912085335
86397,10261.434802342284
97865,14619.04468546257
81700,27795.21730163524
100417,9345.044289216201
91017,19533.792320079923
95218,22812.80149793776
105519,10517.864696915829
98097,9665.21379354783
89232,9343.208267078813
104997,13590.587113572637
94952,51982.62060452163
87017,13165.936319791652
94876,33706.06713274997
87741,15368.804812780547
82776,10495.586518865353
106221,19734.409904311247
100602,12475.530064622952
105337,12292.881413431018
94476,21494.436910546487
82899,11287.665444572878
79145,33721.301935808246
90481,15545.390442776268
92396,34084.63570523995
94605,24320.53234494854
101668,8258.137464456555
79742,10269.579565770857
84465,10145.294323184378
86828,11392.996906703158
84944,15003.564144435628
93680,32239.518280418702
85778,7017.1042905475615
82841,10912.552631197335
96597,30800.112286521922
106852,10014.962368326362
88003,14722.99788424786
90461,9008.511874145719
91184,11795.806099976737
88055,15569.274207845818
99180,10988.783911148534
87766,16076.749267186875
86691,13842.636351342682
107751,35956.45879148959
94882,30365.870815388025
78637,27118.412592877456
100601,10719.488927618791
106271,5863.2390909807455
94355,25787.06480493343
103261,9969.685669535733
84449,4860.690384724233
79799,22813.507647512
78481,12279.074451237253
76569,31589.474876344415
90516,20637.749351068418
91054,26386.952071471584
97435,8484.545745059682
91203,17186.916213931676
86130,3535.2872417655194
93768,28570.92559742046
95494,28375.97777959749
94319,34933.06445681482
83638,15239.048753824973
82289,35952.750930851194
107990,15804.605355834541
76261,14656.923242543522
103466,13902.887049520648
91403,21606.16608056424
106025,14674.387457259594
79465,25179.170538328584
102871,16335.592699217123
108446,12428.871889522938
107305,21490.453415875207
80190,27129.637084330498
81649,9160.39391783862
104611,13368.28705432635
79821,23212.919083955294
106756,9961.227643627932
94209,30503.686911760804
81524,20307.611880648892
102947,10756.363529565511
87868,11570.756764122794
95933,18985.378277726035
86850,8722.055669331003
108381,15411.27481190844
88771,6106.441922170665
83105,12030.17833798401
93264,44136.1983341174
93240,25265.478306438392
94060,30698.836306039902
95003,11647.259282086017
105812,20793.079216668
76675,27779.649752065794
91421,16784.6035509566
102047,10826.691777900589
76316,17381.42400155159
108385,42987.010318212575
80043,22659.415587616197
80122,11366.528712621219
76885,11983.392987818084
100765,13013.835359174078
90748,6832.21447122851
90799,14644.127087069717
98792,12597.52738415799
90085,6890.880970800019
96967,13212.612749657645
77008,25804.11410219768
100132,14426.933142147844
90720,15662.01310922489
105966,13184.71532689112
75981,14849.00644728546
83312,14487.052361553142
106478,16302.55789764253
107800,13583.071259461558
103769,10818.188068579406
91814,18883.18581471729
92683,24616.720333137797
93319,25285.819397993295
90670,16245.282983166002
105982,18387.63208644463
96565,11420.828057309687
89299,20698.816086858624
87406,9766.43945013046
93260,45967.69114015351
101201,15700.830246878613
85414,16198.376810928687
87273,8993.87497817415
77653,17596.83957388623
94848,24955.52405570638
81983,10686.604639553863
98927,8707.944894386765
105078,15994.040759781628
102825,8144.769591142072
91211,16565.30796634849
83862,9358.236872694617
76624,13786.751832920187
96502,7541.690924325589
93149,31721.750095931016
105761,17385.429137278537
81327,10738.837517104113
76688,13883.683391194516
99302,7813.512994145129
89052,30136.768341745403
106892,21705.37700872606
97157,13876.888327158758
87715,14319.711279290099
104669,19677.98961016229
108522,19744.080643375146
104725,28591.745204839935
86473,11538.154427577447
107402,24320.420877887234
99376,22970.23168279047
105473,10375.347141946822
101761,15777.592572112448
100229,6096.2378292201965
104122,5802.23932693553
103433,10683.22881995655
95259,25291.64855773302
76691,12214.614784105961
81526,18800.478920066154
90817,15858.57898208339
106577,24784.942498040447
105900,14703.117127635738
86342,15242.808921124544
100902,11731.747474862344
84715,9268.547768160844
90605,13751.71246300535
80255,10190.195433572499
84484,6163.0515220205
82894,7295.467236909639
86148,9187.44360683528
100981,5786.1860230605735
104559,32052.28598898523
96603,8472.877569547642
79461,12509.365541826986
83864,7350.562051452377
99364,11865.9088051616
98182,2623.987797575435
85145,19654.12016737397
102591,10822.764762309253
91416,31145.378994565035
89032,16681.9809533765
98530,8803.006155028228
98214,10894.15922073334
87931,8949.841638645994
90835,20883.520245905675
82398,28086.687414464515
104749,7420.886272664497
90735,13424.79156039008
105444,18510.60744580535
90324,14324.636172874101
102500,14084.426717774535
106702,6704.966777238231
90727,7653.9877344950255
97427,17688.108205716147
99844,9009.19248113088
94541,48653.22336447952
84483,16234.096165360641
100773,10592.509343586184
97910,8338.706838518216
97461,14139.93626873981
104846,8576.765828339789
83951,17130.666859758265
90276,11135.603993856555
85508,13953.71623943201
90153,10618.00295204965
89830,21788.381317333035
89708,17926.545645297934
98504,21889.49437953411
80397,27492.24560837096
76172,39936.0288387136
85446,11423.795217589042
96732,11768.681795267656
90781,7763.801548364604
86208,7928.510456393454
87814,10133.024702954159
90938,30941.169689810864
91231,23867.00461276491
80979,19208.311207582276
85098,16692.650380013867
82160,49977.429496641074
82809,21008.20679331758
86468,19079.670869048095
104758,6744.047189275868
79772,33570.556976710766
94343,20457.930191682568
91304,28126.68720615851
88751,13065.356715904694
108437,39063.11785966114
94059,30189.44205292858
101856,7961.101052402183
76319,17801.595559166188
77918,30070.775097615617
81976,26162.720964845586
108377,20943.389554487967
95984,30793.990922398043
102208,10939.127618133622
84420,18082.64686024521
103716,16989.412867586245
106428,10995.004906598344
94602,15186.121294517505
101119,6851.778639218446
77387,14074.630654589862
107227,13336.60475102758
86164,12744.23161254718
85096,13867.155463549301
108198,6894.173203482687
86401,9411.831366905828
86386,10077.943522436006
82726,14151.064812038232
91977,35630.19782089293
87805,21271.424978807107
92810,51623.26507015195
92387,29052.20543977134
76117,15079.569951373689
103862,12112.217700167017
86962,16302.707995861807
77023,57486.036207694044
102863,11627.930875041768
85375,9032.985295676066
84363,16333.305523164805
77485,18397.948311081625
99266,10402.753444197073
100253,10691.432516052413
79037,16930.93841380531
92228,27925.296653146594
84144,14776.40422905601
96577,10419.457516086106
81837,12669.679565176015
77791,19760.026360035325
80717,15849.164893119345
88865,12527.60154819018
103611,13482.658509578301
96150,26001.517110085657
98071,24643.44837381439
90964,16536.581276856155
108523,26211.599835513465
89431,11585.15003073675
107595,22854.94545904422
94778,24404.386397872644
91385,17733.349396995724
99288,21084.1979180636
82885,15513.289883334217
100437,11208.827739949387
88938,18082.81031485255
98801,15709.267338977821
107023,7526.762743324928
88675,19545.015359068326
90159,14082.852085994502
85804,11672.522614529305
80088,31850.90934402566
94929,27719.744038945897
100421,10939.127618133622
90603,10361.135434233242
101899,10790.92639322197
83201,16623.30839900109
96023,9739.516781655748
102019,10719.488927618791
106863,19340.210419231957
108263,26233.758253525306
100605,8220.42398403262
100998,7891.133790609572
105544,21619.022843670515
104343,8708.545696703397
89692,6511.759069452912
106309,9532.32386375992
86065,6642.299348773127
86436,9987.891253560561
103991,7675.909430432848
92712,30744.07793208787
89709,14127.913697432614
95415,23355.87876015128
84959,19147.176805340085
89069,15495.269967551905
85580,16000.63880370784
100728,13098.135859794562
80638,35712.62992791231
105713,6816.4545614704575
98494,9955.894639302236
94819,29296.57836649879
83800,7516.435197681172
91085,17018.74754998834
102276,10737.952929097213
96111,14094.96239948424
90891,25258.61794098371
80010,10107.765082146145
99501,8932.01909585353
105431,15400.452960053028
82161,8780.51799132065
97426,6810.740041470656
100242,15976.871888261856
102470,11632.481375820866
94769,49142.70230664297
83472,11949.217208089323
81138,30115.97704442296
82719,16072.967121208407
97305,11685.217227020376
77744,11376.589469974
83536,13102.93189814875
85355,9917.24482375872
84273,10548.956604327292
100061,10303.67600866928
78109,31352.85616770603
86119,17105.252521541857
100274,9630.214955000813
90390,15810.625003333183
93338,36145.87190108242
97460,9706.270366935656
87833,10644.953100295832
107064,20035.385695175926
80942,9596.501697161097
87473,11367.059637964165
105869,13417.446200265258
91776,26962.033571766282
85853,15799.211267447696
94909,23571.89337346583
82407,15486.666417800909
97633,12922.921796817116
80176,22475.56792537998
88572,6324.782094430083
97971,56240.74237631756
88633,17305.863729522825
76234,20183.99850237076
98579,8390.857983397354
90034,15438.339191918843
80857,25166.015953936367
85633,10792.523770317632
97760,17155.433653245134
88831,9659.423607873103
101303,6059.398954493031
104373,11796.949957698087
83512,8531.83531506158
102692,12230.756580847308
87092,7460.639510658913
104305,20746.992688770155
95344,22495.50205815148
76629,27039.86502800597
83699,11282.316302725741
99290,7533.20628915004
93528,34245.863392211475
107251,8006.294227200733
103980,13367.762782843938
94469,28524.607916818146
96448,12990.294180201687
93511,21206.332981236326
101249,17539.859533628332
90543,15212.559630002448
94928,20606.194788188874
102623,15060.545332954776
79505,13064.468009551838
90175,17308.153136381265
77417,14988.786723741876
80974,25327.11618429862
78874,14172.797601018732
103376,5922.303486419564
106490,26168.022858428005
103267,6156.836661759063
92434,32086.810999728543
94016,37079.23985532896
107217,21451.325111351885
100783,6800.569594420878
104306,9736.930201590503
107691,44002.92400325358
79101,23553.014343345243
79607,14513.253280249839
96910,14093.381971436997
104648,16099.412432229181
97752,6860.414014753987
91917,18844.29103911084
78307,30847.012134376848
77462,10968.917973615542
92958,103631.93242665591
92148,46757.806841036574
93317,26650.985049163446
77824,22136.355884987468
81043,18350.85691753985
77339,13655.69425139189
95942,22201.6939150037
106865,18130.783995876533
100781,13705.98884679709
82907,8280.899851705448
98541,29264.59237083027
99032,5934.537292720973
94935,21019.263119310486
88567,14526.704163877248
103765,10092.586647980295
82436,11194.522515350034
87940,12041.402856062776
83542,19295.02270201634
80229,31893.615980562932
99988,8159.572786497006
83379,12917.380909091762
100404,13750.872844741214
76340,19960.79187918975
104105,8915.407525605931
107460,20363.13951318836
83058,9782.949672136952
87987,10224.038289046264
105926,6253.890614133614
92263,21805.229187218665
76100,15892.792058748053
98059,10759.381780134194
97622,20621.513051703736
100124,12707.70656301537
85132,15790.350863577116
90849,9241.748471132198
89461,8616.959885568085
104144,30691.823631646545
76429,35632.73541426273
95660,38010.18762646149
93649,22552.1186848214
86295,17947.2765710734
91313,47456.377429019885
77778,37930.61883914036
76003,13905.43114022175
96131,11595.314743902667
80441,15351.594735261593
107065,24109.806360480085
87237,9236.1098620536
79135,35722.5802666427
79471,13435.643592553786
88444,10168.58208980578
80954,11396.15210598044
87030,17584.660918507358
82803,14187.905364982258
92307,17713.791844406827
103846,11453.564443729882
81505,49846.50508857421
96454,10114.32283970098
92723,24403.69006371989
85406,8429.856111307543
94692,21734.622062314887
96459,10153.5406217473
97045,4789.536327081596
88125,18534.11427556402
107173,21520.156751061113
86708,11130.941279724799
104799,9269.59451483495
99726,8640.97184742864
83300,9548.506227697597
87117,10810.094064985025
100398,9661.405664309817
82731,15269.588921796538
106322,29582.182602371562
83937,11704.346146012029
76509,30295.987275241514
85158,11198.896722471052
90411,17383.43987907039
79751,18963.782883936066
103864,8729.082737722852
85183,9691.385250827856
83429,9946.200853238537
104401,7342.821704270818
102908,10721.837657527358
82107,18475.77122963687
83546,16828.965060872913
101326,7438.968619507443
83489,16437.09691143155
95464,11806.727903224111
95312,18487.797800904857
76958,13190.508509953695
87284,7462.034730060636
93565,29009.49097697845
91521,28164.596585939995
103751,12195.001252337226
102806,8352.831159300029
83404,16195.461137671353
78539,20946.742147410958
106376,7149.854555670835
84742,19406.56851036653
80991,13826.030570287974
99185,7084.259128430486
81160,25462.089610414958
101309,8362.145463740042
96620,23672.71529377087
85514,8695.555790125145
104504,11432.66048592405
90442,12794.898709875142
78824,18156.15233076892
93907,9869.356362125116
92574,37545.23013802604
87966,9677.48612954523
84013,7808.663562327119
76192,14908.745760562384
101039,10755.978938273138
93377,26398.639914227773
89911,10423.604019460796
82649,9217.25793780538
92244,34098.518672828926
79456,22867.51301461512
84577,9451.18257783649
101829,12252.498718493074
82454,10580.252384242649
90738,8613.067071034464
78614,38489.687437204055
105723,12556.404334701905
92281,4625.75603431742
83361,5420.255737569277
87484,10958.118498404641
94268,29101.228317585817
102791,6598.414868999752
80098,44380.35728886632
91058,15718.483894272955
94029,29972.15610700557
88543,10790.40233246402
81670,23298.840108756627
101579,10124.959153180678
78436,17387.55842669489
106875,11858.13825452518
87655,15192.133910683191
91929,27324.068655687624
91251,21636.391145307967
89471,12542.301262000521
97578,8948.399223158778
82672,12300.33230996256
78444,22070.981438287807
100808,11320.39016664622
88869,11223.607996696464
85357,8968.99429123222
89167,13607.340252008593
106862,25150.158292950575
91281,48346.42195712173
87788,16699.048775931064
95287,17193.458318295696
85680,8547.686066938768
94781,20676.57839181402
84268,13797.384274240285
91867,32525.591969620335
77714,22591.319265920836
103499,10946.623106361823
83996,8175.830157474642
84187,12697.473868756018
94237,22166.102856501846
86917,15182.383520623136
99891,14381.166618459638
100901,8840.978225907815
78556,31947.044047274034
98139,21293.52366421847
83447,18040.90791277752
80732,22649.20095678554
81168,14291.7155381015
101789,4734.482022396871
96183,14801.0777346541
104888,20935.139018143618
79944,59053.44430717891
84752,9366.94885126012
99274,4122.992443090064
101601,10786.037197941045
100509,14378.603423628163
83579,19102.410733393583
78657,16068.035856864502
97894,8084.992563342218
98305,13962.74137638676
81298,13667.533329078575
98132,11527.56909520613
83681,12788.466937936277
103875,10719.488927618791
96447,23321.792629334086
105060,19987.052524102986
79150,51995.694498476376
105628,21946.234484905377
84027,11210.517919847272
98984,25055.892090914196
103343,9405.012108605044
87304,9953.642810628353
92483,29848.377370187838
78555,17524.38268612629
78697,44708.0977078826
102830,12188.237425322173
105192,17323.66599369243
88749,11210.517919847272
97670,22896.156908993446
89034,7739.838670708707
101691,11934.692970993916
79307,21516.584187652028
92856,15105.750833501837
85540,6867.534985670043
86841,11431.191899885791
78144,21768.464922686497
106175,7009.538682577639
101199,10719.488927618791
106284,13319.586363551844
107920,3576.35966629428
85677,18702.56194031126
80672,27239.345412836366
87751,12320.074426978337
81660,24454.423596620225
104608,16030.530193796892
90356,11901.484020389036
96037,19327.385466832846
85376,8195.75990946817
94596,15220.259688815799
88457,11080.691059955363
92475,14331.374914889966
81195,16280.667333217478
92529,38906.754140212
96471,14037.561968938942
107840,9897.889858262024
84210,10944.200367278005
103192,13881.498910221644
101468,13695.650588961184
105529,27329.132455319188
97367,10188.21815089192
86100,6379.148159540088
106778,14076.278589565338
81881,25589.728357106465
89597,13022.969540769085
95589,26571.231394494658
78552,47865.147505057765
105240,18240.723191655063
83448,12157.130162116524
83290,9940.005073900798
93867,37677.59898551281
104187,22304.825883789064
90760,17377.21452507017
89599,7416.878323084654
94415,13895.54443113299
105080,6832.380557295523
100371,13368.147218564922
80360,35543.52593028812
101046,7099.496168080769
76264,17157.01302018919
93041,23464.507113651493
104160,12453.787685653673
78058,49777.934866253934
93770,12251.71394988949
101223,7267.336856779193
101983,7586.5979188140755
98730,13366.500304878837
89800,9783.447062759524
88196,12314.940643053016
97641,6282.831122768369
103870,10086.122408112573
84704,6108.44641527194
77526,21113.654719946004
77738,21599.30352965381
90078,2841.3517476012257
94292,25707.957064364855
78838,18052.583982813172
81836,29067.040632830045
80276,26392.59309444008
108312,18129.09892044466
107467,21697.25347305221
79713,17630.5887255504
93468,29509.894575360588
97220,18570.077398067482
98297,9562.804874874986
91141,44774.85559314956
105107,20117.30326302585
89334,12684.660675595962
80077,26801.517443159988
85326,15554.637109630015
88677,17070.286735031787
86517,10823.191862033409
78770,28963.32000050707
82840,16888.472598675762
84256,11533.867882926996
92318,25549.242661491866
92119,19766.149171578752
94970,27445.857012359804
76714,16318.832194408884
89170,11477.160233642768
90548,14027.855610270331
92194,30542.13549198766
78522,25155.455759821998
83527,17241.459576484496
104239,8753.948617826767
98128,27561.40230904136
80712,19883.77168160766
80259,15358.511789405857
78469,32571.77267311154
101923,4851.5423276516785
103655,9074.413295823479
101481,9839.919890580217
86550,15721.181771345324
90289,11991.408799621668
86255,12690.161290480099
80411,17223.38361217421
97263,11044.785230141015
91086,5985.88852165179
80675,12946.533326156967
77800,25608.066050990692
76613,30117.094363544555
87002,17337.42410770885
104952,12073.086830112801
94790,37187.83183771755
89888,8980.559957447584
106268,33460.22530933085
76926,13388.822762238224
90503,10288.692146562056
89083,19386.308462421646
92741,10524.858157956602
102911,16464.500435449638
84601,6984.80617295127
84846,9874.886385748157
87884,13779.014084547165
88305,14272.950885392966
85335,11349.339733965848
89396,16782.636922779187
101992,9078.716841900301
90693,15464.237185705224
83262,13045.936890308756
81620,16958.503206062258
88435,13890.507665915597
80013,35951.6694795096
79539,26998.436997771536
85226,15515.397736934257
93522,33298.641065966796
77175,47100.60212564143
104947,10698.99352160899
100869,10242.960994678593
91575,37765.24251635594
105880,33572.83185067577
106564,20711.178495092005
100585,5447.2975202305515
107332,10546.22815226812
77295,28499.325762164484
90575,7804.130992868336
102261,7187.767710451734
108080,14455.945069646501
80364,18733.047022292547
92476,9309.676102495909
104078,17377.19433132833
79184,9148.123867762552
107575,10801.628814103864
79281,17197.361443025722
88560,15737.08882137672
84166,14140.84114153363
78054,13511.477500818983
97324,4733.740288200981
85558,13425.175612250529
95710,22511.647847623015
98600,4410.181289064296
89622,16140.023610060625
81838,21173.724385322053
90646,15626.561922039533
88110,5903.087906301972
104085,12611.37764447811
98242,15728.152592231098
106226,9482.885875441201
87500,8558.231090724092
104807,16442.983177731483
100160,9852.65172702314
105379,6695.709904955438
96754,21834.001761795127
84863,12127.65234332379
100130,11454.959723712122
93462,35694.93749966115
91640,9807.397010153127
95922,38324.86536946547
81137,29622.81816189377
78194,11566.839883217477
87308,11947.286848179596
106775,9497.601692793485
86629,11327.069057730925
87659,17881.625156370614
76404,20337.362129535442
87258,16332.506547456249
100560,12292.495048808736
78660,12206.270190598618
76485,19932.942228625165
99545,20112.76666996782
103074,11357.56782989693
77874,19463.723267336798
97514,12281.187450995692
103308,6958.860222743912
94753,31317.656966671715
80045,20210.188994246924
107089,29779.13542750651
101236,7533.030871996453
103264,15696.842178909721
94387,15171.160556468747
91926,15583.984800363329
99972,13254.764760565658
98651,6914.223629734246
94873,27026.019891595162
80722,7727.909298713701
95907,44152.672658648524
87746,15828.638138901988
90574,13112.933316418565
85387,12486.154348914704
84204,9810.098873093693
80453,17751.054540168458
95244,35753.606648426285
79952,13815.115932711755
105770,11432.66048592405
100419,14926.017990663371
84200,9782.949672136952
88059,10410.001316344242
85615,5819.334234408624
90795,10830.516662654862
97219,9411.741177092192
81380,12788.011713258806
78928,16954.625821163383
85613,19222.679570274242
90529,13587.89976090399
89825,11717.764481709932
107431,9962.73642197951
97707,6777.568506840035
76203,18496.58320582672
107808,16222.689754987978
106497,9965.152379203933
101925,6508.975062724705
95434,20325.916521128398
103718,13402.364042936259
103544,7384.216148348593
78735,20086.471936227124
101803,7261.999348550503
106491,20213.101133947464
85594,10172.69938044868
99930,14636.715895639114
100927,7470.158285515605
76097,17965.03640008953
89406,17947.2765710734
103773,7445.249150443966
107843,10420.460782304785
83507,17406.72524510653
89693,7901.555892145043
101441,12057.837874697914
91438,10363.668946078684
82189,24410.473872937215
94224,29972.3957060155
105046,12492.117936934806
105441,11842.570926667597
97014,5107.914522250352
89955,9598.34346654467
85532,15530.003389995869
99916,13206.981725848094
103336,11354.220752100053
102567,14785.819819753317
77309,12962.352890286971
95074,23140.911798942067
105279,20021.52083698895
77443,41518.48429465141
100797,15696.842178909721
97954,5916.1814687706565
104854,10328.307028345576
77615,10563.205529327011
99982,11853.725166199565
91956,16657.011578188303
79467,25738.917954869863
80293,12886.876806563501
78335,13623.370437306594
96252,20892.991239321706
94301,25901.36055056282
97832,14298.496451505629
103557,12707.2495293749
86997,10020.61006340858
78106,11273.41141302013
107176,12043.513405120311
102079,12048.761085454851
87624,17441.764001823816
108178,12003.490645368682
82226,12447.530707103586
85709,15108.026398144242
78061,43396.504970251524
98092,8788.676920671527
77846,16708.134972869975
91751,20898.94425250143
89344,18420.351428116483
78458,28030.62532615624
90444,14119.87179513963
100411,7511.866083438403
76272,19900.96886990725
83891,11909.07688172193
87391,24943.894514385043
83460,9118.146485058984
98018,7615.525900483234
99334,13296.755915680242
97352,13881.325818260124
85704,16097.167273426232
80151,13633.859511358281
83044,11362.903231045391
98476,8304.170402669446
82495,23912.470156869662
100766,7883.935615702259
87429,10605.653813250672
80457,14458.833890909242
97923,11312.108970149258
84002,7831.329984303489
100461,16420.493033650324
101414,13443.571845709208
86834,15678.465004472926
79455,30400.7427114405
89913,7354.507195380684
88592,7342.995702478207
90339,13423.234453753728
94894,32378.039341143813
76725,24315.256052574347
95859,26643.221016226962
92694,13484.512331933467
85619,10267.99828035576
107634,13084.677565673011
101014,7215.807314048595
91174,27418.79782724582
79521,17555.86035135657
97334,9156.991594785926
80761,10572.37391428697
81867,14960.995031014585
96925,13834.203930487409
89478,8151.939054193195
104606,19561.404990268013
77120,50890.18225634652
94436,17746.915110084345
96562,8828.906314522488
100076,13528.607179753042
100900,10209.10967351817
87706,11074.585435822875
84868,8196.407248236923
77447,9844.590231916083
99633,14852.10493062945
107182,42227.40909769243
103805,7279.838630010492
79968,20875.05904471301
106861,22304.424730456183
81356,27997.72352260951
90962,30471.799990535983
102794,10054.299749092961
102702,15369.61565942558
101649,9627.051388515894
92766,10644.463929776051
95750,8867.379002438443
102296,15976.871888261856
106629,13053.783093145677
98746,11939.759648455836
95417,29896.70946132192
91178,18215.937801649314
103915,7954.620165243183
94148,26077.11037403163
92159,22021.407168240523
89562,9793.731903744776
84575,6524.801303579935
98654,8001.448585472976
96212,19599.593357028716
102653,7760.886626194106
88269,13652.795879522182
79684,30598.528408046426
83922,13417.962321161853
91288,32932.193810442324
97422,12493.086797636719
85223,6262.765072941822
101422,14318.953947008105
80295,16644.27557449679
88778,19605.133213276116
102400,4095.8085750188984
106858,16442.459675462844
91510,28644.828178523563
79257,24638.20264767417
106694,31594.144201232
86646,19566.687150064397
100380,13300.607677607391
79631,38735.11785405068
83337,17902.57218829329
92866,14136.72318850896
93764,21382.282983324083
100701,13737.183211297994
85085,9934.131632026916
102731,4326.865852310816
107928,21940.71569602594
95668,22829.27282391742
86229,11722.473613431011
102872,10270.099881363181
95063,23576.077176639054
86474,28498.127849325683
80950,48547.186201005265
84432,8106.0841922499585
78964,9104.337888764227
86914,17390.55979533508
97272,24160.277730187547
99757,12549.975491792547
92235,18727.177322730353
87764,10168.804609698098
81233,4069.6002323255557
91506,31691.415842299644
77920,11830.384970640169
104487,25682.571136712486
102823,13878.913311588316
96590,9784.780257090131
101069,9374.949245266313
82549,10644.931327597758
77585,21965.57085031136
98854,51669.2071665759
82501,13261.492345795525
101386,10435.465714176698
86959,8734.065699255874
105135,19940.246132372376
100304,13631.131595290657
76999,26629.476009585735
93936,14491.37054940919
96755,6612.90741321236
102115,10121.489807568993
81953,10219.630059384926
80238,49550.17282193241
84324,9981.255242411065
105850,13529.733298867164
86327,8753.973564774491
87989,5220.938733508461
93530,42424.63762421394
99610,10901.975900611817
102129,10121.935450002584
100985,11440.424830442154
76008,54166.23018976512
77703,20890.360990464924
94691,15858.882044377711
103293,13503.692369181948
84439,14201.120697094906
77444,17337.223831992364
85455,12807.580895559302
93989,67393.92646273086
85336,10923.853146825195
100517,16166.19082191414
108179,27158.864355088885
77395,11791.114435161315
98462,11362.057497006092
84943,9707.484997613934
78028,30898.692730477836
81596,22988.922198797274
95852,37655.60913279523
88816,17612.617514924368
94448,26143.764634330375
86470,12039.131854257588
102503,9623.783455167899
105474,8642.053499259697
88119,10560.490364141477
96141,11047.51620740297
85763,8793.78442841542
105011,7543.8795018706005
99747,8255.394771299561
108392,16481.863544914948
90949,14645.630355720145
105446,17326.96452787474
95792,34888.52644160114
94956,20917.200797428406
102277,5056.250779012871
77366,29668.447203112803
91112,19257.920373996843
76355,22624.715924955603
79142,22162.053112811613
103859,5963.8980412484125
82352,15810.093989912368
86826,19129.096073660985
86754,9782.949672136952
104363,9100.259432153653
93154,28703.933923496184
90930,20780.944162851534
107269,17869.909397657088
104109,6144.543531432425
100487,19374.6082393321
106527,16998.762828421997
96225,20246.342320755815
89925,8919.087836663475
76775,27793.45096570045
83082,17368.700819128448
105115,31004.04097824968
103481,8882.287073919633
105642,20806.99815319775
92703,19444.55526092415
90864,9455.398167679205
96072,7371.1832809003745
98628,10992.769991135727
102378,11500.442317597004
85185,10114.707741608927
93707,35472.33998612177
98795,15114.212865926582
97577,7147.3162806945675
79804,21068.138250402826
95541,13081.12821307798
78568,45766.78278689207
79608,22977.442513939422
103860,9631.076755973056
98449,14433.221535135546
91377,26741.291110731712
103436,6090.9069125349915
102582,12705.045914697417
78381,9310.846545735596
90999,16306.135002249106
89764,15302.33222099071
99515,11521.515995131484
89133,6599.111603123936
81859,34464.200358690716
108005,10617.346776420689
103733,10302.005522492265
105155,17196.58354179106
100185,6465.038171271726
102347,13296.198933441836
107943,13379.850648012585
104445,8911.638028651463
90149,21396.084512470276
106593,15876.540616528373
94733,19735.415541927025
91481,31144.056671959304
100201,8012.496557882575
94149,18013.90982909538
101639,3159.13357323673
81577,29869.84273988482
80120,30790.544222304652
85995,10062.774860776743
85199,9746.535228992821
85909,22928.320270884928
78676,22993.47691150525
91948,32194.63204772577
88041,14741.269393316992
92848,26015.10023473154
87598,10004.975253946875
83613,12882.808630627338
85054,10659.328352737144
96903,16217.422952084959
78725,10021.850195991055
94869,33339.2632046357
89121,7035.118712816901
79858,67558.81134827652
89079,16076.749267186875
77639,40374.08379677828
84498,14416.673347154068
90431,15688.45303822725
80553,10334.654934153636
90257,7573.877317249617
91607,28946.34094693982
82794,14518.095510088935
79243,33600.05696344273
93687,20496.182804664615
91774,30862.54356382903
104622,7006.546162071283
94152,4990.512859748895
107441,19413.57801086515
96359,11933.294095952966
105873,19367.7259831518
82415,12033.00176824459
106807,7385.799023468782
82732,3710.0468478263083
105350,17282.9228460815
107206,12701.850744884747
82693,10915.11378139258
101998,9886.203420909778
107032,24156.27120071018
88200,13575.016685923792
105801,12460.924542259083
86649,10923.853146825195
104334,18120.82756849513
101972,7607.065281544345
99530,7210.8105217662205
96201,12449.913397437289
105972,9816.984289411092
100425,8823.846092919171
106763,26419.580273600815
90434,6232.776040111039
88690,5461.002271334795
88747,11143.431474330477
92158,15122.290931860469
104298,17221.150792166172
91527,19805.36070611114
91731,18640.09581558196
89575,6596.9282341622
107525,15852.277242271583
80805,20400.261506917363
87001,16793.158158674596
76256,30843.018786896577
106726,13336.60475102758
100912,15272.556968065643
78223,21061.960173261334
78232,42337.22105819495
79424,20112.694803817933
83551,14199.737934808623
98945,5511.894086453901
101673,6997.663290084458
108525,12062.255443199967
92543,45329.77959456086
92373,17913.528357925603
96994,2695.2293204818848
80957,25440.739985564687
104185,12013.410636831004
107318,22828.642619907525
89348,7979.000086431272
108046,22704.371680440265
107385,20258.265536912695
104247,23916.17274350076
79675,18783.730929398425
95374,20871.695868907333
108422,11160.592449723834
76584,55717.7449917428
94645,15178.796030313042
87779,10923.784486743445
76043,17995.242899402117
101605,12485.68847723519
83501,18216.718002991493
95444,23087.11372370308
92724,39488.164089341684
101099,15587.75815222404
105469,7719.808805393523
78289,30331.445937607983
90064,12107.566673143489
93527,14049.86686862417
102951,12170.456143692867
95138,18628.011822855082
90436,19492.772272472845
86900,11982.732016351109
107779,18125.898707172935
98096,7125.917083012478
89305,15814.34006730664
81735,14678.821114261476
91537,17569.692570892053
79302,12904.587510647534
106769,15110.274803027129
105306,12353.142945015
106670,15502.486420740319
80113,31386.2870463132
87168,18461.0849632689
90710,6529.0348313622535
90995,13955.439244057643
96388,13602.50718988476
88029,15525.100433337515
92389,16424.433636596455
102649,12718.556147333162
97530,8114.171466249399
88501,16417.89609370554
80998,21891.65176313188
89624,8157.452475794868
83063,7190.1503025877555
90128,13727.373800873918
104897,7074.342913388826
85490,26732.19040214487
99453,22273.879740823006
107743,12230.606381751124
105662,15014.492627083948
89186,15979.739191007002
93355,24820.407295957055
100497,12534.229628965795
104389,14738.89657683178
104476,12746.702197140803
94822,15027.261825522912
102639,8738.444660804906
86493,9606.44330878149
95602,29708.18914490437
86924,8142.085924974497
81852,10480.674599405771
102319,14955.348298586332
107863,12272.41565424868
82938,12866.039468156685
89666,7147.478056678313
92812,27661.814979742656
97393,7842.8302640187885
92386,30959.701943157634
77152,9198.801254454867
107259,20962.305119546127
90094,8425.4235950313
103704,14616.180303824627
107194,22247.381023122114
86326,8662.061440250482
84993,11673.83357216221
83853,5371.4464459539995
98484,24264.525887960852
91880,23232.746301033003
89715,6438.979877825046
101393,9159.434662321215
87375,11184.137151172743
81722,14677.700119968576
91249,18721.836619822112
103603,15180.700880837414
96576,7296.67884073491
77094,12508.154273741042
97706,17224.376206412922
76932,11687.321116513522
86648,17408.821352569586
95671,22022.989908097923
87831,15300.756152470489
82577,11003.09018821045
87475,11055.880509335631
99557,9527.263389263771
82882,2595.3784270692854
97798,9517.827517971315
99009,31451.589304578658
98120,10338.710769414953
86637,9076.445100992232
91310,15025.385612318965
101677,13731.420159462492
105146,11187.261983906004
99727,12732.805125049143
84169,6751.784420467781
91121,18010.592712368234
87151,11467.898079435996
107732,21612.646812656334
77136,30678.85020238554
77148,3849.4822120037493
104946,12797.062666504931
88249,9140.241292183
105127,16727.147835728803
89504,21032.09932258097
81927,33599.00520262073
86452,16493.614405519344
78250,17568.40952671016
85921,28588.99365900768
81378,12625.813483555467
106286,16567.434939444785
82085,15552.998995395888
100957,12277.273137553457
98903,13183.545536832326
93994,29711.164404857853
95727,44388.055061465915
102483,15667.788408945386
85566,25238.494596346234
97406,6259.470189358324
76120,3729.620476313318
101642,9482.538906254695
86245,7792.609342921602
82830,17226.622622740633
85386,10829.148621465616
102072,12813.233414104074
81015,16272.922851220006
76016,27623.868623516504
103157,17807.40601319328
85980,12132.04383658332
107548,21354.160935475156
83411,17448.263712855027
99745,8776.232412699304
103338,8789.185974938095
100366,10672.71595748606
107718,28563.166014215436
91888,21137.39468064545
106559,17742.824371385243
102293,16294.997778466139
88007,16418.804376178425
100545,13756.346588090328
81498,21554.153026710886
81632,59005.573113451894
102626,8007.435050954122
91621,19791.722470685152
88591,4164.6349018089995
87743,1165.3862210785805
79289,35411.30704060846
79813,30766.65205796286
93561,42015.02178728604
99218,8259.250512569617
83575,23910.649362384363
86909,9987.472402855681
81952,7405.639620739776
82101,37166.921056536055
79912,13101.163546100432
106129,13134.82076094337
103614,10807.556160206173
108271,10091.343287300175
88813,9590.664688865603
105533,28787.332710849296
97693,15834.519463855124
106423,7758.551722197098
88858,12642.060241090434
79568,19919.384946629045
78667,45865.915087107576
106744,19493.804513175874
79183,19616.202577513133
92329,18926.248286369784
93551,74970.04026783533
84807,6685.774727237271
106251,20422.6878754046
86816,10683.138892409785
85547,8540.175802313734
101577,11046.403719701073
103281,8303.963867593046
101919,12482.73420491014
97281,10034.259130374023
85353,20606.37282945909
99143,7000.346298849188
89606,16168.511179203095
108144,16326.570316808567
94628,22366.648743028927
78418,31469.675748545345
90238,19830.144279000968
97412,10658.947567945712
95368,22983.574285290404
80945,27392.97280570684
101657,13299.987675023269
92454,31731.874042748794
79075,12146.420306443239
81257,15078.00448110766
99019,9361.46965807845
91946,10042.162995294131
100356,7298.772618635805
88464,7603.583351146769
82081,14679.188241492144
97199,12436.749513325012
99762,8837.133436824874
101497,6977.51491569631
83716,13095.185887482896
99067,18620.5577366625
107895,18432.209641280708
84198,4068.692426674502
106770,22268.64849535187
87767,15811.14954038392
102945,10561.757851026816
95956,22170.11668498595
81644,20876.120922934217
86278,6357.972585045141
79399,11993.14788108928
80474,14029.581214464168
94588,28614.97292174882
108471,13983.88276232854
93417,16013.943486284254
104702,20784.3173963391
84151,5810.19841393524
76589,13406.478933184257
104490,7845.719753999209
86365,9474.590700635692
90620,5870.912817826321
81071,48293.74332385321
92311,24721.21521852805
103019,6697.724764279169
100231,11440.424830442154
83298,18589.08518867201
97958,20253.60538453903
95436,22926.919095867623
85413,17070.99588316562
104619,14739.81466185802
84835,6684.938791655758
86314,14390.781109167008
91780,35409.303449666506
88338,13164.437542870117
98012,9649.553549527245
91161,20993.719775871596
108156,6177.813772351592
80607,18146.424142418215
105607,18906.9455155053
106586,10414.276828240128
93442,10357.223904273304
101779,10958.108637396183
86324,11031.74430724897
101056,7557.7155252508155
89524,8638.66185394546
96619,6152.61900598563
102914,1941.8261344748637
105085,24130.713253914113
88414,17212.482876640086
94174,14964.869694425075
77296,13304.958776151698
93567,17324.23051760424
90823,11048.464966377136
83440,8880.747784755127
91053,18286.573807181998
87349,16559.497225567357
93853,14287.746142533539
88334,4718.93996094239
97251,15910.978794374292
108429,26559.992937057206
90331,10548.665501878806
86234,10186.327267424977
102632,7436.109893915001
82553,7317.98978997331
105227,19392.419146733926
76476,10549.685137218812
99277,9190.541394666418
107214,18076.853582577536
101622,9633.095351777432
91446,17825.557003214508
102009,8192.156408130144
87852,8659.569683192467
93868,20604.654854793396
106100,22406.689025373118
84477,16129.697873273506
90371,6357.619572194675
101643,4985.343238592238
92270,31039.14232744471
91036,30069.70593981268
93120,12970.099878140973
96986,11351.257647259219
88712,12576.9372992871
107673,10502.929900540357
94689,48294.78240928272
91664,32593.20188677742
101139,7042.215875967707
100211,11599.39002030928
84843,13571.025290030051
99077,11260.224753103947
86601,10474.75764262134
82207,30596.716717771997
83457,9748.72962190236
78306,35407.72655242098
102397,12892.766073458355
103423,15614.619123994258
105818,6710.965369437385
97146,15051.990795794667
95680,18314.778658010262
102459,7280.811041524246
107092,15286.431944389904
92734,41347.257165571646
95647,21583.385836735622
77576,13108.460563382978
101530,12603.95820972107
87264,7554.976276033638
88978,10876.84317420885
86197,8516.476678679554
107810,22633.016373487797
81681,19003.750625064586
105951,10604.035268467922
103476,12344.667778111201
100268,1945.3237246551369
92647,21750.012814140275
80498,19177.07037197762
90634,24654.420962001986
86670,16599.79565369615
108110,4965.065651692899
83881,14061.856288740506
77006,15988.253467997882
83528,15439.89099478098
86178,7132.355264678318
105430,7545.166299896886
84321,18455.377881068172
90491,12033.291359618694
86339,15432.672974676238
92286,27813.918245132863
101926,21188.536319997223
106776,17399.10558912707
82619,14182.555322299257
79817,18643.433331556207
79626,15949.903139547554
87043,14909.457855051312
106571,17310.718473210003
87059,17348.185479306878
97729,12760.869492536809
100298,11115.573076372553
98256,12779.464632772942
97907,6988.665884370497
95953,18866.256861977086
91657,46444.46898502683
101343,14954.157391194116
82111,68093.78969570853
108388,13670.828148911267
88818,16140.807321309227
77029,30883.70281000148
104074,18421.514188941488
86201,8343.982177844468
81545,15125.338514516396
87713,16025.955119607552
92371,23146.42222580203
77156,9876.937367042794
76880,23877.4175491483
88282,12834.444131146774
96654,32695.58434172848
97866,26690.294836621895
90293,4328.359594908961
91292,21521.530890987317
77320,16334.311578800378
90383,7692.75761161022
100241,11050.451559629495
107973,9640.691485060888
79074,30136.13312752151
92862,21002.133837307247
96379,13852.297440140792
100683,11142.62226947923
76236,31667.220047898078
99113,13366.500304878837
100305,9593.229570338168
86570,8455.187185682844
93251,14475.82569538391
95890,20792.618607821754
104632,24949.20558744723
84213,20950.06955512161
107818,23661.94215714469
101521,11812.110961663697
83053,16263.115813690689
92890,19172.93845745691
107449,12978.740870437055
84022,9608.12461886189
90915,19145.091163188685
80324,49410.27936349025
81352,21329.908454353652
94642,17133.988697387067
76123,29426.926679751905
79202,25849.49371170112
104174,25422.405683126595
91030,24263.90022440895
107033,15861.641213448738
102759,4981.2337485261705
102192,11651.309431330414
101885,8701.48675149062
97716,16283.378780865287
81631,13753.136117890028
81759,28029.377281462286
98702,9437.259402480193
105784,22449.093669969774
81817,21286.566773968036
86529,12916.47629501887
97857,9595.476797801175
82820,19362.53652586768
79072,24919.52800720689
92301,26677.24521020904
80309,13094.764033279966
102835,6550.65043735844
93599,17050.736514116586
90253,7633.474784862683
92875,23515.455937671046
83698,11682.669889996894
104398,50773.961091590565
96860,25091.845021222067
105925,28135.079252531403
97861,6808.651596331475
80226,21967.50727717094
92699,21407.81358153218
85949,7625.356551657689
92215,28544.64194132023
84214,12262.692834725874
106157,13780.53311458161
87047,16416.748079622826
102413,12093.729508773516
97955,12236.633733577295
81441,30509.707192087524
101029,12637.420234885849
91634,20756.986716313822
84859,8013.448037059957
93328,22052.312339513814
97318,8041.711869872742
108048,14721.566630003224
97815,7523.059415087899
101921,7321.783398206485
96260,6715.717265129831
93491,16301.74990030422
95257,15631.97942597634
83326,31613.474233665373
82475,18560.509686121528
107393,10856.917975182694
94132,22018.88263780614
103233,14804.399734808292
88140,10345.939944481335
88395,8830.634846337914
95094,83850.87822287132
95939,20766.494840560517
108234,20165.8130897264
78788,25699.34691877318
93021,20552.659786805427
98301,34971.0522744126
104221,9703.61592264258
92384,23367.884551922605
76288,25330.747736122248
99805,12584.881670251518
90900,9996.230544756267
77888,30037.609255572923
100126,8370.900375010122
82197,40016.944465057175
90987,13034.061980296463
105383,21066.729573797522
100476,8464.61661740521
104238,8955.044303834775
89211,13108.0330349654
97794,5293.136035013351
105692,28830.14210516552
98699,12254.51624021589
104212,18228.15640090985
107544,11485.8809287136
107748,11781.044704226557
103427,7384.1892573059995
84063,7509.936055213786
98384,8221.20686031729
91209,11628.139735909961
101379,8453.173941756215
78090,64620.77519272912
88321,17514.368661078606
78786,20368.074318298906
90751,8405.98136732439
85706,17868.489903826798
100853,10731.902617140317
106131,18670.58078986922
89397,15366.138438976615
76263,3415.002073975075
108441,35560.83773203646
88221,12604.534397202253
92526,23063.656875764013
81169,20346.827064240577
99853,10804.194418333216
105516,9545.270588945785
85227,11096.186092923708
101567,7967.050434351622
84331,15772.36849813832
78187,30161.414549244608
94441,17147.512851534284
100067,5919.077194007189
84660,16648.55588168036
98951,25015.831454911226
93815,8672.447053431359
76848,16940.850900425416
83378,14313.743491781832
79966,6752.074965494686
98219,12404.95711915614
89076,11670.534595433046
86619,16762.510646029164
106225,14430.71647591877
76793,33132.750782653384
88351,10664.186594743538
107927,25938.924109362837
93374,21685.540852421072
84067,15029.48409154119
100355,14353.183657746291
82099,36524.405732850086
96457,11291.20519486442
103061,18174.232610809137
89169,15651.059485378295
97340,6876.807709164729
82912,20185.668582617207
82266,13531.071111407822
78561,47602.79257625252
100839,5527.486307986156
85302,2840.1124884306123
99375,11324.461860750162
99881,9675.252779376828
88083,6961.3484878474455
86412,7450.950075307512
84852,9495.140264300822
89087,16380.746092435278
77702,48878.90119221406
94308,25092.4984577672
100896,7989.246392686612
88225,10793.91872326198
89796,4335.039891456455
101985,5336.258820394414
77360,24820.131877569976
92220,33107.37507986847
83866,17150.502587899085
103140,5151.588758325711
78348,14228.6614178973
95353,24642.566905672873
81413,15032.243171112772
77106,22839.458937316762
103700,17664.61037199757
88524,11732.061103347882
87461,13210.683945321189
78565,33997.23069860184
82507,12821.262014028394
95578,8063.454579493602
91998,19055.949807151672
98342,11497.654330474823
96413,12057.214295864384
78273,31260.4597815424
105735,14850.643319084958
83640,17843.168001020895
100599,11807.415705521393
108024,30449.857280473763
85550,21163.943208807836
82875,8084.445824592448
93272,11090.426991692035
87870,10394.186737161388
83279,11549.73502885507
105742,16331.641999466881
96152,28823.75317893137
97215,20661.730923271483
76322,60099.69506018704
104938,18070.143085113126
81197,13316.51393630381
94638,14300.708427800571
78474,31649.66726752695
78282,14785.661417427546
83765,13883.849811262435
81798,18410.550388517062
84877,15048.322576235149
107924,9910.162198309667
107870,9354.94786375152
86640,2715.5315131416505
90317,12724.070421142484
90787,14008.73960295245
102045,7474.292610618502
95893,28264.751539701418
104067,11873.020273489825
83702,9232.349580111462
88581,19295.02270201634
76140,20205.632453041115
87782,16318.119135780353
96924,29161.6623806194
81993,30629.275123890722
92440,24895.65500648883
97803,7453.5354048679565
90468,6926.6350576816385
77617,29478.884440304988
108325,14062.950619752472
78387,23325.157648114742
93953,103433.2078372926
87120,8833.535896852107
103344,9462.7969273336
86899,11938.240234600698
79585,23657.31174346145
86908,9940.005073900798
101362,16332.356811336658
89150,16566.099892527513
92083,16533.401691385618
81913,17641.144418980075
86370,7660.63069051522
78733,20537.360353253425
92552,24682.32599317264
89154,18411.973546401827
97775,10865.60078422398
94930,56866.142103220176
79476,13267.564596054744
76220,11201.379448523736
98869,13040.933859820643
97474,16431.452413137533
99008,7411.597879900966
107702,25698.789997910775
102495,13986.718002493833
76423,20896.442931631314
76460,11247.09344922828
83918,11135.275915723729
90937,25400.549343317667
98893,9059.988880564151
95015,66034.72552066862
94231,20446.178492943727
107866,19107.135131492687
91935,16400.494603330888
94141,25479.529362015677
84712,11408.068916194547
85125,15345.864588605415
102606,15801.782899949187
82305,16458.808908367264
83086,8389.602225304601
87329,9517.15183784515
100213,9411.761531665295
93661,25461.83228247629
95973,26015.10023473154
103243,7096.453925763097
77036,12950.776243635011
82262,7722.278282431846
103648,9260.012995544006
91920,24134.295121733725
85960,10988.98014912519
92632,33992.50353730901
97381,12087.662273769418
100466,14115.699139639362
77087,14635.786738297767
89734,15206.654769701003
83766,11484.186675714975
91812,68069.02525983489
93927,47081.87083950009
93439,13094.482969112683
98318,10639.821930796534
86863,10831.486879984122
95233,18582.164463464993
78974,14863.954874341996
89793,7251.268131829152
92799,23583.70958379118
91635,22084.96885579943
78414,14433.218629364219
90596,12943.058126633985
80519,32287.07085145178
89515,8655.767095199235
86481,12157.453106060233
92047,14205.87368547384
77635,17493.216018833322
98546,7972.7435655897625
93556,13659.901100110697
76764,33486.29223771407
104600,15250.930657496558
107170,25491.168151114056
104809,10388.871143422322
104957,38580.722809619
100565,13246.5784728553
82733,10294.729624946127
90487,5688.849060827949
104778,3937.3089414343635
106916,30879.58938518625
85771,9335.27133511226
99896,10573.459212826516
94796,15664.146251044973
105856,16297.718120212936
85845,12956.452161396528
102590,9496.134499677099
95913,43207.39627777443
104395,15251.818194883515
96422,13875.333230189553
101279,11021.956602180702
98041,6182.902763350919
90702,7398.322335074818
104988,13251.136233646836
99996,14975.574087247158
103713,9425.797927397061
79170,34800.227545183014
80452,12469.173087099382
105657,27427.721984955268
94986,22037.62634723482
106339,12060.359010576132
98568,7689.5020099825515
88304,6918.236797085773
87628,9633.023001462061
92003,22213.474860007147
97111,9441.850452418388
98892,14359.982647471863
97778,10416.361579551334
95960,28099.420383314384
80575,16292.530011814233
94709,21959.771598355263
103647,9218.27053029064
87784,9766.43945013046
77344,30303.54050143983
104068,13319.586363551844
94747,24084.87327863866
82797,14455.973493106385
77079,15859.091382724559
99217,10660.477229114334
84624,9899.330203031004
79999,39188.519633605356
107791,11000.241093254908
86274,7515.533504051033
92407,14541.429416029518
98109,24199.489458100743
104428,23621.666806788813
76693,18179.001763273332
96321,8103.539841711457
107222,10978.619791334728
80693,17336.70440705981
87795,11600.016296426586
83814,10436.929034498333
85548,10112.851905735088
103252,9185.978705481464
104453,18868.144095346597
80578,29230.02401983133
103826,6264.76283145574
103199,6422.6441067792675
97338,7242.777008881434
107287,11711.867075630018
77059,33699.635248446706
93965,17503.730593884033
89513,7745.26626437081
83064,8092.173253521609
103490,13548.740127500383
99116,6771.752848807965
99690,11801.525470785911
96405,9719.017688046031
96969,8779.547902656503
84317,19243.09395540015
86480,17321.170426394554
78305,50143.7361375013
96458,15873.164372886573
96847,11408.223243115533
87888,10136.412028484852
92753,42494.885045942225
84191,7197.686452844917
84830,9174.051597145408
100910,7492.03839115091
94969,49987.611105423515
89103,7814.750373049484
93092,19110.485409316207
106511,17404.253422203292
100549,18380.16792557155
90741,15383.977373131806
78118,18389.786053421507
94087,12822.12051508053
87584,16568.288940130293
107254,12504.092078462603
105985,20679.030680524138
88323,14070.147070360576
105221,12160.766053637446
101901,13655.283268201343
90944,30353.838230315578
98634,8776.232412699304
94057,18890.065634073115
77391,10540.393230008069
77284,41760.99684269962
95838,39235.01449790544
105720,13054.221401690256
97257,24836.189401649972
96339,6712.8337243548895
81848,30168.149286780328
79581,25501.210014374312
97762,9760.311038073673
101710,7491.705685412659
104892,9207.143996473844
98689,11929.55569380566
102340,9589.505435206442
103335,14387.04085274785
80348,18936.03497700649
101717,5775.402402612365
84797,15685.613453655065
80101,20918.794141565617
83224,14892.98054282515
93736,13655.03765768008
78612,15163.722875897965
80009,12710.635511625298
90246,13746.433459611575
83348,12154.672878573598
102263,16332.356811336658
84153,16595.152873986004
90556,15564.248808363107
83726,11059.344521366476
86153,5205.108792179954
99219,12597.52738415799
79008,21641.112085923665
76574,15664.280296882427
93345,9620.083437974214
89271,18477.717803582997
84424,15790.02243214446
104788,20685.142005738493
96178,13363.382928543662
90344,11909.374617879315
105532,26194.816687011087
83994,10659.328352737144
91151,24863.99042259926
77889,32839.22671631336
76382,19013.246132822827
97738,6658.48944506491
86371,16339.430014880247
79800,48592.38204126447
79323,22560.30476769508
88652,11175.13230303788
94397,21227.260908813794
80125,11365.229327650439
103621,8710.33979878034
103073,7406.779711629762
104977,22265.061086472124
101232,10309.987163836307
92921,9861.85041770815
96524,18930.383327128267
108206,6936.26063804064
98011,8919.204243446555
82282,53669.61896907238
92162,11118.878992454607
91162,23473.011759439098
98222,6298.049153954791
106388,24774.664924058943
76194,13094.974583651094
93165,15509.726243169549
77080,21040.99332603243
88188,10850.214196541208
95987,10299.773140905872
82919,20471.48093009618
106334,9342.008595851685
92868,31455.08024840096
83314,14412.686819396062
83498,18279.59958254717
99081,9659.753684435416
101875,11328.680787656926
76353,36779.455858901085
97969,24245.18026361764
86292,21586.39357856184
76622,28510.82367087982
103480,18387.2653882058
85818,12650.801952440834
83971,15069.95404326247
97382,15738.607885405483
101439,8423.638309420432
96661,12638.408715438085
77795,12322.391511661035
105731,21619.022843670515
91696,11281.012395910177
93939,20567.927667673994
97415,11070.652511343633
103354,9741.774392556697
98909,21106.270185797857
78125,19232.019102353843
106866,9250.589064581354
98910,7454.2362472996765
106208,22704.371680440265
89885,7242.588634694299
76580,11775.790436150091
95892,15219.502518767797
91957,11715.699124635972
99645,11538.772087109459
79562,47870.64436346631
82838,6889.270120116458
101076,7745.549274728011
81361,23939.015373917373
108419,16922.278981310294
93085,15190.58145453094
104426,18139.431975556938
88313,12596.637239972591
104866,17476.4269044797
101788,10396.076754797057
103172,10809.59177124543
98374,23666.220668331316
107111,23194.369738407666
93480,16943.3938968524
94099,51247.940431395495
100358,11663.118392210303
82106,30273.414221239942
92783,28683.15350777327
95978,14689.261518412752
79394,13138.747230906432
81521,21794.151601843278
88260,7696.876701001897
98649,9527.263389263771
81422,16846.749991505483
86500,10864.262500737179
92997,12325.77751856334
107940,10223.51528893357
80225,46062.09573239298
94805,26488.85494756208
88709,12871.2355841326
106470,10720.835266697055
78835,16602.11631364441
90721,11305.85120344652
105429,38336.94613366371
107998,26495.146645417874
89287,10646.918192082048
77311,13221.181504392318
87200,18124.347320497243
95348,14417.856340538974
83148,8838.806706633753
100616,12500.65527746058
81487,52520.29367982108
85031,11886.330510856827
86761,9677.829794747184
108219,21418.95594291608
106290,12148.332008390786
81428,9352.900162787084
94572,30559.482964297506
99173,11887.088181514631
85760,10037.71319834168
89013,27342.832827471546
85726,11725.077659091
98647,8887.904263512819
76300,39104.50673984269
76204,15001.608585822718
99199,23962.973787890107
81833,13360.391435295818
79245,22135.50542897306
83196,11563.881746079816
85013,9550.649178199705
99200,10060.865506935475
96238,19760.94419331533
96548,30859.81134188105
104251,19595.610091739232
91169,28873.65464949863
91530,20347.308399362442
103143,6966.9680582265055
106804,11832.523310320817
108066,21431.262175313786
76048,41769.65841530916
75977,14964.075604318148
96347,11216.224277046624
90190,16689.808248398185
77081,29008.542833426116
83861,5540.30308644641
100546,6444.3590030869655
78182,27976.678267913285
89589,10846.637032487643
85606,7470.770564298744
78359,18211.05179556575
97559,15773.61771660153
76721,16389.392455846635
88097,20259.666524904507
87435,5513.818911252021
80798,14707.546973933524
90537,7107.225528347698
100528,7730.696084136498
106401,20472.405964299534
81910,14773.346777891467
92691,26692.948232514405
100615,9424.752138414373
77234,51121.57014865126
78332,25697.12687325545
77572,5430.553531874385
90150,7232.613656548034
105917,10133.100422861393
76449,25778.988814289114
93412,17899.65696155671
86269,15817.699963795654
87995,8642.578818890815
100075,6173.562882076687
80021,50360.24697578414
90343,13370.215537368316
106349,10212.984498585234
87255,10836.713186519248
85507,16904.014547522358
76232,13026.332635303286
106308,15803.117237596874
92289,18768.644933898857
104499,29732.492292507657
81788,8128.766461532776
100405,12639.483621948139
106380,12880.294848715908
81018,17686.371636254666
83259,13104.957379728625
94489,31965.498021492782
92430,24831.22766650189
82401,12108.014077147953
79510,51881.376633641805
84456,19600.100348636606
98445,12567.601640980867
88466,15870.524385135745
94340,18180.28319983372
104411,17621.57715880718
85378,11214.577005368157
93363,28117.213939781715
108217,24593.137600208305
84003,9396.821154939827
78674,14195.193201791571
83754,9590.833359318969
107659,37337.15760528786
104134,10451.69606178741
80428,12719.899602496602
107034,10952.620095910948
105024,20700.864544630786
105501,12629.19423787452
100183,12942.97247887989
96262,14440.968116789398
102419,12084.789412527538
76520,16866.872245269547
87564,7745.587523724753
95034,15787.896993284732
102071,18825.02704698338
92236,29505.279323187155
108245,13495.915130746062
90472,5336.298161683504
91733,19645.95741012389
86418,13761.053167622344
91544,16134.292736716936
108294,6492.416677113069
103067,14615.50890508093
87683,13877.059117745617
99427,7286.832624905972
78592,14727.904869522692
79477,28972.561170760702
100575,6923.7081405609
103629,21162.682217117723
86341,16969.37828792053
87901,7699.279886283694
100467,11615.341802327397
77769,13890.737963018972
90466,10072.40651899523
105120,29833.633749996556
94434,29211.878128954417
90333,9687.085736420422
100483,6346.33879735575
91083,22725.80587412543
86536,11377.040446352099
108361,13803.331077509552
102652,14511.711622189301
84120,12971.745497481103
99541,10018.945219297348
80658,12328.310561782777
96028,26580.753974602067
82478,8594.907815455628
99296,14805.244514943968
92923,20014.30451923278
84564,14902.925031645833
83515,11135.275915723729
80070,31179.92528452343
104027,19597.744437375793
79391,19648.479768650555
108108,7781.804527834386
99156,8261.236964757232
94668,20345.340210942886
107534,11636.212372745007
88509,10289.905631957436
78713,31390.68350774798
95033,26733.156067914966
105878,12958.90732405472
84590,11684.197598544184
104297,18227.984230603983
93140,22653.74338420763
95943,42111.93339597163
87298,18610.254135390853
105774,10604.224080075599
98658,6858.016213477854
87070,18492.68222741656
99465,11909.025185859697
105845,7638.335626803704
85369,22456.734732903376
83600,6921.944945551563
93030,27735.18933862664
82159,24127.622953511196
88527,11446.525830839098
94866,12297.978860930569
81680,28323.474092690856
85293,13548.362915139343
83020,11257.372194897893
92112,9859.5489159072
97809,9019.584320043905
83970,7506.261418494547
86745,15263.780079374961
100652,10596.349098315994
78837,26192.97305340029
96354,8746.871544079017
90084,10889.413133904178
84838,16417.89609370554
90416,19498.5289923235
82908,6920.752450198907
81469,19526.14300302892
97939,16627.35365332812
84109,4484.833411121091
94042,38083.486231735944
78843,20882.75379109334
94386,31537.499182231008
79961,39271.26854379501
98556,12626.162777649834
78323,16094.64137303589
98349,11865.052020892013
104599,12373.352965102667
92804,14557.480507072047
81485,17951.248241420577
86984,12309.893221754146
84902,10838.102980688369
87230,16909.307438273987
101698,9504.898806518138
81187,31206.757218634957
91728,26252.554893361415
90136,21314.473193924176
96483,9763.182705871872
103424,14733.473606235539
85712,16312.655277259188
85509,7829.964465782988
79976,22262.29325855591
93406,22849.06838136857
84108,10698.383588493774
82598,10486.414952019164
88086,9834.58652756976
78975,55993.67639500619
78989,17752.072750841944
93597,16179.688063296991
76707,20856.305437572697
99370,22886.162387801625
90372,16031.379229262971
97227,16485.94183842919
93053,23129.28596839253
99724,10018.734617977563
101261,14103.164097758538
85273,7470.156864019072
105019,20711.73905329577
107234,13408.60209836406
80816,38088.1208164748
101175,7693.872957602287
105866,39563.82522045105
96858,8581.892737609123
96226,7537.120840922056
97454,17328.042451187608
94540,26595.39311363381
99937,13265.116362996498
96637,11921.6597631425
82607,8456.282385132808
107708,24097.07130233741
104404,21226.776157883003
80758,15605.261803184325
99346,13310.703567250852
100310,16350.519993589705
91670,27168.098551923405
91353,26656.674309675644
96061,11072.27406658118
88206,16856.545501817054
101814,8570.561538506434
82298,9938.49732807819
94958,21337.748033428856
80444,30325.20157290292
93957,33704.749722095
100830,7560.972958884371
82523,10565.256208071922
96073,8711.154258351417
87933,15352.855371748532
100553,10507.646078306789
86623,13410.306820888949
87445,9635.40449177504
87890,11744.285350928581
103149,15696.842178909721
102862,11555.405341557032
77553,22846.70069182655
104728,15227.559230204186
77884,30485.419460149715
85105,20488.439967828428
76064,42701.1189164112
86071,9250.722629536402
97148,23234.15858732094
76161,18248.889030650414
82950,8113.324093190756
87334,7512.235219629853
104120,9086.370555666372
104591,5501.966664665569
106665,15554.688065054748
103766,8612.721648086954
104087,9786.671496646757
95947,39631.02129680677
87165,5890.419953003334
76294,23385.41885946733
108455,19412.368506354058
85399,9631.893324927754
84698,10781.673645014233
80713,11361.144623775168
85799,7410.16327168795
100254,10836.911808100258
80264,10268.063582212488
94211,10050.679519259986
98839,21767.257935568334
99631,21383.36405859098
81506,35766.355770131864
76167,15095.704477242169
91308,49748.84872994942
78803,18364.759309751124
92010,14896.771971887894
99424,6949.956495045348
82042,15381.593688523015
89760,7990.27675492662
78489,26458.725378658215
102712,11381.125405792476
90935,29308.88486725669
102912,11599.328530839985
99041,7708.877326642154
79903,41163.70691463334
96670,8720.967537861996
76729,33997.23069860184
91107,26695.529878599573
87286,12835.648509991512
102303,8873.904730360431
106623,21505.892158269522
86955,14414.429108348717
90173,21289.233857004245
99829,6443.980354116124
106155,14062.348936816854
95426,53840.56791424921
82218,28547.29471842881
97534,7308.883570132492
104186,15167.015060427186
94450,21942.914298503892
77720,32620.881388746035
83278,11981.90202206626
90401,17467.975641803583
95842,19908.08125160055
77025,15774.393433680636
88288,10632.591729804482
83552,17762.906026990902
91467,29748.542012376885
78417,24797.00389510704
81312,27191.94423513975
106656,13621.504328926145
93396,21501.339125584665
89063,10342.210845004998
94830,17198.407358931676
98183,5508.169629838259
101338,11866.16482511331
86784,9728.537917377698
99315,9114.230467940373
100058,6264.76283145574
89181,11318.924690745938
92271,25760.543271700022
97562,12620.832787900792
79601,12577.188430086297
95361,14520.63614094817
82021,16225.220663975417
80766,13496.204300219631
107591,19836.59371262561
97689,8194.79965327662
77322,16728.92412073833
83942,9860.345509775407
80703,36342.30681260814
84304,9157.649360307776
92976,22177.33393252255
104652,7326.281700992523
81684,26537.736037924886
90189,11007.528983168726
92960,37501.63829452328
91335,18548.62556687597
105310,15585.427453187534
97940,9998.785424179301
79726,19242.29872548253
97677,13907.97813136934
76868,29323.02970784463
82008,51727.91658098717
96078,19866.254440969926
87835,17030.767337372825
79247,16940.82918029272
77781,10315.065001468796
83214,13521.183147602082
108215,26876.133525565532
93824,29758.499464553926
80787,12755.853024887307
91615,40982.56296760869
80389,32902.824642406806
103596,12803.210277046079
105821,19479.05383942705
82476,9064.368086404884
95265,17595.469991698123
98399,23004.51431597513
76238,17321.72637796021
99100,6101.100511548632
104714,9506.055979350533
90919,12711.009852926954
83623,28051.981554684655
104865,11664.876409840801
82002,15411.771313143538
78910,22934.4986602604
95502,41579.726569049446
103857,8961.16713439351
97624,12353.721681379477
85720,11171.017574063699
96531,11106.582557290898
83085,13693.432844285679
107580,18842.66974392731
100283,11457.895864670934
82635,10329.803338108262
83319,6286.396879114352
82752,20458.64835388827
89036,14563.331547056008
83309,11675.463174256205
91103,24528.40441612275
78064,55514.785873192195
93250,41163.167359198495
104512,15425.400043445277
79857,9266.640619096825
105526,17166.49995445115
95901,32111.630128081837
88558,9437.423358575743
106352,20037.927832448924
77802,16652.930106526677
87315,8901.726885657588
78742,27518.93693771033
102737,9588.578194364189
102515,8647.893724684749
89811,6293.756070629799
83376,17605.890749088583
81478,27008.80635932469
90640,14239.63268689797
77782,11532.002355287876
95954,17544.00024422527
102593,11119.666630854033
103795,10154.16921571914
90806,9406.186569085854
89657,19069.34147776686
86003,13974.331848005391
95380,19404.349562586936
105152,21637.600121552863
89783,9312.213738616247
94941,11090.286806628688
97059,12182.409052805135
94104,33065.090069065154
108398,12255.273575929283
84930,8799.65261997395
107156,18811.647109265123
95687,17654.571965001793
97033,8926.5866982891
103036,7395.738059340001
85849,11351.283362975966
103638,10558.845871010391
76938,27560.08369191242
86884,5772.788212094058
88711,11509.358305672813
105179,25116.64794832175
103858,12150.864053623074
105362,31271.952296043182
77038,17571.36573904609
98935,17440.569361143123
83763,9981.851070790763
106254,19793.177500731814
96326,20395.201381591916
91225,34082.36827838908
90336,21132.73571348707
99070,8568.750926799916
88213,14747.455896217922
80925,50533.53092114692
99202,12597.52738415799
98190,6462.040292799885
93632,14496.83322971924
103377,8574.199293009236
106788,20892.58449851846
104266,20686.25657991661
97957,9893.158915819147
79055,23305.0354389764
99963,11740.894025744426
104883,18182.229478128305
77565,19167.936494062476
104641,9823.109434557147
92456,23516.7575377786
90989,30102.187063589045
96336,8119.512549006741
75990,13711.859376898316
81685,27915.392740390846
93610,28618.721752786263
92156,23976.958276189103
98823,15095.561017056676
92141,41871.15465352119
87756,9160.639628013534
87211,12225.073497470665
93983,29848.57780673296
87098,6196.986782008734
88453,16615.761543015215
78408,15791.073687094571
82661,9020.621623382523
105658,9398.21404950241
82377,11939.168339203152
86738,12031.388687512672
90498,7865.13803400021
96128,16839.217521925566
81136,23828.101383522077
96840,10076.737490817533
104970,19829.83181666528
102228,10092.586647980295
77466,17189.043222673095
77981,10462.010209821885
94406,60522.44324264125
107110,12121.430011551432
106442,20679.030680524138
90593,13135.755986458746
85731,9007.420446773063
91243,22097.634518407853
88327,16323.61876991304
101596,12125.855072843446
91216,27367.945323346128
82093,48451.572672864175
106882,19880.53666961799
89713,12809.037095503925
93144,4636.195502049724
88299,17811.263033741096
78242,20659.880091386352
93200,22098.88724913439
97874,13016.653324347753
93836,41728.01280606254
77774,32078.94502886382
94322,22906.269233931234
98230,11952.41974667799
96006,10213.526255220646
85959,15352.855371748532
88398,16206.848193919403
99305,6277.068959066828
86936,14689.955007332073
107147,14359.907058833649
89432,16809.690514684364
104475,17173.703186651637
93164,16305.015094511804
77276,16867.51044101012
107454,18152.555945625354
89979,23586.090908458584
105360,6343.314003161926
88586,10728.409130484402
84105,14279.069786566331
104625,13485.413841785608
78707,22019.501345872137
98962,5435.213025665041
105679,7917.097652372287
107418,13168.77831042576
93072,67043.1130550405
78519,18714.421035405583
98281,20185.602691074757
99872,7492.97708491826
99188,4312.846405804354
102719,14582.756624611386
107129,11079.52012464588
86785,15790.02243214446
80533,15431.586777455968
78168,18874.324321220352
96300,30101.32197635618
85605,11239.207119748646
77676,15887.386330284953
86360,10132.039065358804
95177,39962.564823747896
77263,8791.607429296346
83488,18238.490144195475
106949,21182.11054470888
86400,11773.028789800666
103763,12127.823879691367
98495,12135.536217910198
94363,6968.333965527984
101940,9539.305992457239
81366,17709.930989001918
99546,12539.580437555525
80651,15848.198223284357
101196,12114.095567966084
102050,10885.274136798378
99804,8282.554791184624
87153,8399.00443529641
81225,13524.779460057396
76181,23841.98582265918
98469,17052.475866383702
93979,12494.94306751791
87480,19555.91248535767
76369,16930.627845807718
88375,13363.1999913416
79983,14035.326221417083
87393,14266.748117585725
88732,10284.49639116499
85383,7433.8772394298685
101126,6357.2227389617565
95928,17661.884945166683
103011,3368.5527096282117
80083,36153.2142649433
96118,10729.486941105875
85674,14314.842309518286
82917,17636.856872047967
91143,13988.21015203964
101645,10805.400866206339
92817,15945.310716577751
97402,9907.625208083955
83885,22326.340834284885
101758,12107.345327021023
98594,9969.238983367384
102018,2411.2462721530023
77568,17062.65750579487
92202,21688.89355971895
83954,13578.618267980324
92567,9485.616344414175
99006,29717.66499927641
90732,14706.436283039171
81955,15053.600940675842
82585,11623.601880462122
106285,11089.384460471283
93620,19822.59288903761
90725,15612.996438215263
92088,13575.213011090911
107174,6372.3882780816375
90304,14788.116393723218
104127,17692.714890070834
98880,8898.146490599403
83303,6297.520201209244
94770,30123.130249324306
89074,18470.192273603592
107549,20473.510343232418
99624,21214.01593960606
105181,8791.166158438062
88189,7306.01799787203
76455,22007.26419195161
101020,9477.8350565283
76745,14381.900621203013
89568,17314.228106223607
83478,9764.163009823025
85747,15742.934551147775
106272,28608.29954409246
82872,16831.009609737408
107532,9532.32386375992
90049,9662.940123012277
81364,12797.100687292945
98040,9039.246375411627
102958,14807.936315724206
79260,29929.179116530675
92243,35934.946610578154
88478,16962.610088337013
86621,20968.192753356678
104072,21480.2058198906
90813,14044.269491462253
107620,18649.399993978426
85958,8852.58131485652
91758,27128.423790217814
92388,36764.73674204931
95940,16090.24657987179
95423,27820.924662115427
78205,12577.972771792718
92781,25537.398205910715
76964,17600.46710266221
91309,20731.911857371662
87312,14855.621463371626
99960,7395.738059340001
105615,18706.39509904865
81777,13623.862870803181
90088,8066.527658454249
101916,8559.505771311364
102032,11707.373904390468
78757,29161.5531782698
85089,10979.0505260892
107536,12471.074774379336
79554,9900.38395055294
100053,12785.535786595668
102087,17011.66107900009
79180,46155.90957352154
78292,10324.964282873794
87547,19566.687150064397
96714,11475.61508071106
101388,11568.184447163896
98889,8206.035784541153
90037,10283.954770581047
95831,29121.223614671097
101678,10226.638257336026
77780,27477.427364357158
104014,15278.08064321042
105304,6689.808835744922
77837,18202.772533681407
88541,7171.062769813939
89143,18009.970378034996
90294,18897.811651118067
94097,21224.53476520024
99108,14315.460529187629
107044,12438.037265857078
108467,22239.13561309505
88739,23396.71874093669
102441,13786.920514802832
86183,9809.244889482206
106346,12362.790535051734
84130,15629.75740655626
107757,10047.675254307087
84412,10896.034456285264
96522,30216.140203592862
79372,17131.158776715496
106945,16919.077670350976
88312,7608.744738618625
97814,15926.759293032188
94724,47261.0987795254
79892,18059.848634469145
94500,16941.656441492603
102161,16332.356811336658
85073,11083.447543178487
103316,11163.55745421911
81537,13736.425416853197
79187,29341.897725338447
93646,26093.643797791134
84942,12033.224794987205
105305,33366.65697151206
102440,8018.582757365323
99694,15426.788276496613
97189,9846.065180069007
89680,14720.427267445726
104471,10529.650953715756
98066,5675.270334792631
104541,10413.009093984496
90039,7015.400771774689
99640,14724.754382036654
85034,13581.265746512474
105699,8935.155277211707
103097,8856.075722367439
79154,25644.673715563735
79730,22634.602366746585
93954,19919.521487203107
106821,15495.990556072209
108129,10564.113446805864
81433,23366.359075629527
106810,9275.298221274808
89340,8318.78118920428
92137,30320.677159368
89457,6312.318327020899
91797,22371.3148005896
92334,19546.265731443495
99141,18936.352467866418
104901,16232.335113704494
98189,8854.2560777515
95071,21166.18779843738
85149,15996.796260684065
83164,13820.412863908274
79589,4103.721575542268
96533,23010.312627027975
79514,20911.10765033527
97024,17905.055978658052
84010,7691.766403809587
77716,37997.929881249795
99999,8144.601485289623
91937,30350.992629326556
83222,16997.60437827061
83874,12869.265658060382
85379,8207.84628787041
80923,29033.67446293064
87263,18225.709850601404
77648,15125.79291410215
90784,21159.279879126938
76092,27802.99251834769
85877,10367.01555421205
108297,10189.10223489376
81020,33240.80793343742
80092,26163.51389841966
94008,19570.698156041028
101425,7224.288919343479
81218,22641.58243237397
102599,14759.23675724192
79959,20184.256649361025
88223,16860.9873724506
97792,17162.59761710623
98438,7411.597879900966
107986,35227.94888768931
83947,7217.837945107523
105867,20557.846960722734
107403,19725.50430710273
88885,13926.819027109685
98450,10607.718649407923
83554,7772.589553712483
92398,27338.075164673646
97238,4680.099448095203
79115,52481.99862043277
92394,14589.263664458855
86813,11961.009246577061
106364,9342.008595851685
93974,25058.139833604142
96921,7611.592689471346
76493,15111.280672075101
76358,14062.840416679586
89895,8837.619364718787
91354,23022.046567942827
105589,19985.747708995204
96412,27264.30046849255
98970,10555.773931902411
103020,9065.674192561473
87261,18396.307381144597
76112,30102.644568913485
96166,11405.762633065355
90696,14580.774474656782
94089,26395.158649859022
78422,16821.66555850282
106298,12494.291692249122
105489,17989.512247136274
108304,26753.71547739547
102353,6699.151051397463
76411,17276.35173571554
84847,12807.00048090068
91646,12543.418160727368
76141,16992.41965018665
90730,6224.542225635578
100429,11670.56675981941
85989,10276.796152224204
105539,11734.0003983591
79951,42356.531671293254
96676,6935.679303182638
100762,5791.385849240473
92509,30810.737210419837
79582,26197.19509651512
108529,20328.138882125026
86542,12416.655205653522
80669,19751.84512287148
99953,12925.719788957607
93023,16572.06754555262
102223,15031.288505293704
102167,7205.045632641482
84525,8582.262259338286
76654,30273.855554232618
96998,13326.959847238762
94337,17426.40429687517
105106,9128.018142937992
77494,42891.12692669223
91245,26052.04146316459
98303,21915.339792362698
96838,25239.92970941739
82064,16105.983758266178
101129,8467.589807514947
78108,13006.439288281015
95497,19072.442524421687
81175,11595.174460479286
89631,33212.17392822797
93976,18938.955757278913
86199,19951.382266746863
106842,3719.0442078390956
78263,11773.883998042433
89187,16933.030044712832
104396,21155.65034796647
87198,22535.02065049324
78994,13117.983965908697
82655,9772.600381353293
76432,19675.00943621403
95404,21382.597327547377
83767,12805.971099110877
87719,10144.435298597895
105980,10210.451260443926
99851,19102.606548045726
80432,8348.73110222229
80344,29232.570058678706
83694,21573.06471743319
96247,21161.373198484987
86395,19603.53681474008
103276,9011.479376603003
80262,13665.026916731873
88698,3942.24246472195
101575,9883.263285642293
101293,3173.4621264855023
76732,17745.52633827836
108287,21155.65034796647
100140,9925.307905976484
85239,11216.632976430545
85252,13547.47835597589
77174,10468.335340485672
86250,18283.806169512867
101740,11293.591521634477
108134,8663.764546393584
82406,30596.45352040034
88667,11897.642734984789
96978,8740.850001188339
78635,15622.305804266583
96572,8896.821100344863
87841,11355.89388930531
77951,18783.48428541585
77253,10243.224187313572
99102,10555.773931902411
105959,6513.503232513177
91687,27498.29327071164
83483,6646.787034463308
80361,46022.11128329527
94647,11690.497556773376
100857,7987.178133488886
82465,12399.184408919378
100672,9583.260268859052
88369,16490.08392136054
89345,11782.57811446247
89610,7040.297065861979
108452,50944.518323269775
77913,55958.13289510584
94990,34176.78586039089
78501,13755.134365602422
78393,12616.754621637741
101975,7533.606803181216
93585,39115.74461882814
80079,22101.278774697195
92292,30308.586758119924
88595,11838.353716243933
107865,22150.99586268724
106687,15128.96271913888
101741,14316.257726699156
93999,18459.717855308212
107722,14875.962718823703
80167,27537.100453985877
81844,16018.407469243279
77048,18978.243465782467
107873,21829.300216142834
84939,10293.089325579407
106486,19151.147107246943
84683,10802.30750535628
83721,24405.498740829717
95371,16391.792306107458
77370,25161.82130814197
81285,19767.173605853328
92306,15968.494684031924
107739,24570.133176345687
89483,8497.230555457007
78832,20649.313077587343
95190,27205.425833691144
100747,6763.380715827168
106957,13423.88691141474
101143,8219.770738357161
92745,31355.816582195315
96890,3770.4351373325208
76809,11014.662529749685
101202,9682.199668060744
98845,17548.14714883246
106599,8798.274819068169
102195,7594.971048509602
92630,25083.69651117754
94558,19823.42002460152
93959,23986.874661295016
77993,30556.589089995654
105814,22230.95220323669
90144,13965.983098173538
102474,10689.05601933992
93582,36984.29702470738
95183,19202.867920076194
102451,7217.551649486181
90109,3107.3160141233134
78889,17164.777206123752
94338,24043.166308940017
88104,17519.616009632708
99955,11221.354858298708
91274,19408.781877964044
82254,31110.992850310206
94279,19042.329427340064
84677,12376.583630615587
86814,24052.567506653584
107316,18660.923668063475
108497,22304.424730456183
97403,13628.549839796919
104859,10935.728664418282
76106,28278.49935838363
77307,29864.448190494328
105083,15190.82277650947
101644,7351.8212380999885
75980,26312.053743259195
80678,28543.298907881384
96987,9520.652438262243
84261,13924.422615815703
103391,9655.364850040607
84290,9187.045771839938
103179,8040.500351276806
92887,21827.70768815691
88486,11574.425305940418
95325,19133.520371199098
108122,5580.243232471356
85364,16987.073301604963
80688,35343.32601721733
84356,20057.608915373272
82717,16914.48045463545
95166,24443.960722251293
81154,12122.16468485002
105294,24821.169267971498
101409,19296.600352683465
90808,15614.584483251794
91000,29735.95940939711
107931,31197.800419453066
80058,19296.881518509166
90511,17614.409170713767
92525,32275.331169343077
90057,10678.62115452483
80266,13557.31818657252
84467,13768.896688421935
90576,19273.351443007767
82575,15816.264696480264
91601,38697.305483187505
80196,21764.56397434226
83418,14279.66506245294
97121,15955.066904587753
102024,12460.358091431488
85225,14331.146816851862
107001,27183.12861344278
82592,15608.60651207278
96681,12398.03661750656
87462,9982.239397797872
96787,14044.08123945999
98868,5926.887433333445
86472,18838.855019589966
91250,19950.7713151808
84328,11293.953935301111
101840,7505.304477179708
78225,20500.73136109312
81026,10214.864361365171
82325,9282.688897362947
106596,13255.348872193807
99810,17080.252414489256
88054,17982.004199374638
80041,31420.787621629435
102577,10627.087117803194
95870,20168.32400427293
76937,18559.714342401185
108359,17124.565809906402
102482,11907.572213837448
105228,21011.658165330715
94110,49551.940924301714
91022,44220.72240556914
84243,7971.409702897393
88868,19735.65526688848
86994,14604.893081238952
103924,9993.745560896443
102415,11766.593273102037
89954,13376.925981407756
98212,6620.515964500033
101117,9796.451777350885
103865,10471.942575457628
81944,15533.476312244866
87371,16278.288708879018
103778,6520.672972571491
84310,18776.94418739074
78146,23892.851854775443
83910,15659.430576117185
96498,35302.891460024264
103937,1970.6430640863603
97439,14856.931923421798
85156,9800.555323428665
93197,17729.20306481429
98573,7722.6817833630075
96816,12892.116585752476
94610,17311.474595473523
102536,4967.416019049703
81021,13876.20417656305
105037,20407.02129444092
82891,16631.55104968142
83601,15466.020054435183
93413,15337.416919160121
84517,10099.045942233986
98296,9527.937280568314
83442,12711.705127112773
83641,11440.789237358798
106454,26435.59573971109
88540,6545.102773374983
101350,18593.21328660866
86741,19896.977172449835
79411,47758.291215389254
81400,18230.216709925047
92460,13902.367227514524
76076,27600.716005998118
85593,12152.966790740636
99476,9695.271158739211
99991,15714.73519418452
80184,21125.713808577377
91365,41306.08940268699
87967,10046.934581109685
97960,7081.351374498154
106216,9092.901055260143
94470,37335.09406452143
105054,21472.431932961863
76801,20172.310987234
84376,13252.20633004361
95818,28463.098222715664
101354,7599.282931592791
81184,13857.615925859067
95386,28451.355177122892
94813,19000.58688795099
100188,12142.537298181289
97816,14945.205214440872
101948,7166.587645417103
108229,21828.595860196485
77604,22732.531807093135
103052,15587.75815222404
83998,8173.837153498726
103163,9697.838063510537
78407,21859.887749132842
106267,13647.15597210239
84808,17072.868781459474
102176,5386.598765200017
103807,10810.68152103328
102936,9527.789179798134
77803,19616.200792152697
91153,19490.693959698918
96806,26056.10292279465
107797,18736.80650482258
92654,9274.35324738033
82110,37897.091831542355
92570,21090.928704475304
84350,12785.886336551706
82022,34502.01106723263
101036,12534.319496999746
93012,17405.403918777058
104053,10128.860547121863
79339,19189.69951671609
79767,8935.431428812984
97252,14106.746206956104
95098,27704.21313042761
99791,21963.598603853836
95121,22209.723626849
100598,8486.700623795874
88806,17322.465442077715
93433,16858.316639798606
85064,20960.747489139816
103820,5774.117433986295
86190,19365.087066110824
96438,17868.962036408564
106282,9640.691485060888
93667,18014.69275590258
93191,16123.581176146243
103899,9801.185491160071
93568,37610.594198725026
104546,23879.24645271576
80852,25811.202607044597
91782,14809.109756163729
100867,14103.843698470702
96727,8250.03237812601
88787,15501.727261773327
80175,13263.91829136512
106215,22459.37366207818
82884,10341.251950195985
99701,9039.246375411627
96972,9222.021264197323
102844,15372.595101350651
85912,7734.719252801224
105580,13313.01101714388
92949,17563.674349933965
95794,27637.45913489952
81410,16060.687625828125
103413,9173.839776436815
94880,23731.42832914018
87634,7906.20746055078
94036,23236.17713069786
82130,13960.416272906068
97256,13546.414854992494
103817,10656.678045480925
104456,8558.669479831624
78003,14526.220021185536
104097,14483.567270878835
98797,7028.009555604303
107315,18453.99727610703
106755,29447.48994245388
81147,18262.548209158813
105271,5514.654294643679
89017,7858.429046730815
90194,17993.164707684282
106608,7190.485835282904
106146,27404.44378163821
105471,12118.300826751269
104538,9169.093966179575
78198,34881.007767981304
104720,14315.561467581705
94900,27095.210425506
94045,34208.26870581206
100816,12706.397997301718
85400,8624.482026906773
96876,25526.775444982737
93515,24819.44024648109
94077,25182.613769393673
87247,22807.592196338304
105067,22369.198263761715
95538,45573.049689946594
79301,12903.90600398997
89679,17334.845393515294
90677,22493.458097787545
100348,16057.481750232362
82373,23582.339840184606
104030,15199.513580385581
91200,27804.02539380569
108132,10289.193684783017
96587,10914.039098320825
92498,18689.282170109116
103409,10592.461252407376
91232,22163.060236700476
80016,20645.191683015164
98705,9741.684309186443
94058,65675.41687314397
107248,17094.866768421136
85165,6266.028842199142
87202,13589.641974264949
84291,11324.924015954639
96682,25763.483225040698
76451,33525.42671485104
91004,20821.823125543022
87541,12921.364919763086
84735,8207.039001725456
86029,13102.090345779101
87675,10841.069237702268
79434,30749.42600185548
104691,24097.000598761628
95401,14087.061664231056
103975,10278.968990507938
106441,12605.384712664301
105335,22429.74355274809
86453,6350.225616108388
84490,22067.026429436242
96908,12638.58717884847
87472,10813.28213394034
99908,4363.044191118799
84898,10136.412028484852
87539,11337.823795951814
100666,13132.11023802148
82231,17881.481403933765
92648,22683.24617209557
84694,9276.850197703154
81594,9057.228407465365
82685,9302.241143430658
76620,34194.427365899726
76943,19209.51482795651
80231,22468.51451258397
94782,11028.257738806826
83815,15279.037304293679
101713,10651.892210676182
86358,11277.198096993849
98701,19383.16650886881
106421,11624.62618351867
97920,8828.863037035748
108072,16900.23356996086
91315,23224.34355125484
98550,12071.695942719798
99263,6489.72140361359
95373,15662.72434401793
80445,9879.082393078734
76982,16706.416613912494
85544,10795.449440417755
101977,12100.258956610714
80279,24551.99553513769
102808,7363.477970733943
107325,15157.89337550205
79988,24503.549652593367
83473,6345.881212974343
80074,24758.733371587965
87094,12473.56560959263
80523,15730.106898930815
84129,14201.635789731225
100159,9482.147687410006
94256,26218.42674625842
79199,24305.290812150757
106674,18512.654776666473
76299,15225.057768086375
82217,34232.677571493165
87294,16344.552439735919
87361,7590.981934566194
105782,12060.359010576132
99109,12628.281607861334
97733,25235.57948640888
80963,23561.706441832048
105129,15369.20402115933
103322,10938.268417964533
90068,14848.857556800134
93845,18560.39645941545
104956,22777.42046954726
103473,7312.6755252807325
78167,21373.983022664423
80718,33702.06752874928
85621,16307.87220872468
88490,9940.005073900798
105456,12466.874804642122
98490,9808.64492247715
86488,9638.363540561788
107303,20176.483258785247
106463,10698.99352160899
100403,9353.55577992236
86991,19828.65456246105
95381,39058.06516685729
85219,9786.222397561498
104635,20679.030680524138
99004,11784.283208132729
80747,27388.886052203463
97854,29382.94921266753
102646,7839.49169356126
93364,34244.78186895613
101209,6504.056916382928
89140,16624.514609559203
96244,10020.400261717024
93727,16989.821854977312
82138,26421.546489465163
97759,18356.965113380713
86015,15576.661953501643
81090,27960.667978807247
106085,8072.530384863955
101600,14032.095698502151
94831,22096.086967864758
96566,12654.234516269253
82361,27552.88749229827
80479,23658.749886355145
82068,10747.536216943352
104750,10435.433048033874
93539,16230.535109524502
98127,9909.216130815108
96971,14283.3927281226
94105,21350.39501535101
95326,19252.788226037774
107438,15107.274447109832
100536,8619.44324086648
92659,16421.689317790162
94809,34644.29069756015
84186,6098.967353265016
85631,8776.878355945115
86381,16761.17169670538
78721,23080.320476039462
91773,19415.768215498185
90453,13959.865236358011
107225,17129.212807427255
89949,11952.527870325599
104531,12553.904052605681
76979,17863.61904465232
104743,7948.931288554979
87731,9817.203207500908
79915,8548.08392134994
105072,29537.550299085327
99332,9695.271158739211
88800,6639.626902783133
89522,6604.318554988944
105361,10047.675254307087
96528,13689.729499260187
101546,6741.934200125483
78680,21807.77767211547
87029,13604.337010143743
80591,54270.86355998431
79887,24775.290664626835
76107,31680.429418119114
78272,15848.636210300245
88116,12632.714457344102
99644,12474.383932925219
87595,19629.57929539881
79324,17077.422909660218
76408,45019.93188069418
79173,14883.822022805785
95084,11244.306303911808
95455,23667.230865164165
83809,12751.811763480187
107320,12815.11805832434
78828,26413.669878049663
76284,16016.886859498198
105622,11251.80149879542
99344,7055.150753123976
79395,16965.428806009433
86906,11871.34420653522
107576,10979.64364390647
99418,11349.471878161685
89050,14202.093104640473
83758,9875.20681313029
76289,29923.650788088016
95798,28544.886219938602
76119,22260.348463648173
87583,20442.767988172538
93110,18128.775155216452
92911,20285.46927944027
99758,7874.232145737555
91697,30219.17864345423
85260,18647.600045682724
108475,21181.10454531597
84184,10377.462845381815
95737,19375.964495262466
105286,13799.488365787618
105354,12289.760087933004
101587,13132.811513871044
99526,12197.720345783731
82328,15161.175760318563
91052,16846.387448941092
81332,47996.215100655616
84562,17500.575448010582
86175,19335.396069462116
94828,27113.33508710789
76792,34487.01894470843
80436,18271.731511225524
88143,10543.845663314874
102644,15854.046700062758
79459,24669.32144604127
82225,13938.09754425763
83772,12967.507897670872
82109,22377.613216483816
102803,11739.285629652544
91947,50875.79632606874
88498,4875.318485017069
104204,17461.18712037771
103303,16981.332650834524
95989,21766.206370532662
90917,29815.746911702667
104994,15217.019509316793
91408,20147.019958578163
79084,24320.789494892066
94840,9573.001576013343
103127,12977.986703794099
93504,15941.644243371955
88642,12325.344849439372
95535,31372.24534475173
82775,12072.353536734283
96490,8371.635056145024
77545,49334.61752169392
104939,7099.4591466431975
97679,11646.023368781996
95462,14876.857290673954
82601,7378.769198386378
91541,25876.84375412691
82997,17727.22349909655
86757,5849.100307548234
86498,16318.119135780353
78468,15929.468386373374
98262,21491.59547157522
108488,23045.7617513329
84813,10600.760064826121
84965,8744.590128076916
78478,29614.153177765493
98819,16605.218665046592
101543,13878.913311588316
82061,25232.459903509796
101359,12249.04533565343
107203,12388.317125043799
98811,29207.03769498916
102982,10094.660433940178
89603,22484.357922131807
95083,58226.249911106795
102426,11382.3271928255
88264,11834.624424558475
87119,13100.638192532651
86554,15986.715886632293
103454,15587.75815222404
99382,20869.865140578553
84255,9439.341116298388
101580,8628.187480670453
82690,24934.42811254123
103650,11587.95448129874
92587,72369.88616021858
92831,15474.160735901489
104410,19046.403483971593
89264,12796.64164224703
82865,16723.60443667917
76984,22417.002016324666
94265,24712.634987649042
76786,9882.355344537154
86379,11315.573571684963
89735,12392.448150625716
97066,12487.670112947726
77007,18866.825230837123
89137,16125.00697352543
78243,14147.998023213651
76669,28043.053844174676
89281,18807.97347533605
105621,23269.294068269784
84020,10674.39266989313
90142,19938.863951484123
79677,24545.361003365113
101025,12982.05600295409
101821,11912.265052979907
77424,14384.458493727196
80188,20823.64839268896
94655,27842.235043668865
85282,7524.160333052354
78763,11674.696934504933
85774,16086.861614466958
79278,9191.915812309338
84460,13828.712001838383
81489,27021.413830513422
90788,20707.346421712147
90191,10497.98849479018
106772,33850.06859342842
108112,20516.22284377245
84380,13095.852146285288
93636,64069.959171509494
103749,8643.630810519791
93435,14387.471772794159
81394,11921.37305102188
82146,37030.64406651624
98362,3257.8251840532753
88250,10869.53495593351
107041,17588.643425392966
103478,13833.71483940054
89273,9471.775217110488
93583,34825.99667373735
92107,25003.341174272402
79557,8108.0131489557625
77861,10440.88293043173
84591,19116.299148991737
102756,5777.846655714261
91798,21033.819573125467
100309,15587.75815222404
94987,24070.84060265698
89991,14801.219882235073
81523,22840.84767336024
82815,14608.102073596647
84366,9432.65688661553
105609,7118.850994283546
89695,7736.17043985576
86242,16306.26199970748
82477,5829.432936556815
83774,8451.677531196301
103676,9061.086235497814
85371,18370.272706434393
77386,41513.11840562866
93572,10849.054667772858
77535,25005.344385714794
97174,11764.956615834482
78330,35722.5802666427
94032,14281.783216706051
97537,14625.807794385288
93975,14169.44905686503
80657,27212.19411699966
85971,14717.62903918956
77536,14063.66185991163
81757,14269.570298375265
81232,27129.637084330498
88606,10028.827114380321
107709,9555.76899780042
79596,21570.2265959173
85671,17290.936929699856
93617,26015.10023473154
104211,16058.804783427773
98843,9533.490260840837
76153,47981.80252471144
105258,8364.452504869567
94812,27287.697775092933
82892,18829.473582757742
87816,13204.628126555395
90058,6835.942005891805
95471,10136.144771915806
90419,12724.070421142484
88777,13805.827154080733
101559,8280.934497883496
86808,15343.23741454516
93637,20066.727303231168
81562,12737.117311163514
76442,33991.71153841971
79967,28535.46979211429
88683,19464.63320983015
78139,9469.312076946491
86530,10868.861606247669
77000,27117.110282332553
101915,10991.136301411443
90706,10837.36363391225
77396,18710.661532311347
83475,18300.368001345363
104217,15728.387337811548
101461,8733.70643741838
82676,7305.560589075093
104438,13154.979342327295
94757,23721.256078276183
84916,14767.864726425085
85934,19175.952269645455
93051,18668.63970518861
85136,8774.022720104575
86448,10601.851744730331
102828,10003.137088624666
101564,8963.06109229934
85740,21294.908804597828
107725,18385.156297932856
77165,23565.05395203094
107859,15139.039283382757
83065,8313.567268317309
83470,27924.2989473292
82147,23782.836907751593
103691,6452.031869066163
84024,13419.517338890546
99630,10106.118367082836
105243,18232.6697093468
103804,9056.67478009761
80130,9005.680739374819
97317,10677.560177995654
78532,33715.62761692911
98989,7088.712702663973
87716,8884.603724438615
103640,5379.9745394438105
100541,17246.549651972593
101428,5757.392479413982
100899,4727.374360434718
91739,26865.230580321353
94502,41305.23440909052
93919,26580.934472875928
79707,50504.02088198913
91516,34856.95988947516
93156,26995.946542272304
93340,28028.20985717263
86892,9679.642502007091
80420,16277.479687518142
91660,53474.46890420455
104006,12902.319026385509
79833,40117.463199787155
101663,7594.971048509602
102471,14473.306930227558
105380,8575.067956932897
107076,21332.164922262196
97009,21273.597183513415
78577,32875.63301940162
100281,8145.437748019191
81075,48181.156713710014
105712,27868.77020329091
90807,14444.998092004309
84240,14874.749394994402
96951,18715.380184364552
77270,17187.769524769483
81760,14947.17261323356
92040,38450.189822614775
89339,17726.863737153973
95256,24757.86069534339
84788,19023.635799248645
83686,12347.27896233815
98633,8192.89121010638
76608,19774.29605859701
98918,19018.41162291739
100264,9828.31812557748
93998,19544.451612307796
90051,7738.338930283128
100506,13054.155507022771
95747,13457.827397755153
91393,12985.55975898397
101051,12916.51930835346
107844,16013.202481346618
105479,17226.97566345479
102468,11678.76232723329
106785,16410.31903417786
91577,17204.69221940506
80832,10334.20411458553
88616,2014.4194081533901
78897,23973.34924332322
83228,15197.063837714204
90389,7741.479411015068
90154,13164.66631866634
107664,21683.143554180264
84602,7011.236651417493
103155,7672.0700682407805
94290,22599.366583026465
84292,9766.07898520605
82455,27214.78755564215
84453,8070.73294330602
89161,17092.335046683016
104207,15359.23803458969
85660,10125.352983615243
80032,30348.019427636442
75996,20470.032148658058
83712,10826.730337536646
89784,10033.035746324296
101364,4074.2711178244185
79099,19549.20557757307
101423,10114.262341164083
89977,7813.570665773705
87688,9207.233132490013
87401,15741.418356732138
90723,13640.897120626842
85875,11681.255074955763
106387,26783.032923791754
76002,11862.270985638128
99436,10097.274557106175
107239,13306.152301541606
80251,25990.331121561667
85127,30137.127927570098
90351,8764.87098159798
95526,24717.794411562918
79335,30943.01535585485
104754,11064.102802777938
91081,28666.09979048377
82005,15222.715014311598
89414,25004.52367093813
102366,9419.84910019189
107017,9153.987654967228
88810,9957.020805972192
86694,7111.5661378450595
79641,9272.803558084046
104863,18260.294288842942
100526,16891.498160921623
80318,22031.826020028468
100931,13579.063992256384
102375,12051.561093366689
78617,22312.778330309186
103552,10129.171357038535
108268,15154.965696470956
77842,15906.013542951338
88774,8195.75990946817
82323,12736.000479070974
94125,26479.42964622971
98661,8921.321236847103
100997,14565.502879803678
76933,5799.2897474339115
76957,38734.468953840566
84347,10072.656385160479
102000,7399.505923326913
84626,14227.943054924055
82214,46397.96899501637
105909,29691.610112096805
107442,9960.315715867906
102342,8306.101997989806
104461,20212.46472203329
80095,49719.898249096994
83558,14776.40422905601
104376,20359.535811313366
105494,12581.089645404365
81702,36044.22482083244
108056,13019.155948456952
84131,18741.82227641349
94242,25296.613654299552
102987,7309.07316355914
99643,16780.31351511175
78954,31769.070838747197
85511,17477.19714995188
85380,10316.58558787658
77232,29139.37816937866
86585,9392.634838488404
99729,13204.758096507925
94946,25822.899709802536
97768,17621.881081080304
83855,20543.878520463022
92397,12699.342158616195
90311,10146.913299605954
99324,8070.9921547359845
81167,14391.819336811512
80030,34675.654721143874
103679,8858.911663265719
80164,11250.219024437762
103198,6754.110901357068
87658,10323.8513767696
102090,7912.4937804724805
92710,13232.138775529767
88551,10627.34421402764
91001,23611.132593405167
100653,10553.617889401898
106050,15372.008518748966
92084,13538.086877249343
77402,20085.24718348523
101296,9033.194006427682
107242,16489.475218002688
95646,18776.920949144485
99126,7920.737450697721
90982,21686.347211370467
94896,26834.61084569544
93011,15706.776957613789
84607,17639.998000966305
83352,6678.028037516178
86097,17149.779480925667
99312,7799.7735628405335
77584,29385.736969437832
97372,13078.90532074399
107179,18216.8580387726
105835,14831.258078542785
92924,24813.131350872856
90798,7727.063182961514
77487,19238.497703314453
87523,9368.967116061745
104328,29963.272096927525
91404,16158.869045880696
105702,20560.116382519253
86051,10658.578943798093
98136,11794.153611182173
91149,18016.865697844663
84015,11198.896722471052
78227,21563.54775313426
91810,43183.43663640797
92345,21490.44935466655
102647,15846.511629548495
106549,10696.42810099771
97007,20624.11856475199
86887,16634.972360701286
103983,15198.726799892807
89554,13397.488963182328
88066,11580.529511514438
98778,18959.358360144368
91459,31934.774122943083
79659,28435.62486946697
83978,6655.599750103779
88036,16531.723651383818
80483,13809.98034778906
101770,2201.234933412212
98220,21697.46707855173
84427,11135.275915723729
94491,15254.00611551143
83782,12777.532510118339
101945,8732.105308598913
96613,12806.202326235838
80126,46249.620474097974
83381,15633.7296866919
100263,10037.612721879424
94953,21237.602541436332
84413,14196.098605394156
94816,35291.870891887775
78578,21484.275190108918
89766,12737.705265484345
78560,30168.027239009258
106444,16177.450534578422
100883,1809.6769608262384
102769,8730.048703810697
106426,33366.65697151206
92404,36717.12523830243
84800,7892.247990373778
90714,11040.729604592203
96274,17368.083580748353
88259,8941.316137621108
90683,13640.897120626842
78878,13904.958161925626
78675,12233.832058317825
102189,18977.090970324138
97959,19185.642579987754
78324,22555.441616117136
100397,10483.112310478718
89808,12290.534293640498
102920,9190.013652547133
77724,11586.578642130062
97183,18397.022850261255
102360,7550.257036092621
81748,19705.110647332254
100225,6700.244732065534
101411,11832.670219253987
93887,26089.03880396344
94437,15351.428801161155
102317,7795.170919231559
100939,10510.220831140286
102016,6928.044862611372
88651,9754.604313702217
99340,7108.121555247146
107078,25561.217416066705
100937,11221.790584541297
86922,11095.204717294082
77864,28093.87609482543
105180,13341.303451031576
85599,8287.542971680457
94556,48244.017652666946
88368,20961.79880032713
81005,58775.38325399245
79083,33300.22255629535
95200,28036.769513594656
94374,23527.871916034743
94160,22575.970754075475
104549,15479.034299513802
85933,16470.144270006003
104848,19976.950552481416
104424,26965.718964970514
78183,15426.150069439445
99280,21889.49437953411
97928,7317.364770395643
93122,13406.210123669129
107991,5312.30223020256
92468,27468.786019702202
97451,8933.923839591174
94463,17136.91480119881
77629,17271.05344026886
86008,12778.19096354901
106210,31025.01380030126
106181,14538.581914046657
87485,11126.743783831618
107645,10551.329801545298
100084,11756.808384615519
88201,10580.252384242649
86236,17074.356002635188
97090,15424.098157893064
83909,14737.147019928918
77686,29552.98665002883
85505,20036.276861954735
92046,26670.397301186986
76681,13831.479904271368
102648,8339.554507925104
104998,44481.11360172538
86349,10549.547988020186
77229,15644.782955623876
93379,19904.97337507096
84973,3565.440401266475
80681,32113.67764114911
97876,10888.793988298841
89330,10646.289895952339
106836,21053.624317509955
96449,11189.031047575685
88765,17641.120382741246
85710,7494.850817916133
104002,27021.67891988542
99224,7486.9059550108905
96767,26325.407957553994
91035,31518.913175739002
91531,13115.678837670295
95857,23408.99680284481
81338,25761.154735635027
97921,13314.767999776193
94040,29897.182445735012
88240,10751.03853500666
104643,12201.252242044073
84702,8676.926643575167
79809,13741.419740529223
82171,14350.937786631768
102481,11115.573076372553
99514,9839.661053213997
76656,48946.16180781763
86176,14147.836472743085
85784,10987.84107883881
91529,24404.386397872644
96184,10057.263655663499
94982,26015.10023473154
89887,19381.64875011518
91306,14640.13379869425
94801,17786.731052933763
84873,13546.731195332353
105262,17160.292843566673
78755,18237.580713530275
105378,19127.933095825018
107314,25535.76702282919
88401,16835.19369809403
104523,11018.645417211143
95968,16284.996117570909
106940,17415.429767896614
85854,13124.832447630557
100090,16332.356811336658
94299,25323.800100368666
95815,44791.25717216188
83336,13534.464154014095
93357,9784.94643522062
83671,11961.33403548563
95352,18409.163272076355
81447,13834.579511353113
82530,10142.137506994737
84072,6785.102259340264
79590,35608.48757146933
81072,18264.364543598233
100894,12627.484572469572
94501,25285.819397993295
98410,16693.829398628728
77356,33448.29910217746
89008,7361.503622347103
79270,70685.79707512287
102768,9222.68866150699
104671,15831.023037712774
91482,28385.174649777746
93496,25859.16474941993
89699,8020.840945993577
93711,20131.242979948798
92768,24179.98526001024
102118,9704.119911588252
99410,6782.106643401852
101552,7691.398216383411
105876,9104.665429869654
106386,26164.83370670546
94563,20231.861777390248
95860,16771.404605751864
83636,10837.88774519463
98837,6059.1111998565875
78724,9154.418467778189
92579,25685.085417495036
82223,28753.873382134694
84289,9695.337844932053
77579,32658.52780034505
83896,7300.011115599674
87389,7522.638404958388
88139,9053.759087252974
106790,30439.968136989257
82260,23533.807572199406
101627,9630.405862731852
81876,20706.665379392365
91029,19856.37217329727
84583,3155.238321165469
108158,10751.267071233899
108203,14731.42247712893
98582,7936.230145176363
107003,41979.27614101786
107777,27662.34558851155
90308,8526.902886101472
76799,16905.682605290516
101387,13932.971664057966
79964,17597.188525996884
91606,26580.934472875928
103952,13681.916210741414
88622,8580.44291257364
94559,53368.739533222
76143,17738.951947351936
94903,21963.893029468883
104486,20798.773639563613
87551,7404.7049144689045
78063,50374.96154817086
102556,6144.952044366432
100052,10719.488927618791
107074,39311.83700917502
92069,26391.09246887099
107850,30403.68627398284
104540,13923.970025536406
96846,23840.694866483176
92391,25689.704592694212
84659,18096.223294247986
84117,16807.102412315617
79120,12153.826689179863
91389,13593.22590438132
84349,8788.719092047497
90954,45707.70696542958
92695,15032.514953664033
107811,21661.917961815074
81971,20109.470211604978
83450,8133.806996050582
75976,26418.715343638156
102965,9886.190105097105
90287,22234.32910635178
77605,46500.312522552056
91214,27272.591077861794
108303,15944.5920480686
94860,43629.74651635695
79366,19996.376018220253
106091,12611.286187639687
76439,34463.303496860666
87417,34058.31833562604
93478,14141.450735970453
107216,22042.776160876874
103764,16157.44141251223
86879,14072.07111533158
103625,13744.854818968426
76402,10816.304875754935
80311,19058.74328152998
80391,36264.11688911752
100880,13391.149028038471
83171,5851.594971256093
88078,8058.220446707596
84318,17821.35284975018
93526,23797.717627181155
94190,17308.151138201814
97052,11651.322830936644
86101,9250.40163326217
87543,21527.923814550177
85029,10591.265456878085
83740,15957.45867723795
100089,6057.548439327736
98227,16200.411613742981
98248,6835.242848546808
107138,32218.701139104956
86854,10229.439730121703
102785,8801.06710657439
87839,13325.82442411582
93906,20151.779837208076
84661,18092.68757651258
87432,9047.911682114223
85654,18649.718293454764
90678,15868.378853289481
95299,19076.171473650844
95236,27628.815372019853
107608,31282.07671766648
87004,19451.982943719242
100566,10482.391576313417
80665,11552.199356728506
88010,7777.4695389226545
102663,12234.266411629764
85485,10946.163007366591
101269,9987.344621866963
104674,24236.08665040796
89263,16293.865814668095
95420,21305.404602990107
102691,6232.335498001035
86663,8058.220446707596
106138,16509.764801003803
91571,22557.47402910727
93819,14333.313717713385
78571,18349.89842637478
94985,12271.891909793258
93301,17931.557949549064
106718,12171.841410637338
86771,16784.349018938192
87704,7934.705028543736
79666,17970.50397792878
107584,16727.752400176603
84895,10531.000293193412
108408,10136.126554290482
98171,15932.462629984417
83310,10296.113070357478
86673,14929.647785980293
82853,15164.117825171863
105650,12770.836160718352
98670,14289.657922872439
85066,5240.888878857781
83794,6450.707890129141
80583,10969.638826734581
88130,14194.785104170756
98999,8932.01909585353
101330,6774.93110980384
94984,20184.375050271938
97990,8327.87370197505
86985,20177.484976911746
105865,21314.091971824986
108519,24540.71796772846
85264,15460.108687994381
99920,14356.0693389419
79757,23193.165124129486
102991,12187.062115660847
82734,14597.564088898476
93798,26116.195194546843
78739,18005.802897772504
94102,27427.752884097907
107720,13430.912791272774
104818,23864.12572810445
105035,5157.231259670986
78882,12868.494967996696
106768,8998.823947386114
104488,17811.706716295772
83401,20600.328018198208
96513,11556.06584693862
103742,7533.030871996453
85746,17497.175465712906
89503,7278.7662187099495
86162,10020.647266149575
90081,11360.289036345062
87809,17429.462329615108
105903,13195.261557432566
91476,22528.6482932981
77323,22777.568396113908
79344,39000.24612628045
86967,13034.821941436694
87631,13194.367515607764
91478,21809.89269019336
87477,16691.461967521984
97456,25965.829086807924
91210,30892.693234187576
88841,22577.290880335186
86262,14109.278257799337
98038,23054.122017332487
108461,18431.993807091432
95645,21211.36178894081
91233,20305.691245538474
81480,28231.612879307213
82671,16955.450176038376
105275,11197.589368401494
77852,16703.336276289912
90565,21618.659649940048
89172,10923.853146825195
102384,9489.151256852776
88944,9006.186281405857
80531,19138.980312024934
101795,7882.7970591145495
90744,6246.767237449758
78179,32997.81062893671
94388,33995.8332182422
92546,19549.255346045793
84282,13259.101777736314
87078,17287.728972411987
93190,33249.55517282167
92014,14373.513628805744
104501,25595.167463748625
79523,22191.311640611617
81096,21240.3085700464
78193,31865.26023785194
94720,36717.12523830243
97242,10153.095145476454
103784,11341.251056504245
100186,9684.829328937467
91494,13400.498140376854
98765,5298.33329768774
97370,20069.707588258356
76295,28176.403868842164
105840,19025.644564876497
100641,7644.173232566128
97160,29120.534798205743
96440,23233.49319286319
84853,5803.546185595233
105223,10462.587986849081
105879,10499.544090102394
80347,30713.00479822145
84534,9895.274781474529
85045,10958.235039711919
99348,24599.032180502832
105487,19060.26774505441
101906,6328.820473703945
84905,12424.978836454744
105810,12087.19537042218
76346,12397.665842174596
104163,9952.676052850742
91997,21229.771711392452
94182,19852.666448406766
98583,14218.768517380398
78048,20942.242293203104
91650,16700.529634587103
99045,24235.016046745553
90167,12892.445269172596
81936,7831.793627375082
97322,8545.215454393947
79506,16372.612769417998
101689,10317.722222649249
99677,5958.742196533268
104364,7760.62434702551
104493,20711.178495092005
85811,11321.495223096317
76088,20040.659333543055
107014,10321.400998031077
85517,13748.654410640145
100065,11807.623979077267
100700,9103.724684344154
100178,9298.25425483687
86072,19810.502987838838
89071,7962.875003444627
76027,11638.607528400764
84394,11203.580070767313
97989,16887.340448616967
77527,11483.14773184616
89342,10716.776273157522
94118,21512.324846352723
94468,33351.31045198932
76061,20728.80739277696
85744,9373.853763467989
105185,8474.710440837973
79043,18420.07319233198
103948,11101.459403855542
98325,6908.114839511442
77056,18517.48682659299
85262,10951.621072692793
94885,28962.73785529422
92436,67867.6300375079
105339,9691.635227643494
85288,7055.23990969829
92944,20912.070368713514
83145,13882.823434766684
87905,10230.716637571344
89188,12031.950031581719
90245,15545.681636505862
80370,17241.916773124958
92165,37613.59870486678
91638,16021.3303610124
103657,11490.992469162638
81016,21238.651396584755
103792,17509.87634788745
94815,15619.93096112612
78957,10110.641905962795
83141,13863.344523623877
107365,12536.892311684187
95563,26269.68650055432
76918,33155.265713565714
87215,13429.437522754963
108328,11293.176001352767
108027,18730.900810462026
79325,35857.83170074127
89545,13640.897120626842
103967,8295.191669910582
77530,34541.94092351286
95330,34537.573838517485
78671,3578.7910987636196
102103,9404.528966277712
80024,12765.340324375326
89481,9739.191949086371
89138,10923.956517714718
98762,6736.319374891308
86166,17358.12394936777
91396,15147.044052174082
94749,40264.220540778406
95788,17202.308673622032
99730,11987.086413158482
102801,13800.438452782437
87208,11806.423398004288
83098,10659.713563549005
96015,25369.45563246522
107970,24698.905540705182
77471,32017.22404763677
85822,6352.527843983568
100518,9535.40517957405
97282,19978.482418639323
107193,8174.213146230318
104825,8817.6639626015
82687,31956.56509542706
83026,12861.91989478759
77470,16099.107043820459
79254,13260.235697783093
108020,5315.760973005401
99103,6828.8122460008335
78665,32230.329210859778
86932,13162.847079224768
79269,17604.944585368794
92024,54203.65856323283
95652,29838.011348570155
96170,10783.370020464477
83586,15161.27680994111
100804,9283.613981392431
100758,12596.638858143462
107628,19003.311178885055
108337,11429.549391128337
83175,16499.040852286966
90838,6516.496172748527
102741,15203.018851253031
81263,14534.618189606317
97071,7836.193880488313
95004,20309.55069467761
107019,17355.44100693453
95503,16556.91344581265
86249,12923.318521696257
106921,28608.29954409246
89972,20296.8235570265
77660,25417.13986023148
77328,29345.63276501073
98264,12412.28356911305
86800,16415.54627743522
76661,19624.181929980874
81734,40845.306081549614
84741,12101.519579938464
89926,32298.51636792427
79502,12827.687197657422
96963,11673.887877053374
97855,29099.08427613842
86877,19259.870694233883
96814,21488.161609474766
94648,36922.08363949929
103104,7562.859132802117
77999,23346.66087773081
77500,24556.235052196538
108189,11741.180875787455
107124,18199.768649821315
105320,15863.342047063246
84589,12232.916846106164
100502,4138.690892965411
84272,19826.172389034607
90146,6209.126284759709
89016,11039.175381862311
92360,21465.366336662802
97341,14172.943594729772
99635,10248.922112860908
93758,20110.25925752609
104345,20050.25991591069
104346,12536.892311684187
103219,15777.661593721212
94240,15041.842221783369
100510,16034.506091256993
97788,9516.032966948289
87877,18740.472606926247
83993,7960.085003375245
95268,31989.00046243377
90857,12077.839971726879
89897,18029.874797187673
103642,8188.557039937783
79712,26207.148293317685
84733,6547.830729937425
103510,10658.317222476253
82151,15173.397726809224
89275,6189.554383630539
97022,23890.091647874975
89964,6723.553573204433
103169,10719.488927618791
98586,11518.882892485932
78199,8582.67979331505
78507,20814.58910017971
88856,14221.500452610066
79309,18709.34602007136
85685,11033.856289313288
76527,15262.685861457625
81636,13734.813687449292
86638,13087.63050362837
106517,17648.144653053092
102023,13482.658509578301
91620,49114.79619390956
101886,6981.65856651159
84887,13468.135742318667
84751,8740.106786102015
92613,26241.304061555533
91825,24848.399892267054
101895,12915.496311579234
90560,17674.013909347635
105545,8907.126684187655
78700,20006.415676970333
82886,18499.862953200427
105649,10350.056019574311
77577,16259.00432562444
98003,22224.426473019095
80537,33044.30384498108
87387,14157.666481599506
97626,6228.040736689531
92948,27093.998028719972
104000,11027.651178281312
78385,21577.484385332482
103301,10128.301260884931
100102,7083.978147553083
91401,15686.137335381856
105726,10013.704850428623
108002,12006.86618945824
96055,8551.779182699547
86533,21305.960119001156
84966,14483.521408160643
82750,8852.455174469545
84780,16105.562088868972
99760,9568.355372704216
96353,25982.528268984363
90252,19048.838776346063
92114,20340.226525867187
85641,11406.710274889336
78846,32133.087081024496
97479,25984.219781159114
100657,5174.096066660808
92553,20456.883745069466
87684,8050.053799419075
76579,21800.86707156629
104441,7609.142496844167
102915,12126.139505914776
98255,10459.581087211385
84716,11189.277656141992
85426,11021.591380593218
76829,18962.07602787661
77899,36904.38110170735
93875,16579.516369511828
94170,34928.44467601919
96206,18654.880172184043
82777,14630.636266179468
99399,8914.195264287195
76017,23885.217483087417
78785,16173.972226567335
104195,7603.662175182328
100767,10697.397870189334
93500,15907.13448564963
103248,6647.462335229234
101828,7784.410503697742
93209,24117.392221216105
96665,6087.8156581997155
94208,21209.504673314277
81789,45875.687615106515
92578,17681.42545140261
84750,13471.54141956398
107543,13624.594345179106
83294,16198.376810928687
82408,9493.571075340898
104836,26171.326002263057
87366,9354.755991393879
100488,7839.910297426686
87296,16207.075875706423
99820,6961.751974350768
103856,6384.019302512207
80536,21360.24653655372
95407,21568.26505217439
78024,22194.353736597004
88166,17037.204036962197
79046,14525.422331874835
100829,7638.333171954002
99250,9293.744056452168
107164,8381.936920445438
83857,8712.06277528905
90031,24608.471415027423
97531,29044.701546914548
78237,17218.600954983587
77205,19000.33896345904
84796,16974.59734193664
79769,19337.788718902266
79899,12100.907299805665
81570,29085.39737328088
96209,8220.110928365268
108012,12230.410073810475
83784,11259.158699315694
95293,25753.370146217374
107894,9053.80681099091
90118,8511.48978372974
81548,14133.765045720906
91246,13280.50854272796
106066,29655.37780725514
76349,54271.24628243612
84792,10610.357828441976
94792,19238.79050935966
98772,10131.168946972326
81023,31108.562807391423
92760,14442.616142190282
81049,29526.03982181452
103697,7241.873181077537
82248,27845.73497444763
85475,28666.032231899168
80927,27129.637084330498
93520,21512.324846352723
103034,8573.258654035506
88006,15072.151524483843
80697,16157.678188472006
89565,17666.72817230715
106983,16591.847848192647
76042,22499.07693808758
95214,22722.77715336555
77712,17776.19643153807
102226,7635.727745804037
106128,31646.02100566712
94347,40141.90776574785
84176,11252.845499694688
92633,35072.25297990446
89147,11293.38824456713
76200,18854.436637761668
91972,26271.7343590769
95624,16143.498833177486
88237,12872.134216674169
90626,18288.406222625086
79402,28313.930032719585
92751,15261.86256577471
93494,27255.39823223519
77785,31677.50240339421
108502,10617.227585658073
76356,11385.0109654258
90256,8210.67713264677
76286,20186.566338530312
98835,22478.651591803377
78799,27370.815669857908
99864,13316.973969698853
89317,20453.166870856665
81235,35367.17231393162
82980,8746.446577324992
79032,13844.921186739935
94549,17691.726692962533
86872,10648.004290265062
101730,14481.608302518365
82684,11621.3249996938
99516,10761.710943249123
80017,6825.0469765995185
99863,12796.244695186891
92792,27661.950463711535
100593,10740.018343936315
86135,6573.207846168695
78870,10409.821646771501
107586,20820.068120040356
83757,12641.578844003952
92765,21216.288772359985
84890,9647.635580695638
108290,13467.214971811001
82893,27716.39449041473
89660,8509.808817323978
105543,12468.23827787131
106368,11731.563182089623
81799,32173.548476155425
102757,5909.8171309282225
87520,8035.158853429512
85172,8865.260045572566
76593,17428.111860577606
99431,9138.345215806932
104403,18664.25057965508
102932,9620.408049346597
81998,13495.707146152412
81391,10156.297410947416
108151,12840.730033279704
100164,15696.842178909721
77950,37145.0435485953
100416,10690.14354226404
108237,12785.203280293974
93464,19747.141559141786
83899,11521.855641055014
107184,16305.70524110524
78001,32602.31477552152
98816,6886.583222634418
98737,21885.925223199993
105432,20107.968203337532
99160,3927.3408100846545
99195,2167.0523817802587
90337,8220.29164321111
85546,16699.048775931064
107128,21183.00701972771
93327,32612.997360749785
81501,28840.687679638744
78485,16176.50918708169
98491,21293.52366421847
91265,24608.706208751166
97185,14116.74501197276
95708,19001.31467856236
92269,21956.628445535225
90122,13673.977399202191
84219,10454.391432447332
95920,17976.9756510764
82679,13463.62906662626
105174,15134.940843038483
90879,11355.87942914786
77507,43122.30086383618
88757,12306.035384900062
101256,8453.004182420846
83426,17531.68225946155
76075,32391.499920921146
76871,17865.322918461865
77695,36678.03586807908
103555,10183.195953561511
94893,19432.145098204463
95836,17090.986389977556
92061,12194.507093233846
79710,10654.901170607744
93899,13151.89339906335
83299,10082.068298102775
95620,31905.961012129257
104279,19368.292092359272
83705,16987.599303408042
95472,29159.108962913087
106260,16384.717018160954
76886,15848.824566806064
97248,12020.417619089214
80660,14910.466964069628
101333,11688.730021564093
89360,7038.764152166584
85450,6930.756528080334
88836,16363.074397933802
77416,26916.2454452132
79577,20729.83248018941
98503,7825.972456870477
76778,14411.519257539854
93681,14554.86749572525
98418,6605.366566831843
98615,9828.473836437339
91857,29825.592968850597
85059,11047.425005937259
84064,14307.247254750562
83511,11049.916892777412
87961,11218.697726549179
89756,8488.409412195686
106904,12388.732114914896
78218,25586.649093843153
91503,21945.722078997445
77126,9786.061342548646
97801,8627.40256572794
87474,11255.948837625854
77057,22228.34158967012
79478,24949.228283003737
90041,15908.863823599497
83374,9118.994697261489
102094,11137.586087748261
103780,21863.744700936604
105079,7551.304428243783
80462,23629.314659917854
101705,13527.702445281417
105756,25428.397917978593
88993,10778.0881466483
89593,7644.8093453065385
86338,18114.065877684112
77853,25504.33595415421
92077,29392.764441419524
102494,7734.101271545104
92534,38320.83351784287
78971,28048.25437567463
84687,18096.223294247986
88376,10324.964134209245
105707,13627.89270117312
80939,23998.945694798418
82258,21347.56062576714
104917,8169.211460320528
95086,19684.572271120604
79275,16408.462222733844
104721,10530.23488460924
107939,19987.870499181667
106703,8911.638028651463
107820,12053.600147383288
79947,19823.77907426788
89961,11176.111321442217
106451,10391.44033454326
98821,12024.155070199602
77748,31773.54938615646
104802,25273.68629100446
81481,45957.595316309365
93544,17396.307517515124
89611,13748.958811268521
79850,32722.16412577928
81466,21357.189248077306
90668,7193.630294317738
89743,15829.061021699787
106672,24139.013529194894
76030,16663.118222135414
97231,6282.831122768369
93484,31057.121422359553
81393,13093.845436338477
94369,15220.534613292362
93507,30637.954252934735
100752,7511.184314487078
95565,24392.340103609036
98749,14852.10493062945
99634,11395.252530688918
86127,8015.633339466225
101842,14531.364513567592
108481,10716.232486746725
82863,12618.035290149377
90043,9625.979813198834
76857,31992.53955668987
83241,11312.242636029247
103197,7455.731464221428
95458,14217.343126633785
76515,5086.914610825436
84987,13194.367515607764
80199,18586.009228863695
77835,22895.062646661492
80809,11609.57315764388
77245,24841.83005491533
104828,14441.040571329648
107338,7570.40253745993
78811,31297.807529532576
76708,35526.50117645589
88559,11165.75612040034
99380,6025.286479352258
89411,7611.984242593281
94532,24687.59776194638
88046,5935.449766308343
99155,10735.097060699836
80986,13868.121056465357
96122,23994.354585033012
78618,18927.408066116044
98205,5448.405612226095
98995,25383.607858651594
102432,9415.061523670092
78709,13514.367410405112
93586,23028.3673896318
98147,8792.403339429453
95468,35274.45061873233
95425,15612.918768702368
89106,10591.265456878085
85764,9731.78476624649
87674,11194.667452772186
106365,36393.24053398585
106263,7530.166976512016
97423,14431.506913007579
86855,14560.733827656624
101637,8535.998593586675
100129,7131.5141942985365
89346,10922.976221646943
80037,8018.794690766646
87439,7783.129674060572
76329,53943.923979866995
101234,15782.732475848115
93715,26686.888952113415
96728,21250.89562059513
88023,16021.132330681063
100289,14404.734719127639
93685,11651.389170669676
97301,12887.171854539174
100588,11366.294737658967
78240,16463.049456055236
91194,32539.821426234306
78088,19852.956444511892
103811,10144.76836628633
79852,21948.278666227776
77718,18349.692234904163
99968,6686.519710510276
82937,13633.83977514227
106774,18603.972360015865
85107,9935.20991625054
77329,25071.738060889642
106498,14434.645093772815
80946,20786.41910241812
89630,21999.17206390635
105995,26931.74569161185
79926,48094.622860573094
93982,13640.594663404157
95152,40279.91038458208
102460,14552.46910734258
86797,18451.51876855164
98696,13882.419925816443
87491,24118.455700693663
93185,20411.60394899686
90910,19536.941017700436
102510,6294.040767981738
99707,12835.272390138625
106468,9485.798058384999
97505,13883.681010291042
85240,17212.482876640086
89795,23941.034317512796
78677,16760.501224583757
94311,20987.771611787142
79406,31997.505409646077
85528,23033.29031841816
95656,16265.678101468395
102783,12519.532984358202
76191,26990.218676096323
96193,13921.886496986956
108352,18707.90878789061
94226,22799.52389813886
94472,21077.446250022746
78628,8647.778994733984
96861,16630.567951253386
89698,14641.502647449444
89021,17991.5181315731
98919,11501.987368271066
107511,27554.305946436943
104317,13437.581917950401
105587,16449.32145625566
89244,13830.749458418433
108221,43904.53435186157
104558,20735.489212143424
99691,11407.999799122792
81153,19774.831719878184
83019,13110.009419666698
84699,7846.276583632817
92354,43413.32737784863
77258,33219.309753422946
81991,13394.498608095755
99191,15202.659921784973
80072,19876.647961066275
97195,25384.159486864468
83104,15570.800507929704
104712,11025.50017634677
100443,11431.986270318455
93443,30376.15212894316
85543,12915.706644589169
82977,17066.369333689574
92597,30285.239781390188
89182,17173.757448615237
89737,9509.5894543427
103093,13953.185260636368
103417,5865.038268944754
78550,13988.329407705629
93081,31717.230794731273
80992,12742.928343569944
83725,11039.837122405697
90755,13777.69391766281
89727,26213.623078442342
82723,13804.342345628093
85046,7506.405818666893
105507,20725.085361718684
102497,11656.809271565477
86897,9358.236872694617
81522,13396.519087455103
106201,21886.334777972195
87615,10596.957941370933
84646,10601.177733271887
104296,25591.977678615436
84433,6120.998040911494
101470,12303.685644412415
76641,21703.826450440934
88265,9090.641501767304
101728,13400.261287279867
83541,9353.993178487683
93807,32137.305422702255
83873,10685.86104459215
76785,41728.651246994414
83629,10949.35542479724
87576,17425.06921056953
93395,16947.08459582156
95537,19588.943183939515
89598,7015.400771774689
78074,33390.60581810247
102980,9462.916547794362
104929,15839.850154084033
97395,12945.744316336457
106751,21723.39828104714
101628,14984.138449457483
103613,14272.438210283783
103641,11900.535503283896
95834,18783.357934526182
101797,1885.861530608368
80042,22948.65276102001
81608,19634.145601817152
86535,14342.038847295644
98235,21889.49437953411
94784,16481.659283289555
79342,10879.973582669681
97906,19182.18786379442
84622,13219.375850601016
85948,19483.10224912392
88274,12077.47289036596
92480,19819.151372811844
86378,16987.599303408042
107558,12084.979691737535
88531,13702.58464549698
103681,13367.762782843938
103559,7445.249150443966
102821,12475.530064622952
77372,31402.00693121309
108078,10720.835266697055
96014,8907.240625756222
91072,18142.30915373717
78981,15743.834662676725
85860,6143.160406750482
91538,19156.59329136217
100904,14796.996098276912
83903,12844.26813507935
89075,9851.824174519648
87210,4621.553154998866
95405,17790.61858431683
101957,13031.998853596542
91384,23892.63188602352
91816,22116.627189635732
93271,19233.275814182725
106951,17725.683768272927
77457,13038.444865408623
99216,10398.100373385056
106683,7378.689275701518
79593,14285.900274435471
92575,16698.3855479861
106332,22022.05862403756
99751,13022.183762252695
97844,19726.21027502655
90776,7784.683505162282
107788,30841.024854062205
97552,9517.815881698018
85396,9032.373920094626
90072,7627.144848926122
104380,9847.273597052665
108171,14615.816941103745
82534,15865.101297596315
77917,25162.004876640392
76212,18581.87976036049
77975,17854.72694730103
96718,24928.463072288134
101250,8395.74688793447
102875,19424.964464257704
97385,9554.203257168476
93943,21228.527759496978
76389,18392.15671839493
104653,19724.330202968464
85000,11259.158699315694
100844,6165.254413335049
94384,45077.554466143745
91625,19852.666448406766
92124,25414.166837848807
100983,11866.16482511331
97669,23183.397285958632
76674,19146.075944170098
104012,19332.659313121767
100742,12425.326470649008
97937,8918.292783611607
99509,24118.356185037672
99834,8640.97184742864
104037,15212.575201338235
96369,15926.759293032188
86125,9820.346401038467
102999,5780.688504069301
85473,11100.89356527376
90508,7349.0425499825815
105281,31524.105092597925
90368,10105.66665446435
84029,10150.467219197602
88603,11205.047004533168
102423,6375.439965345925
105253,21940.71569602594
76230,18076.967166181214
100316,9264.32123914852
102553,10441.41390002532
76308,42352.427166025445
101348,10545.326265688027
105689,26598.811440150876
78347,26015.723236247177
88127,19288.410228919798
97320,12459.556405603733
98421,14816.895157404517
87422,11802.103644012614
90886,5579.582571515971
82580,8019.089425759264
106420,8713.457129613884
80218,13826.69881017544
77197,9576.165658601396
81116,14370.832731875265
103847,10003.137088624666
76611,25401.44430575509
80677,12713.943404532778
91546,14931.528707124873
83706,11000.767712318271
83288,9989.902376895563
83664,10229.93074765898
81103,29103.25513945488
104136,18695.908862580975
79754,24959.84631479161
80794,28244.191329764864
90027,6585.720617606087
99186,11165.50502516305
79957,12178.073174999947
83420,12209.952098985652
106971,9572.434315622027
88929,13593.42393595417
79354,17721.062094193778
104624,20044.731741763506
103631,2364.17452278292
106329,13352.494539458115
94466,27173.119103117246
79495,11635.989718093
92262,15215.643515465676
103626,10703.461671560633
102620,9869.646934309683
103026,11856.175668732098
95440,25143.65306867542
90675,8276.435156547777
92169,20015.22096668387
85598,8895.572048904214
93980,15221.662293578263
89884,7748.333626542653
100361,9627.051388515894
95314,20353.926247909665
102984,13066.900834375054
97290,31108.5408166463
88702,8483.204160566955
79250,23358.78229820707
101218,14100.638660530247
85994,16245.257991276412
91181,18540.353838564908
105974,10652.097995965967
92222,26721.270615073256
91691,28832.938684383873
103472,8002.115251472696
90116,10746.01386546034
94185,17289.809200847863
95705,27362.154517983097
92442,8643.507130058259
83759,11567.169450585814
106311,26279.2056584449
108531,15328.257678340407
88487,8179.953494804959
88956,11000.218445863378
80477,24929.366898681197
95422,12023.410381352905
77410,12322.005676314096
91873,24517.2919354427
95274,21411.891699861822
90023,7822.495267701274
77204,16255.663900135241
76504,20862.174561723034
105902,4967.577334115543
81820,14293.72264805915
89405,9663.11456697274
92206,14786.969843725185
79328,18803.648430381414
94971,18780.833574359833
91185,48988.7888790144
103332,11764.818260708049
105983,16879.511442344363
81775,20331.816173993957
81946,23852.48060504451
97846,24760.29527489338
103884,11023.130551727343
105182,7947.589865519064
76148,26158.292496903698
99255,19040.793494775695
87785,11135.275915723729
78903,12841.71696346149
94578,22950.101912936825
107853,12607.787674905707
76717,29463.6641187211
99052,9183.827630479842
82390,35604.345899672095
83676,8255.522966967446
87748,19885.692180138714
95443,28070.820953118666
94430,15594.411474398878
83886,16592.613845776217
78492,13338.033464812957
97540,12563.115756349225
103167,16373.808051812115
82621,11335.81151909392
88729,22215.6309050098
97779,8941.4219730569
87179,8493.985687131826
83693,10614.939224526754
83068,12161.977430084646
87978,11763.360762953298
77547,12203.558898591835
104135,9915.68220120019
91838,20325.271730936918
81044,16798.097465073308
82100,31834.028847901205
79196,12564.555691322486
103420,8814.867661372258
84430,11821.515476078075
95116,28117.213939781715
88758,9772.68817207933
102600,14759.23675724192
97943,21568.57020392492
82923,17609.960420353822
84173,16048.954559827358
91455,23673.07536565202
104107,13067.222286945604
84031,7552.329920392701
103307,5074.581088915541
103516,11706.62842458461
94534,14730.12094351787
89498,17672.16371595086
78100,7738.989092797679
86728,9841.762511024728
89787,21836.920764384286
99604,6760.807070977813
87920,13380.34126741783
95679,27394.848252863325
106342,11194.736629173585
105013,9346.082019164394
94526,26386.611775859237
79217,14259.10015357211
105206,20338.87465997198
80930,14075.756603306469
101748,9698.865189335687
108486,12575.451760117052
93949,31577.029195875766
99658,24517.190582785548
97561,18749.237836987322
101617,9030.927324961627
81330,49886.83468510445
101771,8017.0709868778
97270,6809.067540558526
101595,13950.521082810974
98215,10837.397242640767
84007,13781.428950454805
92680,20821.823125543022
78992,17013.706865238186
107596,22111.863265277014
77206,13328.433350291469
82743,11105.09958699309
83701,17026.76094402054
99165,11658.442939173568
94432,20821.823125543022
86548,13378.850366750181
76397,20860.115806046168
100070,6355.025275659498
103513,8475.17894433277
80091,19965.168623822305
76782,20875.71410091592
100886,10652.707085580416
103951,7651.653155006307
87351,16697.63642255022
85974,17798.9458534195
79314,21259.038698889122
102475,13004.577825479491
101614,7413.426955990864
99033,9892.607702828846
97666,11576.284617259287
99253,9662.539732312085
91658,21072.56514714943
82007,18698.851805920152
76687,49407.5651538564
83921,12428.798846466718
92186,24869.684725393927
85865,13647.585550868987
78521,9997.548346129892
77902,15460.510745564077
101697,13741.126511866327
98102,9978.568050053034
88037,10790.066700146286
87226,5302.854704536956
107492,9235.998942245866
100723,8689.46394835034
78581,14175.373041020592
104777,9426.755696798115
95606,15595.306344045728
101145,7589.619229332185
98544,10671.901830905392
96417,23824.100194160295
102714,10719.488927618791
85830,11094.479069850177
80541,26507.17606825795
88142,14509.221199974205
95553,29831.386682871533
107711,14091.969499269693
82572,9659.423607873103
77820,53397.7365196341
94456,18962.585185661403
90433,5627.28739839093
78161,28435.65570142119
98322,31584.062849333597
101884,11302.30357846004
98723,9564.668646331964
100828,10126.5484438958
100612,13132.811513871044
78754,15814.166568032259
95053,45699.65198533232
87293,9217.95435645958
83679,15799.211267447696
102810,7207.340979266841
103021,14766.485271484122
90497,14717.39344317421
106798,15399.216023193974
96234,12422.197936052244
97962,7152.270177071505
81585,10843.218141468164
101255,6917.516698306103
95824,17386.42265329288
97053,14699.948580809776
106657,24254.158374883278
107453,18382.580088291106
77979,14208.323227307965
93717,18840.94758687387
100424,9797.339162639557
105579,25765.516651099973
85608,19194.355947868502
107878,25139.620226974483
83229,15799.211267447696
95478,28421.2075726555
104405,21889.42706510349
86681,6234.995624853849
81901,16431.37205257616
77806,13689.637685116322
102650,10221.910441852451
80845,22866.06846113977
77445,17043.100219409847
79206,31713.882541803694
105219,18594.63745801922
82665,2138.3218483804403
79532,26915.854788965324
98125,6355.836652195691
77147,18282.672121329728
84836,9694.428953034776
105376,18143.35138460725
77343,27350.061009227757
108114,15227.559230204186
94994,11634.736828278135
88610,6224.981498132699
99609,7280.0382424195905
107243,21363.136957375697
98829,14470.391920984846
85362,15646.799150544739
87409,10684.748222634811
95322,24529.838472903917
86185,10565.256208071922
81792,32147.26495309576
84113,11089.688600577856
86139,15767.724203344555
84719,15289.848160263988
85120,14907.263103789166
101693,5116.016585884983
77413,20752.133107124584
77179,19285.57207675871
91580,50901.487498132556
84116,11553.981346936223
93025,46511.56197091536
105224,8356.42349956732
102854,11812.62920571771
76237,22062.92737505332
105595,20750.22736119628
80155,33953.67551357637
92056,27806.56516384364
103229,13252.581221793982
98783,12045.678978322148
106357,9059.18269200037
92305,28777.664541725637
96312,9817.421395088124
86890,7939.768659847269
93354,12844.71429664419
86898,16008.337488954554
76058,18297.484378940022
90555,8686.852218615357
107136,10566.446956289145
107052,29108.370031290637
76384,47669.83469022325
101670,13902.887049520648
102438,10097.279937436611
81063,17851.78912672794
88254,11703.60603439824
87041,9688.605558389063
84909,8343.982177844468
79053,20785.406894412095
88187,9575.64215928377
85814,11979.057008520216
106396,19923.415617729202
90460,15601.49228696598
79261,17326.984622746964
105167,12498.511015853011
84047,17073.93089068219
96771,13509.118615576801
91074,64135.51848362065
92357,26677.24521020904
99588,8792.403339429453
78138,31681.411264534338
94328,15996.970522365733
92019,14068.7406315032
77557,24337.764714659163
83024,16665.179692637746
94888,13381.966841412195
94193,29776.727300100934
97909,18464.93513625318
79111,44194.63690512922
97936,14157.96308610414
95276,37453.591146062055
107815,16823.369002420157
92806,20821.823125543022
91317,19938.679950935297
89507,20811.73069006148
97462,17916.173297794085
93693,17481.703110010614
81331,28751.063767932385
77260,49361.445080541496
105287,11520.688255660285
86064,5391.773950626044
94906,27386.1626319127
94965,18825.29763365499
105863,7958.358778095549
96962,12677.825838091236
82573,16834.53674938969
83271,9428.817334540068
94624,9702.794877860011
105014,22327.6905950269
99965,10719.488927618791
98009,11899.21600848752
108442,10069.732700501288
78211,29293.288093606014
87609,3942.24246472195
95639,16393.33919388205
83389,12757.759972320458
84086,16708.080533380285
105956,10529.650953715756
108384,5354.303358264728
99053,8652.35505013767
85503,9642.580379574643
100879,5964.236987971987
102238,16286.927997365796
107311,19661.374903362586
90740,8206.201485539352
96463,29163.750243727856
96521,26731.98204244988
100020,8026.891259421262
86048,17112.220308555254
90310,16125.034690793798
95810,12862.55147375865
106809,6285.802026289618
90420,14440.602615408015
77189,23208.66908024903
103940,11366.926049392207
99054,19807.65473701328
86669,15675.193629582971
108226,9001.979201580538
107731,16591.847848192647
102410,6997.243179625971
107012,9984.864708052748
85117,6240.814336934923
89298,8722.055669331003
80880,17428.87592956535
86954,12849.79223082559
100029,15542.188584578138
98943,10906.873888410712
81089,31019.3019716801
89148,11229.617728450832
98024,9435.027714616399
84621,15807.729766335164
98748,22549.936665798028
106824,19392.419146733926
106049,21332.164922262196
108266,17205.826345831952
98763,4721.945812482534
100238,9412.577051401342
107279,10983.68280526308
78188,50694.61658199643
90443,14660.869154267062
95384,3727.0463331360797
98928,21560.1535318524
83992,8630.679645103639
94914,18885.347307060318
92340,14520.548360809107
77677,13715.442324041645
90840,16219.324386641703
106434,34194.163852763224
83736,17232.206680533716
90022,13148.93252545536
87633,2645.509841287815
101312,13793.923393460553
92614,25282.204039546054
79410,11065.018627017012
83220,10041.860419530642
96064,10323.38121712388
96470,9610.508619132648
77247,9880.36360042299
102732,20132.392663684106
92569,21110.088276349983
103467,12718.701772277884
102976,8324.142976504301
87220,19263.806877198116
82183,14812.973720337002
88173,11807.566115507267
94227,24325.49561026573
83048,16307.87220872468
85320,16665.862849610574
90217,15899.258005748363
97112,13176.897796359888
78246,10083.502690716912
82000,22184.30188435098
79672,12350.368377472341
93499,20115.8056642719
103355,7150.2540022508365
93334,29878.98717659236
77302,14519.778772170292
87100,14904.872028157091
92568,39578.44492049848
102148,7675.697663456933
81098,22889.61531579507
77544,34319.80367721409
92644,30445.525182442878
95996,27637.45913489952
79138,14006.693265055366
97082,29496.406930101457
85843,8524.937278567426
103831,11072.527633236235
78047,27153.971832865263
99184,12305.441571834104
83023,6952.8209248659705
100629,6922.04836780457
106087,15346.879190603968
87161,13562.829521268144
97572,10137.204329168555
86106,18277.382637296632
90163,18481.18815402362
95623,43287.03685882892
104349,13928.106133484556
84422,8988.889329563865
107061,10697.546447171959
78175,36563.88530626315
87468,12513.57316592579
87136,12913.764289522338
84238,9612.4497666914
85432,11123.553512044484
85363,19158.601578773487
105017,9554.095931812615
80633,28921.524814155346
82273,29254.885792443067
76668,23558.903260722283
100970,12888.163583954703
104985,11189.885334164555
76457,19396.946156034355
102241,9163.199095442305
90884,8488.648597099998
79706,22407.186940662945
92608,20938.894313714663
86284,11446.696893508712
103990,10808.8063133485
106152,17713.8451800808
97553,17902.750377968627
106477,9028.247151219024
78423,23979.73687376577
82766,17317.820868198985
77477,50784.968694068615
97680,12323.957246610522
96346,13667.609071683082
104141,17681.63830027553
80807,24421.84117731385
100442,11166.188879444871
107029,18066.541021630233
90213,6484.5860362268
88434,19341.394833438262
96441,10380.297975982116
80102,14802.316832957129
105520,29172.787611553442
78279,32230.50667654511
95023,8343.774581434656
76739,20659.880091386352
76776,32257.043234108914
89754,23951.189497125244
92585,16178.703489109497
83197,8899.12292255253
99947,13296.198933441836
108399,13570.941805974151
99140,8315.581270921743
91454,11321.648172253013
104130,6147.375818595593
108320,13137.919412762605
93440,30489.166159594104
105567,12555.600664855347
89460,7558.38860058879
79662,26689.370497670152
88491,16519.899423450028
77034,17044.227070610483
90404,18242.25534145648
76014,13018.328483485244
104971,9862.995526401692
92516,13687.592372977339
86856,8856.055591307386
90648,17982.746439707375
97201,11108.443218597058
79186,20718.463864313657
98204,9607.821387454
82568,27288.15913618387
97595,6617.241918036802
101703,10477.869719735563
84202,9639.820926216493
97310,7147.3162806945675
105498,14575.011205357501
78896,34194.427365899726
106029,16549.64980556834
90047,13960.83129338841
83277,19131.45182522362
103503,12480.730485556773
104327,19898.350687591384
78026,34135.27219937653
80909,21711.99740521998
85733,8570.681151944362
103986,12159.72937118441
103236,15696.842178909721
94181,24487.773811160154
78518,22127.75362079707
88239,8558.231090724092
94503,47608.457798391006
76074,15198.15242333094
94424,20734.429169470335
97663,18172.35667679018
82357,21714.051772842788
92631,27095.528117287027
95482,47438.462042613966
90697,15534.138628394041
78798,19994.479798184733
103348,13655.283268201343
83659,11788.120048533117
91108,14133.573563318203
77916,16041.719374936532
106086,18224.308058847644
81928,21713.565012543644
108406,9539.261734630387
89731,15585.145093942672
106178,13631.295053546406
107719,23313.698659839796
90633,17667.903816923124
100003,2634.4211029979365
98978,13359.207851650146
88009,15299.50100458805
96631,13768.735286495177
93628,20142.105740029132
87288,10119.916858763203
82057,28199.541699715126
82925,13954.656647323804
100038,9504.227549053998
78420,16287.015152608556
96271,8226.05110774005
97966,15723.563016905357
96110,9355.610199311224
80393,14367.871279080455
78706,17580.00536117216
107484,18811.930527593868
103084,10554.989344114701
99792,6905.943519678312
93476,34880.33534217016
88975,10414.445474532517
83981,14010.814192970229
79492,16489.230291603362
76802,30416.92647537793
83781,6171.29282489066
95719,28894.12941612691
106177,25330.859904742774
80626,29059.187022539565
76158,13046.318087779895
91434,19138.161429999866
80463,24132.56426646656
86263,11010.563199665443
107666,21772.81151722013
94262,21430.802152220735
103501,16054.12650326974
89996,16664.506746988867
87306,8658.796363418885
82265,15700.00661961084
106825,16287.152008578643
98851,17583.23978652618
80547,26324.426501364054
100440,10771.89790188714
103194,13768.086675702258
90394,33121.82342577957
86111,6678.381504753683
88528,19145.175578799306
86857,10769.904483371183
78099,8479.76672389204
92331,17198.602370400873
96016,18255.64270105953
91750,29281.479410423657
92459,23961.399202444227
107321,25381.553571375498
87091,9581.405472819022
97925,3395.5426991449986
81737,16139.071855955452
99093,9548.890927338165
99531,12991.495013599259
84423,11942.60150267161
76406,23301.48862624945
107350,19130.893020666463
76326,48839.58823712621
84338,23952.300037955116
76577,24033.715815474887
95385,13948.836860551884
90391,21202.212413301084
107624,26752.53200408965
99241,5980.080305837871
80248,21432.05232949649
85295,15959.7687434878
96343,9491.524448662469
80926,12575.640904038637
94027,20499.261750895155
79544,18171.277904264738
84425,10263.608161472988
105264,11650.446232341223
82643,7124.88523658236
93474,14396.291283863047
107072,9776.659850648033
83519,3957.7755901149003
85962,17030.35082806094
96932,29515.348195235354
100759,10270.099881363181
107022,6624.315017029693
77012,36382.2331177063
100651,10493.748651853291
89430,19881.172250282947
88981,15977.764170686529
95740,22847.521063034375
101954,14786.346231889209
103408,6201.846867208665
81304,10943.660318286777
108421,23170.33472201687
93532,21295.94445749924
101576,13952.992203113477
79931,19557.832761914997
108176,10866.310324665346
84455,17470.430141673645
106797,30028.73196541893
76513,20496.890008096558
89674,16010.605653288363
77722,21581.58003811913
84754,18702.611833770603
106492,10796.738243810816
99242,8508.062927714363
107569,11810.177571752603
94320,16986.032555091555
82637,10759.736954179854
96550,18615.391938934015
105480,19491.605357173165
100624,7534.798792915398
89114,13031.576746151051
100866,6450.678304561946
81896,15251.675621625505
102689,16769.528530404918
97911,11912.79471487801
97099,6647.061697514379
92071,21853.896593006248
95849,44511.0958129597
102903,10473.094525242768
103725,15315.968348471164
101176,11866.16482511331
103887,10235.378878248699
80921,27030.66711784758
92266,21357.950182040116
106467,7892.0473454262865
92139,24372.704665912275
106826,27321.386006679873
88193,13867.155463549301
106211,13321.753163768457
88612,15710.01293092867
89179,16768.232601331576
80004,25276.541900423166
98225,9475.635506552708
99856,20744.32833856341
87150,23999.96825355633
94786,29223.342196242338
98471,19383.16650886881
103319,13278.153402596085
89393,7745.553229381296
85789,15678.804760799314
97761,18655.276481885445
101800,11071.419453320075
91588,29619.795271406012
76096,10166.686095718587
77378,20559.672408353443
105010,17109.226342540973
93587,29019.877273191654
90171,8314.43820281178
90438,7737.603362035109
91148,16458.635552748216
91323,26274.844501565218
98577,9507.749308459428
77741,15186.965814779402
87789,15855.220971293174
94742,30294.735136831176
78295,7877.750151201774
104797,6733.2169623088475
77425,10732.475605275313
96208,18180.0871703785
100731,10138.165692871218
93163,34029.70787565075
85915,8452.241665553485
89993,11440.01070343396
99626,24324.22177632905
78228,22025.70154824005
78779,11103.840983679182
78654,19267.322628208967
82947,19400.70273663844
99479,5926.887433333445
90585,15112.308069359024
79933,21689.142410759534
79287,23364.94646919303
92899,27428.601717520654
93755,26254.449093434705
92117,29386.52768350892
102417,13916.013455018236
106587,29103.190566969355
108201,39161.57336111265
88442,6610.7408504141595
82673,10301.738853531404
104223,11432.66048592405
86036,5331.173883363716
93425,24827.806326170903
96693,10603.856505707523
82050,34682.97450886189
99460,6914.223629734246
81829,33045.9839927756
83925,13006.47127009608
94041,31330.03185589745
82035,16327.546475288531
107368,8309.996350234498
105591,23059.43107127124
107782,9057.237076694142
96340,14331.441403552579
97566,8764.6410181559
91719,14390.686606890727
79210,16577.044318490993
89898,9753.01148081914
106642,12331.287596060169
93485,18815.214540327917
98774,11694.806238590116
90967,19093.309511982352
89550,17192.337167708763
99247,8584.392481038685
99897,6770.23015147913
91394,23035.105404496528
88135,5696.558544993527
84111,17373.905575544057
91479,27577.108475649813
82622,7814.566105900056
104106,26964.71377497649
77050,30234.252649883954
105631,10543.341813898023
86427,6565.072943711218
93552,47747.02122505663
81830,34928.11705055591
82034,18692.125774123793
105857,19613.799824720834
91623,19110.252853982853
87886,17386.3777433369
78123,3756.7083641188437
101951,8291.710210882953
97543,9617.704013314064
79462,47999.76678692657
90234,3068.2473111837276
81860,21195.798861101586
87045,5509.546165182948
107162,13688.425325144995
90414,14463.463450975722
78353,28125.359065014127
90940,14884.37576322582
104123,27058.77429635819
88330,9769.852167798279
84769,8098.588801501568
108396,20996.90164003911
89556,8956.269350459628
91348,12589.42516843107
107687,17481.293316342802
90777,15394.336559954072
104801,22056.62494025678
82951,11929.500928898824
106440,18831.876944743446
83562,8943.118494818944
95283,21317.99462236373
84042,9064.368086404884
97883,10300.361575291814
101997,8149.400115337806
82566,9934.154187487062
87497,11842.637321583972
79697,12527.416740261402
85723,18816.222536956113
103511,13201.015454719041
101075,13846.135155957629
108424,11288.324220873596
102011,13681.916210741414
90054,13963.801275625383
105933,16891.028554781707
83807,14837.556116631224
77338,29745.931728360116
96060,7323.732589774746
103133,10614.735505887536
76548,17329.79233750195
79177,24291.519584792226
88937,14729.498714048532
105216,9442.604225996103
80415,11684.905076543131
89404,4614.93218199869
99503,12433.60379869068
102640,16294.997778466139
108003,30164.47857325246
78038,12850.931806680142
96267,22633.655276433557
106361,27588.386148828416
90046,5375.683848984248
81034,21946.860088779984
77832,22020.229864089208
76482,12106.76598553432
103687,7651.124665255602
104148,15849.506463388348
96008,8896.53139998255
77464,29995.134430563503
83612,16401.318359330788
88727,16883.668121137787
92881,20379.305739278665
78787,37618.858837390166
92593,15729.861433403183
93216,12766.658288624987
108447,8579.518003038515
91746,30279.28980664195
78670,17257.00195733562
93142,28145.12939402902
103515,11532.496125305028
101254,12873.720694073927
103532,11104.04019472962
95650,22661.92765347153
100251,14869.766890627787
82597,9984.929169546427
83045,8180.713764643992
95764,23402.36907331945
83685,9621.847187209903
108088,17463.913161132758
99800,8787.728705365942
104273,10068.443871426196
86860,6958.071665267748
103756,7598.715192405735
90038,7879.610826698335
81692,10360.861232293142
76875,12162.13794495639
82474,9814.121647112013
84165,10707.866283115987
92416,19458.44882379965
76486,15459.014128092069
83332,16691.72322871256
86362,6201.621069462665
99000,13740.965833995719
79474,10601.098027705399
81625,17605.62823870813
84416,11083.66518090705
107026,42161.66602849775
78888,26774.958071309055
91402,13081.277477508227
104996,14228.649240574103
108161,22414.767890820443
95547,19548.007511217496
81861,13550.504457549074
77574,33410.64750559855
88480,9420.109960252948
78311,30983.330540318937
79130,27440.79246148342
86087,19672.14082749179
96083,9981.520494923117
102730,5360.796009272305
93459,29392.764441419524
103121,6969.291388280759
106519,12111.705982970852
90685,9349.921769061391
95357,14020.480500694275
104263,2301.903795302397
92978,25526.164182639746
85290,11592.30733530741
90632,8407.167880598636
105283,15502.486420740319
77070,17415.215807148048
97304,18385.871047232093
97350,24453.682860527744
88499,8630.035472026906
88773,16322.043750831806
97413,11595.314743902667
97795,13884.548968966186
102571,4950.558251485799
100395,8915.76300888083
83692,20155.12274671043
88058,9773.667970996878
88108,19679.888985377853
89818,6079.363937631618
84732,12366.280872569341
79794,14627.265789349793
103320,6203.354596038541
91794,14841.868188016695
83061,15057.100204505505
88593,13744.324892481938
100252,9101.300533456337
87177,6408.857406924811
108018,8684.547787826228
102667,14323.538913789134
77541,11971.370987223587
78985,33376.44621585677
96495,11547.583138947532
91698,18539.957362048524
80282,18641.042291881444
92825,26665.07644824142
92684,25819.016869510495
93840,37596.343444227066
85266,5792.409791849915
96656,10479.870779465253
87600,11540.592536478975
106994,8135.840563821024
101405,13766.520919342878
86756,3125.3463594964524
91439,12591.791720335445
85088,9235.317013391283
93892,16390.395520881983
108240,19109.311309304783
91934,25722.280869240894
79263,20377.24172324316
99012,13624.716614517547
99507,19010.64952363174
104775,13346.11350663389
76783,19431.165289092765
98630,6109.881458597704
105799,12629.603905276794
79687,17938.13768222132
102242,10512.206442755523
104987,14682.689201919637
76197,15829.521552704215
79819,35055.843906215974
105059,15886.220231761996
103748,7899.299027682987
104789,20739.843779056537
107740,20409.69468943814
94310,18825.54751792153
95974,23748.147522494874
78991,26750.60020288199
85346,12946.281956987772
104905,20208.80223742182
84858,8443.422635699948
95021,23167.12543252472
79234,47381.340259153585
93929,28100.734725118054
93964,22088.059269694284
102327,16648.840680217807
93930,41393.07537387827
94220,37769.39985975581
97355,17246.460423074015
101356,12440.00658204751
80132,48131.99970051973
96537,9054.39499274843
95767,9741.160141370294
102780,12088.148593833863
98549,5263.25142427908
91031,28970.390768252753
91922,19712.5521420667
92327,18853.915529728576
101273,9035.559506957345
83564,9302.241143430658
93121,15193.913843740225
91848,23081.67859972879
99112,12015.995406136573
79484,20351.64662352357
83792,12712.461746125726
88337,20232.06271583357
98896,5743.849397463364
82576,19503.116147820132
85186,10598.765241405017
103570,7531.451097047428
94806,29053.54480241087
107394,7271.929644895478
106891,9361.231513505894
77508,34048.48660116394
78851,44560.60860575163
81113,23682.37475632964
85437,11716.329233612738
82280,10876.30467629664
85886,16029.040142659818
79625,25381.815910729976
95239,38982.84129868704
82313,51730.19055112937
90789,19521.303295433932
92484,19852.666448406766
88349,6514.515218858343
87936,2436.8688229790296
96057,9821.34124498126
102286,9620.583501775454
97187,8997.768502635789
85499,8325.015348850999
104015,14199.075112609446
99732,11642.137138062439
87915,12222.988227901824
81687,12311.908771592536
86009,20204.933441245623
97444,8983.538073564852
102004,15630.143785378947
104458,7332.1688485370005
98519,6806.514763457571
82785,16139.58051097478
103479,20315.87986059022
100675,12385.98294782865
102764,8274.266872822067
84770,14080.326301071693
106124,6815.690976983195
103447,7847.38682907923
101681,15642.012778892753
97714,16463.3204907183
101446,14270.579673801893
108526,15934.445196455683
92403,17566.147861208592
76218,53704.4829682176
81456,10340.443969221065
81297,32112.492217533374
90637,15773.095738178743
90327,7624.204807459657
95775,14097.70842073258
89328,9104.605398459336
76281,10872.432130973864
105285,22274.374969501387
97967,15588.06445881353
103677,6773.953440421358
89371,16940.675952138386
93864,9990.575996380907
103191,6998.721215272255
84138,15515.268940426302
88931,28044.788665039705
83174,10863.668057497009
96700,16923.326833424082
90557,7232.313823773815
106224,18394.562960223535
76032,15360.898206445876
93904,11945.397196439168
83233,10030.113867597787
97166,13874.41552565302
107008,11546.165010313007
98411,7917.070589298945
76898,14385.010277362337
77335,22896.536385702453
103661,13300.607677607391
89251,19779.710863052336
107278,10978.619791334728
76306,23585.414739042808
95821,34592.72407763167
93738,25714.090374690237
102085,14606.335750174949
87697,14751.476916244806
95925,17944.1784110157
86432,15956.508115406581
77843,9277.578289278521
91784,19164.971002351507
101658,17545.23347829172
77139,28791.411929586888
82509,9424.0902246991
92105,26087.98195369391
89714,11985.80730679744
104701,16681.013148370475
96529,13406.867562015846
86466,13357.109802092311
91745,14355.742070793738
89336,12131.977442719068
77392,6425.186422265207
107821,25245.561786007882
96431,8107.22793794637
96177,9755.459310384056
103091,6969.291388280759
91003,20141.893942238465
95781,17066.20837122371
96216,13366.047061833262
78178,51492.34403493952
108259,20055.072515126212
81909,8127.410264670972
87054,10150.467219197602
95949,19724.33328153388
84912,15874.659933535873
106750,9898.79625335086
105535,8542.644395461297
104790,10218.01533037592
82394,39054.50190912522
85536,10296.113070357478
88663,9838.134243581953
95114,22753.463772833937
87720,10407.848695923625
105355,6490.319981230151
82633,9276.850197703154
77178,19399.573057226735
82650,10463.479943019644
88354,18296.279037058943
91594,13219.225984142868
106838,28948.75054874543
92201,28000.79409134998
86903,17318.846290664922
91790,34188.37493304896
89435,21079.33200888538
106192,10357.21960642173
100291,8083.951402598847
80263,19411.57687194206
105259,6616.4517073632005
90581,12972.357538584241
82168,16187.45722123851
78900,21626.66101754156
92927,20171.277540626692
86035,13282.240962468413
82812,5859.532519910181
90960,15382.108767259246
80564,29996.709938321637
88136,14133.746974819163
81598,11119.340634178358
84515,18469.78625233633
76559,21086.503301789246
85602,13210.683945321189
87221,19395.420029225654
103271,3370.3742474425862
94627,24925.20120882229
79016,16197.479702323328
89875,16766.58580899377
89037,16621.52223714252
100203,6545.446675014898
86521,9564.274899461398
100287,6977.51491569631
100028,12836.779531591106
99993,13042.944273304132
89572,16322.39680098797
89439,20569.14314650458
105686,9318.38984764608
92939,15478.902904001901
94055,28590.315977175986
80380,24930.551488896115
99967,4840.626695870092
95543,14960.648870399978
97455,11567.49240204673
77160,13895.66255890238
105212,20200.18289317228
100236,9639.033408669693
107291,10659.069716511585
104571,8923.51420079384
107474,13451.60578661223
93115,40468.13649242766
92068,20198.927274748636
101225,12313.51650426637
87087,11827.227005712646
98133,13877.896772657361
108494,23287.786928901565
93501,26479.42964622971
99785,9728.420726699658
99377,10661.792328749336
104791,22065.464144399324
95521,24069.96679402752
98752,23319.48406193354
100191,6541.502861258762
86298,10789.790416625527
85617,9373.42147124047
101651,14504.649277337217
93014,16901.420653294364
89934,7670.648133681421
85334,14958.779751527409
97879,15006.288412637561
79690,22144.407980517884
108126,20729.3824672334
77117,44756.2947890815
99027,17067.171972554803
102822,11878.692910983638
80603,14353.452668388027
98014,6550.138094612572
77131,47360.61460632711
93449,21615.651750452293
96996,17601.93559030843
86682,6343.219402944403
88766,2518.795923184081
89860,5289.156047566148
103646,7363.477970733943
97690,18628.980971926303
101168,8694.51769181652
106415,7328.524305085432
83711,20092.986762999997
87996,12792.332065455883
79855,16256.459192218235
105266,13842.9280385184
92717,41422.51125744478
88833,14816.688634916809
100290,5744.672933403762
79845,12597.361379029195
102781,16984.12012962441
80780,27211.716791325773
95643,18703.134098486058
90478,5829.943612130103
78919,46825.725669667336
87599,19945.209063980605
83576,12503.2033046763
97582,23419.387049430585
98560,2323.356767552572
94839,16053.28201336841
79584,31823.165617284423
95009,46024.72690319314
86194,9782.949672136952
81291,15466.73789495746
108264,7392.736558390272
91618,26613.948228863883
103987,1725.1849230427702
98687,8209.040365238492
89683,8119.303780832458
80178,13172.89376318071
85041,9451.18257783649
85795,8185.2434016705665
92667,25894.65577503955
88648,9652.626464245755
81003,23355.77728414528
89530,9747.221894495684
89343,18236.55587294378
84383,10786.747480561218
95447,21337.772332491946
103195,12317.412857288304
87916,9250.722629536402
79701,8116.710679177439
78939,33718.34076108934
90700,7544.67091249073
92770,23627.9515161502
108076,30005.575012788326
76716,21631.275701301805
94223,16427.252807550427
97551,21007.443150391824
92126,31075.52988623723
92616,28172.81860514398
101680,11128.42539887305
91237,34477.84021880823
105108,11175.553163873992
96867,7751.065224051442
89088,12845.137275891626
92402,20334.379837775974
94049,20081.936705500095
86720,9823.077015843883
100554,14824.032009817722
102551,13372.7515129609
88297,10096.854868034041
85365,9488.536234356383
82994,8062.38616787031
79914,12986.260734218664
108258,13926.203203442277
76068,15500.174974245036
82252,10782.710985632411
85769,18819.832823033896
90927,40218.53597902617
106917,15092.3614043406
97051,7734.843580741688
89757,7295.726256431924
90517,8514.215652683051
100679,7427.227578208265
102698,12833.165486233234
76935,15374.820698815774
94802,29184.967131454996
106017,28903.217668700858
105400,10572.0108163165
107120,13885.448849962582
102046,9993.745560896443
90067,12463.126823257488
82781,13363.1999913416
95277,46436.404997380705
95689,22106.694235102746
105027,19028.295984527245
85236,16459.83474627815
97380,17061.291109821443
100285,20206.40897608482
98812,12948.351118957276
96265,23428.27844151299
101336,9620.722506659471
107335,17698.551672092217
96385,13045.435360070298
78322,36469.431439832246
91805,42225.39917332016
106808,13147.110910794072
91272,25219.758659954157
97409,9192.912172877648
84801,13849.772320757573
84783,17568.49750918546
78594,24962.35221105553
84618,11932.862020761335
95162,16761.30623930668
87803,14394.727374045004
92565,12933.446712933512
107155,21389.97286912875
93075,25285.819397993295
102973,9152.768207510344
89247,7383.253916161762
79555,28082.74836292888
90326,19580.894480892137
107169,17349.192295299566
79268,19096.685952631684
99954,10258.215540959069
80374,29666.99378954236
101695,5093.435986931537
91260,62373.26420287771
78376,22016.144596083752
105554,10858.351455769369
106897,17206.936580716418
88890,20655.071484449774
85043,9493.178459818784
90014,16210.526873159397
99924,10325.551899671327
102210,12639.483621948139
102041,11155.289163793475
78082,52855.335299508726
106653,8978.295379495761
85042,6791.388851645533
90502,15447.694511835678
87396,17968.67839863999
92489,19637.7904764414
76383,13959.629387402636
82522,10728.409130484402
89906,15627.380088634467
103260,8093.6849295272705
78162,12591.16707865295
102594,8463.905513635244
103841,7560.738048751272
78789,19476.52061391458
106717,10079.2349987615
88775,6912.66896834054
88109,12887.520958166464
87997,16613.17131167415
88027,18536.86258922851
93890,14396.740600985602
94101,20916.199872614492
102675,6512.728150051862
101475,11445.238560676975
80558,10212.877395074369
87171,7678.532778381193
88266,10702.84894932981
101850,14894.002957386447
99649,16684.924782140963
105512,13486.828135662932
102290,12952.694663568005
80390,20216.208247616698
90266,6598.624610630484
84938,10221.34956982044
93151,49974.670826481306
95267,31933.546653298596
92188,23882.07360519745
80014,22709.967135716983
103390,12492.179003427565
77627,24791.40202021883
104741,6702.522037295801
107297,10152.57095674551
93101,24581.937319047956
94142,19004.802731579337
93814,24830.925083290553
92300,31840.83160304505
89616,9943.149804880686
102876,9916.226948009218
106731,21695.701072935986
97653,12299.02120737853
86484,9711.541095742277
97041,10879.42781235069
88263,18897.128702447393
79035,17932.621765769953
85171,21305.667622282974
99949,10326.070819141976
97528,8291.300278193728
89333,7947.294091676748
108420,31437.69781221752
103545,12882.86830918295
87578,11058.333517152889
89794,9244.331769929107
78220,22162.053112811613
86074,9785.632076188525
82330,17423.67688679032
77108,12356.5531734855
90682,19493.567069722394
105643,40812.49786738921
104819,30879.58938518625
98722,4375.152682535687
82464,12320.076965017777
80687,25698.327577138214
101340,5820.268293159958
86763,16824.84588728054
103549,7065.403757208469
85520,10896.22583305986
95658,38123.46602554865
98745,19399.17505810948
102751,8131.178191809672
86044,18755.882674767374
87791,7258.207307937793
85907,10036.668316017036
82976,17193.25526471216
87738,17639.998000966305
96035,11124.278068523581
88577,15288.929611041433
87932,9110.661923433187
100197,15355.266884859746
87983,20071.900189954
83455,15749.777443591365
100627,8882.287073919633
108491,7245.750721428099
103896,2834.4576049035077
100166,17245.651312725706
84224,18571.534540045566
82279,14498.460278921917
102695,9715.062852858731
91730,13283.684299060254
91520,15106.702325397364
93441,21136.1875614658
104061,14606.558947030593
85328,17998.308968570105
78431,12373.935284826275
89987,10142.023884591717
89785,8522.825081258894
87524,7484.89325442064
105313,19475.440272048527
97204,26384.321227670225
81190,23140.624255620438
106185,25240.979639707173
90483,11395.601142200121
85436,12313.160744239976
89422,13442.107397585556
94943,23867.703573742965
84834,9908.510599476947
104864,12503.885471338115
104593,18488.857595285208
97614,8248.822748598983
105794,10437.311899622373
87647,16938.174800113567
79445,22925.9857091645
86179,9848.604944229695
80653,30405.10758301134
86987,9241.07052630527
94399,14138.282026329154
85016,7780.798048953998
97822,9317.459893611853
78119,17856.41417613804
100744,6987.406863607415
105979,10711.915416146314
99994,8423.638309420432
100774,12518.48586628527
92935,19604.85070246302
98288,12501.810239971925
76583,14277.768730253314
83919,11646.082797523966
81696,46225.17514911086
82491,16091.372378027101
105912,7575.913047553304
81324,20753.618752808467
76616,27817.654792584675
77437,27202.827389778016
87372,10895.564070628288
92668,26796.758119369246
89936,7207.928163170011
103228,12281.691715928793
97587,10321.879449848353
101465,13327.331296059343
83831,10230.990342719128
106127,16295.287536242238
81306,33205.09959087784
90977,18425.113683741885
104439,16841.455418457837
93212,15178.752545756204
102209,8989.163784261154
100072,9260.012372995849
82518,13058.091255966034
103988,4703.9383539727505
89788,6832.21447122851
81061,16309.457738565026
102430,6391.874097768214
97938,6605.366566831843
82243,26243.179166735503
98210,14059.465751884365
108342,20979.783264656133
83764,10755.033048210717
106233,13879.282652680322
99659,7940.3616000918855
99142,10793.822689812734
98655,11223.10389497692
108449,17156.781176542743
104515,11217.869250614738
97931,10798.138354101067
100995,8840.978225907815
96070,23208.60408795992
76333,13947.450532674196
106307,11005.36362152751
92092,18518.725244113888
78883,8457.984737880197
94921,28751.01814477078
78172,26230.54728694436
96430,24928.903409784754
82844,8443.232256454836
82378,5394.599861600349
105297,20332.84219151527
95050,25115.241282914547
93124,17577.856064427502
80112,21486.607336922043
86478,9229.897548845045
83917,9407.602820557247
100721,12717.004649399578
94123,31359.72193519939
100693,12057.863420342726
106688,10829.20595406202
102131,11489.529616855285
99935,7927.787762565745
102108,8057.885383620281
82729,2233.3425643159435
77495,15366.954699122161
98827,11966.385695864748
97526,18366.52069917346
104954,8874.2597887407
78155,19894.65296304372
79469,11552.750408127544
98055,11540.727985074007
102443,8870.43836061235
91468,24233.585050237278
96944,11359.434732762038
90974,20013.55267974116
97294,8550.493494694367
98347,6876.826837607021
96505,17089.88207833214
100542,15629.902882410826
79348,19074.233219512924
95285,23396.997644443887
103440,11310.572958073875
91432,23629.16871436234
84815,13350.885403823504
88959,18304.362303762093
96017,25139.58917861003
105760,10743.797110992704
102874,10431.955522435643
103528,4611.133921192692
87558,10913.680432907291
95691,21702.953065838927
106122,27030.211205704763
92479,8357.70899717018
106673,5499.540281729128
108143,29968.345349904936
88298,10042.834362537922
102149,15177.470969779357
87765,16296.696119361402
90258,12156.860741283368
96940,9375.999639882762
108032,7558.242538972092
77733,21034.82504279704
90186,7207.928163170011
94702,18216.974940334054
95120,28409.994823295507
91144,13807.71715288618
103053,8302.329826978033
99408,12266.24615398662
79533,21161.61587589322
99369,11682.518880005362
105062,16205.760779648837
102029,12740.081245263043
96368,19414.797011026778
101066,11785.021787208298
100088,6025.340425274951
84869,14984.552749030498
100736,15696.842178909721
85981,14662.537663118925
98872,12624.185664883018
84037,9167.890135649395
89217,10868.988859947833
89775,21823.384976868572
88379,21322.036403107093
80011,23743.412987558975
80836,21347.71091659572
105215,12531.610107389379
93719,37847.00021539322
107968,16035.685650740776
98967,8882.714515813013
85591,16376.304088782394
80478,10733.192990025052
92882,18518.150008159824
89721,9900.593524153142
101878,7763.246651432331
102301,9533.076719898154
101408,7218.6280776034655
81446,12684.247187085968
100045,11248.481074031604
82986,14287.196698910007
78772,22998.432244934036
78208,21296.487095895576
81689,10282.158239339653
96791,15780.511108738074
79141,13021.655356844194
84271,16223.482061286502
94879,15794.246068788496
107759,20173.97096932655
83675,9849.429959840305
88258,13531.241542663089
96976,16544.02152427775
92824,16734.362023178004
98414,7636.826102347279
85028,10312.25468106381
97506,8472.877569547642
92767,24449.567785401658
100210,15801.87214491636
84470,11782.305383470715
90627,6999.458670162069
98768,3579.507086967193
105263,9919.580565285045
81662,34841.389687118746
93787,15186.959618915205
82688,8910.641696531597
88923,8874.550902667812
97463,9318.609043497643
93008,14383.584215781082
86807,9744.54230179217
79997,21678.848117119407
106742,18139.3954259731
94777,11324.844358461864
86594,18741.82227641349
82991,17324.622415035676
102203,6894.160692944671
103539,13820.793015072935
96264,18293.55119689106
77721,13272.424926445694
107801,14299.84285042208
99511,9783.808594948016
92801,21803.03350183575
82658,6426.999482025709
91732,15055.953640828246
76557,22281.470412963838
91314,37704.43754587963
82198,15117.494462059722
100607,15208.05821674226
80984,11777.966061452755
77901,13045.325847728518
95736,17421.471603787104
86809,19401.416559211997
78288,18593.345802529326
101339,10394.52418952503
87249,8135.601623058011
82143,33149.36778294617
83850,15327.176738146223
106952,13640.414056568101
106504,26960.902388671355
87341,15286.5992841907
94165,71365.4507170697
79986,23551.166682779796
97235,12330.888396631048
84860,10876.228556171523
94913,20536.61085616377
82439,7789.2983392033475
83066,9981.578079385552
76993,28250.82999192485
88803,17427.274314556445
77506,24991.25876350178
76456,19160.103132816566
84599,7554.976276033638
76680,25064.342601337492
78685,33467.077821844636
80310,18207.491336709852
107412,26358.70188597362
89792,5312.099396555811
87421,15410.458516906485
88821,12568.707121311752
101930,8021.233956181257
105822,11179.823507176905
97642,14486.673056966038
107339,10698.99352160899
76550,19545.16653056541
88272,4730.639926705127
85777,7186.424638522566
104995,15283.17591610659
82640,7484.885979514106
80887,12546.446728221896
105022,19322.10376619127
79920,18677.128463528097
96724,12833.56069671188
87654,11488.529004426817
80242,31138.504918529223
103464,10794.849652522842
99537,11050.6273432598
92524,28068.942167559282
83634,13901.698500382881
77597,16726.201095423465
87830,19316.324171668322
87700,18269.547371281024
86513,9554.676694809163
92891,12179.926616213139
79513,16665.35518608401
101087,14599.99617932963
85729,9445.871527251411
107672,28330.264973224737
77549,33088.7891738861
94307,19644.56544597207
84500,13295.621525665918
98867,8207.114116858758
103039,12627.64111723666
91192,30360.542289689267
82205,12049.10760125076
100369,11394.556349991533
107529,13640.392845495633
106073,15022.318217220989
87934,8770.104733934966
99978,14475.095393872793
97512,20391.566412551256
78085,22567.318696359736
83329,8997.05695247154
106679,19329.15483845976
102680,8840.978225907815
100260,18375.857155704176
98100,19602.815820780077
79452,52865.634036565934
94814,26273.06940998644
83431,10063.462504426761
102298,4101.777919066734
86411,9773.469359362636
105783,12908.386811621629
79588,19949.81139170589
77976,10792.515821273453
103387,13847.357955248934
93070,39923.82299179963
108393,21976.34384591169
105094,15524.024753735659
101152,7104.309526178187
87464,10876.84317420885
92410,27427.923593240943
102395,7826.954655449858
98531,13052.845652461541
89945,8688.499020283583
102454,14895.891639491554
104729,15108.293393080925
89493,11859.917773381983
92058,25285.819397993295
93884,14744.983013620626
87594,7405.124500148987
100891,12045.201745317785
81535,23255.69126772038
80847,29467.61388735985
90120,9786.609162899358
76004,23621.500067957437
76670,17194.57657669511
82018,8202.653511390354
90007,16111.156941565392
76604,12172.826816105027
88324,7791.691552995809
84260,14466.661972176116
104662,18710.258179550223
80740,20352.69304156094
94973,17476.349476005882
89099,28449.15324941449
89528,16293.582170245276
87947,19890.731896669142
76967,24873.15121802635
94126,23149.80650357415
92187,42633.49381958419
104140,7993.0934178957405
80573,15092.704627589645
99372,13372.87252930032
79790,29673.80000974166
94392,22420.878996024534
103573,10990.27534336315
96538,10524.769349193599
96774,21721.26464507565
83631,13599.438671751745
89532,10026.485786788564
83991,17603.903851762676
95769,27708.226193528077
83263,16749.668926908173
87065,10175.171160510701
107642,14061.200857171902
85968,9040.588614465567
77321,17823.57172410754
79237,25003.704960051684
98975,23602.779580255963
95590,23578.96206499145
104906,15276.22370914191
103289,11852.931155702345
82134,18903.558144160146
108432,14756.27706130534
79361,13407.7306945474
79283,14300.418083336835
108270,10420.460782304785
100333,5316.1396925628305
89059,7910.957089631922
96852,7417.507263691385
89651,18298.744971012522
82856,5071.232568985644
103072,17516.90880846455
108315,15433.416889668155
95664,17713.629803425334
87882,17693.06799094298
81682,23954.68872222572
102981,4850.21454852581
104776,8787.707713021424
97621,19548.62148470206
100451,10853.768459892974
94393,41031.93645591144
87416,13109.861124010456
105999,8397.903604772819
91075,2335.2116334422885
104390,15066.022448036316
78471,70042.6303879912
91077,13306.58153493669
81733,14925.317870324148
81475,21467.193067669952
89546,15350.42747129098
81968,17670.52296661327
82201,18817.429627623762
100703,15619.663313754094
108173,9059.18269200037
99283,2371.551748444687
88618,8090.571818952823
77172,17167.540505633144
105813,13442.165914418865
85410,9128.399025273762
77665,14750.826476086397
106427,12122.707677100458
100684,8299.449308297879
77682,111889.53376457302
106196,3428.852243692873
88627,24880.878340200026
108029,14634.040389209169
80142,20735.543544998367
101534,13023.771709766688
106737,21226.062006468746
84776,8250.76016726246
100686,7081.718756656884
100393,15981.216236877795
95593,19174.167082417
106482,27662.34558851155
82594,17497.446244670125
95052,19774.489833393156
77581,32436.597702851243
105894,16894.400172576454
98981,19693.491345423434
103791,9498.920908351218
89035,17810.828561369726
78988,46063.046789714535
102284,5945.464263783452
78961,20489.22044554124
100824,11319.145324488078
80563,19685.348912212023
106006,25844.278025348973
98874,5765.966773022176
92004,26663.033760504866
76541,4141.905676037929
76087,10969.904697287808
96383,8683.53301359
89403,10732.280940469936
85502,10812.981343229056
78453,16470.068099156237
105672,9579.875443117244
94086,29513.98675154761
103223,11170.452873743136
106894,5735.215196256867
104079,15918.117773717739
76659,51468.93464713505
78970,11396.820500833292
94467,9539.372952134081
106317,10604.035268467922
90990,19760.20165814204
85168,15714.734031059737
85329,18531.542947041933
90573,20407.32438723915
87552,6081.538639186455
106650,9722.758569467565
97658,11419.8139459739
103443,10660.838633944075
108293,10309.956130622928
106230,15452.681001855397
90762,4764.701078463178
90385,12485.608989092414
92892,31427.397269635916
87166,10582.061379371931
88217,17254.866150574282
107357,13188.897785972984
104588,14796.477953150788
106711,23870.81219436634
82117,28418.17935403159
76811,23879.94142123677
96629,13433.944241420633
82497,13727.386690111785
105204,10209.439903957913
92020,22624.50484343956
103534,11478.85824239342
87801,13065.599233291396
76388,21754.55419007819
101512,6522.59496845516
88523,13531.62215755748
82847,20623.939484971484
96295,23945.69676450792
104555,13623.018208059468
82459,8214.837833897558
88896,11449.804502640518
98912,18939.79914307377
87904,11783.607375770343
97899,8583.896828770925
84404,10736.102105014239
83628,31520.422938131447
98240,7356.004425166937
77405,51098.19899290791
95241,19516.85285058887
86588,14664.486266684466
100568,7101.638302584011
103330,10584.879872276017
88168,31197.86678988731
99695,7794.667723175964
105415,28872.217739814536
108291,8633.01334099474
82483,19257.365395531397
76215,12870.197218120542
95883,10598.16034909214
93944,17551.877233976
80545,13298.560485438245
87133,14618.5919337384
107929,13578.01287690744
103594,10604.550240714034
98090,2742.685405837468
85950,7590.981934566194
97817,22310.65950500408
80349,11673.771365134524
92065,29315.042353184133
81419,21912.436979179332
103547,15504.518889905883
82647,16322.043750831806
103287,6754.110901357068
92620,22340.514244125578
97818,12895.15212934979
94762,15773.926534982718
86986,14813.712424564997
80244,15004.282441232908
81808,34851.950309001004
101955,13681.916210741414
100277,9145.906982907614
97433,11076.086865875484
101701,11856.175668732098
88891,17425.186615146322
97998,9095.16769148239
84676,6183.528535835981
85102,11574.425305940418
95997,23003.92224821702
108269,19294.948771504183
101745,11511.22214927156
94167,23334.984455726604
100965,2622.103621856847
96695,6707.331673103555
84077,9214.653322553138
95666,32663.17091760049
93525,23025.011578442765
86442,10041.860419530642
98856,14969.350921210385
102762,11947.027446609112
91868,23580.14607913904
85895,9960.761917574868
83837,10639.166234654482
97933,24050.629147389387
77159,44466.976183426785
86267,13630.640754570339
102669,2226.5231546325654
99058,26664.58743685056
83648,18353.444247095416
90586,16205.251096592589
96303,12585.733054792185
91599,27592.721423465573
104830,14224.80771545559
103867,10719.488927618791
103352,8374.254297244452
85911,10590.836098616994
86215,9226.998437150078
100026,9641.201678321466
87347,9474.590700635692
95363,16417.941537473936
105922,26878.517395667426
100582,11046.403719701073
90707,13150.286343596366
89442,10485.054971249981
107455,12400.78436524611
79441,33403.92601104169
99119,12984.600320160815
84855,12874.356594433591
95694,24001.92919888386
98802,20692.438802206558
93759,23958.596594003167
100855,2502.8167042952145
93601,30397.990111588402
103425,8543.792193340096
79810,31726.684838253008
106082,11118.934050281143
96555,13300.592564179107
76273,14897.270506565073
81265,12957.83194312569
76722,22647.348875097723
87080,9268.30518461542
85477,13803.653517486848
100688,8365.731986938092
101612,7124.470351162732
107135,8285.392999978998
82754,6851.912434021931
77167,16863.13341076233
95627,34808.27489144487
77685,20174.847208725103
81835,21030.55447671839
108459,13864.562162887285
99976,21273.668545833494
77873,16167.178572757752
91574,19395.16575543796
98487,13422.78841000208
101067,5216.877310399137
86888,16255.36430704198
79051,20674.83002101841
105704,15346.879190603968
93009,22941.547344145074
79182,27942.165565589574
77226,19279.062686687797
83439,10781.673645014233
106093,18116.930495429373
85243,17158.052312376967
77181,16986.116302768965
85451,15927.881030717012
76412,40701.95988174723
87990,19243.980499655518
82077,32390.197506590066
86289,17902.420492521225
81566,21650.901345708837
82864,10700.882213333847
99130,9878.11883710235
96176,13389.28572483993
102269,8351.507753538326
91841,23086.47150597706
76041,21957.765558658066
104840,19760.237197406474
106253,18434.28676078561
98245,24028.13319136679
77039,21912.606460675317
100730,7456.000913509894
87739,4806.963422812064
107559,11951.450204555364
103282,11138.15787404657
76646,26375.341344182896
80252,12563.978920916361
103895,8256.884918512817
92491,25343.794515530506
89765,15266.72791545829
106652,16893.88636544082
88005,8493.985687131826
99470,9439.303905067109
77069,19198.951364114295
77955,31541.50632916629
90809,8465.520475960324
91610,21349.74295894464
102774,12109.739375456531
78231,9238.726877136383
101171,7657.894101933577
94420,10409.424296648467
91378,29119.270128261844
82771,10923.853146825195
99918,2223.607570323807
103574,14648.699626451069
86799,13406.369364678558
94318,17477.945320695228
76950,28927.00381697869
101720,9072.989654895406
106698,20972.484127213243
103488,11285.735991797592
99153,18342.549494374638
104945,20337.47528218698
82708,16747.03652169963
80674,19621.78263753047
84122,10934.13284090065
100375,1564.2427805997636
89456,14606.522869873355
82974,13911.492804398638
104716,21121.241871804126
88124,15935.021921311352
101244,9071.71065437463
82069,17530.698593746816
98606,15657.612005740028
94412,29735.95940939711
106030,24092.9335143062
89877,7337.149316183451
83349,15619.661492430796
84253,12558.712686123221
79774,21261.455843503194
87259,11250.00161726238
81587,8983.980962539315
94407,19071.05394053939
105889,12494.476448104619
90829,14445.99893485384
90286,8007.70884093787
90162,13169.363670848157
86022,12912.57189286214
108101,22375.243558761085
76814,13358.389420629765
106162,21652.432205124693
106605,17203.157166708872
99590,11974.755520159997
102676,11595.238618681942
107658,10646.598437364586
82396,13117.802352304407
108051,24045.27445530786
92955,27636.16435013073
83520,9855.027126175462
80338,16004.684556116352
89312,6713.704381212639
80751,29685.3884758642
90622,7163.467838349954
79431,21549.86519338865
82870,12304.91408970209
106446,24001.904033850406
96223,6820.516498437866
100491,6611.459544944543
90125,33450.63954682707
107869,19678.300761429855
78278,27511.473133135612
104244,12068.09969958611
93810,25152.00624082081
90911,25987.231660189816
81869,31094.64035872114
100472,18302.896436955765
101927,12985.192376333616
99713,17622.98960175854
108184,14528.359546293615
99764,7147.413086356349
101286,16435.85691214142
106534,8180.8814187697135
77461,11796.994236655783
108272,11341.813656680499
106010,22014.008117729772
89193,15021.801458558213
87761,10361.672550219711
88154,13185.206413124135
97789,11657.774087167945
98271,7597.258926761819
84160,16676.177677734853
80752,10233.704270276268
106107,20508.82054035809
87260,10429.008646148277
76549,4305.036115958525
106619,9735.628168957175
93849,28694.16862894509
96045,19637.72701827712
98306,9021.240023815835
91896,40965.76548632927
94048,19181.571613525757
104918,9691.635227643494
97720,7785.113570773895
97482,6860.228135255796
94156,22113.903544210963
96469,9360.307846274114
96918,19515.56490581163
97241,7866.488231548115
78150,12404.703039685955
77808,33696.77706590396
103265,9453.378206747575
99485,8721.60585704825
77860,14578.604699168147
83834,16996.904697169866
82565,5790.6245988163255
104344,30502.3182498616
88984,9453.397758466568
92161,19240.70071713406
102199,19352.684554690924
103723,10136.188760710342
94677,20284.52911080488
104806,11316.717514768476
87148,16054.272199858859
78411,15454.927489757993
97856,11661.581070301654
80535,23643.808523168922
90156,10477.850503735346
82176,21967.775455218765
76790,10233.99946251143
91762,29989.742466649957
78650,31596.571172320753
82763,16932.694297375652
82678,10959.1962365948
100137,21930.415923345965
78365,29081.566532423712
88768,10839.968598984457
80346,23775.78544008731
106682,18039.760505437996
97171,23061.643554560414
81701,15221.984894981131
84073,11785.89956552339
79549,7282.2673018622
100269,7180.442579027919
78466,31085.672656011626
80489,6273.331136033891
100009,10550.388468831736
78769,12268.52966693437
96821,22678.55037676704
107253,9100.259432153653
76045,12398.670263171605
85567,16663.621987091487
104651,9740.325944298302
94428,10441.16048514913
90549,16268.908972798208
100940,11721.737145533098
105608,18969.348061959106
105280,10213.116385464064
92200,17120.439100791686
91082,8228.228675344659
77298,24370.08252534654
99432,9909.216130815108
80426,7524.629113700482
100817,8130.992580731788
98552,14232.569562372812
102428,8215.300566874077
100978,9331.622094462567
96371,13835.496460471688
84334,7505.5304204220365
90196,6672.853087512381
102540,11379.43314687321
96914,6651.079336206594
100895,9536.894553931
105296,23240.962143310426
101888,5773.4699803834665
104077,6758.242394602605
94267,31827.982114380113
96803,21722.354405379258
88905,9046.647088684653
106132,8737.679087615257
104388,10199.078562535982
92704,19463.35169010636
86345,21069.419605533796
98326,51139.76168037382
98572,27292.35155919244
98754,25030.013081143483
77794,11798.973185529052
101082,7004.787004338818
98455,11952.06253655193
95796,17393.026486103037
98861,19640.191193763396
87570,3215.962294766211
91904,20232.043463870843
84147,14664.486266684466
79470,30890.562620874527
100012,8320.654954818756
78698,19664.13052222029
84929,11727.42331968406
97808,15592.472564772728
85299,9001.013529787675
91297,78418.2211715584
100772,6205.578748546447
88500,7402.967862759621
86077,19825.198449700598
91891,18343.78933291443
81059,18737.42828599283
91023,26441.51491447415
94693,29495.068062834478
83779,13601.943864464834
102323,7471.165956563168
86078,10041.860419530642
85595,18040.90791277752
78582,28882.40962360326
82311,32566.330436232976
107228,26408.45623900031
90613,15684.672843135584
102643,9995.513799855506
87044,16518.75176456214
94680,22373.19263062348
86222,15912.527441160872
92844,23072.69075863948
107625,3094.2122498083586
98155,6636.945409482633
95145,13561.031419828545
79545,17781.972013568855
86312,7906.689447028311
106466,11601.336973328876
102721,7101.638302584011
82720,8303.868662906621
89908,13016.587808610884
86593,4836.584275213235
86930,7759.004674454353
80460,15749.46683867195
85235,19113.113858472658
103331,12792.648032548914
96526,19599.593357028716
93359,16083.43417736252
104761,10573.201594251312
76684,30556.352628817385
76697,20955.64630632891
92488,18322.692578095954
107148,20991.424978015682
100685,8404.986907586846
79407,22344.72011715258
90983,18992.525838920144
80435,12733.262399513049
106658,21267.534437221027
76894,33710.19832619107
77367,16233.072371816907
80301,37758.22246989088
81032,19673.648575734576
107900,39383.890323915235
83046,13484.56002696016
102331,12628.68232829329
94376,11077.038739696365
83559,11926.814105801854
103509,12225.55834246073
76553,18770.862777718452
85897,11227.365346834511
91644,17106.63229860052
101598,19228.635910647172
89707,11449.088433895691
106964,15851.6601225544
86117,8681.594288505876
100179,12726.915220008315
98605,26501.7117180787
99719,8299.82054615989
96764,18913.792385756093
97262,8826.94841510836
79645,22858.137440533115
85785,13113.086260496606
103444,7206.336402881889
105639,14496.798041356873
106379,21949.142862915905
94283,12593.415531176053
80195,16118.754513918411
84709,18044.921547668917
106270,17498.69489900093
106321,27767.332919252385
102975,10226.638257336026
77231,39750.303408447115
82488,7275.01782259886
100406,13482.658509578301
79606,9630.398536817833
81036,15548.686479319987
95806,28986.042916577455
97217,18340.846874369596
93696,22411.406422902135
84438,9318.273082304713
108083,14590.062715240243
94109,29134.0329346371
81873,24009.803683937564
83535,12285.534689924381
108253,9332.548896379803
103572,6497.220791810925
97782,20501.111675755863
85759,16644.32201783043
101313,8810.753218972177
98905,13124.37167904592
96344,21395.587088744014
79144,15511.002870127591
93593,7045.57681650067
99886,10768.210124728117
96085,7701.201771120988
91717,25192.04099200786
100170,13952.992203113477
101760,16332.356811336658
104762,29092.471871391594
94364,16842.724355631915
81819,18857.621462138308
88720,12504.335329926598
76810,19037.03994485463
91505,31148.31139212585
91740,30127.93574420683
107115,30747.583142590465
79860,20669.038315475125
103392,9260.012995544006
107926,7556.021645217573
98206,11784.283208132729
91551,41929.615010779446
100331,13006.577498683835
76115,21829.213155251135
82255,15945.167604900676
104007,19722.69913983493
77667,6733.90483457017
97247,12939.722125580696
104182,43310.61191247746
84802,11542.19039063288
82517,5040.645601836395
79978,37036.88106637101
104400,30858.370055263353
98809,15043.925361798052
96889,18032.956650592223
106291,24833.34266536436
99347,9739.715063015556
101462,7220.049212106661
92841,29337.498107051124
78210,63144.682490309
90440,16797.115801267693
84119,12132.29075580432
96872,13215.334267457569
99411,7072.464924957042
88399,15182.865746639127
93645,17503.441741202238
106472,12460.924542259083
93223,16805.647456129194
100761,10275.491696078247
84396,9411.831366905828
81694,23058.72225130844
91499,52454.130883004225
86428,2530.1759859643153
95718,16528.285697649673
102532,9052.440770994264
101976,8185.403324971303
101696,9014.119776275951
98887,7355.364023546415
88660,16048.951796988675
88640,15119.147568024056
84379,14961.922576858262
84581,15945.492554444589
102278,9065.06493971434
87590,10764.477427100423
105244,21439.726802805762
85140,19547.603265495894
100212,6327.933962350149
82463,9145.340243486926
89649,12230.547854915536
105119,19416.52203359082
101138,10641.342388731291
97613,12221.68676194101
106323,13187.37917706694
102910,8053.316417079616
106664,17535.111468569754
78285,18961.8029028234
90102,10999.910987836021
96386,7549.025407251148
90800,7925.662188554161
98566,19161.253616251168
101815,13333.269248623179
101798,13655.283268201343
97728,13303.245803514055
99174,12829.115054447384
94250,18845.52621123385
88827,10134.343050132313
105493,9028.247151219024
77991,31050.09457621667
106003,12513.758660025354
102938,14102.192043102164
80815,16444.929157174425
102775,13503.692369181948
106108,9884.709123221795
86213,13102.090345779101
97119,17785.521721450434
90341,16302.148595606348
81713,23568.882307280663
99887,6781.059638300914
80067,46397.96899501637
104710,24360.88326272711
99374,12499.765797428414
102685,9511.955610292422
88454,9782.949672136952
88121,16545.73325356618
104607,13114.96379115532
108321,15330.27914426672
100788,15976.871888261856
79504,20883.885935490867
108273,18219.080243244323
94291,24686.951979086098
92974,20038.47622182935
98506,7269.278818238895
92238,24183.932595182687
101214,7532.232954081785
92872,23238.36747565699
92412,15020.438686994597
99487,30438.84940759647
95246,30841.41220073071
83843,9838.503318522486
77705,18136.05883672815
82903,16611.52247852092
99335,14800.174517464882
83112,12921.788245870628
82946,12974.448931009336
105777,14176.819233442471
87013,10602.191550952492
96752,8821.528134707143
106136,20245.701413479266
79867,33651.999316757996
84377,11357.909225677373
100807,15272.556968065643
77327,33570.36689834667
90531,14594.671247011738
80907,9985.887193704146
84019,19497.049579451184
90542,16133.507066453372
77431,11009.099822453416
100648,13685.136620040688
86836,10207.363780784526
85657,10042.834362537922
104881,20575.727357052718
87108,3348.230529404812
103909,14942.881799577153
101363,10592.461252407376
83894,10040.477867465246
87239,15007.034746263995
99880,7147.413086356349
101105,9078.716841900301
103682,10939.127618133622
84580,18660.170639168762
103278,4976.206117991952
81972,9912.172473154975
96088,6164.490757520394
89815,8007.1791702504925
83189,13537.030548237648
93790,31425.899550487014
86893,7206.989972271629
85632,7273.898189252021
84891,7496.625690573112
81765,24121.072922220297
104808,11030.086895399318
78274,19777.986409471967
104323,15041.770431193512
104215,25542.464018757983
83258,15777.026715549799
85415,9183.342847177695
76352,17048.519319311617
105843,24815.862995066767
79923,9205.950018538586
86788,19468.79389530571
106140,11778.265068281322
107298,15059.206682476333
80097,105060.54539543182
84584,8630.355504648507
97123,12121.125639833748
82024,69956.36913728647
80482,24777.643610333518
85092,13736.819802092841
107615,15342.240252446567
83158,19302.255558503846
98377,10398.100373385056
101038,9144.542403742233
86398,11031.74430724897
93257,19962.68410816235
76372,21370.64757333765
91976,27502.01974341701
89914,33696.97887657963
102249,9576.237246149734
92223,21078.40030792649
96162,8309.877566858513
78476,35138.22835357828
84032,20269.64894794338
87790,9742.923080590019
99047,7430.2740671171005
85743,15813.363572164559
100359,7278.12387724966
105381,20730.12937190328
87011,10828.71609135446
106016,22704.371680440265
104246,17646.318646064425
98535,4658.755417284184
101636,7218.6280776034655
86057,18398.885532589353
103082,7353.518051432445
98076,6481.426895570405
83514,11133.191877615023
103770,7838.783628774312
81344,17308.034387583997
95622,32849.40133617542
103797,1184.2007828651383
93056,22904.384275038232
78395,18551.162752213622
89628,8666.475659434102
103060,3821.874544078037
76440,20996.463293684603
91172,28716.104237456322
92399,27599.5787072479
93498,25766.471189358952
88211,6089.852089990126
101974,6305.328966993232
92110,14515.726157470284
108282,10517.864696915829
91046,16434.465321643547
87325,17168.700649627386
91442,17243.22696300743
105058,8593.179789810574
83755,9778.059743376347
84596,10829.623877142647
86642,8574.227742132629
104884,34487.94401161902
99464,11904.42689825184
76380,18967.059439806108
84398,8676.366759376213
86695,13703.352931925609
84967,16594.8164070493
91413,41138.76060958699
104536,19281.894210325627
103653,11863.458334421963
82660,7520.203840535949
96278,16854.283968893924
104281,9826.34483783936
96493,12438.974774491227
84816,17102.723160126054
96248,7783.723955926521
84910,14002.05782956682
76150,36751.042015272236
84168,8189.942323398117
91284,19476.732331917712
95359,16398.175361573234
99809,18420.441085112918
97478,12884.344363749547
90354,7009.327932246379
76268,21694.870020724065
99017,5615.1160778314
92966,14527.38347148397
98031,11492.37912864284
102949,10385.86976110128
96793,11687.629566368994
88706,7517.024674414455
100609,8926.137871303343
89116,7979.049261973413
85861,7377.761947512675
81217,20205.278552994045
93134,25621.416534548396
93383,22163.060236700476
108417,7435.523087846887
84549,10448.92022935511
97741,18270.51837190249
82038,25659.53699984717
104696,11373.303323678523
102985,10967.768724237785
76015,30399.260418769027
89233,5289.896944657328
107693,8911.051267210793
79543,15824.613422564651
88941,11574.168078160912
107133,18470.243538394298
84262,8824.604595728622
80022,12736.741321524212
92947,2339.3923042020197
106355,22862.21421389953
84561,6702.873383459195
98987,19440.157802042428
106383,20640.290394514916
81784,10420.72207455798
100364,12002.666536750869
107310,39669.982138484316
95690,31879.55653300552
76393,29058.44472460755
99698,11089.660768654838
92142,29439.24428218466
83931,19140.287360789942
89216,7501.439051046041
78447,11803.328990975133
88380,16248.760759672781
106609,11216.497928076222
87906,17150.502587899085
107946,10985.336403413752
98084,13739.376511021122
86920,14184.075838658091
96738,12459.264498054812
90639,11611.912059607163
85170,26221.87832806855
78613,21768.464922686497
105247,19648.94954739084
90641,10512.000518182185
103803,10570.22620537985
101871,7113.954651907655
84737,9099.852989473315
88357,15547.350652750769
76060,21907.660386259005
96081,7198.666734794185
95771,17131.738549351325
90465,11556.828691768724
105795,8341.126411818339
99716,8834.94488915191
86627,8940.461703385858
76452,31628.484855674313
106972,18738.85833445012
85032,13199.625400736544
92339,21071.888904678606
92906,31044.866199394313
107476,24392.858885646147
98693,7859.414134409567
100745,14416.554167950531
93962,28829.435680352883
87071,26806.0502198554
78456,11650.135604775287
98616,8360.929314150737
89502,14800.143442947225
84812,17322.465442077715
99278,10104.23237794992
106760,29026.552717032995
93843,18273.50712801784
89686,10782.634650727008
89459,13801.573127864192
86882,17929.649450017478
89055,13513.251463706358
103280,8462.235745383789
82388,13632.450307128838
84322,19507.211649995697
99763,9699.467659477586
89240,8183.437887784942
89369,8398.212869135397
97845,9370.995989509753
98505,23110.405692505254
83594,9052.443517776625
76879,21514.169795200043
107542,9436.166292302318
80047,19028.499260756813
103396,10442.374059241049
91511,22460.236364021344
103680,8251.539602510611
90952,30576.648971656195
80329,28315.604913919975
95213,15480.034456594447
93454,17878.13140728112
98790,14148.812723054607
90991,52068.90080002126
103576,15805.144131312278
95054,15476.15552435015
91254,41393.07537387827
78354,29621.771734825474
82354,9133.992751589596
88849,11088.86513213243
89577,2773.283653223026
92417,19555.12085753021
87390,19879.083544530084
90610,14695.080494641295
76083,28743.79859405099
81716,13546.244690322343
91781,32190.75720216764
90138,19492.772272472845
82651,8541.648805452409
97872,7833.66563319741
84809,16020.271830851898
107232,13240.331333859795
82070,13444.004527126925
98299,23025.68361626749
108152,7361.295447588499
81894,13171.369959631362
92170,26979.881231838488
76815,13434.76678519747
85318,16482.88744099699
101609,13902.887049520648
85681,9392.571928172747
90628,4610.572335243727
81278,9637.685859697543
85022,11062.8725767891
106237,9924.605477411476
99060,13302.259897353084
97068,19385.675484067575
81590,26503.90499209551
87125,6579.339166201865
86034,5921.722002580668
92154,15962.943237962441
94085,17979.669942457003
84555,18255.028467840086
96138,17442.83452006434
87289,15749.777443591365
96099,18631.276206753384
92408,17132.272252337025
79885,26088.221735401323
77403,22746.663969686502
78502,36790.732036320325
101012,16476.054072982817
87470,10935.542970876148
85394,16788.296877759345
90467,15552.096043534402
101768,18174.232610809137
82421,13311.868946417757
85707,17253.534740963445
90630,16767.67704804699
83619,10336.894788604073
102793,9610.38228376756
78299,19075.020161796074
108074,10413.920699424865
80894,47696.697840149805
107622,9532.32386375992
89930,13764.65493271567
105194,19613.31106593707
87228,8108.510030724164
87821,20680.464972441092
79921,16017.936685891136
85109,16325.678935256617
104039,6112.88149906639
103523,15047.92561759471
84724,9809.244889482206
101351,9993.745560896443
76444,30475.511876751076
108202,3055.356529093185
92774,39662.98874219824
97279,12133.974284243157
94079,14558.79684238983
101938,6064.748967232556
105071,23362.567218848755
91761,46357.58723106944
79296,28419.490187407097
100769,10483.112310478718
88597,11461.484111848056
85935,10020.61006340858
100302,14475.095393872793
89081,19836.268062753607
86282,7060.280607922729
107202,8753.780346016334
101999,8813.35723970408
77135,21415.36951612992
99417,10112.156060473255
90406,19363.632791884327
94752,14025.840032502678
83342,11014.44216464804
98973,18447.918116547382
79768,31883.959001435654
77192,10772.918188497175
80500,11347.096908502543
76835,38127.55085632447
86983,12316.917786517846
97069,25968.961032787985
97193,9491.524448662469
105073,15361.100823908982
108405,6818.31039951999
90739,13618.688521535109
100079,20298.226662928864
97513,17257.712055649503
108004,30943.651822008735
100330,10787.516469760747
88508,18157.451167974334
81325,27694.3178220564
105920,17595.534050212213
81530,9015.692253014518
86776,10747.991761540994
80384,12069.599337568801
105020,18457.600979562398
104228,13315.972813625855
103926,5932.652454943476
92044,29972.15610700557
107049,8153.587603777996
107408,20212.46472203329
97280,14662.667519214316
84121,26909.716796536326
107517,17378.022546866956
81847,11781.037021775173
93671,16533.401691385618
81276,20627.994766187418
105034,21545.995343959097
82559,16302.707995861807
97468,25591.87434755204
101227,7879.559857021187
84614,15361.46717554927
76259,20665.073803735853
81329,43962.10974986587
91999,26656.686005911
83557,13820.412863908274
82819,8166.019952535705
83735,10769.893349473743
103607,6885.873630059187
93256,25371.17396920023
89255,12745.899453605494
102147,8797.289769047005
86853,13601.943864464834
76266,16549.528500276036
85025,18404.744363876824
79566,22053.443873425756
95663,21763.635591335453
96600,9591.164797105392
99798,6451.378264367423
96922,15420.576532799148
76888,43867.27658002093
78701,27768.37358136692
108246,10786.058787478503
102309,10496.596935099658
89158,12870.315208293076
95309,19542.484677339922
90997,24305.402332560923
88930,15119.995553051109
86235,17537.824756031216
86159,8743.47026321323
101049,15948.357946519604
81773,30881.871128016737
81389,25702.512802879257
88802,10757.094886586918
85702,10361.672550219711
98780,25051.55579068306
84786,16484.35972554325
85683,11589.418584964758
77857,26720.50647999445
88429,17125.3027427232
102069,10771.89790188714
104862,11834.836876701871
108204,20422.97072080346
105476,9685.90020137727
91778,21467.302741991367
100851,11165.595618959538
82960,15739.16905082683
84799,17991.51815122897
86912,11504.41049774048
101533,4776.87064256784
90657,8436.438181166543
88912,11775.106613459679
86715,16190.163689712548
87508,17417.87754051779
87984,9527.352316898623
94852,11990.19153461006
94905,20243.89702663786
76632,22573.324621096115
84100,7132.355264678318
95802,11659.87125059987
93740,40466.42522874514
98565,10918.217555810194
104153,10172.386716838677
82480,6866.568961500106
100660,9980.560273588833
76089,28222.895882640118
104329,7215.4366357885165
76434,19845.02069965817
84061,15540.382661967737
92097,17239.05747144849
96236,9739.516781655748
78908,10394.135079105894
104602,11766.949639588709
102750,15217.216297903886
103394,14775.514487774855
88113,8821.960781880778
95654,27142.621866767582
86372,10471.502534129457
103110,13211.728100849896
88378,16621.758111427356
97704,7608.975118484878
90821,15968.850172984765
84901,24641.68606517231
93956,17048.344706956053
96320,28480.40155492737
81148,22300.174835208953
96461,24780.972564107873
84615,10897.46807159092
108104,24477.969943156204
78039,15396.959867154523
91425,27468.78451426328
77044,12971.690207062984
83049,18355.984684829593
99803,21692.25744593654
77693,20619.485151603323
95508,41579.726569049446
101593,10890.875340725137
101499,6102.953706955647
88319,19470.671483391976
107344,34185.33690925281
88590,7590.560025881369
102740,7756.811617558282
85931,12555.86761895381
77210,22797.86915375071
104732,15094.206317148248
101802,9190.209721614994
106071,10876.53324434533
107867,9325.379107571393
103449,4671.2054140123455
79433,25257.409654256844
94897,42690.424448168545
79851,18827.503968198016
103779,6647.462335229234
84206,7139.44287320009
101707,7560.972958884371
90924,15580.693197830717
92910,28937.382146202657
95774,41053.92747416092
78551,41384.469714215644
97038,12692.002426147137
107852,13877.567747437392
87639,7928.307716568713
89958,18725.99491989434
77096,14924.52601834655
80491,20369.441531603814
97835,9129.597645953063
88697,8150.563933910547
78196,48482.452152515936
100662,9799.640122036531
93739,5883.899239643173
101433,11707.072569193158
79620,10820.795585445536
98914,6677.991528715481
86750,9226.994441080267
99223,9126.67592666682
100046,5935.674905927603
77452,28265.47606477677
104703,13893.161458042397
98198,10223.23017833027
104049,18614.71788973089
102264,11394.610406143962
104967,16234.358304302685
82009,17717.790150157438
79345,13148.622980639788
76063,36088.779674428275
92506,18369.307099994272
105509,7366.716456907145
87958,12568.707121311752
104150,18794.47768781547
76395,21437.970090991723
92933,23529.051709677835
105564,10158.439916524967
101877,17798.559952554453
97863,8708.004642877046
98886,22420.625992285215
108166,23855.578904230544
84870,18264.76231950757
105095,15101.355578859751
91461,20982.477761836235
89581,6985.034396567985
79917,7947.37273918946
86396,10710.976955142924
77190,26446.531692411547
81287,11029.107731310027
103138,11166.416704517842
87123,11194.66956564579
103793,10875.756617840856
93077,19911.724322977017
107545,31103.946498386034
99055,8898.146490599403
101183,7980.986802586042
100713,8384.007368868151
94948,25892.33237027087
104333,3886.1542326025515
99987,7961.914936167445
85251,10864.396101105982
78966,14051.127297145615
106038,21254.25237970129
80139,24478.943506438754
86167,12571.909552983354
99261,12441.352674429701
92352,13991.80291506712
106505,19818.55251627668
100845,10995.932512357414
99620,12544.914095031014
99159,20537.056813192597
106476,22449.093669969774
98980,21135.334757202072
93289,18302.340692521066
108209,12425.765225044706
83126,8667.666588858196
100563,6492.102000406367
105255,9115.840859299105
94179,19653.371693536676
90552,7602.698209844336
91267,10827.162720479042
96812,12620.046814936955
88257,19399.297878177968
88718,12225.66305532785
83854,16903.40155867338
94902,17114.572410495715
92523,12940.732215103839
89821,16649.702144399835
95400,44706.35948943517
84369,11903.38911261762
104199,10585.326354124969
82116,26489.24434282688
100708,11387.00311009776
82790,13015.502756113625
81821,16882.706476564646
88277,13704.106567752407
81500,35385.43012300849
86835,16356.434676046369
79378,32941.84642120594
91295,26835.165031523324
91973,26809.319557591803
104856,15972.59301575431
77543,19594.602064925894
108162,9209.047267369015
91217,40469.07899728228
87896,18019.197097018197
98107,8708.017447454728
100169,10719.488927618791
90709,9069.673023778465
80086,31963.980764139782
81299,33751.51124277335
96112,20098.2982294243
103775,7161.66200719973
95669,30411.16880249619
78443,14497.966354514654
83136,15786.48964317781
103945,6474.432018248361
93010,27417.639934703926
91906,25740.366407927424
85113,12896.923667468525
79454,17173.91279895771
95079,38548.303473269676
77330,50550.831654060494
83798,12814.57521596655
90237,7802.768539286598
90782,8398.022391251037
93557,24098.19885070188
80716,19856.660163364897
103222,8486.7104251637
88529,7664.835189808511
79327,19264.95176225248
103525,5653.030828869906
77294,14172.527261829757
86934,5846.605292750305
83687,10185.374605106712
101179,10049.492419892955
86285,14625.79232694718
108225,32179.176859871724
79458,20910.33771422309
79962,25019.42759289108
77878,29105.79086409894
79980,29721.305618653627
78111,21742.39396647869
96878,18384.97037573711
91368,26015.10023473154
85298,7099.822226238653
85082,17460.19211454718
91369,21840.660428052823
96485,24489.125584601814
77644,12704.797914840412
87187,16500.779585183423
108438,18601.42695889805
83884,15167.66360710763
79694,13103.74318991412
83581,18451.51876855164
89661,16828.896844540137
91756,15549.716016024757
94344,15160.10856969859
104700,26399.38097193316
82382,34885.862356518344
107594,38798.923962369554
78751,24611.277282433308
80127,11408.130318507801
99586,11966.385695864748
79871,16925.479385927818
107372,17804.80262578828
108028,25540.6605204424
85904,13390.177929812691
102788,14634.277216456543
99942,12701.345529753016
107103,13885.448849962582
84087,7338.157190287745
97292,11221.436667645547
104542,15005.374041802383
94429,23547.34273389396
86335,15938.233205380531
82367,12756.608732499159
86457,15470.831408448354
107346,13024.36004178586
77766,54590.61493096652
94768,43144.41333567389
84426,18318.1633667145
104173,16524.752644425007
80165,33420.88101474627
80521,23566.720799585255
95028,29937.708664865277
77278,35925.95657685431
104940,19949.278546473226
76864,24206.937789360058
87845,8885.72286992748
86391,14294.637977424549
85488,3101.017320928812
87274,18063.210459177033
102371,8117.052563196571
77811,14886.137912624446
80166,25372.860078255362
85693,8235.75183663433
86192,17970.998568965737
104128,19971.84333966084
76805,11418.927724851274
76360,13794.262093238902
100706,5037.448937479674
101318,13408.060638703091
99579,19451.137746992976
77331,25452.50703662818
107340,12474.910412846782
90662,16842.665815724085
83565,7058.402236245484
89664,18916.05696417222
78421,21829.069683437592
85006,9442.852981425249
93876,29417.10966129567
97786,16724.025511212592
96174,25419.484713838345
87729,8883.039695993126
83280,11476.910318861936
102207,15075.310041731434
100949,7610.01019544618
105703,13445.573802417888
100936,4680.371818778285
80419,30608.242095963942
85990,8667.148210913685
107505,21744.98869819862
81337,13803.82661142303
93683,32006.93972263776
94646,28600.893906769885
93987,17958.30443129409
80512,15211.76448679012
76113,19159.220873485458
106835,6710.012965517452
100428,13952.532994216437
105624,22905.3053148187
89652,12569.160386036641
95108,26045.79896814141
99206,11730.14759810383
76036,18546.345101765473
86230,9397.913857108031
84454,19776.788302412697
79349,15123.090385553582
85609,10173.789425206105
77345,15133.444617114646
78726,50627.130156462306
94445,30543.3670431662
107695,7482.336347433294
106991,16805.773723015296
79308,13682.626410862827
86486,9508.263498824532
80429,39117.59483393355
87107,18437.38174147617
80582,13662.51264436474
90386,10002.202181553675
98363,10417.822701451816
76705,21828.54110781562
104824,6747.009649756539
104154,2055.7993080111873
91270,17724.676406053408
83116,10728.792296266804
105710,6744.047189275868
95042,17602.816445435918
88001,14414.429108348717
85212,10725.144236377315
91875,22046.29927140235
108248,9374.12912100537
106378,16552.932799956125
89950,18469.227194980514
108165,7329.778051379207
83958,12751.795449499894
101582,6057.548439327736
106377,13977.705798111781
104057,9539.261734630387
92245,32359.12543303949
91187,29776.727300100934
88022,16999.676849776035
92561,18883.00159304408
96757,10071.721778637278
104597,31675.76338383662
101485,9213.208488477738
88381,7775.311095858502
103776,7939.390276670889
91215,30742.993927683936
103022,13572.695221830525
101933,13923.391715667627
93174,30074.923845119007
105945,7656.762555185577
78879,18917.55666423605
82065,9957.023900937153
99235,26596.736165173963
81250,25389.451074412085
98942,21202.50313096449
82966,16581.807383219337
81141,19287.39491333995
101325,15256.0469434149
82470,9309.292773891513
79063,32193.924632890597
95324,37187.83183771755
86407,6725.186487282472
94026,100917.18031537395
106390,11150.604010650459
105069,21633.598846303725
88045,16365.716582942245
85356,13894.064603435832
80298,24084.975142582593
78479,10619.025104664779
98197,19797.43051448858
76490,25196.58386857945
77678,30081.330541322684
87021,16065.805729673348
107215,18640.445054714983
81404,29143.016565240167
84641,13875.767249935783
96328,20354.444522545004
83845,15460.016206299573
102745,7659.456072691543
105081,9617.690461056432
92135,15571.507559178648
105888,22038.0423810406
103985,7784.818008338846
92091,15345.42793773772
88090,17543.229800313547
106712,10562.942780901203
83446,16784.349018938192
84263,10728.409130484402
87277,9550.546143959507
90625,7217.451877216582
79466,19708.552308557464
77287,7538.933970049269
91628,17713.533015838188
89171,20432.332290448216
78750,21532.376749451334
77085,27519.935349591036
80877,22872.75388765372
76526,24931.23209029195
81085,26597.10909452946
107918,10938.605673825172
89072,7790.924894501338
103832,11506.326467810422
90495,8685.480319237024
100430,7816.852960055665
94346,12308.88713412529
94350,19557.877632391606
85431,9069.938928362548
105851,18936.638296651116
106969,15574.803920372893
95370,14273.124797328359
94611,19870.07932069211
79129,6457.028239194479
76596,23165.344622019435
93211,20646.462729790604
102753,11649.070484577165
98370,18222.40494546201
90773,12290.534293640498
98298,12244.392641194412
98150,7716.498344270223
101220,12114.095567966084
80802,30224.524433117516
91398,18915.002831031026
86010,18850.472687250392
81267,43728.26758891856
79745,17104.141733715882
105864,22625.869805978073
99245,18198.731976260224
77308,15714.7791510129
85341,13437.549572884527
78845,12803.873710436665
78542,14607.947162124427
95408,20102.832597454024
99562,7700.052076650878
82748,15917.40529912507
79419,35904.74882636837
107846,12509.532768529527
90929,19432.145098204463
77964,21267.443372325815
95902,22011.901968357968
105576,9532.32386375992
94067,25810.251293631536
82322,16409.547982604763
94533,13220.78825355118
102326,10360.225336388095
97048,8596.037106672957
84908,11315.573571684963
81143,17406.119760554753
90090,9806.925202154454
93029,20129.11447375525
85943,15698.413661528632
95392,17900.436859733803
107057,16327.151671509848
89067,9580.483591401584
85202,21109.758149573518
81457,36163.86399399732
77074,12998.228144774128
94378,21375.027842247073
78921,15803.448146379613
80414,28938.883658593106
78653,13915.808427866506
87185,16895.93142282349
103928,9338.107262099025
77930,16747.022226277775
93057,28259.565348006552
81986,26392.59309444008
87505,7666.459660364986
104258,6614.3623738487795
100795,9603.26569924438
82702,19910.360251197795
98156,12525.529359967315
81155,28573.761440678525
82204,11030.118034796593
79859,16742.352058516466
79501,34506.99239269617
78998,16232.2039370504
93846,8655.942935362495
83490,15875.958268177486
81890,30636.10370268334
78672,18122.68117061663
79310,20803.071976190364
81889,35194.763566462374
84975,12666.339401227935
104001,19908.309512209085
90374,24705.443268577514
76586,51374.607575862705
80099,27270.036634838398
78984,25992.751355693206
76198,16381.35803036467
106595,19544.09778220317
78327,17317.216239267946
88954,10205.61220506632
94710,43344.589900462306
82380,7592.813064975336
95780,28920.36617434459
80440,52994.54000407084
103715,11250.838569320527
94371,26708.923290655523
105793,23134.983866520997
104941,10393.275996442573
77499,13420.927635067148
79776,16458.801859042953
102456,5434.792368100202
87034,7791.691552995809
98570,12925.83047301131
86294,12032.06089048304
86579,12789.374276525143
78767,27649.577122293944
101407,8402.622410931666
90427,9748.580811879188
86604,13439.710507983486
104481,6730.18988579278
102055,8713.380261070619
76565,32054.777154025127
101769,5611.85011746026
86849,7776.772980437655
89128,11880.887246321254
77119,11041.429307969549
94623,24211.9888479659
94988,26098.197094344505
107071,13934.162721194376
106724,11765.696853295036
79938,19973.545338384112
98217,14283.504865192208
96660,19479.859282574373
82817,11577.476926931095
89810,8685.870579736376
108212,11203.691897684592
82851,18940.9362197539
106739,18505.313596561948
98224,20480.235089032227
79457,31333.2636544261
87381,10014.43277399161
89127,5641.055463583829
79388,26779.87731123785
100705,6132.9298680130905
106385,12154.759630985956
76142,29652.512332191214
79007,16145.781823299432
95972,43349.269062987594
100737,7749.27484639572
81958,27829.05940675494
100805,8282.859361137587
81226,11376.164255041633
94857,18748.681910916053
103193,9738.513412815802
80622,26765.1739275249
92116,17711.484049406725
108228,9795.471576868056
84744,10480.185593275713
90654,15963.337936538896
90551,18712.781955946328
78428,29422.419841048923
80781,30739.224288750047
87118,30631.457696442983
90187,11372.23019976934
76110,11247.09344922828
81102,18495.361136670916
89957,10205.85412632599
103585,8350.211466069024
95786,24135.605373029146
90883,7936.277668442381
94705,49495.636358975644
98890,17448.570636436583
91766,35971.53246780171
95207,10287.193409336205
77002,13532.143294273243
98428,18105.43657681215
85456,13044.83362718139
102472,14946.843632416467
83021,9967.57264571085
94063,15261.923329458501
94665,32403.7502690145
81432,21906.311150065212
79825,30491.471748014505
95008,26624.090032798125
104634,23784.649141993534
89960,8738.265683809082
99162,11378.050078021315
99269,8789.641904944985
102221,7067.8368788951575
88075,15790.02243214446
86981,10162.32485548216
97144,9870.52088310181
95073,25154.961260635522
107794,11199.172990694131
82837,9295.025213478091
76265,27006.357518395063
102416,12543.542414573805
106292,25973.4341120286
94162,24391.847245936766
85715,7495.316999817951
108484,27440.171401259882
103120,7737.602416912593
98178,7920.324557399608
92208,10169.35499135826
82800,13750.923961475979
86660,11545.588996694696
94811,18540.034514631872
95020,12304.822339924276
103339,5995.1311342300705
76719,16287.188650380178
106391,9906.132210925012
95855,39639.22035803987
107989,15145.671522267774
82154,23437.212067738532
77767,17643.074348579197
102776,13567.311168265136
79642,27347.54090647049
77306,13994.301000032665
98007,14503.117712188083
105538,15835.947342102152
84076,15468.845884386592
77749,28203.746091758858
95734,20281.60620223182
80602,16694.31666947503
100988,12254.71130724059
83690,12231.034074633948
84882,13969.555159506343
101699,8488.947973472435
86025,15047.847849457265
104331,21275.404247993545
93789,17073.179982387872
100427,11189.586387706495
89980,6425.00851110032
92989,20850.89261462472
96820,9659.75500880367
76354,19268.2574113241
93143,58078.95682160253
95045,21757.974695980058
78135,12566.486735726863
85841,10622.885550427163
105453,15446.276029748597
86843,12820.918275077818
76450,57496.07874008881
94878,42550.1768159799
85792,15931.382970561192
92518,17719.878637538197
91382,22971.54654538679
91966,40532.14358589586
95486,18925.637676627026
108090,19758.170785564984
83588,2631.457739024136
101240,9923.074681519047
79797,25137.83033695238
101978,13479.107850812525
77559,10655.127896718779
84171,8883.722719036195
84012,12293.422537802475
78716,20581.759214208076
100485,9130.872572800337
98908,8803.342982326458
93238,31232.412933273634
95809,24259.588840256158
107070,24181.932542129256
102546,8076.393429114523
104507,26852.54361734095
92943,35564.92237501169
90241,7951.34174245524
79542,23392.21923636421
82510,9187.180451822742
93255,28158.84838047896
96559,12316.264746613859
108483,19157.184570248097
82288,22129.278789973723
104480,10769.835717990698
92328,29429.16811722963
95793,31680.291000032306
105673,13949.56114349352
95841,15997.45525123161
98338,8123.148984645662
103579,5980.7500834141465
76861,21648.417598012344
84414,5602.30673227503
102508,6550.65043735844
83622,8982.708065984909
98822,10817.980988962912
86291,10344.947709498081
84831,9253.758016910737
82626,10824.102836939535
105508,16569.53557417376
77130,29026.096497780338
94652,27806.562714621865
83243,9001.977687766122
80908,53306.6676937174
106139,16405.4397949926
91617,19831.08441902971
83524,13429.417600487597
94486,26232.80004548816
106044,11248.610663061443
87195,10560.289147167163
77450,22143.454175611256
99239,12079.05457050593
104813,22197.700920294887
108254,7223.461945357278
105150,13425.27787778175
88390,8088.208278426459
97902,20254.531140282397
101186,8225.616357548957
79116,23444.608534653864
77214,22728.384749548837
79298,6992.205107645603
91370,25726.680367572506
84827,12195.577287391787
107282,9815.869818086321
97678,7800.486714323908
93570,14283.124374821839
77654,14179.75846123939
77227,22857.873773802778
106789,17146.302565660342
78869,20911.044774627113
76531,15107.299962628313
83469,9816.425021784986
92278,23889.24486484831
105949,11986.956105772018
89026,20222.11511708531
102066,10894.835119696854
96352,13516.852208348804
77819,28684.847350889195
79655,28346.995810502027
84059,13023.973641312594
96541,10878.627575057919
89319,7366.105755323144
107795,9492.975081575942
96961,21289.43927592439
78158,21692.5295959965
77428,18414.208373581914
101125,10901.43062552096
95105,16663.66442538382
80306,9335.99481677014
88903,11408.871218806218
80574,17042.766761857296
76321,27955.96754855554
88786,27910.839564905902
95682,17691.726692962533
103135,14356.0693389419
84241,13989.368310870106
77809,13426.686485067332
92926,34159.34398655865
105895,29103.190566969355
86247,2894.2508137711384
103470,11479.655818793966
98865,23492.589569005828
107363,27793.797531076987
76516,20115.25900125538
96506,12281.187450995692
106306,12427.814000630839
89093,13685.889516721023
108123,10504.878782720461
83510,6653.774841409998
86792,19464.524934141635
99984,14363.150559961907
76508,23494.29496277921
86580,10822.540062720509
88428,10979.8162169094
103922,16902.678972159873
96703,26096.713683288282
107626,17022.448048126775
90100,7207.928163170011
101987,8541.87421723782
88615,12320.074426978337
100138,11622.51767721161
83743,7482.654411273042
82321,14364.106144287658
88594,8671.345860960511
93842,52386.56545967787
89350,11397.33770888011
87643,15303.927958080994
105892,11747.000556960327
105711,15776.407964737427
95657,27652.281078602904
96330,17938.573390900747
96906,12379.86198891714
82247,18977.900950809348
97125,6808.651596331475
101306,11746.549420349565
96708,14795.161544429306
77250,17225.61716151117
95451,20916.199872614492
99405,12944.715303468525
94758,19149.590082707404
101101,9061.60203068186
77643,29152.61568439908
90209,12266.03377102896
90312,12808.946242708493
93955,20021.595371254083
76334,22953.9971254636
85190,13908.00137005366
97992,6866.26514703642
92748,56656.37960794443
79843,21791.30594864599
88769,9991.162655052825
97453,14169.891553814574
82550,8909.381083991917
90775,12051.037318892715
88190,9992.663282374206
100712,16558.793818754722
77237,33410.687740521804
78997,24517.795288398454
105656,20396.665752591955
93368,25762.49201039235
93469,13018.762002134978
98426,8201.379187845481
96832,10739.407063458355
85322,13506.48661100519
97139,12527.311322661928
78678,19169.321437271872
97821,14193.24599938618
95410,14412.513990246895
107358,15977.03495197219
96750,6550.122622963604
102529,5285.4970896525665
76433,15939.786540712897
101626,10024.586150482219
77790,19797.992534910332
82932,12367.86659949099
89517,6770.380890866045
82905,13824.837714607274
88552,8214.941176753258
103006,13264.387928771923
88811,16112.372090932764
101734,9468.981786171926
99230,22075.048017765956
106537,20071.80787988468
107114,17553.021925779514
98513,16445.231442026725
92795,27954.8365271551
98563,13648.357299245206
78599,4367.461004453033
78911,21739.57259752051
84652,13288.876970022653
91014,28107.3246272453
90901,15642.546194079683
82041,38612.38080839009
79218,30370.53421182958
107371,43917.63990837288
94767,21317.629407358876
91910,66352.3790945223
103462,6969.291388280759
77125,17912.84263073488
95567,44352.59080233399
95039,22642.517102196063
85065,12707.50382167852
78252,21262.648217096787
89580,16380.956657433255
96742,7181.541265994708
79876,37731.13349020269
94674,22429.390076264608
107822,14184.448751155585
92586,15930.61434195892
78107,21611.26907611651
91241,23660.405455439373
79077,6236.6712710898855
86212,11671.509652696093
107527,15605.148534331236
88056,8645.768958042112
108480,13366.633965686977
77620,9789.723594896515
97188,20690.36357790736
94979,20234.72321594701
105541,16197.954418353087
105852,23088.192584521545
99182,17760.522536737702
91355,50639.29947492173
88516,11148.550558053666
76101,23497.601561147036
87097,7338.49360302924
96299,8844.520948599267
100944,10537.424498380065
83995,5058.446382421421
100407,5679.22277093942
88255,9840.239073241504
93935,21954.79994593828
95442,24930.118737682133
93571,29236.226918649718
78642,53811.33695240074
94545,27968.719840150356
97746,8006.133300718347
96419,26056.48705130946
102851,11691.588528994465
102356,8985.722143943527
94962,21473.41017668075
89175,12941.72415538183
104139,10153.711639545963
103395,10693.288760039526
97017,6974.568712136554
101358,8363.98981409599
107417,10542.937787873923
97977,11116.03294926275
86765,17323.24041694572
95743,26374.837045817047
97804,18949.215848495827
87010,14382.031132317075
86791,9771.58378053077
97486,13803.307781844154
81124,18052.729128657225
105391,20036.066088665153
90275,7708.819015683739
104855,5403.6858056187575
82804,15731.086995652644
94810,17752.213664783405
79517,43231.8501747516
101826,11697.421972363614
89848,18517.22705804173
90432,11160.576256585473
83070,11315.573571684963
78270,11545.758253262933
99275,14413.384883000166
92424,26751.878314171347
103334,12092.80534647655
79160,20645.438333195136
98830,30868.343711094367
87956,11775.791873202821
84523,19460.19185881232
78157,17106.981475835375
79460,21291.47707662274
81918,13413.490523246375
98433,20968.396157614585
104582,10088.001065405782
80046,44459.388003067324
82135,20096.752031438755
89685,15461.101120922776
100990,12074.577903353937
85624,15286.644109230914
88293,9437.423358575743
82215,11158.156020692682
91261,31355.816582195315
78018,11065.581894951429
78266,16238.371339373743
101074,7608.77128744183
97075,17888.479192650357
81806,14691.85626731789
80743,20651.28499285673
95234,20568.40333027959
100410,19228.635910647172
106840,21529.661300808268
89637,5972.296868266499
85382,7312.29078574546
83832,15542.10888782309
108331,7008.71405843976
82026,14999.67220493831
108448,10477.474332774786
90028,15283.403127620748
107663,26501.918456978143
107477,15301.64883476609
93709,13648.708590829981
91327,50421.5912721647
98548,2754.8785554935453
79064,14193.644858084956
100670,7752.896101604863
96494,11143.29583467165
89974,4684.300973601855
96107,10595.2655683339
78151,22154.382004639538
79304,19481.398993457806
92842,46468.81454953346
87813,10274.370879394706
88762,18082.64686024521
90399,15605.901073172383
78756,28138.351365792576
94019,61009.80873136146
82073,13365.41379125262
91846,28091.917460124772
97414,29776.319581385786
92758,18527.85087616901
101342,12832.064755922642
105987,21177.915135896903
81349,12987.785687548945
103712,13579.063992256384
83627,14070.147070360576
95247,14539.231576024598
92833,15289.844485934862
104587,16792.322730894968
93265,20363.55727588372
90518,14798.958492445574
104256,21348.449489951243
80882,25918.531599901726
108148,12359.506621903842
81385,13946.322173741433
87860,9754.604313702217
107638,11892.489384534605
103947,15669.703628951893
91049,43225.51103094663
97916,6436.64920784759
95433,22683.380851272035
95871,32539.821426234306
85779,8920.987190435128
103360,4163.811928802667
80203,29076.080232270113
88511,10923.853146825195
101672,11445.158458695245
82992,3276.909076127486
103889,10552.115826846617
103630,7493.479161539033
103366,13864.241867053963
97200,8107.22793794637
104563,10515.467560036403
85824,8788.719092047497
91924,7570.268958349059
96499,14101.753115145888
99026,14637.810457666565
81965,28126.337070294292
91604,23212.01164817981
77552,29040.406959951608
93750,30009.767908823564
78941,32643.435842858333
102717,9596.352829056043
100534,11955.89914272671
99036,24346.7142262606
101961,6431.089178169579
76940,16115.421251194284
106310,16285.888515677554
81520,34095.62117892225
91800,4878.020033967426
95707,18301.920187451036
96395,10005.626085505577
90505,20857.58894136042
95284,17694.963923200157
98094,21856.22046745162
97884,10062.285336358276
98933,11146.132441631962
77664,37199.57749609686
93941,23709.510706388293
87812,17799.74224518084
81266,20529.03508882372
103825,9003.737414018573
99494,7033.510185109944
91256,11750.614902805102
91703,19153.729758437054
99971,5847.561099056616
76631,22062.92737505332
103612,1292.7024222730226
98611,4638.407338956264
94591,26311.500443411333
80518,26786.814921839894
94000,30396.12153636736
85010,16487.740795609945
87369,8722.055669331003
86714,9353.993178487683
79985,12358.809577395346
88051,3742.2221077373833
97065,6880.437963442849
91307,18785.655347506457
98365,9259.150057610223
76522,48351.17932477387
96638,18449.02605428659
79703,13361.900361816099
83107,10585.110315462678
79104,19083.819252841688
93563,32177.856904977245
82599,7468.665111582171
83486,12866.039468156685
92895,17274.71609770365
108343,31670.863090502244
101774,9341.022359787981
82612,18611.442931355108
86861,7484.586295642498
101902,17611.3626026594
82973,10608.668656823673
89872,5913.9764199504025
105616,12968.557274736144
84876,14252.462965067158
105133,10978.619791334728
98877,21666.189890923575
98515,22645.48065484475
98327,10835.749593313838
106633,12970.515296437577
82505,18249.159027050606
105007,11292.386283616885
97269,9511.279685170975
78140,12715.965864193238
82318,16357.918597190397
92993,22936.689619577148
97743,13032.13206940217
87763,9726.71737632907
104942,11963.782956291676
92045,16691.905268589915
97767,30040.102443807507
108348,19926.59050189943
89665,21330.08648529343
96862,8703.215061278892
78597,11934.92616720359
107574,25176.43044136764
94460,18332.177790117345
86944,7475.607331172087
104505,30382.31130360849
94837,31090.91283925664
84576,8516.243435350942
82427,6825.2945536717125
80054,25176.252339471554
103504,15992.063091771868
101400,14605.40694157562
95904,24965.53469317679
99877,8937.060151900998
87554,8252.572131285679
81180,18572.654587546975
101239,14489.88761988285
94258,33043.96384247778
82942,13363.1999913416
101204,6835.418822220605
98516,15477.206771322284
86925,9616.6661431548
104724,6772.34416683821
84627,11572.82758150506
90133,12123.018770974286
100320,17204.94503685103
88358,15224.705041450889
94280,12187.185950992896
95334,18384.584692569744
95899,27309.751865810747
87270,17970.998568965737
80723,20778.361925868117
80469,11813.197445707387
80280,19354.86243390983
79493,10879.021885165845
92221,16447.824084332842
88547,10820.723217290768
97994,9119.3829055396
100047,10541.097978543141
96172,6239.607520597157
88933,13776.61307738127
107059,12050.810002511049
104280,21483.831847790847
94714,21520.672503950904
88671,24126.192783084018
102414,13334.228714363031
78051,40831.2823468721
89512,9856.17042651593
98524,8737.036880088834
88047,9281.381611898121
84441,9295.101360809664
78156,23091.901119464594
78648,14842.070256535548
78364,13793.008738098944
86764,14081.263137761829
78495,23444.987998216147
94609,16006.215351651688
83449,11194.522515350034
102392,10652.512460712558
102455,12677.844479616166
83713,15244.709081657322
97475,12162.388764412637
93371,11422.056439026852
94199,33000.37447725658
85023,10907.490393917673
95338,12516.3042761534
90965,41034.57366166956
77195,66345.41242821635
81875,11504.860993201146
104416,16828.88854163071
87203,14726.795342402575
91239,25542.45989022753
78127,14939.522668739963
98386,16694.885652704685
96497,11127.01176758261
83232,14624.04682482858
107692,30662.16518252413
100734,7571.439573181854
78271,28527.444278834166
100136,11459.602660044582
86004,20448.789628403192
77776,29776.68233598214
84950,8218.771438513322
84323,10720.16466968597
87033,17667.529074079637
94088,21007.556835971438
100594,15163.111439323453
103071,8323.651918925896
89791,8070.646762048027
97852,10398.219582395852
105601,10923.382084668743
82003,15107.767139914928
84872,16234.096165360641
82701,15657.785686879455
92469,31073.14981156521
92873,21907.016462564352
82114,29230.02401983133
101316,8448.594202537775
85697,11768.752970565087
100885,7834.323953012911
95305,20465.268268061136
93741,12846.449857850923
76178,21611.178614753775
84999,19370.61243882626
104143,22414.767890820443
105483,12119.244371331668
86136,10307.312761905816
99292,17640.134056575447
95024,23265.357166255788
107831,8924.086913006857
95035,33972.85432582745
86842,18277.382637296632
79511,50362.03263177158
99852,8477.027870657574
92478,21575.011357959087
93704,16651.81586393581
101664,11735.648661054289
76931,38428.65892590562
81674,18984.819414811005
102597,8298.570904171973
100630,5142.064885572736
76978,29914.329284183634
102490,9453.627507367795
100842,7488.217269571418
102990,2821.384536768555
105412,10753.84346401814
78744,25465.09536283376
76082,13982.982321448118
82773,12916.058510848236
107285,17316.595774625606
85211,13548.497527055693
101093,6659.123714645742
96626,19494.365296793785
103089,6667.73513821412
98149,1899.70006597754
89290,8395.601884793581
104295,8901.814922109113
106958,31560.86565572131
102661,10808.01913475517
84082,10072.656385160479
88521,24147.146314259986
78312,33303.690276042726
85481,8410.528773148124
88961,12027.711049747873
96432,29404.80867832413
77539,10639.493455050942
88374,16559.497225567357
102919,5748.0461352768825
94335,15538.065179187814
85305,8276.886044287943
96360,11554.401536668207
85471,9041.785443776676
104566,8635.430550125091
102100,9757.01032278544
80170,16913.70975604679
103347,15308.072487436502
87487,36451.91982116569
84090,14985.78888645064
100034,17766.959891626808
86825,16933.8792111038
80018,48424.241758848555
102611,14963.627004654752
102665,9647.90816816575
92920,20944.35333769894
89381,6701.988372850989
105151,18328.408850329084
84039,16772.504069925304
102217,7634.550516336904
102388,10942.081386227099
98820,19303.13866595645
100665,10690.714935743257
90384,33688.04537222088
92859,10672.783012665868
106356,9240.170956758177
104723,14422.200770992444
93244,37021.21069414195
77449,21387.57944418114
107911,11637.942714589175
81721,27590.807686804783
85237,8276.886044287943
87601,18850.472687250392
98578,12970.02703137011
80704,32196.4502673393
89078,7378.713831143294
92042,9201.794084702171
100450,11682.115755429564
95304,7925.575539561259
76023,16854.433503723238
90609,12964.460822930301
95170,20540.72098750219
96870,9883.61592708552
107247,27249.37095787958
100484,10471.942575457628
77659,31854.48400976027
79832,29736.96946155851
91419,4565.026688688444
80371,21922.141483536736
83386,15896.380645595775
103919,10294.621452076828
95201,12000.612124223142
84155,17448.263712855027
90743,9816.518135289032
104381,22951.32092591722
89097,7184.595231159271
102033,4475.754321161893
91725,23415.99087404652
92999,17944.249363052986
95835,19248.040918514
102206,9910.233995980425
101763,6700.244732065534
81377,15317.916094795879
105683,13107.467833234938
91033,33134.47505485093
103314,9928.199140068868
105070,8795.681053491151
86950,8932.586824313295
79171,21904.970792270542
81227,18609.065775494
80197,15029.077361179065
92037,24832.01140963187
84688,12812.175461558878
101952,7818.645399794954
88604,17500.753960291742
104058,19999.024141963757
106274,6803.865216809443
84985,11198.896722471052
99085,7157.241124302204
80801,16415.45885202112
80233,26943.47009046061
81000,40906.2470299475
89057,16388.37753746763
98382,10086.611053785045
106493,31621.1562739003
95057,20100.552402974332
84556,9278.562609303239
103037,15711.051096098698
92174,22333.150000561986
90920,14276.889488245124
93409,32214.365169614077
87113,22374.733853955506
104981,43027.89553996935
104556,13979.05654928249
92782,19789.767624229124
90546,7212.2626152952425
105506,13783.76865785304
84787,12198.102314986738
100399,9638.784697839536
105911,9134.64663891819
101920,10623.911302730274
89224,13890.514789921961
106787,30370.503452613164
83083,3703.6302299208082
102399,7220.049212106661
77196,3659.401749175925
104889,6938.616452652443
79598,11624.566852806616
100540,7496.318662231137
107792,53344.03576585078
85758,12880.267969970797
79333,16540.551263010828
99351,12448.673843977313
86706,7465.907875370188
89547,15747.057708567598
88092,17921.652433964595
90348,10402.965526807873
96125,15836.281209714301
86921,17191.700292219397
76903,33938.6093454487
95539,11104.922342007541
89841,14414.780880193815
102771,12670.72965320818
87174,13206.66520613079
81975,52783.90888176426
95289,15840.783394667267
77318,28675.61783418367
76955,14560.26919695617
80996,50328.6657123869
87707,5803.290920764329
84519,5592.139903598236
96833,18323.844909021245
97584,9290.149337005516
104697,10594.823467893055
85510,7758.6718265579575
79758,32717.60362852791
99502,5940.270122353909
80725,18505.426367943146
104108,10578.740844683283
107802,21244.017394078655
84871,12943.357603521776
85817,8729.418950392881
95473,8170.954554175412
85629,16543.122100201697
99641,7159.886913020896
82356,12892.368788324806
96335,22779.326874109644
103623,10466.242081830385
84233,8663.401364243457
93708,14041.048157443352
97947,10773.607399021472
84368,18366.725654723665
92108,10888.825787209618
86099,15817.699963795654
95173,23141.442551153395
78389,25705.935843995732
106219,13648.253822480778
88823,15675.100413263197
95608,31011.44138042791
95876,32156.60412931146
86433,13924.422615815703
95515,20330.75963149154
97503,17515.115164182633
89163,14926.123612898049
106479,18530.299107206538
83722,18638.023319004973
80644,24426.304906572335
86002,20135.63102922496
86783,10573.1837492698
91928,29241.37015454435
102142,14692.021627423757
106024,24135.916383151784
76022,16067.58273652581
95221,13923.410411225635
105051,19833.696928798352
99939,10234.950468041856
103202,7220.975110357503
104770,28028.292067423306
88396,8177.1596793434255
93666,25393.098816997113
100763,8148.00552296384
96842,12718.943510113942
78807,28325.488707276152
85559,10762.484581305309
84384,19537.697969107237
95619,27779.06563411826
104008,23301.40197065703
98379,6707.45699605648
90476,9641.747726950209
88845,10050.875387081704
80296,9913.338224668132
88294,13340.609963305295
86733,10588.877352555162
101515,8475.033800721116
107440,10532.756990010856
81834,27470.865355848124
94764,29129.042311671226
94968,19594.80446295077
88218,15789.296827328188
87863,10486.414952019164
104019,11541.906204610355
103369,8476.963525132038
106979,5956.558712577247
89717,7074.851845499329
94504,4220.269345419667
85722,10566.688574787559
85311,10843.080403199789
103162,8644.089990518589
79834,33110.93942849435
102283,8467.035294372332
102686,10722.00870238001
85834,11355.244186345271
83633,10507.88692216989
101178,6231.969222886935
102859,19704.789618920036
97691,17345.813841248946
99575,10616.14635772281
81921,12229.31232259342
88114,12213.550491964972
100101,9291.109938409096
101736,13956.975814269548
92763,17097.054416885316
93514,29628.847521705968
86322,14466.661972176116
84924,16517.102615286138
85898,8531.83531506158
93419,28305.697912103333
88784,10893.25861635973
95012,46468.81454953346
81858,20011.69586167643
101610,11775.734626850235
99190,9512.861224948903
87530,9009.675267961704
86979,14338.713542936699
77670,2749.8007373887513
81123,12203.747521623676
81724,10316.280969686846
77870,11456.740950039113
84193,15474.346994025269
105928,16003.21543804303
97607,19400.597643346355
96063,27898.445217673157
77962,13518.825619130075
81560,30881.871128016737
100204,9548.60499273816
89185,15752.48099489881
91744,13950.94015537995
91470,27448.017389628887
78412,10935.751193473936
96222,17192.557540552167
95148,26112.68533937181
106039,13224.545437523353
79352,10769.712797501146
96602,6647.061697514379
102798,9330.577211829059
107301,25699.36700713415
96147,16819.66912167319
87382,16691.482249040775
79907,21964.932048592647
102924,8543.792193340096
78012,29606.929194054628
78333,18130.718463744583
105989,21634.18254976112
90607,15528.337215669457
86110,12325.344849439372
81540,23051.90843553073
77937,19762.023057247967
84630,17020.455262989355
80988,42749.871970634784
92519,26661.83942892633
95795,10741.802075004385
86837,5942.7233135427105
82642,16633.97490754101
86017,11521.580256387431
84772,15807.197779698357
103962,11356.702503672057
106264,9558.506430864238
84934,18687.274998927416
91598,32560.4317680708
104102,10091.343287300175
81261,5035.041152094321
78425,21648.417598012344
96508,9733.621647303811
98668,18281.19506148055
93948,36113.388723509335
82909,16683.875871936678
91514,21202.022135164123
100969,6032.7194713603385
102102,5567.516355796871
103465,9322.89795589817
95072,19917.357712173092
87535,31712.77287282709
107564,6625.201786997267
103297,6542.670915834171
106528,9702.635889266934
83748,9717.28027499001
98195,6786.109095762213
102113,15629.340210548682
94277,13859.310042446079
93160,18851.906355008727
92063,23351.516460073177
81037,11259.764590881177
92602,52034.71674725374
93096,18601.139123007524
97243,10693.760928284704
78019,15665.78786853634
107604,9671.189404882673
101438,17204.94503685103
86439,8555.227873114018
82300,21541.08315116827
105142,11910.237205204618
84429,6308.296500880456
98958,7819.947569606214
92197,22326.2291632995
82096,26236.92373213107
81536,28751.063767932385
101623,14058.95657434705
85596,9864.153817857508
90600,10392.013330583586
80089,49320.72914139911
87224,10796.522624020194
87685,19706.906150958144
90958,28511.05655927147
81004,20232.521596652015
91667,21735.183443367052
77877,23117.19862807344
90956,21082.56907922594
87744,13815.312955376727
96817,10918.707514917578
97163,11079.23085993437
102517,12666.139543473088
83356,6410.7274998312805
89415,8548.232622816142
100153,8745.11042293404
96024,15804.244446354407
92043,32424.59310644011
100495,7598.715192405735
79653,21112.40627646228
88149,16479.541075016918
98022,20338.588853789224
84983,19748.08965241024
98394,19365.5756763058
78062,16239.369489394005
83656,16923.22343767766
93963,54996.66384701559
81988,31986.299613369378
95992,27653.51454612161
82620,10987.84107883881
82149,16098.550766231976
106199,10532.756990010856
107884,23988.364725445615
106607,18796.632302433358
84212,2984.278121562635
88234,15789.130411355143
96712,13541.930873706788
101058,15850.477186729226
81149,29586.80424393368
92670,21382.597327547377
101383,10405.839572536503
82563,13295.621525665918
100600,15629.340210548682
90826,12656.089085560383
102364,8051.3800490573985
80759,30115.97704442296
79628,15866.355701423707
86113,18227.126978146305
96607,9569.594546240165
96462,18487.4260589745
88668,16521.090637572855
85575,18432.26523061686
97718,9828.42773677742
107322,29457.67522828238
79948,51420.78887913605
84361,20178.14696624612
77092,21648.417598012344
82359,20586.00262529545
87495,16798.129160916804
102966,13726.531436952991
104309,17624.468713559334
106312,26255.36724506005
85152,11828.652556311097
80835,10810.57337565813
99488,8897.0154695144
101023,9751.720319708245
82295,18676.3957496667
94330,22809.742099949384
96446,21113.134362705416
99608,11538.330456295687
108305,15247.899086810901
106512,19544.99291322476
104003,9153.388197313647
103550,12170.456143692867
86253,6680.27100108597
88355,8854.612391514858
101629,11062.539284004542
101460,5434.314091263438
87820,11220.419479705613
83140,11712.85346382672
89804,11360.471299139355
101738,13132.811513871044
101121,16324.75412263926
81810,43434.937525598
102106,6286.803192355564
80437,8792.462753155976
101463,11115.573076372553
97919,7817.7191934073535
107407,24824.59938907549
76258,25524.977168941285
100626,20731.374241140536
92755,20731.911857371662
102655,8549.65681984785
89223,16656.05169536635
95180,43908.578947923765
96372,7147.311882882955
84089,10882.574331124304
82203,31813.902559467762
98785,7432.918793270866
95930,19227.548389573003
92151,16539.16486141979
105149,14444.974629417398
104517,7181.977892373899
85727,9769.247829093061
104769,12556.97742187973
106796,20039.980170485233
79021,17702.92888626738
86121,9690.586848277606
103139,7755.460207667546
87918,8884.708332474711
80634,46342.65749317048
103033,6975.9066724187605
80019,15063.20544903163
108035,20674.24688885426
77891,8642.638363244385
95749,25276.631724970433
86617,7745.587523724753
77709,10458.278619098104
77952,14015.699411576405
97083,12606.5343335079
78040,17004.848039137516
96041,26523.805216810473
101843,8749.106791970316
103016,9545.963959155843
86049,11673.83357216221
98228,8103.76916375832
90554,7370.9284291634385
103311,4800.785327813311
80418,21762.89493232791
81866,50314.89256904959
101259,10276.381416370152
92909,26031.48896449531
79034,36073.53390332002
77129,12479.696390210474
99018,10072.55784543783
107391,12155.06630308617
108170,16929.965176149628
80664,26768.923577388585
94438,45645.3036585503
100436,10047.735515644601
107031,13902.622544893598
103954,9463.084434066986
78892,12948.413785270104
88505,15319.807448290654
103329,11093.072707324132
88345,15217.800149119168
105950,10175.064801299264
98331,7826.51933825346
77666,18663.541371685016
95383,17738.93520029704
108535,12953.554083131641
78705,13390.150939307345
79597,11079.600724641303
97585,25968.961032787985
93832,27372.47040005187
97348,9656.276672529068
87291,16909.307438273987
96291,15949.400531419404
84851,11833.538879682244
105338,22288.809398101886
84514,9273.734073618578
105830,22050.214477942372
78819,11318.647514133163
79728,53578.88135344753
105993,23322.74097370673
104822,23938.26887885402
101141,10768.317227467775
82728,7068.024362996189
83273,4473.064694925199
107233,14209.11304995775
81943,36430.63891077162
105637,24066.541837898287
81203,13138.188024940173
95127,33416.16830559078
79994,33149.36778294617
96025,25695.719311866545
97390,29513.418221940905
107522,18395.532398512674
99674,3305.5322990491436
83001,19507.211649995697
94573,19103.57068555134
91983,29159.108962913087
89935,15554.766196324406
83115,8793.78442841542
108439,18285.44604432925
82297,15969.119531382987
96542,11718.123876497673
78269,54208.95078471561
104124,10942.889342401471
90435,10717.180177708235
97520,21666.1081151064
85468,6116.44459950235
83566,10064.05640252055
106890,30961.014828093157
98124,6892.923871112221
85866,14612.20746833079
104379,25299.244937706782
99616,9028.786009982026
77346,27626.65829003713
83668,7745.587523724753
94488,25427.396843268933
87494,8909.381083991917
84099,12381.56956629369
78345,14034.44086883103
95626,17906.204639005926
91044,21914.029998978458
91343,19882.400766411447
99823,9029.720649232237
97197,12539.927448864048
76399,23747.451777839895
95484,48182.8220065211
89728,21015.484579498563
93866,12845.165425350024
94053,29284.616457325144
103190,11926.146399840372
76312,17600.46710266221
79453,23889.145342155327
99956,13852.260504380913
96811,32793.7749273908
100537,13741.962174400962
98142,2738.873736666313
106900,17780.659848296025
89474,7083.998373539301
76696,12377.114286123116
87479,13881.13543516562
84806,10626.206617957818
85385,28113.416563300845
93372,46128.38750275716
92860,24660.439795037713
105267,28201.408692395664
86951,9015.050565740272
79622,8355.21243157365
95103,20039.73634584949
87138,10795.449440417755
91912,17104.891596454043
78932,17622.860345580193
106494,12392.525876771153
91645,25113.772653858705
76102,19778.727273309916
79636,21213.29833659553
99416,11584.647237902047
95715,27015.712412037632
81323,22125.274075411737
96273,9366.442243080133
95585,22113.903544210963
91885,23219.938412991858
80762,27137.784314855715
79167,9822.701503479479
87173,10923.853146825195
92719,24940.895745111375
87482,7370.83063233047
95215,22880.186007327608
104054,28452.42392201494
103066,9487.182146076475
102449,9596.352829056043
93985,23901.53812336892
99869,17465.843609801406
88347,13911.922865490658
77208,11876.474730857419
79376,13997.921372128436
98451,8985.075372850084
88983,16828.965060872913
106464,10546.569222656502
89146,16805.76373779378
105833,10075.042267585972
79242,23835.506108588357
107738,10564.113446805864
77626,13763.642104178083
77415,15235.944782073471
82458,9860.345509775407
80995,24993.00159863713
98434,13157.03539125111
106938,25765.193961813653
102349,10810.494501963065
85791,16314.48657708803
103622,10063.524002140435
108149,9507.841893847093
86450,20802.727220913683
107252,13062.972475244624
76034,8668.571158675693
82259,29927.59411202913
76581,32050.94495914445
95499,28809.86738470064
76648,48605.902410449766
75992,22967.43178195154
81407,18203.078130813
105954,17035.300147738086
97001,8846.60569890144
96179,9928.53693744766
77616,16861.22928110089
108142,20176.87600359749
89107,8347.60815489625
108236,21408.549335207834
92520,18260.76182726613
93186,13583.879005830562
96171,12740.665055789706
78460,12480.4247651039
85417,13847.199453638597
100064,10991.136301411443
92393,16598.9629227268
83360,16532.975878965874
103935,11476.989561616696
106977,13320.88394540761
107965,14604.154543098706
91921,20944.659609565162
105002,10132.92256698025
93968,22702.290000062123
83088,6541.47123675977
92707,24365.384404052656
89001,17060.511486157702
95856,24293.090032252603
88962,19304.924624736883
99828,12778.7759774501
87980,10725.144236377315
103861,14997.548090738428
90588,11381.718194532918
91508,28717.265153886277
86131,8411.97057576216
97249,8690.825511530851
88232,14012.28126956003
78451,27557.802983558642
79773,18578.54006379874
82873,7653.705842733321
104116,19999.024141963757
83673,20659.109375413504
77622,34866.38252254215
94936,18308.560747489813
93795,19042.536848420033
96084,7461.238700851622
105406,13319.586363551844
102280,11156.522895241967
83867,17283.089058064794
83621,17270.556786486424
98536,6784.213420948522
101889,7418.5452523756485
84479,12030.785874028063
77956,17183.488877104122
99484,4414.401026554671
82140,10775.041416378275
79005,34798.81661242158
77513,24445.219029695018
92211,24759.905501630652
85245,10620.093463217176
92239,20446.178492943727
97205,4145.266478039065
84822,9378.754541266655
104413,11316.46153138195
98704,22935.66339952749
76724,19372.42173188906
101457,10714.563725811675
85487,18192.016089154324
107392,8386.72512374951
90712,13640.897120626842
105823,7527.869958938317
100345,11482.282843014224
104219,13255.348872193807
90297,6942.005983339407
77122,31672.87721258484
104805,25372.643040891253
94490,32239.518280418702
99948,7551.564985217537
103562,16052.062050170824
93378,13609.415610417189
92288,14106.383467913169
78059,8774.76888837544
96096,11205.333400459494
95732,11416.986438437238
87817,6668.9261858938735
101084,9635.004716026111
90506,7939.6555627995685
95676,15576.457187774136
90249,13770.709582480718
95932,31248.597746561154
103254,11651.268132479589
99286,7529.897741298623
84918,13872.723994228516
97397,9048.915933611821
88837,11800.912100879328
99212,23938.407292228243
86421,13370.8685415837
78337,31829.03871311682
76020,30954.019679304813
88038,10498.541698416351
91409,15526.870432299822
95205,8884.012871420127
108031,6651.307718822301
105386,9782.17480237948
100613,14590.84553286996
95685,21975.43599858316
78731,13018.328483485244
87310,19497.049579451184
101113,11359.99555074409
89077,10284.464923541696
96672,22450.409922742303
86775,4381.274938315745
79262,27470.583872483825
104469,12834.742522781702
98351,8574.424784823577
80728,19113.10865979737
97386,17583.308302439524
97417,17896.79477385866
93911,21658.559256854845
99842,6581.283500095679
97191,16676.720796781465
103152,6572.564567359686
100093,11960.736863702825
104319,14731.42247712893
78419,24311.365521061805
106929,9497.601692793485
107427,11223.009990491315
93578,19145.65685462001
103404,8064.52046566431
77844,23835.641980122495
98068,13711.479038656642
95709,42054.27758518657
87946,15938.233205380531
76391,43319.57158918307
87096,12138.155865948249
77186,25871.18561218599
90698,12005.678838304793
93367,24967.97748797721
83133,11189.277656141992
97840,12438.974774491227
87605,14661.516524174152
78472,22718.76433745752
100925,5008.534025358772
99596,19964.676266517912
86081,8217.266707460432
105725,10856.917975182694
94362,18596.725895563406
88579,10601.177733271887
86705,12924.076970653956
80813,17074.392120152028
78885,8955.093155057399
95548,10995.151777326633
82342,20637.764256063532
77011,17091.371856499572
83904,10733.14537375125
105485,9455.174388275906
107922,15295.612833195102
90200,7029.419417057918
104534,10573.201594251312
88664,12102.345185199007
100499,7541.099828505197
101035,16443.616380297757
90482,15266.72791545829
108068,8565.613818255162
81709,33473.36005751181
97618,8858.932178975338
101931,9899.448877095354
100284,7516.054326265849
101027,15254.21087502798
96674,11426.923324300198
84856,15815.359599512532
105326,30091.50171525291
102491,11785.174484844978
97616,19123.207779507335
100667,15774.93307273143
108197,11228.930907316804
94844,29544.53159814947
104934,16116.903981560825
94116,27581.830228045877
76214,21930.1616102149
90916,21984.547010023452
106013,12509.261941755332
103429,15667.788408945386
93335,16417.857529221706
99260,17067.171972554803
97043,13500.547548404238
77925,69967.77417219526
86716,16913.21724507386
82230,12098.422942490772
77567,60919.51192762541
108496,32217.836877345173
104871,21828.595860196485
77957,11579.363587741655
96401,13724.425246900939
88284,10900.171875934357
86845,7459.582373299194
101349,4620.414456370854
77015,15246.722621360725
94471,19447.75865396005
108380,19997.075954294367
92533,30215.601351740246
77756,13272.424926445694
76035,21506.847818648912
75973,10427.593843940891
94675,9498.358469217561
79435,20873.35277207801
106542,21893.78057165632
96546,12586.958743675239
95946,19587.36350819485
93188,24843.91446695736
78117,18635.16987338375
102180,7160.115517018112
81825,17323.864703864998
90050,8532.951908112353
79638,18934.319010105763
87579,12605.980151964839
108103,18029.398573390787
76578,19317.29351090819
79112,16984.936229561026
95959,21544.973926905335
78244,18719.871497548516
77851,25177.270880462802
87052,19438.23328112006
88538,18268.16899387718
79011,24184.14937690618
96381,21158.05120548349
105358,14185.435732537519
92876,18868.885103013512
87699,6071.259924884455
90203,15927.740270700815
77001,18863.748933076222
97974,7543.428109307301
89985,8065.724389969829
97810,10023.853562470877
107459,9507.841893847093
104861,17572.32659534444
82516,9766.43945013046
83497,10610.357828441976
80194,57400.558369221726
85730,9766.469063691318
77914,27773.15276703928
88779,16624.514609559203
88366,9387.979490540773
104300,13043.421139083253
84300,11724.844169621645
79422,13657.936477095456
94910,27782.083911775215
108386,25731.81370216088
92708,2186.820795264488
90802,20868.55993060619
104397,21828.595860196485
98039,13602.696631466326
107887,23867.843703155497
105290,10662.137389648968
102575,21168.374272325305
105040,8956.482272778176
98430,10216.675054286836
80499,23188.269410282704
101694,12566.194288146857
76386,29398.87712197629
98181,11784.283208132729
85340,17105.252521541857
90766,15887.07960078796
93472,18482.35182668538
79927,26410.72832307776
80854,20931.556117428223
100180,9886.190105097105
84437,5235.337276964128
83358,6637.657206889981
93108,21455.277932603636
104330,11676.468716770323
103518,8797.867251156928
89006,15950.024216633507
101611,5926.4256316126075
92226,22890.274486916787
84798,9345.464596268252
92840,10128.291668006046
106054,11975.922807932164
78261,32967.36890965066
76071,16337.792600653931
92246,21801.79781818885
92296,15953.240400086535
89469,11574.031380505214
98079,13625.87494673742
81294,11115.022175351713
96301,4610.671807794515
83888,11231.917258644675
87403,8807.348405123039
92192,31724.29598385113
107592,17145.265666458392
77496,15259.929722221246
97447,29224.60388361605
103131,10057.17582072626
104590,22795.95216177545
97597,9684.4339099929
82167,22731.72218884581
91027,26524.79716567218
78607,33564.54940056114
99587,11602.50556024685
93937,15946.8525196296
100307,11993.889441989773
107613,15110.473126555926
99773,14337.58596746858
90044,8781.124991718953
85578,18407.854547599036
77103,12579.502974024403
91386,24811.21954875976
98955,16347.725233868998
95927,20040.408580773354
103188,5952.467694158717
77389,78785.01399632254
81822,10879.021885165845
90768,29194.40478629198
77594,12953.740735047175
107085,16573.822684102404
87692,11112.416916373872
77813,8670.468162864809
81414,14758.917708138584
102900,8954.625214281621
83150,16931.041458251824
92414,29537.563349468895
105321,10840.180889870378
92658,27345.31411157581
87160,9268.646454469397
107827,16005.578846634491
105790,17022.448048126775
87463,19149.603809731074
91532,41363.39164049435
77459,24087.753436665207
81593,12924.867146404582
103719,11418.265786116406
102291,8066.874154042428
77211,23302.00849115252
92956,20272.96298981783
86578,15245.36043634658
85882,12895.256338813586
82082,18391.523421492584
91811,29369.3347765945
82036,32352.842198388127
76773,18346.929598586135
99406,10793.513860847637
102289,9428.958490470086
94402,21019.370729769293
98621,8456.395635548994
96476,12896.794867492881
93410,14291.886619091207
84989,16112.114957263275
85123,16606.4184447007
88492,18044.921547668917
95128,25411.977156772195
93047,14914.428445135762
84587,13754.643111498977
94856,25047.681899330553
92247,22266.846414193784
101052,13902.887049520648
82940,5259.008558738706
97756,11067.64456223843
98444,22316.623451393345
77869,10215.0703821959
96694,14977.194850274758
107101,12536.892311684187
88276,10606.852376032957
84648,13544.821576352295
88011,11967.072523989375
97951,16925.33944454432
77288,30867.03030689181
104937,7825.40637019964
81621,9099.492268186812
82049,36885.41978387747
98553,9810.224901932601
105056,30110.895204136195
80914,38758.531336358195
82440,17080.492006197877
94927,24706.076818946753
84303,11696.376110531673
85533,11509.835781805325
97576,11463.592185089024
82216,21762.19907736186
84279,18110.803394499973
80976,14204.085649758412
106097,21174.89375846945
83074,12292.396319716201
87581,12684.992476876327
97210,17453.345918291914
90785,14170.853158396969
99434,14218.316806617759
89600,19063.89810013869
103809,12931.591412366388
92260,6211.5118022587685
89667,10833.594287514621
99310,6319.271885725272
90375,21557.163112744638
89468,11350.855065258398
94940,23185.29505777448
97747,6718.2437337368
97570,9130.187328977643
105994,23973.442823973422
93145,13970.752844999923
94100,16425.25892594667
103226,13048.260949937156
100167,14838.405443291387
98138,10144.286039564548
101043,8566.113852521405
82078,16004.165213145385
104748,10683.072931355757
103881,14298.52290427202
86774,20673.91275283404
89857,8513.555412677497
97150,12552.293322478183
107683,20178.64266356905
83708,20121.93658251128
78775,12436.260661350205
104200,21519.03470755541
107581,12253.484703160568
99756,7074.635724940193
90210,15835.395207963198
78027,33074.12465285271
97012,12793.841046767095
104010,9784.78438417002
100639,11423.727366525714
93792,14144.144409648437
85574,17750.413987186384
105066,9944.193658685708
97307,11383.09433374314
77243,43611.73036874451
100661,10817.72646449294
80825,20549.80251349167
85856,12613.753586966197
85793,9165.352644278357
107091,19712.317676731935
85836,24270.73108279692
83887,10815.876492746382
84721,17430.57569020118
77636,7176.7888474895935
76905,42971.50229079227
104895,14672.049613392797
86377,15688.790774790323
83076,15904.342182918104
90124,4174.013963813643
105661,12189.293152575476
91631,8184.829794381674
79760,51156.33518491525
100714,7205.310430274986
99231,18303.023708233963
82805,16732.25383398411
80714,28553.02112080298
93820,22948.594999661273
85373,9066.629115438156
95562,30718.33388175152
91723,29527.80547075251
91501,24690.10897241729
91222,15848.461060306037
97984,27592.108018055507
95047,49285.87400446503
101181,5513.857245558454
88389,9455.345282716817
86999,27937.947059747075
85255,20235.419499754513
79093,14545.665936873831
82409,17984.78858632313
103128,11071.111229552338
107027,12956.924786361673
108081,13146.240704203501
85698,22609.374161762236
84249,22687.203936481765
101719,6993.090343348696
88643,7009.981385486331
80972,18914.17379125852
106047,16226.498893729651
86779,2282.6125714042178
78587,31477.39303261289
90179,13218.361023285928
90972,9655.355653209253
78609,23079.53014089445
98324,6832.088946323464
76446,50449.80126480675
86829,13489.86970349618
87796,11006.09785517986
83650,16131.60907121838
81411,12013.791150756711
81963,29992.1792711237
96782,20505.549246378905
89718,8874.628371544895
95518,19093.789068199534
107293,8371.02201850719
99739,9540.200768780518
103956,11642.73604103282
85946,17408.3901028081
88532,17385.03054224421
85713,8315.399151793881
78184,20036.536674542105
100234,6592.927162340351
107715,9939.671840923922
106150,15678.76876079907
77266,13617.138972004821
91067,18666.65705440412
80869,23595.598081615397
81462,13046.435497383081
83382,7475.607331172087
92915,18047.462918011002
81139,15493.905296022514
96523,12437.650016246691
107090,29033.5218642668
108117,20464.16794844772
91742,3811.6481709240834
98340,12672.692113053594
88371,16451.29630157835
101031,5139.116332457479
108430,33247.20303031901
77740,27274.449674015214
87861,10666.850032622086
84746,10176.269901521468
81252,28276.84202455169
81933,14877.518385138239
92153,21424.026564906184
95485,16394.779102685377
97686,14427.600792444919
107452,14615.816941103745
95477,24090.57385881124
95752,34141.24382942278
99499,6265.027404862603
81223,14397.439183724833
83589,28071.090796711986
81497,27686.110056263642
95884,21459.348123968564
87806,11051.690385774957
92330,18928.208791133013
84558,13035.49277345954
82990,9760.913046762627
90851,6484.386145097877
96997,33782.43859379516
90278,14239.949453082645
82417,10566.688574787559
100247,7709.018607484865
82239,27183.558096829263
76975,23155.302800423375
102948,9607.16956800955
96929,11998.700020882761
107088,14559.098877785496
94670,14018.05223828976
89862,4683.642053327189
94506,13071.703932133614
97696,9058.595605490525
82696,21956.360033304685
103767,12665.88506518899
105307,11474.448456327655
106510,27991.552135734728
88316,15707.611495535743
94321,16505.392458755134
96595,17950.98710852435
83223,8553.109588489355
85551,12283.538802833402
96007,11720.241161340784
90296,8532.079702198647
97407,11044.785230141015
93071,16219.282696289423
97275,6569.404889431347
86827,5456.74120777963
99759,6765.490316021181
106689,20733.992941209584
103062,7241.539584960524
99657,12841.489350959524
93428,28634.75891710519
88504,18078.121108036485
87359,10799.177688139662
81906,16419.809509314597
107446,9820.21921163034
78926,32592.052547005216
97871,6856.30933492341
94202,14815.625291638087
101216,11877.321135172966
89614,14678.604236353927
82929,2895.337305238481
78710,14843.85230449881
104966,21371.208892418323
88410,14067.65009414173
94382,19883.511679860814
106319,43383.364103518456
91212,18702.350939411434
103584,10243.512592508152
107593,9574.19705758027
100069,14927.735645183906
97293,10541.787336616788
97085,5468.051936084248
78830,16199.980743288917
80409,14019.473149185693
81079,32066.438329739412
90437,7064.746477500626
104169,31378.73763378487
83432,14346.75549451395
86630,15460.311158629262
100678,6144.786994800384
92564,23604.944341479928
86007,10194.126184690182
84102,8225.252977976714
85324,22979.420748524317
92796,13045.228391558207
78277,29168.2329040131
91813,14175.568608283716
107896,24078.23477351877
80598,21411.25231369379
93630,21734.622062314887
98016,13200.224422668442
79518,49977.429496641074
104016,9703.61592264258
90069,19257.05330022912
108485,8420.766179528797
105556,29216.956100401974
107276,21968.323927081114
86409,16104.52038734978
98131,11995.647905967684
95165,15445.258049527023
92954,19351.114774471218
108363,7590.220511519028
107775,16573.187921951932
98806,6582.54473343322
82105,17546.921592521634
95777,14082.473564392421
78794,21176.18128787409
77994,34133.32964159958
90061,7101.21811367746
98353,14274.330471784313
86777,11889.462628224272
107107,8949.886056954672
99207,11424.962364196419
92441,24756.475711837775
81253,20873.7341627311
82071,22022.599443459414
86304,9564.83482077983
78529,7197.854536904798
100606,8799.103551692719
108524,23441.804653179104
87772,19010.769152202447
83062,16124.159032397794
106197,18265.609071035175
105773,26358.70188597362
79317,24909.000177171525
103930,6530.579247707738
77486,35311.08277040504
76154,29065.935037411153
89324,5168.697281079072
98354,13101.256182273562
108349,7023.664153264081
108146,9048.322399925275
77826,21511.174506126288
91078,19536.687725351112
78136,23758.359041242282
107463,26241.44081445076
100749,15777.592572112448
77223,59363.08584759
92513,19555.009918073116
99409,8717.963524863637
94380,28447.21119644743
84791,9793.294666264563
86042,16440.233165984504
79939,33389.08116803255
83953,17929.649450017478
103754,11464.351269562383
86091,12943.357603521776
83114,10019.82254032185
80956,13536.817117073098
96276,8165.297059651581
89799,17586.00905718179
87919,8393.268419202659
84054,19086.718982930783
102856,7895.950768676346
105645,9585.619798613978
81207,22240.180449580093
79629,23143.338844974543
97211,18729.662718494517
86631,5942.7233135427105
93438,31656.460399737516
96983,19529.263986684644
93914,24687.59776194638
98470,9498.680512587543
76650,11787.267013587356
96428,32826.73041660645
84958,16377.138261733988
81064,13124.112647518343
82469,12526.152535499305
102139,12092.6830598104
97800,9989.283491659531
98474,6438.603178762504
107944,12137.460894372174
97401,7563.468220293815
108476,10534.191059099254
103189,8198.72763870389
82987,10294.729624946127
80903,28600.04485851322
90854,10228.552780950447
95644,37012.636472344726
98728,9890.115494957487
94370,17825.557003214508
84537,13550.489627761042
89358,12036.31855500351
76221,11509.213522012898
84935,16980.666449703782
107676,12557.762870373079
103154,10199.656730961227
82600,16565.75642848864
104290,18207.329496022503
79972,20682.045391954973
89202,21167.99383575602
97253,8700.3860532898
97358,8214.267612703707
106932,10848.037273315751
101140,7174.792739791728
100650,8462.10191040492
99817,19002.270811777318
80953,19774.61585295424
93851,16191.316333319013
89574,4574.305234082341
91092,14106.383467913169
78214,27517.354508431603
80283,16943.36005649736
93158,16720.57299504706
78562,49800.51030004281
108498,13716.94334871657
100223,5287.256938243309
76976,9484.087147139116
81119,24685.974388211664
97369,25706.448948352532
95721,22762.896352154447
82271,16728.797205777755
102837,10530.163517049588
94761,21587.969167234376
89200,10454.305553449365
102690,8840.978225907815
101274,11628.789540409356
107682,22638.96530905984
108276,13555.966678385523
99011,12603.977086725588
94484,13937.569781150734
106033,18605.69913828302
89123,11664.30760461845
88740,9006.961789093555
90951,27965.753176838032
103812,5563.832111350661
100056,10327.483289969314
100691,13915.58620158652
88394,16046.517745539415
97620,8056.0521484493775
107955,7937.570387688864
98144,19106.98642937082
106325,22086.455809489144
92867,44894.66238487009
85204,7719.23969901916
87062,19313.355063668587
81539,19021.282203044604
92009,32965.44940567856
108224,13255.348872193807
101686,11759.06173658914
98557,10238.745651276984
101594,12062.553682879114
100647,1572.429639075127
102401,9664.391384098815
86093,10764.477427100423
85837,13436.336076629595
86260,15687.350917059683
79830,34740.00449604028
100041,14864.713498789382
92230,21411.473387571816
94661,20460.126700801964
79450,19217.912308609702
101374,7139.359662267722
76983,33407.610802866824
99673,19701.654114438195
81336,16445.909189781967
100376,10535.497575946652
92756,25116.90222039627
87725,13548.362915139343
84541,19917.44379705063
82284,46453.2603498744
89479,6931.86208544013
93259,111463.37629405344
105648,6740.263660979662
99099,10045.322569442857
104543,21586.11540038403
108474,24045.27445530786
76907,20020.418913000885
93652,31013.396288111482
100967,4099.994060206744
94331,15069.879372738676
106381,8890.198172924498
83170,10614.939224526754
102953,9260.012372995849
103590,10614.735505887536
77316,19738.803376108237
84682,19960.246143062705
84524,13435.315457718349
76747,19049.34269742369
99049,9892.607702828846
105881,17875.9190528514
90833,6868.227244282468
108079,13685.183323259213
107295,14242.484628043605
77121,15967.665241149007
78927,36595.12277182611
103048,8604.820965658344
86216,14062.009891822792
88448,16690.474101831845
86219,15569.274207845818
87181,9092.545056655734
98755,8244.891536957783
76443,12741.18934396763
101149,7322.719375292588
104315,22005.58959827659
108345,10114.687565069238
100156,8286.046432755547
107263,15602.19242271345
83935,4996.658120017171
90584,8128.243864764947
105733,12092.599185986843
88332,13990.787433800844
81979,23050.846120399292
91864,46916.8152384824
106847,14585.699722099784
95136,15961.307444181091
96991,9019.214939218784
105905,10774.714917432986
102080,7437.914847925788
98072,8132.46124792891
103711,9590.561698533873
92213,16319.73624611745
106898,9532.860138908934
85333,15641.921915663923
84559,10614.98563775959
95428,30490.998894025957
101003,14964.280656603445
87773,4329.286782506169
100739,9668.003178860017
99885,12597.52738415799
106647,11197.589368401494
98019,10117.150717631785
92212,24418.982922000996
100786,11929.610498318603
85518,14505.85936850589
89849,9459.743660674681
76149,13871.564829273695
97490,7181.541265994708
87476,9259.799072410773
83248,19517.036576112132
99352,9369.900528176015
90736,9047.964692527928
77596,20813.261013729985
77209,3386.2843219886395
82308,13393.247681205497
78207,17897.613914312373
104041,11540.34145376046
81125,16667.325194687943
81691,34858.14546960595
94459,10735.89558395825
79977,15467.131532427342
96530,18700.54905058058
78367,23170.373844048405
108100,34848.81534747698
104510,9835.810136308555
81891,16416.197609451392
97087,12306.578129740004
88161,9654.596703770298
101097,9899.448877095354
81742,20472.466708828004
78409,7772.044684322903
107496,16857.83024723488
99326,7262.127629117243
78535,10049.611082560332
106164,20953.85432282133
79719,25527.646442348414
90418,8141.7064633731015
85844,11055.880509335631
86639,10017.815606541455
83745,6174.815130197765
77300,54302.678049523216
87702,10889.783118107593
82586,10943.317843193161
83769,10489.030039774612
81708,31842.723552083567
90224,11976.932957618614
100063,7678.4475099009005
79249,13682.626410862827
78719,31442.18400183062
97287,8484.545745059682
84267,19483.465226193766
84056,8855.678438231069
101164,11245.077596381187
85826,17374.42936950727
93793,27516.462447858175
90945,27545.680228370686
98991,10014.814493342732
79647,14272.02441476619
96794,12647.175075486815
83984,15019.010976462941
96688,8836.876113277218
79838,18522.21357447834
105671,9949.663990918576
87438,17415.101068559143
85859,16188.483236854456
91639,17331.147733390866
81134,41718.40407934191
99992,14599.670607531227
91262,26225.67197765858
81417,30697.651215998885
90783,19807.312861599163
88898,17163.75225390846
76241,12181.767578245504
76491,17222.89385152139
83132,16627.801241602298
97757,14760.415797957885
91753,28071.659439697873
82333,26225.660326003803
88295,9857.371368920343
98314,10724.516484346224
86172,8969.902292356559
78331,22879.176139016246
81996,27786.149488279647
83315,2500.3548205085644
92376,14891.035449898864
103058,12448.900120562357
102215,12795.390012559745
104225,27287.624059575213
76910,17035.62830065901
88657,12490.6027137886
104943,20229.965313843048
86434,13383.091965649743
79432,13683.018882995357
103103,13902.887049520648
91456,43643.2660277245
89465,14456.701813191525
107774,9804.503588984033
80938,26776.60199809954
94883,16665.417219445066
94135,27421.57922017822
78747,18564.334851609245
76240,19960.79187918975
95820,37305.53130575232
79092,24617.599269049944
84393,10682.95235924049
94391,36762.627556360036
77183,20643.014948830765
105612,7531.432715423004
89046,9422.307460299382
90878,22935.479075761537
77058,15359.913705960647
84468,9644.53326893314
76713,23304.113791370142
85568,11574.425305940418
82191,19702.259939174724
84825,17282.210553559056
79009,50933.998121003504
93908,25459.45385701785
91135,24657.47264402619
94603,22050.478489040863
105887,24314.413535921678
103196,10837.085716211253
87544,13113.086260496606
99605,13611.547699243465
101660,10719.488927618791
100671,9004.691849747942
97839,26845.282084637933
77742,38162.99454180479
106144,8268.392497789759
79681,28609.5944050315
98764,9474.03408882896
98200,10966.003446643936
82652,8834.719834012936
83599,8778.185456243627
97776,12973.513689152964
83403,12866.039468156685
77472,33959.86057711416
79535,26803.307827393975
82632,15345.864588605415
98612,12267.846723467857
76103,22118.197972862927
94824,23059.828420812566
87424,22793.359166836017
79193,19352.363006586696
80853,15098.573658155667
87885,10492.290429407789
80891,26946.931414307397
77149,22756.01116458566
91012,14389.038012237921
99259,7801.624363344593
81555,24982.82010155329
93917,29465.07100449534
88089,17435.94112139268
100704,11746.920561037274
77798,31429.86770031834
87342,11543.674212283335
96013,9911.838670777825
93380,22315.219326221228
84040,13420.830574470956
88600,17383.19365483134
76133,16349.461281819631
94842,18801.899016995583
98184,6282.982291272351
88767,16097.167273426232
98741,22645.48065484475
81739,11551.485920474744
91321,28001.380636680304
108030,23218.187940862997
77680,19856.953901860794
78189,26616.223499102965
82302,24714.663875225982
78968,18743.119958427123
101390,5770.780940327711
95491,16042.719748491403
101687,6015.324884900717
76371,16923.65656404629
100151,12666.139543473088
92147,22068.599308528897
103385,15675.31016538702
86960,17428.870386363775
89563,21030.016380676137
98013,6583.634198629167
103747,5115.13247951935
107681,15256.56354426481
82686,7951.188936180338
79913,11465.78616979514
96545,17163.90896082553
98278,11393.045080936787
88916,13393.885047397078
104733,11176.772104819438
103529,9716.077557678254
100642,15696.842178909721
97860,9536.030338974402
88870,14789.453001111346
97563,20682.59567710641
97081,12585.733054792185
89544,7768.70391670023
96332,11556.06584693862
97064,6822.17312863351
81916,31092.42153208463
82148,65438.95804872745
102447,4069.3513491953827
103111,9014.119776275951
85058,9571.240123242505
76422,21076.462288834104
94546,17958.1683919225
96769,10954.954434889098
95364,13017.497707694321
101118,13684.226303123198
107644,16910.721551452887
104650,9060.069279633992
97300,8467.267095551402
104069,10670.103222344398
84700,14542.819616373457
97122,11891.559187688506
89878,19386.16402313025
82579,18868.302554367197
107967,8689.215568472911
82494,5649.36145090611
104872,14674.387457259594
76339,21649.635436073273
90676,7015.400771774689
83780,15953.364975854885
94444,25169.95460065041
83532,3494.204328175704
103380,7166.587645417103
90941,36060.95858276176
99845,18093.824025392623
98053,11784.283208132729
77863,46512.24249859245
81107,24550.887498523174
81176,27084.274524337656
93196,56421.245724139684
102895,5266.949017258981
107093,19994.635487809894
106566,44596.86937738342
88893,10271.164410865962
81939,52127.34953096126
98833,7696.543128565352
102812,6127.548564333463
95766,20533.55751082795
83556,18600.34078752375
96725,9349.039478344916
104649,6203.621820089652
98466,15177.259074628548
77661,25899.524504727797
99882,19228.408717606002
82646,10570.399615335698
94874,19889.501893583405
92800,12553.791190266367
80265,25322.010559136397
80587,33901.20339088524
92298,24733.01789405752
99023,23925.647513849162
88098,10495.586518865353
100928,13951.133110660132
106437,13654.709992917002
83122,10815.876492746382
86614,10359.942666305986
105454,21501.549646722156
89282,22960.89594493587
103136,9322.158075889018
104899,27038.760468971763
92041,31975.281481416205
80795,14222.063085847356
103043,9716.077557678254
90842,20257.63723516419
103070,8748.324349409322
91523,29858.998577590195
76427,23615.176762017047
86188,18880.92684245627
105618,35036.91034331051
82931,8514.033418810828
76137,11851.667112065988
88017,14014.800496107044
82713,11147.268831472637
76155,13448.191570901572
101057,8840.978225907815
94699,39179.22291129489
106794,19100.94241585766
97000,20098.04678574875
90986,23330.624730563388
92785,7759.358413973019
79156,17424.57258860584
107616,20195.287212527866
84264,6523.855170060012
93932,18355.250788265446
102956,11333.705756852367
79715,21783.822320398205
82329,21487.595697269135
86636,11685.052527300044
94479,28393.27924890987
84998,10029.726134550121
83835,9187.512114166118
106823,9518.113169312432
80760,17985.641891216863
83060,16733.48572099505
85872,9259.780573970696
76227,17366.466424515067
103460,7479.283452531445
96989,13315.908551967499
107858,13245.542923462537
80447,10105.790403645624
108267,7581.853246120329
86584,14218.741815233652
96426,16055.090778195978
86696,19815.346279740497
88252,10610.357828441976
91515,54473.72494942382
98357,9694.331661155207
92439,23393.840337424583
92341,30084.579342535042
84739,9713.997103720285
76906,26015.38609745474
100027,8904.401153143106
102225,13902.887049520648
88476,13685.73074053526
81778,24421.84117731385
103266,16982.731175299297
87660,16128.320131469594
89634,7187.646325874759
93577,29874.71092692915
92450,18703.134098486058
99404,12714.266721359816
107936,12615.27959080889
86174,3494.204328175704
98273,9596.973707094832
99007,23331.444613529075
81615,17088.496534816466
91236,17476.139429710034
96984,17873.051383642018
92538,31762.78302053428
87039,3819.0213310289155
84235,14508.402232054592
77010,18566.230948654447
106727,3923.267363527366
102933,7644.173232566128
80821,9075.601394470623
81969,16836.5116823683
93088,27513.098693721233
107004,13863.045867463954
79330,30106.511038085155
80388,22333.17550702114
97494,17439.961631541853
107144,20570.38995192187
93860,18159.997537732608
94845,15140.748790588736
79152,21648.417598012344
95032,21143.71356191334
108333,11319.02518795197
76925,23964.294697553687
93278,58999.88141571197
98608,7272.691308625522
87236,8448.213466178375
79320,25396.235098625006
83893,13110.044256153062
80973,16416.94608575448
97659,6966.073673746324
102063,8845.29058058747
96324,9490.452989958085
101184,11354.832561539351
97392,25703.185903156686
94094,16232.948584785057
95219,15755.087954105698
85048,17862.831075863032
94887,22943.65732543243
88002,16819.639648877885
99157,10580.854907819265
102746,10593.708852813337
89164,12503.2033046763
101079,14194.791519883716
94124,10700.6090124859
100161,12867.11567545278
84658,16723.60443667917
105603,15227.109130099198
90963,19181.094435979037
85012,16284.6490613425
108298,13459.747950144818
104080,4279.045524685676
91850,40141.18889615897
102713,3831.538451452055
83295,10923.853146825195
107847,14146.706650925767
105847,12369.635952746676
87143,19071.428221349113
106090,15897.778302611696
88925,8650.133574258283
106297,19305.95846542477
96596,13251.363568777642
99233,6789.002396114448
103321,15824.569563080546
82479,13828.289894280064
102734,17369.48538929926
107461,27534.45231199326
103237,13655.283268201343
85581,19896.891587452243
99196,6744.2886432221285
79178,15854.012217375108
84339,16149.486707391045
92764,17913.528357925603
85498,16720.214336523404
100622,8595.634424266666
106518,31801.007724761
82821,10566.755780933543
97628,20338.748100630648
90763,8624.148318888241
91567,24798.417427439475
107462,7857.997841147733
95833,23233.759804114055
102479,15696.842178909721
97555,12589.214403599008
80881,8997.564552127904
84016,16933.75088053603
94051,12522.704690921177
76277,24095.563126816873
88676,9778.908906889441
102566,11175.725479452636
88564,15853.550615149903
95048,25394.08413914729
82166,14235.381533101152
86227,25275.205294383115
83738,9020.293147206758
103684,11614.438891492284
79893,19415.212756464534
100634,8951.936705930615
96392,16463.998684089773
96311,18816.51559595229
85015,14352.4066724185
83050,18421.381367324924
81925,30277.93286108059
106187,10674.35722550328
83863,12502.185766770945
82048,29785.2315819653
100962,13296.198933441836
91587,17460.319850311338
104915,18598.28771414742
98779,16543.245887987247
96698,7666.906769093786
84701,10130.201250356238
92986,25180.809771433116
77112,23936.359702048743
90774,9508.254772553337
88520,9503.453954221051
88281,14867.389997106064
91388,32090.9622262882
76441,29920.236030207554
98643,17746.16886040827
97850,14948.661425509223
98344,2617.024633193818
99441,14825.188211168099
80230,28813.636592511673
106370,10413.009093984496
88901,10728.409130484402
76590,13790.137055913714
94998,14086.92214429615
77283,32431.703379833827
104065,26205.324701534875
107919,18889.0316189307
103743,5108.092434383105
100503,6865.027590284991
81273,16074.9610301313
81878,9104.154794644559
79224,28212.00880647722
90254,3543.418767167323
82712,8703.057128851742
98113,8213.78654497259
104562,14164.41365733243
103014,9424.16171066658
107299,25165.35977246929
99799,5783.543817481277
87952,5866.592315401024
101836,9362.068902050043
104896,23476.004864134113
107665,13285.474961430398
96182,25761.195231224847
84731,20692.80994121657
85565,12617.482525079815
83237,9843.54474458793
80785,25550.48609292543
81935,36078.350016602
90932,39233.441871774114
99204,14801.31448580765
78802,29476.678497694167
105421,16353.190821322904
81831,12375.219434104227
100016,7362.214804577071
76262,33064.66860827146
85286,11829.960402356033
78629,14561.461939104478
79451,13918.153775821382
91132,49807.15271120086
88726,12122.902536949801
89928,15486.758233524019
84672,15655.910966104522
102127,9622.484957691264
78630,17547.924063582435
105874,11339.06704396757
81491,14057.151546812596
108085,16242.678922951434
99711,8427.700594535263
95713,27181.905228411604
79499,13349.24769748514
88373,6977.831479573842
106412,18513.41885630696
86000,10111.802201817767
77849,16729.49710053465
102224,14388.810794782723
90591,7725.150304081302
78511,17354.85510406847
83611,16933.030044712832
95316,10857.019780079403
85207,7484.586295642498
86755,13946.93828894634
91361,20821.823125543022
88107,6824.258633473815
99468,3000.744470860337
101776,12304.992361013525
97132,5661.471498482702
106405,12399.380176254383
83804,13064.082039010711
104093,19641.50354127027
81897,25850.485705924817
97522,12678.759595107575
78569,29068.141979497617
96486,32294.98502790019
99636,7488.982924795839
80770,35058.761512902216
91534,24554.826107620956
80461,29503.65706596611
102345,5067.784556497277
95431,30306.645598418723
76350,7650.410297146608
76330,15498.678634704838
101604,10875.756617840856
99303,14519.398351376502
106266,16085.17700951658
84697,18047.92842531441
86296,9235.317013391283
90658,15545.043607020034
102954,9143.116436363116
106174,22767.71055237391
81510,22212.069713730023
89222,14643.129387378136
104391,14822.905178697034
76573,13637.289146545365
78060,13028.474627183388
85030,19156.23884038998
105478,21630.41166587834
83477,11655.285846948185
101134,10020.73237280578
103096,8434.842888802596
99391,10660.700161846236
94614,15802.56403758281
100110,7493.141810154931
81782,27341.37237772533
90292,7894.784069555229
86357,7833.696013469184
76157,10099.15506930054
80325,21074.853740108247
88991,15267.540014316479
83117,19874.48142535776
90513,15835.39901167793
82037,12337.806510428987
90066,10002.06230900169
92814,44040.844927317274
93991,37613.59870486678
100121,13827.133478038688
104495,10851.976102732191
105953,11879.603881225501
108089,9331.213574680058
84778,21501.212156359852
100753,13893.850597584666
107832,27553.17057572446
92190,12896.213742399445
82029,17425.234374652762
97914,10111.42560382118
105776,18394.562960223535
95402,16486.01576472581
99097,11001.522162945965
105043,9245.883041059175
106998,12407.317971139888
99567,11680.593504503984
85421,7140.3617381616605
99161,12903.811178952685
89951,6573.845611116241
81358,27925.90923010621
100373,10763.21051894333
80291,39598.47884827843
88545,10226.958179712381
92994,20784.16240186002
90248,24705.443268577514
78625,20951.04711918123
81990,34600.73920003989
103075,10496.264372138814
98639,7343.790779663665
103368,17552.20651082074
95427,13938.629620932552
84503,5514.7800024506805
82446,7719.410365206336
97175,13109.136227799276
101777,8697.682660025604
76086,13864.545250487845
106347,13238.568025708115
76445,47669.83469022325
97649,11249.720636671831
99273,23040.140941000252
98864,11987.086413158482
98037,20908.42322530043
107264,22131.35820004336
100104,10722.00870238001
81842,17534.62840314911
81839,12885.731070605449
100608,12773.305309065901
106588,8589.980216061038
107466,31381.529979364426
86092,14138.194893181475
92204,28324.540913022225
107905,41184.73056918422
76821,20450.227713252407
81022,11908.37346220917
105727,33962.641914640815
80544,46759.35250322066
93388,16506.68088140609
93775,19094.56964433992
93733,22372.191947981544
108177,17359.62697736988
79746,27265.631649549112
89285,15073.371935119996
100243,8689.359019265275
107171,20071.80787988468
93444,13805.700050925225
107421,12435.934970159884
94071,23355.87876015128
92195,39311.67627280121
76108,16667.897855976553
100603,9015.699261810323
95800,12570.14646383831
90708,13382.879887750145
102701,10875.756617840856
97732,12981.772004706338
102574,9684.829328937467
92237,31912.54350232697
94192,35058.136216508385
88219,7996.806798081005
88910,13368.86571465588
100811,13482.658509578301
103288,7656.701952345148
100370,9698.865189335687
102544,14592.2217135066
107473,7476.208464937113
106926,10068.701793693206
92514,19873.022588066735
78557,12311.133555894054
99091,15438.427762091584
96487,10598.6499224569
86252,13860.183093570853
84763,7109.221397992593
82531,16415.150256130895
79012,15529.069932893433
97078,15855.477161407836
96824,6184.409758729503
79970,21127.953830288254
98057,16920.46922868934
105947,20773.44598830689
82539,15693.419750556559
105816,20200.139957373493
93800,19008.044000593272
87079,7990.087514241968
87453,11381.722472094789
92855,17556.304995785034
95805,18673.91943967011
76398,26285.816546408667
90724,14305.981885882917
102196,8170.847975638922
97661,12016.357725082511
105475,13315.972813625855
81241,12092.445752267733
91106,21546.307947111298
89543,23238.61828192115
94403,19674.348811591564
80666,18997.193746561206
99769,12135.301215067044
102351,8831.458521682047
102941,12864.936442580052
82783,19576.42970700373
78504,26768.41243098861
94715,19707.909992379307
92180,25092.4984577672
103904,11155.289163793475
102921,8014.034824497985
99685,13137.24063627969
93048,18987.345892553592
82988,22065.69366520005
93279,34068.10088700061
80084,31899.889161022485
101966,10695.385325248071
94667,29848.57780673296
76298,12494.436801141494
87379,16015.820370486652
94212,14839.709966592165
81333,18172.783581003077
85998,13813.50314660485
90198,9250.465348455382
87823,10077.799209051773
103530,13015.609110489537
106243,10070.66174437612
81208,15662.42157753769
105153,10474.611978128543
104103,24607.19785995133
89555,24654.05259008792
106042,19253.90762568107
78170,39032.82640473816
107675,15257.268454750418
106705,13336.917212092267
89953,6822.102144207448
101934,10878.12175476159
104727,25956.828285776584
87327,14457.391254753591
103247,13177.905647610149
84673,12072.327564247815
107520,40592.91653685013
76626,20282.10131717765
98638,9596.973707094832
102060,7596.2522343254805
83635,20149.877424296763
94566,42114.793484700625
79207,37341.20168385954
98700,17908.80890657019
86563,16921.238172351095
86891,18363.527276809888
85278,7055.5971363829585
91817,30259.058228028312
99473,9317.34406533692
102489,5419.232308706044
89191,14294.637977424549
101746,14243.163445132943
84538,11804.132793372644
78072,26071.128884534308
99832,11899.192426746426
103475,12523.479069854333
101016,15696.842178909721
100280,7955.9962502134995
96067,9089.455009846155
104086,20205.519642711955
77248,18708.023523459393
104269,19525.335563011577
89495,7222.406315388615
81340,33182.34983081557
80277,20011.70588502543
76683,31448.224246676262
94847,12424.061704722648
99029,16293.917062465154
85874,14689.955007332073
78105,21787.340900458745
94978,20346.595769117775
101666,8237.488978965359
100757,8787.97806637587
86704,8237.837729561614
91205,25695.4444059415
95762,12321.997159949105
93641,21019.263119310486
87073,22500.07996251087
102433,10786.911981944433
104382,19711.34408784728
108060,8233.444694136131
107387,24360.88326272711
85027,12155.547403525783
86014,19177.975862698477
102602,16294.997778466139
107255,18647.948122574773
84269,12442.575359473178
85885,6418.478649526326
92843,13922.849900763485
107862,14902.534559905089
98781,24199.489458100743
106119,16233.905738315581
101872,10592.461252407376
87865,19438.226950538305
84803,9281.381611898121
88438,10151.309676967436
80105,20554.560917382274
80595,21218.213252084715
76539,9712.58654204011
107236,9932.166326639408
84946,11606.777097466613
93772,24598.950751360408
87793,15841.621125511056
104843,9091.863003294173
92234,20194.57490907818
89467,13746.433459611575
100145,15768.856420533055
93382,57529.00828009765
101891,14720.670119819173
81354,21174.21397449402
99309,12331.163452875278
81431,15132.6269275204
102073,9898.833918180446
88468,17097.649730446123
101873,13902.887049520648
88120,13420.830574470956
105714,5147.573761892417
106015,9761.862339749438
86707,16060.145048658593
93107,19104.943584092278
89230,12838.420843000084
100875,8525.464666818965
82920,8410.528773148124
98114,12081.395209153776
87262,9309.887823338287
104436,9794.667031790857
85404,7055.5971363829585
96189,12827.076060370939
93408,47364.10175397379
92789,57059.398243140415
77768,30587.66647570285
99414,19493.083375891918
82807,14948.893570615777
88996,12311.319866500271
90305,7516.139400674335
77030,15910.860331795911
86129,7835.9239559656335
83660,13131.523537473096
78602,25106.567851915723
83672,7898.665632328372
105105,36259.58367294857
78704,34455.99912869512
80789,49882.2046811947
96633,16038.679720969081
86132,12451.355469599768
81619,47398.8394114391
104645,22022.316352590562
103853,6060.738897287257
96259,12105.484049917894
104677,18605.922847420836
76418,21653.286347280522
103593,10550.987060059997
84886,10614.939224526754
80773,9846.340527615212
94688,21024.893670840604
103823,7235.132633290578
98757,18928.978609997364
78516,9123.231326604866
80596,10817.948446486393
102855,12827.033688293326
95957,17694.93538094147
86440,10803.522560753236
95030,26604.666093209
101874,14299.37405255474
84585,9932.404000023951
76257,11815.85583054739
76971,20841.43823332661
94070,25985.382389529317
106041,28652.345918457257
87346,14113.75169125501
80993,27468.342269888824
105309,19575.437454099156
92622,20202.983631227366
94582,34431.24996710833
83334,12543.907238136444
98922,6837.090538237651
77691,17058.872503252795
95469,12735.246924102496
90587,7282.975134816695
107411,10632.248966003574
97489,10138.679172101829
105719,17800.660378484383
89534,10522.206977992333
80741,24579.175132279655
105737,14674.387457259594
99043,17595.585493437567
80254,12709.203097200203
83172,15536.482917033227
101830,9641.201678321466
80506,7079.348516764221
105763,14220.109470949548
92507,20892.78627004206
101742,8543.792193340096
106547,32610.1341148854
98619,16925.810144011994
83503,11557.900360727825
80565,11198.703451403399
83013,14186.895326102953
85721,11286.507431013917
87556,9855.154867304913
84442,7374.660307358766
79634,4938.234907373889
97497,6175.542792166189
84325,11041.601117015894
81399,9685.121615057124
96361,12130.354667238411
101973,2016.8967999300803
78352,13677.409956517877
96564,12893.060584451694
94669,27560.12398287824
76655,44133.44731035545
76084,16199.818692997476
93215,18904.652591604532
105802,11347.828951323741
89981,6134.568820893555
84315,18210.022822268216
83297,15858.85130554664
93291,32256.287682001126
92128,28488.312988831927
101550,8768.912419228023
79384,14495.492060606273
103643,10311.36456850434
88482,7658.478518740794
79950,27863.282043012678
79519,28353.40214716304
80376,18590.232283075562
83366,12912.467333841736
92250,26995.408219738667
87368,13886.672504562202
77347,16095.989244535132
107935,7486.226816342561
95765,26015.10023473154
91877,31738.018155453858
97574,7964.617525141149
95192,13518.971814927076
80288,22287.01506865678
96795,11359.083973035122
80851,29623.000596327634
93753,27445.125895895802
99782,4732.030452139568
83153,19949.81210338959
78634,10994.315170351008
99463,13856.479437045047
81675,18989.733592009663
83093,12151.016508008262
82993,9831.900639997677
86972,15707.611495535743
100455,10240.894169443838
92692,24584.06291847264
79761,34590.54634063358
90624,12198.188304800939
93517,23424.47555998874
99893,8483.077268691319
85441,10017.815606541455
91552,21534.00064122576
81031,15893.006753143593
82232,4469.4505842093
80062,23460.13229109228
104764,16744.75430180066
83572,8814.641941181077
100100,18174.232610809137
96649,15532.796145620254
99860,2389.658158723173
81915,25195.712268883966
96284,7764.475743270367
89243,8058.915877747448
95051,17031.277599833084
101507,12444.525094136405
108257,24497.123455611192
90558,20031.592308522806
96913,15772.529911702555
76621,20197.778342476893
99801,11203.183168743633
95155,14246.395367513082
96739,15771.68090825181
90592,12739.295296806578
83307,10923.478179526242
101154,8421.185556236549
88229,10463.479943019644
106301,12825.144329528212
82193,22448.443862887983
101153,10016.45001475476
107721,15231.92190665684
104792,9016.303947286913
92322,27367.945323346128
99316,12747.058800302131
86404,11355.880237070853
79624,26922.40937047512
87122,14659.753280893798
96046,15556.822748832203
83384,10050.875387081704
79657,13577.523977105153
86605,9934.468551183692
91883,14885.568771212698
100473,10780.055331447977
96611,12239.913367369718
89102,4278.276254144279
103838,10135.975134281085
78454,19562.399335315782
89761,11660.43314469369
106275,11180.38612754751
77831,40226.771322444925
82876,13927.663592176032
96899,8046.240006506614
99945,12214.141843127567
83505,16572.73380988216
96841,6531.842887319513
94189,24386.139628442146
85020,11157.510554972007
101456,14242.153524829308
94155,30761.20405247989
77575,19696.920255504647
97904,19120.21491267456
102523,5674.388655916103
107541,16675.52220065358
87223,9178.89530225669
94975,7741.804423023904
104630,11960.535035830471
102538,6760.968548347248
90345,7012.066476867603
90170,7565.99048370799
79448,22065.790937689864
100139,11455.972140398982
97457,20028.053518818226
76291,45909.866967884176
83987,13761.951037200106
106283,43414.62490495672
101864,7548.3604234946
95757,19238.79050935966
107668,17230.078894186743
96696,11284.563506047563
83094,16129.044412080184
89521,8502.389948153916
98998,7785.580694455005
97028,8997.0580496833
95291,26715.471913986483
94443,21609.968466835682
102182,10514.018985806448
81794,18789.289977478336
105003,28128.339210211263
83041,12693.141053999789
107213,9464.769797685973
104467,11102.640655131278
93950,27271.20006863379
103790,7329.712519610837
89125,9896.368187880338
80748,27110.981953743125
84795,19005.242503353576
91105,23561.791214713026
86086,18596.882255404977
88522,11319.959691222992
84472,11210.517919847272
99289,16662.0355359252
88050,15753.908603148322
98087,6862.9947928767915
95839,29300.84822870616
76057,24874.715980435925
89619,8204.363858088002
86471,11903.03762553506
97685,7174.640946888797
79824,29974.254116435408
91710,25949.965329322233
104474,31114.1813616178
104157,42216.97986286522
95117,36194.35627270934
96337,7917.445753663823
107562,12480.2900691161
107286,16936.332297010133
101251,8225.615774823329
97688,6605.524731403052
86405,7819.576805175556
97631,14451.128125824516
92981,34283.96607358675
79580,24673.516679333177
91562,12336.85396493549
87048,15996.051621201943
96103,29291.28024888102
101854,10699.848382092208
82126,17712.78574979239
105443,30141.748883831384
77293,46477.19835771148
108262,13966.317058735718
107157,11184.80827355207
99717,13588.845016456573
93208,24183.932595182687
81353,18024.707888326833
81790,14972.549224399334
82153,13920.126755849282
97223,14078.886832896676
82088,35076.21503345238
102996,10499.322334565215
100023,7998.480406973226
84333,17212.482876640086
102506,6754.110901357068
95753,28050.42900399414
77116,8882.271142071586
84459,8454.728210648795
91453,11910.925310056991
76524,49501.282143899174
83249,12990.643304397132
102313,6035.806779431836
90456,10274.04291161684
94635,28085.396322394747
101187,6770.492333475276
100776,14175.723392086804
84563,7934.546009236959
107706,14559.414477713552
78776,32399.399242578736
77019,29385.736969437832
76122,23590.119665108607
79042,17707.563485661332
101851,9265.94842419207
84657,10536.627594575963
76067,19606.01491798106
83598,5823.255316622453
96003,9715.217498752578
77817,21438.05982736142
76887,34544.73305161961
85766,7891.439236993966
105836,20401.45726575477
92443,49928.24891949996
98875,27679.67304504015
94808,21050.88363871896
99490,7791.442163427906
77469,10304.26558785298
105148,5328.380051811798
91649,17437.47023278496
107040,26825.205436273518
96074,26150.53545239558
100656,7931.434315590402
90366,14953.07202939684
93981,15002.250935045775
80858,15324.4067940444
90070,9772.543315261863
86606,10651.309713953535
104521,9449.134262394778
83071,13957.940703671213
101956,8766.597019889045
83846,7047.084262279582
100982,14115.351712876914
102610,8173.673880719459
97828,13846.886560425615
99450,6648.92967984379
87521,7572.232382251664
96065,25939.467790182895
88306,9176.674721532878
96325,12438.974774491227
95801,28030.032780687172
104248,19900.41386208741
98652,11472.105339310177
103877,13321.88361967439
107470,20137.39868947495
96801,13560.449116089485
99595,29119.649721806592
86094,18391.02843864505
80874,31373.41982664604
94606,20805.251235869495
96127,16949.51360073709
100687,9218.87078025103
81118,27279.41011736266
84405,11915.524873764882
83257,18846.128256144762
81541,19134.951425104737
77940,10912.150814610268
101270,9899.448877095354
85349,15870.477455150372
92315,11738.063251212245
108360,10985.336403413752
77607,29761.893997104115
95640,16526.552952729056
98143,11038.896519720223
102200,9065.323847136338
83375,12569.224718328309
102178,7107.4710342497665
97500,27275.930092813265
85782,8089.874406067698
96049,6380.921366820067
102744,14621.99325575195
102560,17130.13530333356
79010,18854.08139249394
85644,9226.212849555672
76595,15155.37688902584
82219,19777.034601237854
76899,21133.659646600227
85663,20638.235104772684
92737,15862.073809095882
106758,2270.7413821448654
94625,21256.57475262025
96472,25818.258825360033
104250,14369.17022222898
86303,20135.222408363035
107881,41148.87164002079
101517,9317.253566277219
89988,16351.970897254398
92689,28951.262343094862
99002,11316.655608348523
90734,13371.811043748796
91013,41553.03482817688
102056,13578.236745976386
106641,17529.29121991249
100391,6889.850363199479
77305,12661.533926116228
85197,32071.118211539633
81122,18102.060042492743
91088,27751.835806109433
107377,14835.46627618099
86495,10722.287451394252
78661,13818.465562307181
77687,11764.96603911203
98480,10091.058983810217
101537,7473.783352276817
78032,12762.707772733904
92374,16065.726322252427
82010,17200.398945157514
84496,12440.580751062065
98337,9434.185172074765
99520,8467.72534863518
98452,21575.989244897144
79828,25088.21419518619
77151,22045.540193052577
84095,16720.857105012128
83491,10582.645746647147
102170,8448.594202537775
88063,13484.56002696016
90214,16777.350424279564
91980,25239.481232667884
96573,21018.101202960293
105573,32198.928030700692
86880,12461.427879752095
100420,8076.274642405617
86053,10036.352907157992
84481,19999.039324307712
86088,7187.2907790136305
83553,12154.073413023549
101328,11696.987639730925
105352,10598.09446415257
100532,12624.993780994773
98052,6669.736067937815
83818,9002.664923801207
99576,6604.714222578106
91026,15955.928809288835
92445,26116.118650788
106934,7426.729610126525
78791,20565.76208470665
93664,25790.634148975416
76923,25444.217542850896
81335,17886.80370612607
105969,26990.45158466019
92701,24439.403654148315
98070,8982.652263374293
100423,10927.199535568541
92335,28840.58591229678
92370,32761.15260816334
100177,7221.764033884419
100125,6324.810081493759
82358,23420.549399792293
85557,5004.353563186271
102609,7309.07316355914
77612,12661.41707081977
81173,52914.41599654785
93689,13749.331374376754
89219,6279.24853005973
94659,12133.190606532256
82424,9726.170028423336
92367,24820.724951313197
95828,12197.704223580979
87894,7650.366869759306
88621,10099.52731109011
104992,21613.713839655793
98567,8694.951706780987
106250,9160.312223053532
102235,7771.9143470465715
94841,24391.826940374904
105496,12544.690750643811
90019,8006.977417196967
95575,30525.81560931877
98437,8470.870701931428
90907,14081.991669376706
83289,9554.676694809163
77938,16305.068252926489
98791,11765.293207289638
104254,21521.129310329306
104311,26635.509620402747
96753,15840.591055914589
77998,24358.469633090146
101102,9070.457084230846
102836,6363.6280230245175
85330,16587.079324824652
108511,15079.74705353422
89527,15090.80004271499
87734,17644.130383429736
87110,5235.337276964128
80936,14457.478621287602
80100,17690.103054359246
86546,9734.730904225227
104949,22131.35820004336
83654,18522.820149094263
96736,7956.53481589922
91898,25774.000175738485
90221,15773.095738178743
96356,13763.648656851421
78901,20039.906001025527
91469,18152.285633848827
106591,30747.720021625
77763,25891.98378433169
89604,7069.582162344473
90001,9757.864894596434
89947,11838.545642165614
108218,13524.478176415385
82927,10536.627594575963
107140,14421.005405206353
95013,25193.11494250789
104979,9683.022640383895
90521,15167.879079055343
108465,24533.03596611673
106606,9621.031424485373
82999,14097.58038675611
93784,18420.84716863234
82680,12865.629037496306
100796,15208.05821674226
96230,20647.573896309197
89110,7113.706889204368
88152,10789.790416625527
101403,8094.829006449013
77566,21976.470116907196
86366,15956.508115406581
80356,28011.391667993852
83500,20908.40394098705
76673,18628.13913683274
100256,17542.51315435794
101335,15629.340210548682
83416,8206.529709735018
104983,12622.322091802134
107300,23166.80011732616
87350,5538.081117038837
107106,19477.05353785231
90550,9842.817146118605
80002,24667.3591885582
90827,11451.04533629322
97480,30118.81829260794
88160,9809.244889482206
88467,5649.534791583181
98500,7978.211474165018
86587,18981.791546059856
76737,16519.888695896927
79089,15854.925839287453
93153,21512.324846352723
80315,14020.250628447739
76731,32908.08140980962
94243,22444.796121775737
82571,11626.606608549464
86896,1988.1377352319491
88404,8709.513669695169
108530,25450.49430874248
100573,7706.325099097773
102888,12349.656949803886
76011,31942.147859709898
79586,51518.072864656715
85620,3956.2037997525586
93470,21092.77758726833
98335,8861.852631038922
87826,12846.960179407855
94743,20267.454448532764
81247,15190.507600770148
91376,23408.99680284481
83451,20627.24409050862
83176,10934.13284090065
78867,28470.22715979427
96786,8626.336985337453
81019,30227.076255896936
97316,8223.171536602473
80560,19407.422368137395
88535,9398.916218432414
94281,27352.32894737191
94309,19217.668981136743
93404,31902.247971704764
85218,16550.658983424895
82697,15502.539293391854
94919,25479.529362015677
80829,15198.591682689057
84671,16060.161123609623
108043,14915.704851601038
105111,24137.21846503752
76997,13356.78687606429
83545,13700.381885700908
82274,22639.60059078284
100513,11005.6233815888
93471,36660.15659958271
91627,47713.79624067765
78780,49370.94289805711
90005,20791.87504543161
104234,8049.028274563354
100798,8380.311903208083
101322,10806.270658190544
81807,21596.116922848843
84469,10474.051298885679
94701,21802.194542084017
96119,11396.966758813996
104478,7530.166976512016
100116,11509.081245916404
85151,15052.61253595672
106970,10760.343132182586
106570,48600.37909735118
101472,5473.478568802893
98101,18364.60084339519
76225,11502.934808749025
82833,6984.80617295127
81055,6713.119076299417
100048,11838.982036786098
90519,32954.63248695465
76484,17914.39941923326
101898,12660.785155165948
81741,33286.68579631609
90441,7581.675222389703
108314,13032.529306695034
97881,3884.784971115758
79306,24891.209547716968
107116,16447.30144480747
98899,13603.975282014304
99975,7094.592881755832
84378,8083.543507163587
101661,9993.745560896443
100239,11555.944401017283
80035,23309.99996563624
85033,9839.189009367068
76723,10294.591940582113
107773,9134.64663891819
105937,11741.180875787455
78321,17021.532274457808
82047,50534.21157643858
95113,17217.678527631997
84907,9926.284412121357
107479,18443.37033240265
99770,14978.490892660353
86815,15876.307593342313
101558,12955.701571638941
102258,14481.625194514749
95963,18527.504264508418
91995,10563.042784954492
82913,22319.40696566592
101968,9227.123290461104
105332,17696.86099634486
108213,15505.12010895184
83825,10486.414952019164
77438,19830.29793286287
95768,42424.63762421394
83195,19577.094949021826
104287,11779.278486756451
103213,12588.418455943183
92744,15215.643515465676
81351,30550.183536019314
91555,16546.553452940352
84546,11235.737297241029
81270,11088.616306024527
98294,11220.364489925843
94278,19089.938747924334
103537,13750.108222710494
104284,17293.613058154642
76635,16996.17069251165
76676,26771.70105222159
98118,8723.072309849615
79440,47624.81009297563
78969,28564.204715879154
76500,11258.084612187064
106027,17637.55949061709
84604,10024.91818019661
97498,9418.550720227082
92641,48089.088996664184
98216,9549.594862940763
102453,8341.140179520304
96270,11307.37092160545
78777,21672.08911185201
93169,11406.274450108362
87621,16793.35657501889
76876,23513.067284488363
83561,18391.02843864505
84296,13765.680419079086
92355,26851.526596738888
90302,20637.749351068418
91387,14333.156981047605
89854,11851.51043499732
106305,20026.35154279621
98703,8951.6641630809
97929,19414.925912337672
105575,14498.64711528181
79052,19749.90849316062
82362,26153.915306940526
85625,17732.024431775673
90792,14116.418260917075
98488,9994.419971008283
106795,9852.152437466868
91666,25182.18706830799
101528,6092.313543403797
94739,11749.645798111354
80961,10590.363352382083
91988,9687.968378353366
80335,29370.743059662327
77505,17498.712698088195
93280,15613.795478652351
91630,14505.841143240694
85422,10689.329014093188
104986,14012.136549998058
92176,67649.76651565763
89861,7783.422804705999
84435,15867.6829119545
100381,15487.003423226362
85651,10987.84107883881
96525,18305.941260285315
91383,20090.415984535102
99177,7491.397106298733
85842,28573.180236440825
79658,22600.102848876457
84332,22590.253237874174
101621,7313.974106260019
94509,20528.95860200258
87175,16916.16029182825
89394,12696.8412761762
91163,28064.316275783778
107771,16363.527211190509
99551,5785.301442021826
87537,16668.130049960542
76726,16612.14179068896
106637,41552.521604952715
85583,13024.4212989723
84617,8681.325772245447
86419,7391.93255370132
80036,33944.646629553456
83956,17123.887916972802
106663,10101.224361760438
98368,6782.919285808426
80217,11346.982226094726
98528,8432.931642406069
92746,32350.520867916275
78042,19637.606718503102
87314,17409.492762548885
78148,19337.70117496965
101574,12566.194288146857
84789,13541.191396824765
81056,10349.133026882568
91483,15481.641706953948
97869,13294.774509191475
89084,16751.885131471332
90398,16068.584141129148
91038,27689.237094290635
80326,59571.60276103411
88665,7753.005127679175
99793,12117.854992794688
107218,12137.460894372174
97438,10876.746008376525
82375,7314.422929849728
103211,5463.107944884951
83430,16746.29791992109
83717,8333.122787789083
95607,22847.93976076619
99653,8815.201608192787
77072,19088.69884269634
95300,13991.425486624934
86090,18294.95753380415
90553,23730.846728155153
90690,14206.018894056146
93608,16608.181406027554
96059,10187.626610646043
105488,16659.197143102898
102403,11297.211635935419
105357,11498.999089869754
81201,20980.92780974163
100092,16664.355248024727
105800,10939.507174442155
103658,5965.432013340979
82416,7139.043021686534
93007,23864.33964529733
103850,13329.090820511063
97328,12364.017557027368
99167,7881.200216672879
92788,31998.717607058334
90228,15219.886224145535
105015,23848.563054759394
77838,12041.067151580039
88672,3342.5741247410706
86881,9517.627105557518
90515,7611.721584911009
92777,36208.032738385344
103455,9235.185712262055
97286,28821.555530717884
104633,21183.00701972771
83548,10255.045112459718
80980,21920.242865291766
87954,16444.755950609055
89975,7405.4041498672705
83762,16496.37730514989
90615,8554.809982618552
76755,9458.8245885313
103371,10666.474882921822
102703,10455.80655636848
83856,2742.6272718963933
105099,8795.30101434265
79080,19694.346076834623
83898,7139.1751050362745
88241,10597.83494798252
89549,15390.348046891442
79740,9407.961854729188
81937,27701.15391895725
99084,12109.578324505352
106967,20410.898733226168
80358,46052.397717783344
97694,12940.285452024313
87454,10042.834362537922
101943,15508.91490255412
105586,7760.562073727195
105651,18670.58078986922
84667,7094.511090347507
99050,9953.65829077149
81245,25343.92725334454
78547,21649.635436073273
82473,22470.37791519263
85978,6923.294683478984
88385,9473.854494557996
95452,13609.415610417189
98159,6618.947077758802
107952,10158.326225960953
107265,8176.6635578152645
99744,8167.491236909081
107450,18143.35138460725
108280,10912.856152561522
85684,7775.184414441899
90660,7312.271533182537
107627,12779.940165461137
93896,23020.910180244944
105931,21632.015988925083
107160,10852.062135644494
94644,18610.802820421355
100057,12512.878209586737
85053,10646.918192082048
77037,34534.96907943879
81281,12255.46502858017
101247,11431.109641861907
92031,30954.219095092518
83306,11476.910318861936
82079,17877.46270330323
85936,14424.552748604088
90480,6918.553352475248
92696,20249.39717031811
105467,19261.62692041166
89682,6953.606895477636
76305,30101.493709666283
79665,41511.520283652906
82839,10591.978863505889
93076,17948.337366611646
104369,19941.677841491844
107999,9896.215750280186
83787,14116.926214088095
92554,30189.44205292858
99110,19449.270306106457
82707,7106.922019360186
80261,11965.120031370376
102365,8657.581039190542
82760,15433.384053981046
81142,35377.840399488014
88411,16515.30327362223
97734,11898.412099102075
81604,42843.841614340105
84705,18393.96911281626
104661,13129.802916546443
87897,13111.878339859644
84651,8318.78118920428
82294,28183.666505411005
100689,6699.12539770168
105236,8758.569026436246
77656,12887.976166068842
94054,26762.928875880945
96367,29567.593006405517
99913,19057.85203263849
77083,20425.78165526464
104849,20139.320206439952
98172,7703.850427127133
98043,14685.182393764728
90979,21029.730897845784
93136,19930.896486707523
88750,8199.914653519805
88471,7678.443948316134
93720,22050.478489040863
76649,12390.612480315898
99291,5599.009304127077
89267,6014.852482072137
108244,9283.976820069094
95194,27540.333001415704
103998,30091.50171525291
103782,8433.391149974559
101502,12550.30366277366
85961,9533.387580258
99073,15000.49943358815
106535,17349.192295299566
96594,8260.946660873391
76156,36460.833123251155
85484,7976.340734471135
79139,11278.054054799217
96730,13168.367058122663
101796,15040.632366638596
78809,31629.41656889904
101193,6637.213066035158
96275,11487.052498466637
98321,8998.162088049481
77928,9132.625038512337
78328,29303.602659817887
103527,10492.92115602223
89266,10543.845663314874
99074,8340.144416991081
97952,12797.55361225717
88220,13523.478023352764
90223,22755.704825179353
76506,27191.116703337848
104498,23323.720243492844
84634,16969.37828792053
106803,24008.24181258373
80608,13152.442607665658
78715,13338.033464812957
89962,19597.469824817428
88958,12652.825890202415
98941,15290.504281043688
80707,17686.39842473334
105934,9582.928765386227
106190,19176.394282045094
107803,25520.827016392235
87945,17525.89102287714
96859,7680.634319068142
84495,10955.291627639066
79965,33305.22744869585
89496,8005.163772466608
101195,10611.06034900572
97209,6797.471504342741
101751,15667.788408945386
101541,9331.622094462567
96051,13266.55247330313
85075,6843.121753575546
77118,30955.9674243095
80487,11920.021236554856
106184,10774.714917432986
96374,2041.2181187076742
91702,17567.242129708327
77517,21742.39396647869
98188,12451.143599594954
91641,20954.927769187252
94607,24798.417427439475
86769,9988.170491558561
80484,54026.8258128411
86964,8850.905632796253
103086,7898.4674777567525
84257,13111.041056910239
91852,17541.454153204395
87431,17429.47761890596
80439,25694.241795581995
90405,13730.225075838682
97647,7966.109821481055
108071,14060.232003947336
101911,20538.789355714598
82293,7755.676505768308
93627,10105.881655468265
92080,30660.17898933299
88291,10059.070839843398
97591,16812.997662056165
94632,13622.924199152561
79572,23467.105291646516
100727,13416.439303593024
77760,16330.029772803711
80267,25065.94105506381
106167,25777.33658551314
93339,21663.03591509624
98727,10661.792328749336
106765,27136.967463058005
106746,34544.92047358869
80012,27101.32633402318
86651,9754.604313702217
106616,11617.35542062567
88617,7815.233967891929
78380,13253.175093904558
102380,10946.406548987548
102093,17593.393252221456
79049,44535.053553691825
104933,15277.164547423463
81578,22702.50513466004
82296,30187.340091456113
102256,9698.865189335687
83868,19446.39496137966
101459,9467.222426745675
85014,6175.117281237044
90820,10946.685326910214
83173,8127.252380622574
91252,42834.479294687255
102307,8253.431126007048
95153,18495.974820047944
99149,8448.831377284185
76130,12756.005664430426
80049,25651.642261135188
84353,11658.356807751947
79550,9720.181913360399
106113,30191.841097265748
82182,19003.750625064586
99898,11582.365809751382
94685,31839.125096491356
108125,17650.962986705836
76144,15135.304218767535
82087,17557.126762867345
96666,8323.4820339305
105109,30831.028996168952
94341,36720.57124450704
80039,25219.791429059267
91350,20494.17186058103
99415,10055.553450279187
85832,16516.64177695009
94022,12024.33124621004
104332,22006.000468770348
89367,9332.230802848084
101420,9782.959659175503
99401,25669.398566548163
79179,23561.0104373882
81603,16408.108795878525
94068,20521.32419128364
98185,10555.773931902411
99646,4337.7691515217275
83218,17324.622415035676
84593,11825.295190504006
93040,17130.635664225603
104544,13605.793066839478
98735,12412.192023618718
86524,7292.095534492416
102541,13221.822537195183
88339,12795.933339589128
92750,25378.000909596307
101882,8691.995965922755
78793,17909.519629227056
100625,11836.474735235659
91791,18700.985895370883
98604,9009.229802882508
107903,12399.211976179786
108450,8920.679962566997
101903,7188.479917258416
96190,20081.826932416683
77299,17910.34817046088
96588,24717.125485429602
80932,63968.32496855242
81221,35470.95748212259
107383,10389.352931331196
92815,26734.653495009657
98724,13130.282461133827
101984,11198.46720558916
85939,13806.571645362788
91597,27290.498183597305
82514,9550.649178199705
88788,9896.26610195621
101131,11321.72916018911
82614,22687.203936481765
101646,11684.958082617142
87641,15738.127759106945
103855,13290.421463523864
96901,24550.87863039161
101942,20326.027652498866
92415,29449.998536516683
96467,9896.781795367076
104656,31557.165822981282
84104,18437.38174147617
96685,27306.628283655344
93816,24827.806326170903
104925,8396.215322611355
82086,18007.2167792067
93855,21246.7093632523
85411,16262.761219206546
88743,14245.067527886124
107201,8354.721297302702
91771,16434.127449418887
81001,27094.27265801001
90074,8602.21770823967
82791,7239.6530162505505
102636,1263.260473749325
102722,13569.33746139198
94571,30740.509529775994
103852,8736.91254560189
81514,14605.080340548979
99997,7094.592881755832
85808,9763.070483794967
95355,10874.196995145023
101928,7261.999348550503
98862,7218.306336243478
87759,7654.97424569086
101810,7902.254095798919
104902,39133.31412971283
101361,12518.48586628527
81707,18001.972171009438
84482,18451.419905292452
87358,8305.309400057933
103589,10783.519756346423
103675,14892.10447530907
76652,16603.20327591282
104101,13548.212358215826
94807,18207.090646004875
77325,11678.435095346307
79875,21941.62734443434
83034,13520.919432487828
94997,26445.809704068648
85209,9767.03993736315
88344,11703.011575593962
98849,8477.027870657574
80527,33962.12556011797
87245,17389.14853517616
83783,15697.309205377458
96515,10440.45968466443
95110,22650.40222518148
92177,31518.913175739002
94690,24830.925083290553
80340,14473.688578372783
80211,22147.515737763853
87440,11059.495604560454
97742,9233.70573648266
86586,17724.576768794203
98006,8538.302118345222
87613,10291.139907814571
76521,28258.844485050548
105734,15734.152816011827
87925,7176.249831751918
94634,17366.52449734436
102227,6430.887517426345
85292,8731.82813437536
76921,8924.76693139292
95158,21166.132909718057
95582,21993.609935779165
105636,24345.019851783167
92793,18933.060282536913
80981,38843.77208905683
76421,16068.1883913398
87182,9185.167708822533
93677,19641.27787758288
92969,21337.772332491946
95005,15538.856527302201
85337,9259.799072410773
90477,15465.4138970997
83508,6123.063941768488
96886,13658.49258257471
104112,15505.12010895184
93923,28419.228395117345
83338,7201.310415575959
77100,24441.582512991194
103801,10719.488927618791
77772,24941.11229281649
94352,21644.692515060266
78360,23480.54831158982
89986,10747.508100704828
97654,6280.973756527328
90295,17751.28657337569
89180,14732.234069912969
82039,23576.4582492042
79485,15148.307452913881
87606,7143.081437856418
99574,5639.439852717835
92198,40550.86161585593
83529,19605.133213276116
83789,17204.882233722692
106137,21786.618661680586
81731,21107.614394519704
82668,9968.004918937124
95865,35588.57587617264
103389,8650.273486183007
98482,9700.011214489134
83775,12087.430808425093
98846,23538.714055035416
79233,13454.062268150847
93254,32350.520867916275
84246,10562.96889372962
101996,14241.546011212173
96237,13894.81013065311
104216,14615.816941103745
105667,30311.2096254326
78813,13704.211463607673
99270,8787.48890364076
78588,19394.35673676098
105552,12334.875223018767
97164,20649.48716480792
84342,14956.694485736207
103688,19839.464625579454
77484,9249.144166424128
94326,8739.212872001293
81254,30991.682598245992
90674,13028.800854394804
104261,10702.48880773525
106636,16541.556333444638
83188,21776.292408676505
93725,18512.407939394383
91349,27195.65672869823
106973,10420.460782304785
89671,6880.223599403351
92830,23545.380525679248
105964,16769.685587679032
89696,24922.232038431335
99813,9196.8445225761
108159,40511.99636631051
84988,15749.777443591365
84921,11414.393169427309
93609,28829.435680352883
105751,11737.481558935922
92102,30887.80726549985
83130,17963.217993634345
91136,25264.889527270745
78276,7047.8927810527775
108370,25341.696830900997
100384,10703.676153553328
84940,10240.136487886226
91942,45123.29457007524
94454,34631.98985270377
100909,6144.512225118063
87701,18666.01627191972
104798,19659.02045405344
95263,23473.011759439098
87121,10350.842715134764
93095,19389.33367162801
85642,13195.063523534285
92656,14951.928753534214
95617,41479.94912243025
78219,12688.891365405256
104179,18086.23427864385
106438,20165.682257660657
87196,10760.821376789696
90335,15280.778764211416
82059,17601.730698005864
92365,20604.93585806175
98309,8784.32797160088
77684,11969.540204392135
89823,10524.867654476593
76689,20129.833058760756
98279,20776.725406422065
99892,8428.870444566284
77342,33091.8382760714
81074,60858.0979896453
101487,12350.79852797253
79070,12323.866022583237
95231,28718.35523096416
102572,3334.873159456392
99529,11718.029939698565
105996,9939.671840923922
100780,7545.194273277032
106814,10594.144892258348
85545,15799.211267447696
79630,18898.262045516865
91145,36196.569380149056
84823,17334.01248787536
84954,11205.047004533168
96658,12270.409767415093
91360,27107.157009573482
90452,13788.026876389584
101820,5632.230283853139
81605,20638.34978506539
95895,25148.940490973622
99378,6976.4943014527935
89327,15536.848574131083
97326,7859.4877055870575
100777,9078.716841900301
87405,13624.20543637384
97627,20413.268250865865
107458,13669.355887312173
79060,16849.934292078102
96136,12766.574527482097
98257,8583.896828770925
102335,9588.62282640132
77850,10060.497020561459
102160,9574.496773930103
102379,4365.878488616889
104579,9509.136235861639
105614,17598.13594980056
100113,10942.435429534191
91032,21385.49258570559
84428,6124.650778881681
95075,12912.99513432882
103736,8885.36363977173
86290,14420.946291943723
81511,32206.920755359497
90680,16099.491346505685
108256,16053.034023651626
104529,20343.45112791859
105190,8455.580112953468
83963,14175.125252942165
82386,56587.45474224141
96710,6380.921366820067
83474,6082.570334811261
85539,9281.820515476735
106439,18395.532398512674
102158,9589.505435206442
88822,13124.832447630557
100881,8620.707007037938
76677,46153.08651124429
90178,7737.603362035109
93735,12260.299764275644
84662,11230.587319159915
106182,13095.898567953844
83398,12530.984972639728
87992,13884.626233260804
87968,8558.231090724092
103912,16665.961645606047
93375,20963.34156008967
101226,7053.987577505181
77949,30259.639306650675
85607,6988.053683213608
79522,22224.451208036557
77739,9809.09260219949
83123,6376.585913694766
98241,12980.986494044851
85653,14018.742102610593
103346,11049.092614177938
93933,24730.239290013276
103652,9038.367932920575
101032,16332.356811336658
95245,44511.0958129597
87397,10780.314805553431
104051,8682.507006351201
88815,13503.60381089119
78834,43289.2222751511
86348,11307.931290863853
102205,11459.602660044582
85638,7307.206413439452
84036,12575.391444328066
103627,11209.772449607897
86641,10370.40256357389
76954,18434.543623208498
96042,15902.643480892488
79230,20159.67100374573
81240,22469.167433051844
98464,13829.144159368843
93761,18603.713850478623
86239,15989.061216552354
106231,20739.03969637404
94092,31186.506916750866
93651,31784.635565556804
102239,14123.159894290922
108216,19654.093819442187
87035,13330.352829917389
77754,24690.56502901774
102892,9671.417732511121
104205,8669.424272669039
89539,6735.801021256097
94276,18971.67551890136
78405,12794.600662180907
82829,10329.64603690611
96653,12339.633145687596
107768,11934.949741829483
82557,10366.572536484251
79190,14888.999225651578
83639,18993.992831956748
106302,25841.714549163546
83161,8739.956535622046
101839,16328.414218601085
76769,36390.39753376424
92536,30163.343313853253
105981,10542.85956061741
89644,14567.26365224181
95175,24830.925083290553
95837,27419.253170372962
81282,30610.356065302523
92231,41899.58099765139
85287,16142.499275720198
82582,11992.9705950618
82666,15171.937890102701
75999,16595.47365879152
81738,17321.28311599533
87020,11094.534782392864
93066,30556.83702369455
88496,6692.352585355677
93297,46860.887917021515
82044,16230.915775573645
81673,25593.455586806092
102694,7604.233336713842
89509,9773.952146424617
95965,31160.432026949646
106101,20626.586948299402
83569,8579.829954588566
104718,22304.856966768886
99492,20764.550468156343
81091,63212.478892451334
91028,21613.801686906052
87981,10614.714730240215
91801,16672.01503704622
102243,6870.450499584754
82445,11041.839408752992
104094,6267.388515942286
94745,35797.493122365966
90106,14008.73960295245
89015,8587.278684930632
93183,17645.679413414502
84610,4954.673023392557
77055,21125.754558379864
79194,15785.282076719242
91155,27255.39823223519
86569,14664.93638395676
82485,6811.088142435523
88760,9845.14587539753
105923,7530.166976512016
78686,37178.48416924239
88814,7517.024674414455
82320,16278.986557406133
102937,10786.799145986108
87116,9278.513505327955
90494,9140.615397158695
106037,11051.650771626373
81698,37351.127047541486
108120,21283.38595478268
107501,14878.275063708916
76407,22062.907070814927
98601,10660.700161846236
107872,14444.433007831569
78176,18773.164220830837
93534,47083.46266483542
91839,10859.264385114484
106436,18814.48722354379
82935,17283.089058064794
84674,17726.608455900143
83479,14521.406429835642
105047,19834.01627563494
103698,7110.981220651938
99614,12732.506816231986
84726,9329.572699869514
84695,7608.22609565932
91147,24062.467729089953
87076,18076.923252762772
106200,4609.302062746983
94496,21624.565536809292
105826,12482.03562740407
94976,16250.725401176496
86380,11205.986707260885
79211,10304.78988903679
83213,11098.279320122845
84355,10757.094886586918
108034,26624.817533870344
106948,9820.21921163034
94995,31713.82684958305
101963,6835.257311282413
106550,14615.816941103745
85682,11642.665514395543
98174,13499.971002332533
105423,11552.724308936342
77341,14168.358603210943
83563,13346.440234342272
80177,25914.60846977658
88183,12113.511103456542
77520,19447.21980037981
96601,11353.923973482853
91964,26333.389908302695
86685,12586.589866341823
83039,15914.394510081123
97785,8563.68176773286
95814,15254.44801871021
83452,15481.621325754748
84518,15003.564144435628
102194,7326.710176852679
85247,11277.198096993849
85418,6008.322714425294
77908,10319.133376350492
92033,21422.52619617504
80872,12191.182936825817
86635,10580.252384242649
79420,28419.490187407097
98251,16881.2083349286
77158,24692.69041002039
89969,12099.961772965145
85928,9278.562609303239
91375,55535.49778779404
80568,20120.628830919963
91041,19962.808134937404
89322,1810.018660254499
88057,10951.089214350648
89486,6926.6350576816385
105977,15662.036915999292
88167,11834.716846230747
81115,44921.48298531648
91486,11845.39387697797
100782,15996.818873720837
89320,13429.448615188532
79784,16339.881585828221
89096,15816.264696480264
78264,8972.238853795861
97581,21323.30419055028
79576,34030.82008753266
89259,10329.834655442986
106745,8694.474485103949
92013,24999.925046756915
86678,14664.486266684466
102324,14418.621718038441
77632,35023.8544462723
106887,10731.810532374737
78950,21955.90736391321
88191,10032.806302611129
88247,9798.6163513541
94345,12761.441215076913
95349,18540.550778724584
93901,41736.5789008773
100074,9651.509572671233
85164,8888.927367417342
106172,21815.34344006362
108479,15579.56994618117
101908,13542.138467460407
87385,21432.878376395664
81494,10536.768845972763
81977,6475.852410233866
108330,12334.432190211077
80073,14380.329883496104
98716,10830.505762684114
104170,9245.049511007861
103992,13045.681844160892
105540,18434.28676078561
75987,14332.153523514042
99496,9856.703033335725
78765,32993.73234782603
98564,7451.406076371324
81895,18797.556008498334
100955,12170.456143692867
77153,49332.43286902091
103888,7902.959536895537
105921,15656.955042343532
99660,12512.504307327674
78579,32713.397287500233
87023,15584.163877910414
95879,15770.62428695315
100433,10574.123664408118
83011,13764.097843130714
103255,9738.825554730905
75978,23494.29496277921
102295,9450.388030320271
92099,12955.205221370778
80985,26933.38450801036
99556,8551.134943963
97124,8840.055675808298
81386,25006.50705044444
92818,26726.03965062981
76413,7844.469987156645
99585,17260.476971697473
98093,13383.007635745356
87527,7959.017091250227
77911,29613.180967606335
85090,16496.276545460743
80843,15341.372169701446
107096,8547.690972810795
88042,15251.874489678312
83948,32152.90231593526
93242,27969.76223652075
83677,10009.876220635882
92864,12084.55293685542
100323,10719.488927618791
81042,17729.944099492775
89663,10786.461215725967
85381,10768.997901470182
96699,13261.921607896302
92422,31121.086469274043
96880,13862.391045611943
88530,10062.29381882294
81438,28827.282624832438
83484,5823.255316622453
83637,17360.065998368194
89092,13311.928345134016
93732,22683.380851272035
92925,19839.87302158987
105183,12538.69222708634
98369,8727.247981784265
100868,7823.558410686419
82430,12191.016511422611
97604,9896.760685155547
85474,18294.95753380415
90978,12595.341615939207
97258,18116.37114859144
106720,9059.18269200037
89418,10700.706169075298
83154,8880.17817927071
98671,16865.130175409224
105356,19263.056909143015
88880,16072.126739081083
84275,11774.779619615816
93184,10041.990341860514
99811,18721.310472974637
96995,12714.150242472208
89700,7026.243512080593
99390,29801.06477069508
100504,10247.054353188765
80427,8324.329635906872
105125,22844.336526965497
105652,14312.92408951122
82706,7160.273516099115
97831,14274.293266146473
79865,39689.878075988476
78586,13721.750750860601
85926,8305.981484943104
83961,17214.559680260285
96313,16224.25132195073
77556,30324.22238350293
108155,21312.891125199432
77590,28327.96314995805
90192,15147.698153661448
88094,10635.39516568494
86737,19178.740237705548
107509,19760.237197406474
96960,24971.765702483684
85495,31689.248498838446
80902,21955.27949797701
87998,9302.241143430658
93672,19352.069365999443
101245,17611.3626026594
85802,20938.798510816836
76378,22551.19211736007
92576,26122.246851762535
80096,16320.66226847688
103064,4880.64354291572
101782,13466.871097378675
84729,14777.117512586101
78010,18829.585738914313
76995,13105.513380182758
83407,11978.426093412314
86858,8995.184708848894
92623,22012.45599546608
107680,22492.001261411027
77324,14424.848275627848
92312,16570.76538193268
95266,17065.355135058864
86907,13111.041056910239
98403,8886.990065532034
77236,24155.93797525642
98098,11851.476639905444
100392,7662.111384990413
80696,11201.57364031474
100083,12939.059411018472
107500,33186.61471864207
98415,12597.52738415799
89111,20853.75693776923
97813,13057.557432737654
86818,10664.186594743538
76368,18147.54520761786
92461,19217.846238171922
79280,22297.523095344997
94481,15002.36585091224
85233,11189.078207664303
87051,10003.475204944612
97596,22675.042201025844
84911,1476.1788088051508
84923,16451.12023571565
100105,10761.236015361637
100360,9353.978103288064
87548,18353.444247095416
106839,12690.82371768942
97625,11360.110442929836
87757,13309.163382587752
91686,19562.720995938562
98789,13625.87494673742
101190,6993.61580847037
88070,7097.957923541179
93252,18467.7824084331
99741,17135.97419455156
104820,7570.40253745993
88169,12575.224388279097
77198,10145.22133129369
93558,32245.115615737228
82381,17511.71429628772
99874,11576.251300854596
80727,21085.847280904418
93762,26965.29642559403
82928,7824.866271442246
82083,28601.955843168445
102681,8899.551551585055
84592,6988.470805590113
90373,34345.63609370203
100741,12312.845919621406
80833,11241.122290130073
91415,23515.455937671046
98086,11718.029939698565
88138,12865.632123229436
86387,15415.12279215992
95134,60551.25424771321
86392,18078.954281124683
91440,23114.57042213809
79877,13839.989429622827
85439,12429.629100624818
88629,11820.441691829146
90541,16320.874883553484
94365,18910.991388644004
105625,40932.14388716908
100340,14780.20748288921
78761,19502.267300343305
89066,10370.40256357389
92418,26811.057882481906
90530,10846.637032487643
91595,29100.811098829854
101516,6962.119264006902
93518,14195.326381485027
93676,13719.27637859022
77432,26429.122928907804
94585,15385.151996596192
96358,6808.357908987136
78159,28377.884658925734
93872,12012.585856689288
86968,10781.912610571486
76425,21439.822107749696
91431,24038.625693073645
79862,21165.964804633782
86839,13478.448370618644
100378,12179.287623089085
87028,8596.940857984944
81612,20137.127546546006
80822,21356.57397254937
79272,66283.7399407009
76037,33710.19832619107
94336,12327.377718439062
95900,21782.195768067504
89645,7656.4434095767665
88068,1720.2098558297514
78067,28053.186944421683
107703,14294.297151512998
106822,13657.870338626226
82155,2680.258098879983
91564,37539.631540057875
107241,13326.141573545063
79829,28120.758516744645
82574,6056.473727519238
93529,31336.43813937547
86196,11783.284502301638
88887,17084.393004944995
103822,11676.70567860397
97431,22187.497435734564
80655,20455.39701764537
104352,7939.859160600146
95983,42362.84340835332
90231,8065.4035888394765
91426,28068.942167559282
96804,13457.677484582968
91789,20892.589417479772
91063,28066.7110160311
95672,28919.922719743125
89669,7906.309783368286
105177,27756.447925420867
83317,5366.545294350434
86083,14184.341692869835
98558,9892.607702828846
98497,15758.685777040077
107910,10309.956130622928
101650,12730.432850968287
98157,13551.002412446098
99234,20541.091092301693
91943,27551.658057109482
99237,6810.052427283186
86413,17039.549368436943
85589,6973.453584531902
83028,11244.700903616354
84633,17118.230604434684
76000,14141.87495280184
100519,8337.11127184257
86940,25479.217603484576
93162,24972.16376929981
98061,8588.245253369374
99205,19372.120439522805
86507,7156.1570472506655
91613,26934.509809193754
85308,9960.762674868596
105270,21613.599341159566
90212,5513.637021250462
94127,6031.264928731744
99422,19632.44582970192
105583,10408.390466235742
81264,29146.759775320315
96205,7161.0540444166245
105242,27470.6053463385
91770,20164.73526930153
101725,13652.138495903555
108296,24008.24181258373
82556,11599.071645038224
93282,12446.619260734498
90749,23951.189497125244
101708,10809.208075965007
98952,10561.641025206893
84008,7185.475436588862
104420,29271.60047736972
96406,8423.565191511814
83723,23672.828885286926
97143,25619.320962584818
97025,13599.038180308235
81322,68180.75601927267
102314,8700.407909291682
79427,8120.9160175804145
107605,27166.66297424412
87036,6988.253043699709
91115,49988.88782650363
107095,22166.33513787613
86726,6918.236797085773
89311,14682.522463037081
85612,6969.461140527379
78297,12842.934171383778
87140,16812.15532278913
99815,11784.283208132729
99814,12343.003860880597
79285,27816.664420305027
100846,13322.054112070462
83155,14783.676725570902
94858,26344.682978361332
85781,15365.87010922893
92914,22180.595646205013
98443,20389.573657220393
92134,13373.28539895388
102425,11026.410225002217
100338,7261.999348550503
75995,12693.912473411081
96586,6647.061697514379
76467,12323.860177371505
79386,24566.70253112844
87549,9849.581995180908
79953,14245.000529637811
85516,6032.145079085043
102251,15388.32995735501
86747,14521.04584284635
96255,9072.991634057511
102580,4132.398168868065
97573,12666.34609519039
92803,15911.762701530257
103185,9982.682295664375
93477,19698.122710208347
90488,15932.369847746111
103256,12771.389925966343
98259,9154.027518573583
79168,27714.138343780854
101416,11865.81668421048
84088,10129.995507416324
105807,23942.453744824306
107132,11399.160359178595
101505,13506.96416608892
96102,17219.042642784378
80342,21725.110691987986
83221,7483.6014544480195
87186,16520.280034679636
89162,16933.030044712832
100282,8818.882517282444
95292,27069.71587867283
95878,41496.29224113723
81326,13378.46777319295
88518,7631.765627991969
108243,30413.481178676477
108026,6962.165820930388
96751,10624.835820373077
90571,12392.448150625716
76767,20875.810888823067
87910,10527.270257699136
108470,12189.293152575476
82634,6226.582347326295
92666,28385.5465359906
96690,17287.05244793933
102493,6541.309697456801
99491,20503.274315373583
94959,17011.24275821146
79015,34993.60823027255
93400,16126.281210826532
90577,19716.635528815954
83608,5942.7233135427105
101527,8773.774240853487
99227,8758.127968629004
105333,13803.590846070161
98720,8812.418966153207
83359,3889.937934602054
95498,16747.1424110823
101019,13328.19715730289
86045,10648.722388739317
87546,10853.270456159991
87526,4927.19404798042
83304,14434.706599963403
81244,20152.034585442365
76248,23581.71948795679
90107,10105.66665446435
82584,8032.614796721571
97783,8012.634398795674
79048,12487.575286719173
94531,19556.03498576831
83872,7220.590761465554
95726,25167.753274708764
107362,8618.939968284923
88562,6280.338291636207
105680,8133.5631194399675
77859,10685.847722012719
82802,11177.48420063012
100220,5936.535842672637
80149,23241.98087848912
78826,7358.210468229283
92081,20533.102322099607
90008,22755.704825179353
86319,12749.634765566703
93624,27385.374805323714
92325,24706.076818946753
87857,18223.911038579365
84996,8219.952356271137
105536,7833.788451292068
86209,11818.38387222761
96095,20222.477129745406
78426,22704.375984447808
80287,17453.562660220352
98154,7291.308351703366
84049,16929.18432756257
99005,13642.884812018701
101228,8969.058250449933
79488,38758.88996985325
95378,30591.002980149704
81740,18242.850987173817
101394,12916.51930835346
102736,8767.865919370894
75993,58068.83239551461
102322,7648.6775633735315
106248,9564.263163675481
94377,26309.096140385143
102281,7218.6280776034655
99028,10067.238182180541
88725,10625.700538881447
101290,8223.914294179354
101436,16741.439440535545
107395,12597.88669669837
83696,11910.179940201697
87319,11814.349402434935
77845,8897.123221179663
94163,10976.72289630551
89778,15442.551122311961
81251,10874.90211657544
88855,7124.88523658236
99680,8404.660117872538
94593,18700.94369158603
79028,41890.04148151916
100784,8381.555585483702
90856,16336.782649669498
76836,23494.29496277921
105944,13595.220912298548
76844,14299.95502028771
85377,9751.984390262909
102613,10603.612618478433
105832,19595.44917622451
105173,13785.082442319834
107270,7545.166299896886
104605,19008.501190207397
93776,27072.288443707806
98145,15078.657174364831
105384,6047.146312410618
83797,12779.817082907442
78439,10745.45479956087
84850,17760.159134937287
81348,16219.597226147114
81586,53321.2186961624
97554,4718.265976685598
96691,6457.737347447574
100073,13404.56258760863
89195,11369.032114919743
95919,17345.567288506834
78872,8396.20400453441
91100,27710.832841013125
80008,15174.458999231534
89155,8836.874634175361
79002,4708.938130574739
80103,20368.14046253742
95722,27012.04349273408
92248,31747.609170292602
104759,12147.178862476014
101435,13937.994724121942
95367,28015.54438153209
93611,32046.101955275517
95610,28380.51954654973
87950,12837.576031609475
78095,22836.812750687728
78646,17622.547384222795
82091,22456.652297059038
103774,16008.815201359681
102660,7230.040221026871
92256,25719.16862055767
102733,13952.992203113477
95698,17071.05651487808
103008,11423.727366525714
76310,35632.73541426273
102230,12580.123433023213
108434,5183.255945983044
103325,6608.843121338225
89871,10279.903596945616
84888,11790.373917205095
94838,14683.261725308155
83744,5827.7304961974905
89112,14641.79401569743
102043,9661.405664309817
105254,11950.019480090086
77814,22846.57547348498
92390,10008.65093867396
106879,16841.455418457837
77049,12231.166715703906
84476,12328.237548231838
81372,26826.686326379076
90236,6896.866610092896
92132,18412.803445442118
92240,19307.76632263765
95286,24439.334727649984
101750,10741.912454777143
88817,16798.834918542037
81131,22074.38305415353
84244,11572.69473708602
100801,11066.171418813165
95844,19786.47421952718
83870,10355.812622529978
88723,11275.237219707098
81243,24280.134430006518
100385,11390.235773589913
104717,16563.20177814536
91235,12823.184707788569
96520,8756.323060340264
93381,34608.970891468365
80691,32902.824642406806
92000,29564.536003298534
107035,27370.553731277992
102138,11878.692910983638
84605,7801.123840526327
79297,41519.76712469925
106336,24740.19559612171
94253,25012.045689899125
79716,20745.232178276336
83444,7780.798048953998
106618,10945.267387184227
96175,17895.091966619082
103007,10374.669998121526
83413,10428.249636261953
87204,14575.805072321175
102288,7802.945168452521
80637,22658.30725340459
102156,8066.576687982183
99444,5745.5279517783665
88292,14511.865014916164
88382,24832.212092437207
83149,15430.118264383464
96173,14874.388660731809
104005,19202.129884339163
78097,17208.382325492494
79949,22358.067338246296
93089,34859.67449598134
86142,10915.11378139258
79736,12333.757472504869
76052,22934.18854998583
80534,12991.589570989958
86998,11653.341328790128
92690,27388.309474207737
88656,8918.042627863113
94395,21644.699749034207
98447,6943.703172633089
97701,16917.329065763493
92140,17216.479006760717
100562,7261.572133662336
90947,13976.12773335712
101174,8709.462356662289
82150,39647.80804929557
82220,13056.33852926003
99327,3729.4542811407314
98695,17115.165668459154
81373,16704.83228431536
92571,12345.543969842509
99568,7413.585209827301
80774,29287.084475685035
88548,15748.315812200344
89214,15651.152385088308
104968,17633.40359223615
76079,18095.72872770723
106643,19025.158101663907
98760,12685.597160115223
79377,20760.65407402134
92075,33706.06713274997
83689,15958.763783281676
89321,9041.999181373994
101772,7578.391215279444
82498,13825.489713214269
100293,9655.61129610059
82360,23360.0690444766
98921,15175.705235835494
78949,32599.947649552272
77501,17069.53110831201
93322,25632.97877525848
85827,7554.0621721810785
76428,18698.879044731744
105249,19173.712786830092
93940,30803.538631444488
85259,14757.302887951513
95570,30742.724232226443
87993,7780.890295691589
99558,7105.202459356036
91277,20141.273200041756
93825,20187.89192372164
107121,29973.53747415516
104959,15691.626804020965
96364,12834.928027766111
106601,18595.92526024443
106375,20632.16753073192
79619,11198.703451403399
76473,16491.64685464369
88184,11477.678567289702
92530,23134.287079170652
100669,9449.7439230566
97656,15794.039644140998
78071,28715.263647919463
89316,8547.686066938768
95061,22231.269278707365
86189,10304.779772322412
89553,17603.380632161396
93106,23300.64078427705
92968,15339.142699227974
84025,27982.84972350254
107972,10122.268642365856
100646,7127.378571904142
94107,49933.27935997121
93865,15396.349346243871
96199,17298.04449803389
107397,24152.21824776227
100882,12199.061814205284
104739,14463.7935357315
85360,18120.46922288525
85630,17454.260289534177
91862,25207.651745994794
107207,22022.05862403756
97162,7309.185900743975
80025,35033.32075236262
102082,10793.261496930378
85267,7979.049261973413
101929,12763.086225483403
101500,9711.871466839406
79709,16800.43683994118
93972,12961.399524892138
103035,10986.762314655394
99214,11574.600297206036
90020,15631.079529728713
93078,19601.486351172585
91474,26244.771992487702
104931,17961.030486508935
78728,25938.551683759168
79185,13298.49611490732
103871,7053.478762295977
91303,35333.648318845975
103205,16737.190453121955
102796,10908.089406405894
84381,5879.7806538039495
80694,2464.2241615835565
88412,19666.922476724532
87437,9026.763483189317
81938,23182.185203237394
87557,8081.551902715448
84227,16775.152527727823
94972,35875.29315045852
101329,13775.861249190351
80069,35361.490260626015
82432,5719.900325233159
103399,9272.170019978279
77538,23851.844526318884
83684,10835.979889584922
101430,7403.75326568203
104322,16672.74212239348
106856,13288.441226745514
83084,8939.035586619477
102179,9331.622094462567
91752,22708.411964676077
102244,9869.646934309683
100903,7754.798747317966
87128,13356.552571010503
104654,25264.426516695035
98265,5880.662631623854
101764,8567.421834080344
77753,12565.342317277285
93483,33592.519840096065
85586,6863.315761306638
83436,37877.55312314776
80395,15736.309783815448
78652,18180.195073506555
92985,11265.993954003374
87343,11143.773026874745
94390,31057.121422359553
94485,38648.98235847703
79564,21018.824731733068
106104,31230.205807992133
84557,11738.792047917248
105524,28950.23280993168
96622,24161.502906514004
85389,12943.986530876493
78029,51050.93885097335
107904,16159.648109955875
80526,42389.82550892768
102233,5937.968613672044
86058,11830.793930897014
76614,29457.014437342375
81334,71462.11181998112
95043,23155.85557299351
80400,14318.61488558788
100114,14399.885891986634
92049,25180.809771433116
104070,8636.044416993524
95487,10069.440092270534
80402,25281.341454297097
102682,12237.869619016343
79747,13655.100686332002
97331,16022.325268241688
92573,27806.562714621865
81827,17264.424808827363
99721,6031.235372941454
87560,20488.568403421214
101447,11503.456172271286
89027,9866.346126541375
100905,9083.49531523657
86467,12256.348872658691
90523,8005.090499501557
77588,23186.266713897505
79946,24566.70253112844
94096,21975.900047645147
106481,9332.11928524382
100694,13468.049601062168
91176,59481.79716157431
106878,7174.210880699528
99871,15531.649366048458
77534,10866.501687226191
102006,12785.398539755626
93356,23233.26320377501
85788,10295.090486037527
97108,17356.274056568913
93129,17627.924144621917
95168,42424.63762421394
96578,10298.798221909612
79570,12733.24155687382
96604,15947.738889072052
76367,8008.7501654242515
105065,12929.964011364471
90635,18354.45148022847
107221,11556.030908932958
80375,10271.438204631295
94421,21809.89269019336
104009,9758.426028678845
84804,14143.484333476066
92074,27559.900826768226
103678,5216.444112706873
102350,19322.024480501368
81690,15514.951312629337
101817,9917.471157748245
108275,23469.97761797825
78030,16716.21463941413
91570,22903.609121934558
96746,8053.113464194953
89748,22650.036745714344
107889,19505.740382897464
88402,17816.545600500398
107789,16805.773723015296
108061,25396.392342432406
105143,14236.691082529038
107488,25329.610255636446
100812,12386.835121639204
97830,11095.552799541221
100664,13139.938842763095
80071,26667.057476920527
104550,14049.184221781568
99466,9652.630198361709
93777,16247.666118471036
108105,10504.878782720461
90322,8399.206173990107
101860,14307.718527919926
104129,9261.72182125803
77381,15209.486380514429
76946,36126.39867916821
91556,15345.42793773772
87190,9394.304427766348
107647,21889.62507587811
84177,12030.17833798401
93266,28527.90200346187
107341,12830.108763506603
92693,26877.284688753494
101292,8975.324806989112
79651,17947.011554924895
81654,12978.591291427521
89688,5575.747793452039
107423,14231.363979154597
86626,13388.005219607534
101633,17068.351612764283
83827,11005.936412261473
106678,16215.931921268893
93756,28008.87124258315
84185,28588.99365900768
94867,19317.914132678314
101062,10310.98335805108
76567,32397.181459775333
80522,18840.34593595866
101932,9465.787832263868
86016,13712.151250418065
98609,15605.424525504815
84081,10640.61357152032
78446,11412.883358221128
82074,21724.09083047931
108374,29713.169970922838
77895,23919.075620309788
93416,18094.868625879688
89357,10473.51583394195
106786,10074.471248142008
102766,13339.003369195534
82233,12364.312016194704
84115,9881.472901976942
98073,11385.425119245616
106198,6990.717019677331
100335,15244.589394917322
82169,17212.206702096544
101191,9416.607400367844
94584,14300.722443515782
81980,16531.282990729167
93574,34775.37447825281
76934,33542.24172755674
104181,21419.547238668292
85205,13210.683945321189
101304,11544.882482315681
77927,47644.28367788565
82028,27645.74923006252
87191,26459.895211778403
77713,12726.808032285835
100414,5039.935055111183
94287,21598.63037247799
97941,9532.945041342478
93702,27491.864700422186
91433,26188.200496313813
92420,19599.40956179634
88433,17134.711391450182
91656,34977.78569654747
94313,29120.023939819428
91218,13760.707677060895
104418,17542.460945016282
86375,10417.99917848137
97556,13941.028425766057
94514,45671.52257085177
79165,38416.94510278754
81780,16399.36472040304
105424,17560.071627540798
77427,14897.390078140248
78626,21852.75576010128
85465,11568.674001178804
87616,10361.672550219711
101667,12150.895519897213
84226,13822.889936331165
104737,18404.808924427245
95041,33437.68028025841
84070,12189.733727761533
79071,15464.76011776386
98688,8787.48890364076
91104,34454.908202534156
95301,17648.409442053086
82795,6103.1127459529125
76606,20130.73886991475
94708,22891.9605672032
82934,7140.087116376507
101243,4472.086394815469
94629,26762.928875880945
88235,13592.130615238897
78913,50984.53143530989
94480,26236.092058000908
77005,15108.406372803573
95511,22418.593186650123
88879,13102.090345779101
78396,11514.61407255009
99977,12875.049222790594
87602,15221.008343004367
105439,17620.88572990814
91094,19993.136288985806
103575,5116.356002581132
102840,5779.694011954759
105367,10504.878782720461
91884,21374.175671915196
84572,10508.194612372803
96544,7718.081214534049
94082,27735.18933862664
95510,13281.500103633316
85718,7812.291129065683
92527,19162.74206193703
78855,14333.63311142023
107521,16667.139497934433
98876,5143.431507372793
98440,15536.975302132083
98714,10448.47981409899
100643,12913.492033517912
89570,6770.380890866045
94168,41845.08746102056
93299,20892.231480681858
96033,19460.24708389249
93742,18522.16467622197
89946,14039.237799652416
107741,3461.4421711543587
77268,19010.330135213004
84848,11077.827392363533
92323,33768.311376293204
82181,30384.886657023482
102252,7227.682277244231
100240,10402.967381319548
90422,14198.839588165984
103145,11026.831863440226
83333,10222.238063694767
97103,33406.34100089153
107379,31739.09618203335
94694,23355.87876015128
97339,32631.221895042276
93104,27530.66980530416
88194,10068.84802768322
81954,21434.033785875956
96391,17427.314972224256
76563,11886.6934811671
97630,17860.119769177116
80201,28903.031202236398
87854,1951.425566798677
102312,10152.229091580755
93848,21850.752793033866
82542,6140.299694324983
102300,17369.48538929926
97229,11914.771906495265
98907,26085.215343434676
81238,12618.057703963335
101377,10857.321855845832
79109,13679.259223442441
88044,5240.888878857781
91950,31739.920384639398
103403,7657.162432330408
87611,10116.414847014792
98169,16168.350169786076
84352,13865.1718245435
91787,19044.731446949434
85668,8225.921370656557
91287,17245.31133135602
80289,16854.456914818467
80647,23620.92278580599
90612,22594.01773612436
84941,14082.792918985078
85955,10115.604817985643
95019,12224.467055904584
92685,18544.420291135215
87156,7891.439236993966
98300,18182.875825479492
80737,19935.214677311007
92849,26015.10023473154
87490,5440.156990805108
106168,18305.199930401788
87014,17402.856610846004
95822,17734.691238878742
76797,13846.642333396296
88416,18485.358031418968
99974,9663.249697661167
79248,8983.980962539315
93969,42668.514138320956
104746,23848.510332095688
101092,18733.36458921152
104076,18382.580088291106
99087,7697.784289547201
93808,29988.593110847956
80849,29921.40218883648
93870,40726.51250360755
97218,8914.1258056372
85690,13867.155463549301
82581,14528.87228621294
81062,13312.068766568083
98925,14780.063367122286
98116,8089.439802506363
78229,14301.870023883035
77717,3550.671983100358
92227,25151.26493045857
97525,8995.966892524624
92015,14291.117333109582
93168,18709.598473704627
76841,21013.78954009631
94920,12737.824557229686
95188,13602.682729774584
91909,51792.14238160677
104631,12685.406174585778
91186,19882.516513820898
100465,11955.89914272671
79253,17992.262573228185
97133,9513.158909592414
84758,8312.195081730997
83113,8845.332958734256
92012,28086.659580864187
97730,10439.712387106403
89579,15887.332092422908
89670,9429.613941102943
98105,12710.64071690199
79497,21381.321423942463
85954,13503.60381089119
90314,5491.145884252828
81052,7432.034885314653
78531,14668.546293502015
97791,13010.86269363106
77746,23339.29963302119
105318,19833.696928798352
96956,9564.914376219267
84493,10659.89732882174
102164,7750.731780459926
84640,15613.160079955316
83292,14948.080839440821
80446,32060.391789022724
106883,20176.099259784063
96822,12291.551650597261
99282,10159.966141327162
94359,12170.861489726969
105084,23516.235015463542
85908,13599.438671751745
106431,14674.387457259594
97313,17412.32411010849
101268,6292.807465603497
77989,18132.111044206977
87682,19987.19060007085
106611,34897.94028097846
107890,10707.854585245355
79578,20718.93057405868
92372,31325.315805618346
93915,21764.153892037535
85425,8938.729367291364
80577,8906.740019881483
87561,15154.13061187989
82120,16171.154408857667
91633,19067.176864952562
96970,8771.02555134768
103356,9418.504563885419
89416,15257.615012458466
101155,9022.608709109027
104222,20473.510343232418
76104,17603.808993078786
108362,12030.116655121386
80616,43183.23075385152
98659,7529.935849106211
76470,28508.543151481943
86501,3558.9370276446084
103166,6486.39566953549
80799,9956.764227038615
103699,12140.707064788929
97005,20619.978313710108
89375,9031.954605476602
89434,9625.737157036621
103114,7781.74503507833
99021,25759.374255875668
85368,6378.694084727607
98207,8945.502050239971
88420,11570.756764122794
86225,11547.437704047958
107761,43488.739158187986
83146,18589.08518867201
97834,9649.393198604916
95729,28512.217112966446
95480,42549.657400031014
76736,26282.301660720794
103683,12184.96989921936
96410,27028.899781903092
101570,8484.769122362526
81039,12116.688941603035
82813,16813.116960179173
88704,16481.45604162863
77926,15980.917328964188
89560,14691.00952729973
98902,11739.209074034039
105164,28809.252234689287
108109,12134.612955800612
84480,12392.702179515187
98239,8974.312975588657
82385,33282.29430889551
91637,34536.8892143088
85732,8343.982177844468
90790,6442.6441154761405
90251,7753.610856414265
101246,8231.593427502317
92962,22144.823789139788
75988,22211.014221963647
106880,18611.684100682392
89844,14104.400438638879
79925,15674.86458239881
76282,18734.9341333878
85648,6264.942067005409
95507,16133.840329673047
96605,23551.674436313046
90201,8955.525909793461
93506,25357.43261886161
78490,12525.960696258982
106831,16181.753901017606
78101,14491.12838056338
93059,41393.07537387827
106820,9756.888945703724
80839,26030.49246437077
76695,15671.21799589939
107678,10796.738243810816
77084,10766.83655671346
107856,14886.711521960082
104446,31601.80363790512
93306,16726.213656325293
76610,32247.36068476755
94451,19515.22953766177
96510,14144.322219760528
84861,18454.401343041096
85787,24235.18445918973
78201,14151.781670827151
83353,13491.953341925111
106485,13115.669717347839
98115,10358.010936985385
83852,13498.793954154911
91320,19753.691080614906
92427,4421.266078412928
83851,18654.496041893504
92011,16010.890654000654
96043,7167.295093288886
93535,23741.745603380263
80183,29526.6246376001
99075,15396.6599152819
107932,14007.065000919358
98968,17735.574233922594
83350,11115.738879706692
77983,18426.339701743054
104722,17887.128582849888
101213,7119.412334587809
99670,7442.416295187261
86163,15480.410131302002
107969,11065.90949941234
77875,17377.06864559529
86254,9777.719595976861
106709,13254.384279270187
79732,24355.895975504114
107841,8728.103944303677
82222,18407.261264417542
82020,16806.36771274432
78930,25982.648203146084
93446,13528.967075054547
82880,11519.937554967853
85724,8452.276127738778
97629,26436.489234772296
106635,21430.17096398407
94103,19208.856508811925
83051,12366.351481564263
85087,10915.11378139258
76917,15588.407102022911
95037,33692.3792484995
99867,13827.080830517012
107425,27300.38267061069
85753,19555.861481366035
95099,27531.473050920013
81950,17060.926811866095
87493,12578.429862222734
84035,11249.871813156538
98743,10783.718854545505
84532,9394.620620504973
106827,14158.310938969586
100006,10941.056656307055
108013,27040.66784902836
102898,11855.450355732366
93509,19281.802238313892
89759,8645.989391121937
78191,26911.14808821069
80286,7093.695186047473
105908,22000.264869955892
85325,10923.853146825195
86177,2198.585856714732
86780,16194.400080215099
82738,10107.748606778563
78918,23105.672674045
79161,32264.972434453844
84004,8195.75990946817
92541,32824.959758367106
86047,13431.464047196163
106538,15111.550866097663
96648,6537.463669573561
101018,8346.159197867953
97019,22279.90946721737
105288,10387.465154710473
103441,11697.957285144204
84757,17703.254668461894
107069,9848.47243542287
108356,26586.191954828388
84436,10040.477867465246
79898,20765.54483755803
84703,18397.121424097793
101219,16955.061339325704
99858,11714.94581378509
77333,9090.413441556364
81923,12836.104294631
85116,15077.724086808797
106149,13186.294041578996
91228,21087.725100219955
91512,19655.13908632255
80878,21443.505950765626
91229,28339.291865156887
99181,7111.978464657319
97944,17005.617828012055
78314,16292.905527850731
103087,5167.130183908512
98170,7570.237844178781
86475,8264.849385806678
76501,21438.05982736142
87632,16111.254641602109
78342,21282.355773725303
99723,12782.98973108915
87620,16482.88744099699
108111,35856.34141672364
89385,9940.005073900798
78604,12139.48488524879
87199,15772.788576868697
106661,12724.681364149586
98162,8218.985024852802
95522,15141.5775691022
76276,9480.437865732552
80135,26103.209036680368
98199,7430.421412251826
97771,8784.294794882719
80509,47757.62368771289
80570,32840.94051917589
102070,13868.405988939634
87513,12380.395683338156
92822,15274.232809964496
85443,10252.184580132121
107258,16488.629781917993
90876,22070.051891767347
105021,21433.51487407428
106246,5881.248926337228
102213,13868.136913173594
102502,7276.040944794549
97859,13245.127601843697
90858,16053.755952046033
103900,7582.913460470814
101159,5572.285449849361
79882,11430.826720869023
107307,16327.974942664609
91892,13612.551790022824
77992,15966.114330768896
103300,7326.29392128323
76540,40490.79882759127
103225,7036.588063479049
93202,26108.61530389996
106035,10524.528786136132
80459,22733.754455766913
90377,8023.332440462083
94302,23086.47150597706
107598,14815.303111775358
97476,21791.21473853159
96871,16547.2291935072
78543,15202.827196764925
89215,10582.19779325025
87251,15930.16723453946
94113,17782.084331071594
89499,8368.452096673089
104785,12576.252254885134
87775,19351.6303725128
91882,23355.87876015128
79256,33180.13369106868
100717,10655.099073443875
104470,10547.976546485383
98732,14593.598527984597
82547,5828.176184056015
83776,8883.802866282453
106546,19886.978322649316
88539,9469.185225095145
83929,16550.87327497937
96026,6725.349610496365
104011,14695.697069062917
76131,16763.509960299078
91826,34433.69094816772
103999,22991.4061148341
82675,17259.11734310706
94439,27418.00168533079
96307,10802.877949753885
78033,14897.273170802644
76854,14873.150084016754
90036,6754.690221508033
103891,11807.430708332211
101263,12386.55993825178
91712,20458.157212722483
80856,17755.12280292469
95058,19444.069829563232
82735,7835.187466644492
82588,22889.665191213535
80775,50802.44889263284
104524,12263.893771912146
98431,9426.821826742162
82272,25267.482014979603
80152,16053.887722587442
99115,10949.92458649097
91591,23514.741220126056
84573,16650.92866244418
96777,9622.316045434089
95331,17690.069202020382
87492,16621.52223714252
78031,19401.114191123903
102367,10714.587903170073
105139,25059.57857173196
101793,10297.182097627709
82312,30798.440269714363
90663,8070.226677512901
97827,16329.268568792806
85812,11616.09764404589
93839,23155.10345603526
92711,19252.788226037774
90705,12604.370039214524
105089,16185.786977531696
97946,19617.952859684327
89744,18550.063056706644
91047,22500.679256021653
101166,6707.745868852075
101641,12051.533551733017
96865,12252.219134103183
76615,13107.894333471633
107736,14486.491173407401
101285,13558.17398507197
87016,13419.517338890546
99919,7778.8766208537445
99314,20473.43145979349
80754,28133.376649367616
94215,36532.215764079876
82552,14120.308085404617
79696,38681.378724481234
87903,11852.213110582783
77373,18643.32779809553
76494,19556.87559271331
80003,22402.640523006434
89000,11946.681882226805
93128,26327.454470637997
107992,10958.349286598532
89029,14837.127941950459
105461,19736.64344258523
95945,15411.646241975775
103106,14792.931884215954
96246,23832.156872067546
90428,7024.0734759117695
88909,7235.89443504646
85222,11810.219377090649
106888,9490.00983731303
103117,8775.920466665968
93022,22273.851654243732
103375,7481.076009430218
93229,22323.01821643175
85603,8469.59079781284
89869,9842.817146118605
102338,6934.0968558372415
82631,13331.283523752416
102687,12626.158448247892
82001,23406.570583074033
80204,25879.062809667215
76279,27713.101979837098
104066,20422.6878754046
85918,5365.760614057265
101590,8897.264002505439
95375,20867.06429672277
77897,12270.919778493348
95209,19881.815819147418
95921,20471.69542787346
105769,7597.362672555799
97833,21026.790397938825
106557,19304.264262275297
80274,15016.084728989583
91786,25537.36012538433
85350,16318.119135780353
96217,15833.004092121035
86429,5458.042099572011
76233,21160.09948771238
98782,9141.691968525753
77064,11237.601276355195
82904,18271.506348444796
101384,10653.851036490954
103541,7533.030871996453
99625,10905.37271614995
89436,18501.13248528716
92889,17058.84830590769
78390,43097.9307079309
80649,18615.823697262036
78894,16352.303942866816
100312,17108.54382269233
78222,21348.73953688697
91392,28332.30447357064
81452,9553.585317881096
97819,3581.092767410217
105008,10796.738243810816
94993,25184.10598398647
85430,10107.748606778563
94075,44454.00145955874
81246,23789.106367597797
78432,26597.606814216408
89458,12217.777711456156
86520,18370.272706434393
84594,6927.101153744283
87131,8434.86766218345
103493,13423.731541346166
95302,15515.538921049869
105156,20146.26836299255
101489,6827.92241158677
105619,8792.585950906829
81460,28044.442009688843
79311,13638.915859628254
107401,26445.152110540195
106068,16514.413990865007
82033,25858.138970726046
93749,14355.857611002113
80321,24435.066983844652
103609,12318.435647116594
83443,9253.758016910737
79664,22141.83054366176
91263,23277.711562501594
80368,33786.997754223485
82178,17299.06092064714
77812,28284.588092308462
88159,10874.543633757876
107356,10210.891273373258
79312,24905.790575005718
81185,27390.31663547941
103927,11066.171418813165
92977,24431.672735546068
94013,20342.841729571795
78601,19254.008873367522
103250,8559.505771311364
90673,7317.184214277513
92757,28695.097148545257
86876,12607.541664640823
99148,10553.054574381811
77972,11459.390586625344
79854,6301.471049733498
97128,7276.326229103883
108059,13956.17134909193
105613,19830.769793698088
94727,3126.36070850029
104783,7280.1688106095935
89446,19765.789344261517
107306,13255.348872193807
94890,20892.231480681858
94080,13804.808423328504
81720,20147.812925828868
105157,19155.13504904946
79438,45713.018190990886
95275,17710.809839246904
86870,11046.43314706177
86336,16117.565041462154
95031,29114.918806948008
76727,31289.038627871196
76416,27817.654792584675
95523,24432.127114274856
76945,11142.453055394426
92733,21407.751985014256
87625,17020.455262989355
105282,15635.786130428025
76798,29584.599712383948
93061,18829.613628892792
99449,6523.579469419535
88177,8559.446072708699
89115,17059.796982544296
97192,9640.031859211866
90003,11909.902694153487
99544,20314.141330500777
95661,23342.70523247461
86502,7233.980781487471
92299,14396.192718348108
92164,37216.7615346426
79415,13365.739848849613
82793,6879.558873502549
96761,9706.975153492314
95372,14361.686255753048
78310,19307.674931356225
84611,12893.16390568538
79039,12338.966025245334
83955,1905.6812326774627
103422,7995.234230659738
98290,12699.064332988857
89786,15553.34393493328
88966,14702.620035986074
91692,15175.763647167967
99720,10555.773931902411
92291,28751.01814477078
104283,19784.909990405686
77907,33852.87942531033
80667,23795.551551894434
83714,11189.307660885872
81499,34148.91713975018
102870,10642.280056969186
84245,17016.343938583155
96709,11210.467616754797
96985,12754.988025367527
79739,26281.903727089673
101167,10496.596935099658
101412,9809.372611440676
97207,13115.180074821781
77022,13506.6509217263
97267,23240.347234517616
89310,9861.684413293591
88525,8516.243435350942
100951,14468.914407458093
105401,8133.152088890588
89558,14467.70023887501
97593,20540.14069594163
91993,19429.248258323456
99362,12433.60379869068
86021,9696.877633775272
80590,30640.908397807543
76881,16538.749246619525
97173,12475.924810175466
100208,17562.964868369938
106111,17902.56648453636
94771,16443.4628605678
86006,9596.242361428827
83246,13778.536164670677
81624,20775.911391544665
97158,12575.03543365222
90839,6330.899951559382
76730,11325.671403273742
95912,29469.44059945646
98742,11995.300093494272
85366,11616.09764404589
88971,10548.98230144344
91073,15051.010046921245
84276,14058.332387892982
93643,30059.578600433015
77674,18505.99602393962
107054,19340.30399497757
76029,12516.469378941638
76703,20740.02268259696
76951,28859.182182669636
92952,24706.076818946753
101165,13458.355252374735
83703,17326.89593056448
102514,11457.528372793558
84274,16244.919486024452
80933,13139.218974947868
89802,15614.584483251794
95459,24830.925083290553
88242,11272.424232975716
80337,19847.862836701228
96758,12041.448125821616
81706,9492.995084273827
92861,28315.876608454873
97057,10243.2096889568
90369,8491.908430569461
77587,17357.860237948673
92265,19978.924015282388
91500,27810.136299511512
105511,21224.799999706178
90137,7544.67091249073
78339,23529.18878872663
90208,7902.226409171215
101548,12794.916873351056
79969,33282.29430889551
83047,7308.939767324646
106469,15956.645544738534
83513,19840.569576609312
79652,10713.884546882782
93970,6542.166658789542
95655,22423.945210076705
93966,13126.288555506115
103174,9453.017405591627
92732,29930.912303286754
104052,16305.70524110524
104427,14227.82377931471
81504,24502.272029479118
85835,7984.694215588111
85265,11810.175087388185
88872,9447.792317913174
81581,27700.66470769587
87525,16640.555608832412
95242,14056.719143742519
84066,9214.653322553138
91130,45042.14444309889
103798,12204.422838381473
79777,11842.3991170185
96975,12652.082616559108
98657,9271.923341819067
89241,13491.338035678631
94846,19071.05394053939
100346,8853.396497064457
102570,8498.564681744894
86462,11111.296438829282
97934,19958.286744048622
96947,8213.026582955168
83667,9368.967116061745
84928,11794.782105524528
107956,7372.472439309767
98949,12449.559491489797
90998,12030.33820438309
97708,13168.222949721972
95416,24573.45095126703
78313,21880.40680885501
78886,22963.937234719942
104031,19655.096139652363
105160,30110.895204136195
103659,11459.59388369795
82200,16989.516903796535
90814,6511.558992134259
85367,10462.083387842658
83180,11690.48736644625
106202,14298.25269115409
78450,17465.332201263816
99063,8789.641904944985
83877,5367.24634960823
103411,7272.431932195246
108533,18649.399993978426
98123,13752.323303471989
106850,12095.48201377156
100148,7881.402274348683
83012,2864.0636860698914
82410,13228.587309150003
81994,12036.392516863978
77099,29218.9058497237
83281,19222.679570274242
94288,21503.421616317028
103702,6989.140141069261
105076,11830.856382096206
77642,15921.097093076407
107183,16554.179349442744
106615,13288.441226745514
84149,9391.901603810402
76911,21174.66108721413
104162,9307.219098578233
102563,7425.910952750448
98356,10021.52752131396
90601,17198.196336126184
86307,12418.369916070225
83892,16464.8141552072
86128,11205.047004533168
92836,14072.441450358956
77569,26478.735422938207
108327,17588.683831633924
101953,11359.077292804806
105792,27435.475060457517
97726,1935.6853566839022
86652,8722.221315295532
84446,7190.722704500566
96826,13884.647771017811
95460,21657.594850289715
86352,11899.0539060674
106793,12676.227275198675
87778,14025.59662730645
99950,7308.428738058339
104088,14541.089132995921
92232,13979.394992681182
94143,19964.289760664644
87874,9595.956455314772
83793,13331.283523752416
108182,18317.165533963867
102804,8201.08498323208
97509,19240.028347868938
96468,11444.750110818166
85388,16935.50236849058
76856,29629.91079522363
106114,27357.365006146745
92900,25378.000909596307
84771,8159.668305233315
87714,11168.216229838008
80892,21177.91581628953
91592,29206.226315519187
102842,11735.648661054289
107139,20493.37552422587
94334,11666.219484222973
86768,12044.123805039893
103414,12741.047897737362
92179,26224.09628163754
106474,14202.87556167195
86309,9520.850978208227
91109,9445.963338307516
78133,24206.676893698525
76963,14961.044074103445
101391,10740.018343936315
107342,8694.4080421103
105184,26726.021509921247
104693,30461.645840625017
89673,16168.511179203095
103903,10003.960059593011
88947,6319.253766491296
87569,17363.91819394651
76483,33140.67419532548
86102,9689.302732257443
106452,9232.443723247574
107976,18103.117899644054
85216,15531.909423122343
76812,25930.81212226911
90905,20190.10594619959
101716,9990.141989002068
106450,39582.26571545598
79930,6888.636332727701
80812,28836.460647190368
80862,23394.899183859263
103996,19823.780981998327
93119,15634.678756876598
93986,22165.79721123473
90226,15302.33222099071
104841,6874.621247670806
77115,9351.708288348213
82162,45648.14383821144
88176,18665.482327690013
96807,18073.880947159032
87893,16626.9500976196
96864,9613.95018510584
81129,12807.75856163713
94158,15448.290917502487
87268,17584.8566462705
101545,12137.95988440479
80322,14572.322201591942
95591,19659.128421517788
97284,1851.6919057929051
76503,19016.598976886587
102457,7309.07316355914
103358,13602.466705643421
85800,9278.513505327955
77892,12259.27420384171
86918,5543.405118238026
88797,7486.742132654708
101581,6232.5388569372635
99941,9547.49466775697
86005,11339.822381846672
92601,21378.778534163477
77922,26407.864437886932
107005,9778.381250957895
92729,20409.470571032907
99740,21176.00655172958
104686,11325.806034863388
87339,11210.517919847272
86577,12006.30696625758
105913,36315.180095074014
87402,16507.079337124243
88287,6953.273553652062
86544,8686.738901907303
87671,16481.45604162863
91204,19961.108543960672
99618,15608.538064213722
93596,18298.65257568713
100194,2019.0743417088938
76820,29880.42978299164
78350,28733.079210645665
91114,19394.164773326927
106403,25224.248064632287
77876,19884.982148320494
92321,15910.7407190961
93803,11136.183898732133
95007,23033.675646571955
93540,19059.62286090825
88267,7916.545859302867
100770,8868.861414284931
79033,36553.263159880924
105481,10198.867942676701
92645,21930.217992748792
91504,15596.106376816888
103374,17204.94503685103
76555,30232.524862001294
106876,20492.963444732595
83008,7103.501525637043
103085,11032.85963392108
108288,24682.404331403584
78153,25931.229116645827
101104,10950.386516522196
86300,17418.51618492535
83596,7786.399325292522
92918,18915.706022688104
96263,13478.758506962042
95845,26434.771281176774
82174,9386.240128218951
95636,31386.708053214632
87859,17568.466926989342
92038,12415.814550050936
97965,13218.301002376304
99236,9125.86533347678
102581,11418.265786116406
88484,5364.8919116985035
76734,18932.277713352418
107756,10167.198866343153
100368,15629.340210548682
92542,29641.29248176103
106507,9492.924249631065
94713,11681.773338297246
86830,8280.364076380845
105659,11609.539364184611
103299,9993.745560896443
77388,40559.104437548885
93171,32660.02629300115
95564,23332.540521530897
92209,19478.278128930848
103068,6557.106518858096
101008,10734.741549681854
101098,10604.550240714034
100297,6439.467308147165
100668,6824.5057787273845
83587,12138.209492755832
103730,11081.014046579441
80300,11174.015486571025
90994,31378.19237287459
84749,10958.118498404641
96883,22512.829576154625
83643,27735.569181362524
101307,9260.012995544006
96979,20141.24194510263
96090,15706.523652120586
82603,9590.833359318969
79091,20393.663785612873
101959,11615.61044726698
101554,8578.066757580254
100961,10087.995469780708
82778,9376.528297384282
98924,6648.92967984379
85086,8298.692189587198
89149,7383.253916161762
89443,7750.804137174779
88608,13146.864240267394
108064,22740.939985716428
93913,21242.111204912588
104833,18631.953013371298
88819,8885.240722061897
105039,18854.029321879116
108163,14555.9416138035
78429,20955.64630632891
100022,8513.281886601171
99243,19323.421419975883
96715,13496.610470345384
88735,21538.87940683541
86496,8378.345854028421
90642,7679.998299361473
98358,5762.937790823686
91268,29212.079925020786
106457,11834.632567713712
87063,12948.372598162363
103942,12275.668820034105
101823,15976.871888261856
104919,3463.726241669587
89192,21344.050186737142
78525,23265.49973682863
82948,12105.784347414618
97364,12551.575613383868
77638,19025.842912083714
94939,16061.194754258699
102799,12560.807457086643
97063,18720.947305401296
84889,14111.218263077557
91197,10685.947175307538
83936,5260.927063935024
88850,7180.788867472441
104781,27870.525592215217
96341,7764.671919423977
77784,20179.57721994881
79500,23028.99654870917
85956,9579.542827855148
80268,8520.644292746081
76575,28847.012427533366
88273,16449.74618283517
96863,9663.407381033747
104149,12611.039379090444
95323,29173.20224099663
108521,13657.870338626226
104891,26272.978029612656
86333,6713.704381212639
97441,30640.306875718863
103963,12742.556265773721
94117,21148.361656574816
106930,20345.178201057675
96478,11994.514438057324
93273,20068.907902802977
90140,5090.041118861643
101752,13042.50758407345
102564,8515.536242348857
89449,8947.814680733121
82080,15693.945985465818
103168,11590.638919869247
92400,18559.052570290492
89829,17766.056112558083
100294,14972.310786772983
101914,12604.460464040545
91223,20831.881323974543
107925,19708.757024546867
108124,7366.716456907145
99736,27490.288790838666
106222,6117.691986952739
96843,6184.409758729503
86576,13505.729690933786
106802,20676.739840093524
101331,7245.874835150238
76847,10928.64718952012
82850,10951.137803297206
107284,19117.30693746513
77599,20540.575212494365
96827,20067.835109925476
76080,17047.273014155406
89213,16126.777426962919
91332,26978.323936525667
91930,24982.80227589979
96005,10603.974717486017
94637,28492.72919584333
76949,10934.054565352348
93336,22226.909406298695
79792,19149.86637540182
94859,26531.920727075358
87815,10514.331129699745
100994,11691.588528994465
103939,7769.897576406402
91674,24330.205868288722
81166,20092.441558380837
105292,18265.609071035175
76991,47465.07594787196
100176,16008.815201359681
100118,13036.13655637896
94700,19798.834177672074
101432,10382.897202527483
78373,20126.41331460316
82918,15112.153244615722
80619,19417.465282574645
98870,6654.9905675024975
99728,53571.44878449682
100347,14574.175843308058
94871,18514.050579077244
76922,29948.10760461423
102057,6803.494135210775
106406,19839.231444913617
81647,36669.84902282923
86232,4552.986593951526
90976,27418.79782724582
101053,9462.916547794362
87392,10279.692154569326
97377,17220.797438298607
96652,21124.448042358563
88212,10653.053694709517
106859,12471.122949443003
92678,17567.973122529595
99554,7418.9307484199835
92531,37610.594198725026
84190,10896.22583305986
98562,9333.288250026284
102014,9574.272059476405
105663,16178.597865255493
88795,7898.219952131243
83227,3754.144695889341
97436,5875.645340181004
101846,10973.07391538486
80332,26966.99447654282
104483,23060.303710257034
97675,9246.8286156481
87703,9441.96802811295
105829,16111.59484717751
97495,12362.961073890621
97230,17209.25066971591
99232,12229.004243621259
108036,5835.00822482004
90470,18194.893761661046
91410,25055.49618626007
87856,10124.981765969298
97072,13656.127689502651
98581,9498.522391370027
96021,18574.863681832805
104873,21369.454002519316
82366,16865.886059893895
81093,12068.406704771203
94091,18765.548133030792
105502,23496.814651419456
81212,26038.036288968826
78477,15692.237519806882
86344,9409.776118997479
87337,9649.526826656553
83364,11431.191899885791
105029,17227.580670937557
84927,17177.425906162793
92467,24135.884238662584
77390,25604.923356135296
91159,19335.488780210413
86919,13301.679420512382
87364,15260.269538689188
96009,14475.009108593797
80050,23009.906897673194
97335,18999.55335339564
82533,10544.349022806926
88494,11491.325222311063
101773,3955.7911918835107
84410,14951.614926926295
90583,10156.095092885836
97361,7299.503247591164
101276,9626.304954869745
92452,20691.817946686744
107354,9160.702915624524
78584,36136.39351907704
80128,17228.783659434222
88645,12280.739537485884
86622,10758.765416089878
81676,21045.788445520986
107409,23773.643350241786
101162,11713.268312321736
107883,12206.33877904979
84824,11074.585435822875
96253,13555.984737106239
80764,17631.671023224706
105145,18434.28676078561
76292,20388.408178872985
85405,7859.682306878219
105373,24487.162180024025
86540,13367.44096941818
91362,28631.713372783735
90075,9614.136392086157
81886,10885.675785691365
99080,7035.2952195877115
105235,13471.098562407587
96437,21216.21100306526
83205,13107.964695928164
94569,28644.828178523563
92687,34274.68325209955
85951,15790.02243214446
84977,8778.555379303327
86143,18865.041562875198
81763,12384.582437187986
92970,26273.3566811606
108286,10633.387502922105
99395,7068.393954650519
81779,22886.887966897102
82131,15428.707531360264
77833,11611.199328317854
91949,47854.992282325715
84571,13615.641376140433
81403,33719.44072915177
86275,11714.964990244705
98103,7821.120943313015
96519,17541.373205952063
102141,12820.49295481088
95016,29748.542012376885
102800,17644.515862232016
102275,9494.30204439418
79437,19236.161372360715
99129,2412.3277690637688
102738,13254.640817960046
88502,14073.1132731492
83847,6106.441922170665
82098,30163.123359061214
97608,11222.770917145626
93635,48704.505920004805
107415,16456.815093257588
100604,6551.973608251917
95825,15877.41742783121
89837,8596.326118258621
90563,14082.852085994502
87183,10467.84962011076
82030,16240.47719704902
100952,6542.670915834171
88907,6767.80545653593
108136,18186.278467587363
99824,8334.417010477158
108052,19257.415452842277
86157,19679.888985377853
95635,25901.36055056282
76024,22905.050354552015
92449,15235.423783917815
101870,17606.091309657197
85896,12190.222303209137
102465,6176.430065980543
80302,13662.771154566672
104316,7771.676052034334
95294,30817.75332742144
106995,43922.865606712585
86510,9989.734366039094
87250,11764.720034337126
86483,20457.833541846252
83417,13988.627743366604
99580,10097.548314845693
84527,8222.602680929804
86193,13892.337050249567
98832,18591.299281830507
89427,13693.427860402617
105172,10572.0108163165
100800,13144.802854652415
81313,15336.425538262654
98110,11041.844110983659
83944,13086.842508982641
91420,22055.81555801982
79842,26601.82020287396
98350,12015.995406136573
104288,22200.098082270655
96086,15306.093315139386
78566,21957.765558658066
84457,16605.339950217025
88685,13600.647318235378
87157,10648.124333022339
82023,24461.257989930804
95492,26232.908988130996
84139,6175.437135854315
89309,19679.888985377853
85676,8387.511261200118
94553,8317.402300224825
90271,6711.545499067087
85678,10339.517823578537
86238,7481.695598049898
104335,13440.420358808695
83609,16627.801241602298
92930,19307.76632263765
101478,7336.47204425982
86537,9465.778025380128
95350,19500.147672925796
89176,13165.936319791652
89383,11277.198096993849
81369,25708.945742235024
96749,7060.261946717925
95414,30887.80726549985
91568,29013.287299368934
92425,29794.27771328483
107079,25525.924339371286
93550,29637.911436787035
78972,22358.299359905384
80719,9756.578715757203
92919,23391.898785099842
84505,11839.720648783705
103401,14143.126865307266
97516,8248.831698559676
91738,15481.83091200741
81664,10782.22571304432
108017,11197.589368401494
94154,16275.02195652032
94015,24668.173105434926
78990,28609.70853649559
100198,8470.019501963667
91258,32725.717583172835
95886,20545.136886152115
80048,50303.916762076144
92615,21805.16383759072
92333,29392.764441419524
85637,6574.37416989101
100681,20570.981865049136
86280,8142.534353768829
88934,11642.665514395543
102926,13272.05482034981
88415,1679.786223503595
108063,15111.550866097663
103273,9886.203420909778
79468,13042.510321480087
91285,16735.04939138585
99111,7351.367428645045
90686,8391.75955002351
77458,21768.464922686497
103540,6851.778639218446
98158,14704.475138712538
80240,35132.06774565609
93032,19376.00103051369
92380,15311.467914132356
91853,20569.940010198323
76049,20959.978597292673
98852,23739.655834975605
79019,12689.297594893107
78009,14850.539632279888
79038,18127.836652034384
106404,10587.982260579747
100619,3937.9607387849715
82348,26940.219795241643
83844,8186.06609585441
101370,10550.44720637508
82900,9968.266276089906
77014,22772.00776826813
94704,30372.139049335754
105395,18254.520043464887
92471,29416.185029358676
82964,19146.945608847618
80223,67920.50553974888
83523,11414.393169427309
84395,15604.356551597319
77474,20771.243336256262
94649,10600.030571675306
79826,11159.02224824151
81786,13272.753291618223
106749,15735.934393800799
94115,36364.74891882737
103835,8015.0145882934185
83617,16373.217391590919
106555,12829.85620649841
86868,9693.902152868995
105245,10951.885846735602
107495,21601.156246285416
79571,37284.311155409356
100328,14552.903587384779
77453,27786.57167943713
91473,25550.03960300286
100493,13535.994844553361
83383,6451.927638961316
96482,20144.915101801613
91509,23578.159221774695
92051,30138.41253498771
82251,13819.606369498804
76054,12106.76598553432
105927,4638.009377195755
89426,12416.998629215224
101006,13905.705642325293
96504,15575.78792315004
89053,17326.89593056448
102578,15696.730559872487
104576,14143.59099847547
94137,19576.89645895613
96387,11107.611279552855
106040,16045.944442667409
79795,10986.471621350287
102216,8745.11042293404
106933,23557.067515640792
87217,13633.83977514227
98953,6791.593111007994
106935,12312.442277567938
108160,9889.058180445614
86220,16933.030044712832
81017,14400.37978678216
90319,6585.41165461847
100847,9767.136841029425
79811,19754.096596897874
82324,34142.92488974501
79204,21631.92667729461
76561,20157.394732905323
90313,10034.979767435925
94271,13238.125216571394
99090,7159.886913020896
106261,13449.170608464397
95699,25716.166084449076
101624,8231.733092074577
92096,10841.392924567761
104402,19629.617387886796
106877,5315.760973005401
95341,27210.29430968565
79252,26374.24792825649
85039,8202.311924072903
95172,19002.724560809762
91340,14429.611533400355
91584,16824.15202390582
104972,14323.729844165025
80896,22624.61709648673
93083,17239.392182086223
90855,8754.144209488824
78320,16184.54998480995
98584,22636.866782534107
97117,16640.133599671324
90267,8335.319666507938
104276,11772.07025926062
93771,17629.655723519612
100654,13218.996740823899
84833,15096.778001913959
79006,32132.37211126467
98734,6792.172723799045
96686,22189.873809446723
81262,9753.2979449432
104374,9782.348781747587
87939,11857.206727720835
85868,10309.599745139983
105505,8547.81295074664
87999,6361.429695157562
84535,10521.446670602694
105765,14976.805106362277
77591,21666.9325415973
83018,7833.792810500599
95281,16131.381129300176
104629,19374.8609626872
80247,17981.15806992218
98202,10868.749489556565
89361,13598.52448586036
86384,11169.428477164884
77923,16029.179646795901
86901,9991.699423313417
101827,13282.298987039356
101756,7691.398216383411
77041,26683.796045583014
97753,9708.043558416299
95848,22661.92765347153
94827,24055.5166195627
78247,36089.175097690335
87132,14717.555484358314
88911,17642.287470131218
88418,11163.800946438634
77238,13553.540210810537
88359,11457.886363059168
78818,10481.443764883807
95395,17718.19782327466
103416,11973.949923951293
84747,13963.488988701043
101608,6501.52967861634
105437,24100.400732642018
76320,15625.295474570092
98937,4478.675756963588
78233,12385.490293478442
82250,16897.62317660296
96164,21207.205578405472
105298,13595.220912298548
85892,17264.20927916445
93834,14250.04733056783
84717,5077.466489757512
104176,11316.46153138195
95319,47582.69038286579
85002,7812.291129065683
91460,29516.750766738063
86992,15396.179746513872
76228,24041.398977733104
105611,10592.355544847369
83256,26260.433806694797
88943,17596.644566540308
77394,31592.55126887984
100873,4753.366021696776
92464,19316.973898385273
89315,14606.089575328135
92773,93929.36098766237
82489,6568.1503748861
76219,16602.378129358007
102904,11441.709897405493
91039,34605.09496964418
104890,25381.161425182185
99922,16332.356811336658
107007,12812.220258045325
90649,6052.332630550786
90166,12979.800307084415
90837,17604.843689049318
84748,10885.812326796582
101034,10603.612618478433
80579,11691.273066121463
103124,12896.129246835359
92022,9055.721844810538
103382,9434.214576724904
104089,19637.496717709728
92089,19033.842527522345
106395,30520.01265909517
76012,19141.13424647261
90152,13016.793911534605
85524,12028.48119636822
95337,25479.529362015677
101744,8828.085327127961
105820,16852.768113288606
100587,1696.3517823245136
95224,31703.88671129713
88607,7742.152405842993
105741,19739.502541883558
100550,10220.747089991184
80543,22018.295559002858
96731,8339.309376930305
94235,35306.78742825706
89536,7959.75006019379
104062,9660.392937364993
79870,8902.187651898135
90961,55489.92652271826
104757,12556.404334701905
78702,8774.626810023728
82823,8541.908595588604
76387,12402.862482225804
83860,8579.829954588566
97853,7672.396622683088
96491,30746.651392409156
93018,16643.125383689694
105464,19222.375362634575
91589,16723.400581036225
81040,12904.141505041018
101726,4710.837371059207
89843,10175.47672220144
82306,17645.087611201867
102706,10665.133717848596
81905,14569.577441361236
99194,13887.606569316864
84038,11597.60747144845
99179,9665.21379354783
107945,14241.069631299557
107187,21195.209005460227
106729,12564.650094060238
76009,16577.443010421393
80160,12660.01690001978
87798,2307.6632585221205
106779,10838.564438869264
87694,11303.737473337245
83225,12726.841759273453
82371,24667.351761218546
102154,11308.25797509948
91905,18303.61767132922
91831,19678.61140995317
96829,13635.89194367795
100724,11378.784605622563
98429,13603.975282014304
98046,14556.097866903507
104025,7998.913420618326
104930,19098.34578964048
97711,10573.702414430285
87985,1537.3253417904675
102005,7901.041940800088
93141,31886.8773188951
93564,17891.873943686274
77719,22890.014252113095
99873,10513.165745039141
87053,15280.387896498985
96789,10405.466040684805
107871,20439.399498091752
107192,11215.669057558409
79928,31122.208157887435
107669,17093.61277414321
79401,26920.535043160915
95320,26922.600440504975
94864,30777.879080267514
80654,24202.1083641841
99193,13432.65955996635
84375,10259.951721446207
90211,14822.349121400992
80720,12874.79329146952
91902,15167.948841586194
82275,10881.615846408507
81465,20999.919577423505
93508,24223.111179341253
88780,8182.649439100893
92268,31948.644303387744
87172,16135.182728967773
106818,8565.613818255162
103457,19499.905149884755
86080,14011.419746357096
107319,15556.414047834403
104533,12023.14707785813
105670,27025.02378983505
81801,23110.36455575623
86611,16932.694297375652
103251,13684.972957183512
95313,36624.73683338263
83324,9835.085157685118
106920,13005.342241027816
93607,20796.64354327061
82902,9833.300035417877
98295,13268.572694512075
99592,8020.376527484923
83209,20553.08676495908
100342,6135.186824713367
100059,7239.153696248392
84964,15433.852398198067
101150,9701.893025988167
80834,19357.109020685093
94660,22115.52975009157
86817,11198.896722471052
82881,16076.749267186875
92477,24830.925083290553
88843,11732.061103347882
88409,13822.889936331165
89464,16669.034954295897
84554,8177.1596793434255
107456,22406.797803616017
105815,30816.413142906233
84223,19162.472871236576
77230,40171.14804226491
82653,9061.62436045977
84903,5587.422878074594
96636,11582.817921961829
92293,20275.435204058012
76243,11227.803770008582
78795,24260.245038649104
77946,53811.33695240074
108033,26167.503223300584
89601,13638.113164991966
90606,17739.493254872123
92249,30890.02783898575
92624,18989.564003118216
97695,9163.953257040917
78743,33111.93699490511
99859,20077.997175044038
78302,22064.740708248195
99986,15805.144131312278
81908,12268.62111480143
85440,7518.173181540361
91412,32070.909018463663
83964,7866.618897570248
77867,12531.921163727697
98287,9987.670388458559
92675,4675.804292242538
93893,12849.849190583785
93828,31629.54426869177
107502,14239.637196917345
93726,13891.840995426623
93097,13925.884710793163
107762,17977.766918949084
93545,28196.848357935767
89831,14222.03300314247
108065,28686.309139575053
90388,4904.457933375557
82017,24600.95405515435
91025,25319.12485948356
96293,15093.80064510587
99187,9477.751392757638
98283,6309.4256504736395
93590,15393.76990388528
105510,9898.79625335086
81365,24422.669999820086
105805,19477.285087935183
95866,54231.03773878569
99079,13292.025947222492
95673,14512.79630991847
99311,18578.206577259378
86145,7210.193528472814
103531,11202.863850299183
108261,22463.86392115804
85582,6168.735262776044
85281,6618.403760525577
92591,42940.058258632984
97180,32421.976237442996
105998,17078.73683809136
101355,10486.423431240277
104286,42754.348209996046
86703,9944.80282983572
76535,11388.284249156657
86181,10905.093982600696
77004,19632.137494896935
99367,16135.753119182733
106001,21665.043429068868
93179,27353.844355091453
83031,10526.582028626884
86572,19360.653298508554
80350,24077.278710367056
96375,7391.236984967934
102219,7407.515982632818
100942,13038.86567378821
82949,11313.964547684747
104083,27338.881528381564
97140,12860.421932244342
96421,10438.790808751748
87075,13470.986207150145
106419,21398.96475469735
93602,25935.240688699887
77222,11198.12811235279
101712,9408.880745480956
106666,7594.286594976911
87295,14332.675487453658
89044,17566.573226311208
106433,8185.773675037003
94575,32646.78717343539
107025,8418.352800585599
89318,8645.398502979908
86030,10659.695685767188
103483,10628.408531144627
94536,15671.227991605985
107058,17068.23668920232
87031,11117.55344987792
100119,10583.471714980178
105938,11337.477779784585
89724,20418.250527641605
99480,7317.943107989417
83017,10459.132926778471
108355,5649.895465305987
94711,19180.680714399998
95759,30641.875000932017
105168,12271.655071782414
93791,24717.586887257483
85850,11707.051364761868
102333,8376.307523307009
104407,20725.085361718684
98798,16942.859605807647
89284,8189.651959783154
100823,6221.729316017238
80514,14852.531506294854
105308,17757.260108451832
104612,23513.50797182874
89638,20842.10830576569
93794,13231.82348887687
83933,16490.184491244152
90413,9366.142521656076
98929,10053.153781891295
90959,17662.58754584434
83414,14344.340754265304
82228,19866.45312422508
88669,10816.935279685264
106815,22829.89939305686
84567,10978.6396307081
91328,30941.906562977296
105740,10598.09446415257
96452,6814.121339633822
76038,21436.761798348536
99940,9554.033039645681
102377,15355.566659179292
105229,21717.799236824547
82158,22598.705909144574
104844,18219.080243244323
101203,10003.137088624666
95222,20816.429937901703
89529,18600.96703821799
103230,6962.119264006902
100692,7973.354936610597
99821,18473.144314901758
81086,22769.356442493172
89399,10108.468299257927
102445,5808.013877339966
96444,5980.196645032837
83485,9039.45801523424
93778,36780.39919765217
100464,6501.159913583752
99865,9580.191467103406
100107,17542.51315435794
83973,16993.50492082832
92032,28087.119579668033
94017,13936.132152075998
76046,14166.87561959251
77816,13954.010628682281
76743,31824.92128372595
87201,13108.0330349654
90652,14735.440618068524
103448,13753.633902727073
93642,24978.54256503429
85409,18467.376461695887
99777,6754.92491473763
92216,15573.117953230054
96269,8269.751253501006
94298,19350.30721476469
106667,13245.542923462537
93716,53319.98063006381
95754,30753.28286804499
89379,9299.959362652105
95970,21974.895817408258
81911,17301.451859335022
85652,28060.935039188367
107793,16613.472011288217
96389,23739.354324287793
80000,20552.74754517007
104440,11962.811664488745
92029,44578.47218465499
93473,15091.383247385653
90350,21622.816583837437
84947,13075.859556037749
81870,12614.015009434512
79936,11557.90041371412
79910,16900.038255818174
93467,34224.03032242437
80387,23585.837127047824
104360,15097.368795690098
93150,26313.81849346612
79119,24069.023904574944
104462,4039.4470574413062
99548,22328.712484300268
104024,30651.691034254367
83480,18119.99004591388
92501,13312.422110284608
86740,9669.460455347964
82165,24093.00488193872
85963,17568.466926989342
79487,13535.7171854872
83245,13820.412863908274
102193,6981.3961277355265
95449,23970.404669902164
99413,7553.298328080091
77176,17771.589821681064
107260,26853.479214087023
94187,26328.929404481813
85664,16334.912206569315
97886,11862.084319031941
85384,12568.707121311752
81228,22049.40869852467
81930,18180.277362836372
106627,40812.49786738921
88081,18039.306040631833
91651,15311.953292002605
98067,5618.211940185104
100814,11292.929335591281
77028,55277.27592264651
89853,5439.28925364038
92951,10259.876179618894
96866,23593.377874289818
77498,26029.24232600387
102959,8345.310418449626
103546,14579.875728002968
81127,16764.223468302192
88867,12037.803593815563
90099,8470.770789139418
81637,16294.678950737698
101995,9040.203547223426
92382,34997.142141150776
99078,24589.397221346473
93118,24372.704665912275
91524,13239.567291353876
105674,10114.140175313369
78943,8771.75694691043
99513,13717.053223898123
82972,11849.38021353817
92438,27483.93736682712
76466,21896.032195652708
93315,27413.96127198027
84637,18482.810809911196
91553,14268.061642255512
92093,19012.331268152786
89774,19514.983472555083
86455,9754.604313702217
81999,28249.15760867734
83211,17666.08740779523
102893,6754.110901357068
101347,11202.863850299183
102099,15355.566659179292
108532,17757.483306110153
94030,34798.385420175066
87114,6980.247489414939
78523,43082.41863559414
89274,18090.63673424196
103663,7369.276666019507
98104,12084.835023450802
86952,10496.398682337627
93621,13776.503660500699
90898,13097.87780055136
88902,18292.749198168993
99135,19299.603105328948
96645,13688.330244455978
89265,8190.057271407868
88536,16439.337269953805
76788,30110.748230025867
96496,11723.643293063134
83580,13526.255940606561
80060,28191.58545975395
99910,9525.416376270523
94254,25753.570800494585
98982,12833.209456670795
101182,8195.941742335044
104497,24492.904419665923
99215,10961.338413565063
102237,8363.681142754844
105340,21262.151496066017
98398,7982.804392506069
82895,7894.359047792661
84880,7484.885979514106
76633,25645.14460809552
98237,9432.384955236392
93475,16028.03810901249
93644,8987.398692899445
83331,13086.842508982641
94673,43000.92498714971
93774,23982.587979680146
94872,18118.76595715965
104642,30164.47857325246
105806,10348.681128794782
93351,17827.93216123924
99440,22597.517659178502
77434,18334.29522337211
78382,39468.6877573889
76269,24168.676584510536
94221,35755.81490630274
101103,8152.627888415697
92917,22996.904107621827
83521,12816.875781629054
83915,10056.040643726965
93502,17149.679335050238
101013,12512.520800444403
81762,13629.10566938703
106753,17007.98389104233
101173,7653.446275875634
98602,12838.497703503024
105397,11841.824429299573
97067,27013.69550768123
101378,11197.229262383278
101862,15355.438735944132
99039,10555.773931902411
88393,15753.939346611725
106130,17648.144653053092
85828,16699.048775931064
108231,24323.05506527115
104898,15797.940861355064
93112,13441.201832433659
89768,7777.131111497929
84354,15619.661492430796
100168,7489.534731850482
92834,16428.121588540496
99208,10661.180492755815
96108,12796.20303320806
80163,14184.650955345789
105455,13109.275478164875
80323,28766.278466193395
84714,15315.173879988657
92348,16651.326290472385
83603,15864.38390685608
103959,7471.165956563168
106728,12623.314252898046
78696,34323.70037403661
94150,29465.07100449534
105629,26847.232897000238
97037,14663.514714680243
92850,22856.6074996493
88432,10109.468319045991
77436,18712.076792565134
76469,4460.632528248827
102030,6401.159758549981
87669,10185.300864890942
79981,19673.765015015175
99662,11871.399940855657
78260,20403.218144408645
94555,33815.169479027754
84628,10767.446893132548
87955,6376.585913694766
85130,9760.913046762627
76417,28997.873909946848
86241,10467.206293180503
84603,9354.755991393879
76645,18294.664736318387
100195,7041.987191893018
77467,28601.594199907406
98126,20651.560073741577
98081,10538.67951199774
81234,26072.046594568154
87717,9671.920297036331
79724,32833.88943186575
78643,12974.447705141567
93113,27581.830228045877
100597,17202.14630720736
91190,34001.31232610205
89351,11818.846232604841
78056,29692.665384643347
76053,18898.299397772007
104592,12425.364724866165
105891,23586.866561159917
93731,20914.086731994546
90123,6291.907490693885
85669,7667.9577253183925
90040,12955.843422075799
103624,7784.410503697742
82545,13647.585550868987
101212,10822.764762309253
76510,11319.292274214175
88673,9599.605365528534
107913,15147.410696074914
76619,23062.713835788574
98461,24042.00660299681
88455,3819.0213310289155
94543,23990.7089126148
79082,35542.58890879974
107039,11949.65948832459
99565,12308.999522633243
85597,16507.31614195286
90908,23431.902254766228
103741,10170.858590647269
101177,11663.118392210303
100246,3119.244419502471
84497,20529.376032796412
79003,12508.154273741042
78075,32793.3632388576
85527,12089.653026610227
99400,8126.494569974248
83118,12036.852876312294
106176,20300.731717741433
79864,21690.820245962735
96609,12767.983815782016
77968,17774.551035811583
105349,10241.637154200223
95787,20621.3814530592
86759,1941.7579020743049
80898,12817.785803163952
80948,14598.928962210077
107151,11992.81493579664
85395,9366.619673476376
86612,14294.637977424549
78951,30360.802102947982
79546,15732.983831649595
83345,20116.17935347122
107224,17897.560362377502
104509,14285.537704390958
77088,33856.342129076904
88988,11566.864816120862
79061,25122.303064921063
89758,15132.743538585444
79439,52249.848417722045
96411,13796.646489391922
102234,10647.393036911895
89720,15581.771343519438
99600,10046.36125110979
101235,10061.953327313258
89235,16249.204129170337
96214,32974.04157664035
84205,14606.021877598727
106816,26586.191954828388
90934,25444.41797004222
83597,17181.64769450662
90454,16767.67704804699
82998,13369.8048770697
76772,23437.84864968112
100571,5354.813598494837
76400,28238.891490655573
107381,18432.313775436625
93102,17387.548868146852
97419,7688.244920206542
98844,7901.542954257415
99354,8518.150448641194
90811,14669.664197030967
98152,12242.75590330984
90157,12974.17747503563
102629,14593.888469489564
102111,9519.971306069467
100448,11115.573076372553
106531,11393.66724684862
107493,8141.923188114538
87471,9156.219867855567
83607,11394.829082826089
95488,29019.493608695786
76205,31260.4597815424
95394,20129.11447375525
101050,3425.316121102056
98680,56049.21119310664
97176,20892.164546859698
104530,15277.164547423463
83396,1761.9430172110008
104984,6579.523055775447
102081,8170.847975638922
91955,10205.908374435365
79996,49892.22276582155
107833,15608.849525107336
81342,13619.138211339625
104936,7465.073735880375
97105,13803.307781844154
96834,13564.061052083094
96402,14387.731289872645
106575,9506.924132343607
82857,8152.847732705737
105504,9315.75831494031
88261,11992.9705950618
99175,7759.804446536104
89160,12804.22239128957
83875,6539.684406242876
104695,14494.570826115198
84189,10593.935397117153
86024,17543.229800313547
98475,6914.223629734246
79856,28477.873630305356
80385,27899.467474525245
78287,23107.992066881958
88807,13747.687139876414
86288,11384.272861894695
107610,16429.442688605646
94375,21011.700422646503
83385,17564.254759595522
96627,11362.039858818382
101257,16617.386815034894
91915,14993.445408976235
97986,18323.83075361448
80806,21284.042018816224
96930,13593.455364800311
89391,13111.041056910239
85423,2457.495281918556
79397,31379.900930064785
102565,12570.888678258476
85590,13920.657472157529
81920,11691.545075584545
108098,19232.520465310423
91230,62046.41135148059
108021,6581.320193821065
102554,12017.35934815536
84182,11893.98820750944
76770,20856.925324746593
77856,18925.18241820668
94249,18540.550778724584
94729,16719.888723911135
77171,17235.300403675807
107487,22973.99636989581
78766,24471.245942985213
100849,12184.96989921936
97721,17210.36563718839
92837,16521.17782636481
83099,15438.312699075947
102521,8669.282295737901
89738,7402.552431748692
84234,13329.130779513775
107428,14878.275063708916
93895,35797.493122365966
95662,45685.46389054026
80328,18246.281745278087
103054,11307.904072646754
104950,7968.50118749301
93125,28380.51954654973
77393,46613.83358411781
81178,34067.38599182695
77207,30294.91573612116
98648,9332.565609769508
106065,31064.795012684495
85228,13538.044246938181
92787,21917.81348841087
108462,15973.462416097185
102896,11923.590954011306
78301,12882.442630601658
92584,7844.715063899481
96414,12291.551650597261
101267,8973.673983304594
92934,25287.448813542316
80206,11375.291570213483
76657,16603.072282745
99365,12267.846723467857
96142,30408.0106458427
96484,12320.794876492482
81767,20905.33839236176
84926,8803.849180036079
84961,11021.591380593218
97487,24850.165280037
86753,9119.830953122437
76410,16167.760117619713
103512,5358.9908943149
91899,22475.299549766725
82404,26821.7325333226
84598,19404.57147444785
95115,20990.943593185475
92544,16253.097845766324
94011,22315.997628271354
77265,25633.576096325494
103378,8247.965612613956
83828,9211.361945216186
106142,25846.004588252337
76564,29238.658762367933
93718,14787.554224845502
81110,17418.431595976686
90753,17515.8465576492
86557,7629.225143716392
90778,9272.062958779316
77313,18173.12626910644
103914,12506.682270743791
86688,13825.365167107582
102878,13300.607677607391
99734,12033.24900301366
91581,28565.009064718353
105434,10698.99352160899
89221,8533.00417332934
84974,15828.638138901988
101055,11885.37790488936
80952,32803.88349848294
80861,15797.156122139875
77446,14836.450995103283
105345,14766.85384151917
95204,16216.363608929112
96228,13680.563851451496
100840,9204.762480135078
90096,4254.428390268141
97213,26690.294836621895
84188,11216.140174644945
96571,25893.19204770649
77068,20308.183243586816
90711,13880.327395686014
89855,11275.544391352374
104858,11791.35509362183
95897,26649.82892497587
81849,20870.308649464172
106143,12402.205007861337
106333,21697.25347305221
107165,22828.642619907525
77133,11944.648446243467
91788,23066.75659623179
91418,19211.55290890775
100158,11317.413003274525
96982,17306.486918681072
81275,29081.77677135195
78741,18662.947599961084
104961,12738.097088252653
89332,7258.573507660469
77546,32267.71439889711
90860,19693.26477299393
79924,15114.957471591037
108433,16454.522466988823
101702,12332.53074152291
79340,32798.60824452228
107333,9847.273597052665
107963,27113.115809141917
89408,9829.401964247007
93686,18310.939086430557
96129,15832.665333740302
106156,28060.624593506087
87515,11794.315799062342
92980,29344.49856309364
83982,8464.302572338736
85504,9832.76824013118
108354,10013.830409217571
97260,12774.274917197346
95437,23497.61207173671
88483,16037.21331740578
87959,21478.68270611788
93858,15954.940417837395
80968,21116.14366737516
85754,13106.404328228853
87723,17136.618031059683
95880,39711.00765824607
106868,9816.147996865833
93138,13611.15827966168
104747,14275.433386156245
94889,20724.32959179507
84681,9402.169036657713
98538,8164.656657806288
77073,28153.12298183104
106730,18265.609071035175
79208,33008.56839894771
100127,13028.292522799527
99655,7992.042261641834
80695,12892.346453257187
96818,12889.652170718531
101382,7961.101052402183
81239,16995.879634297686
91299,24706.121166660523
83005,17558.35418843927
99363,10716.873570774129
76302,21572.63528696432
98317,20303.201659499322
93829,60908.63761863892
94188,21759.728671539924
102190,15526.60967906263
94901,18715.859807556466
80495,31094.11032104283
101373,12153.310558261192
76822,13093.206352315377
105052,19170.951341417276
98580,5765.966773022176
94567,17014.709550871987
95144,13520.388495330815
95559,17705.63651808401
81580,35466.43379193601
106874,20386.038451428616
79121,26641.636648241492
77257,19258.637208527314
87589,15077.724086808797
84579,9919.139472915711
95950,19013.5895677714
92510,17876.713347056633
108139,15892.735391724538
76182,32355.631893486086
88687,13690.968027763138
79244,21888.627116368545
80690,18470.532048746383
86259,15035.85211367675
76977,18087.227921816237
95716,14475.55954223683
97234,13303.245803514055
102608,9260.012995544006
105976,20577.951867562417
86505,8325.496273463581
91220,27955.57474661946
96558,12804.699440281402
87444,11069.36280693396
87498,13315.511364948485
102631,16903.30524886731
82185,19021.355787144366
99403,28679.697824680294
79515,35953.594921272
99088,10288.08900375238
76226,21882.949484850313
108382,12027.802925128484
85313,14559.731507996717
94499,29108.76794134314
99934,6754.110901357068
82376,16921.602945506547
107765,31000.500634977325
83605,7410.135696022612
77701,15402.731297507193
94028,17011.51935680663
107523,12269.725789210579
90650,22669.150593874674
87414,9168.215109304121
100055,8701.920531464137
90566,11868.734741058568
77944,8719.353978413652
104365,22015.14744420517
100010,12700.562522328824
97116,7073.665754766899
92053,17827.215699637138
89028,14348.785990404464
97021,26059.254336671544
76667,39871.20176718258
88020,10728.409130484402
94877,18015.710393005196
93946,21382.597327547377
107829,20035.385695175926
78257,30040.8407424879
79067,21438.05982736142
77650,33805.75094268379
78087,77495.89307963515
106695,12063.791472569595
94630,7223.404287064566
106256,3847.4835755022023
95601,16492.35046939152
105796,14691.943195429585
102585,10003.137088624666
87265,10728.409130484402
81014,35211.17814899074
79536,20571.403118601982
103430,13290.421463523864
95642,31103.881069142153
85927,11981.90202206626
98965,9388.26706072191
82285,22866.06846113977
88076,7101.492073745316
87977,8219.952356271137
93013,20569.322914278946
86356,19951.327546047552
82657,1768.8999043455713
104960,12205.047294220041
84159,15501.211775513084
102831,7550.257036092621
99907,11484.50081213646
95588,18338.133546515037
87604,13111.041056910239
104688,8455.580112953468
78457,30709.032125577778
89007,13719.53874743557
104449,17674.811318911987
97888,20505.707687422044
83178,9797.152666816166
81940,22508.684799599734
103932,10830.238754709899
93309,30967.335146971225
108001,12304.369225604934
104771,8706.928561236411
79382,19416.607370976086
85883,9763.201397802906
106425,12129.610143045655
83165,19450.201077061014
105632,21815.34344006362
77132,29196.295448885237
101743,6813.03729479787
103628,13822.910720230559
90647,33908.122148745744
84997,7791.075645905785
91158,25413.077148038243
102727,9267.851844643967
83926,21212.219161508532
105492,14164.41365733243
84091,7029.329596548368
90093,23001.286246498235
97013,7705.1479912001505
97421,12993.28838712985
93503,21112.297922755093
89921,6755.422934637471
94294,28735.23593652495
88049,6084.765042758411
87152,10266.491024467321
100030,11481.491482701458
81887,22387.79919511531
92813,31915.52311544567
103849,10527.64584479627
81370,18021.397755262737
100077,6407.724194322217
96215,15685.364301870788
99477,11020.856729229363
92453,30317.868915424653
79103,24274.788204731354
83988,10294.729624946127
82753,9804.101223806123
88096,17738.853023279687
82591,20720.22175591477
78600,10143.891240846238
96130,14512.188187090864
86532,14941.97237091669
78212,19006.747422555483
103099,9360.800172748946
76517,12990.922608380955
85372,11898.742487225341
87192,10841.181128695946
89912,9309.017471019508
100674,17186.356319685252
78362,18072.659970588425
80234,9964.996290653931
103492,8419.436455572077
91876,17119.43252034419
99906,15776.451535326883
86556,15720.795778192969
95439,21073.996075170377
89552,14768.114931554122
97510,17998.449487169313
77027,24020.38772796173
96651,9454.021192725968
101124,5284.089457718609
81564,25142.683804956723
103834,11358.86920911237
106120,14555.094368100896
108302,12577.41231219097
95258,26951.06068842462
80241,9938.49732807819
103079,17536.58037670789
107671,19709.93463626818
105451,12360.904394812651
100581,7395.367403185824
103200,10368.34179551038
107958,25223.698066835786
80508,15272.887103198367
86519,10728.409130484402
106014,14789.083622797973
88647,9832.683998448005
78370,19716.190310043876
80157,45003.59951302969
78549,31873.738514888017
78346,15766.952149543129
102025,9336.579057761164
102642,11838.901552736208
101566,12385.98294782865
105090,9296.268947131774
102879,12014.024474583799
103116,4820.307851964017
108181,19611.403888758192
90077,9005.1678995624
87209,7751.378813642719
78488,25522.63750734948
80235,46318.74390630786
100754,8791.242940280084
105566,13096.911599517403
92772,17807.964979166318
91123,25930.764885665918
81751,41267.537816437005
97826,33369.31704573312
79668,21481.1349520469
93067,10643.77226836408
102583,11065.505438535878
107690,17316.21549658736
87693,12514.146111959579
80476,7824.751337773261
81846,44792.37189860559
104885,12006.212672432132
97224,14417.990684925828
101301,14988.856163675813
77468,20899.050190874543
102865,13974.84026317431
89933,20194.494546325837
80064,15470.97580979922
102316,6392.021298050465
78861,11453.688539041661
96856,9367.279301341268
80901,32887.540711548456
93880,5105.611005495734
93155,18156.8526096377
95490,28477.145070560728
81179,11214.338324992894
105515,40025.195113414804
93763,31863.675538753232
79292,20207.818851491847
79547,49742.53682080692
76889,16393.160378908513
92884,18893.25897281634
100959,9192.194765502603
103931,10600.77187393713
87109,4565.4699036213615
85670,13581.306822123717
106941,16226.498893729651
82237,28086.687414464515
95369,12334.150111145786
104098,8323.923050945
88392,8204.376021709322
79992,14100.356929604097
91429,21272.497460530034
93131,17356.78479877295
102287,10511.02826728883
93988,15609.374748367944
98533,14877.237470516187
82402,31018.77294321313
100838,4238.004655230256
100418,3172.0815000250254
78723,21754.54912736995
102054,20118.867625547984
103873,6862.022994848726
102429,5376.6171753428835
92423,20175.91542799987
100306,11405.584874925018
95398,27824.391704839003
98509,6298.049153954791
76571,20578.610316945553
99096,11485.408850093983
79974,36106.384403038086
86070,9761.922224372593
106407,19086.820911079172
107921,5600.347989701787
99358,6101.864172571753
81645,32902.824642406806
82190,29488.553793101
104692,24714.405873055595
93221,13928.124914037278
100438,13115.151055637547
91444,19509.30103147482
81053,37862.3890796123
91363,21797.8504505009
106954,20697.432643765238
106654,18558.886773026665
99522,11241.914834377729
87009,17249.66030206127
87909,11388.270548963332
77419,20354.471071744458
97652,19287.94094877327
99779,12699.064332988857
85584,14738.163850038725
91829,17901.39658155906
88101,17666.08740779523
100556,4602.328476982265
90352,7881.560714577322
83282,10642.603041424158
83007,15024.420860698927
108313,11731.938862669318
78810,8444.054339463328
98828,22818.67797868003
96114,6559.317739331094
79191,23502.500598768635
87297,11190.968802206633
95877,14964.506706654014
94139,39662.98874219824
100850,9072.989654895406
94945,54449.11414665598
101089,7779.7972981716575
105691,12789.939473651482
80668,13942.023332022914
81214,31662.830161334834
87518,15170.25998504994
105030,16806.515271540848
85923,6996.999007104323
83311,14199.53232295873
98855,9991.427164499219
104159,9261.534293781746
82779,9809.244889482206
107742,10225.87835728828
105468,25530.261998784586
80455,25189.25598570307
86388,19136.40455718557
94821,48653.22336447952
103268,9999.702033896783
102051,7053.237807075887
105353,24410.95096279754
80456,21694.341098734654
100987,10302.005522492265
91198,28385.5465359906
85153,13406.369364678558
103654,22693.043927375034
108172,10309.956130622928
86497,10909.437132035959
105311,8787.288275309413
83207,9130.62369261337
103088,13655.283268201343
80581,22665.679484990436
94590,23692.787420613444
92857,20556.497672428693
104990,20839.15433928789
106022,11046.736687834738
105717,16276.884701241754
93403,31656.006128480894
85166,14076.488736194993
106430,14075.441092537481
99092,18084.958690797153
91093,14380.95570452738
88851,19412.998170354887
98289,25250.203638401315
105096,30530.945398804473
77047,20819.93272815892
104430,19404.54126021646
89790,4593.332237521155
95496,30044.025833278178
99397,10821.321977872729
98691,7449.90769923917
76750,26163.716937289002
96768,16728.01008274978
99671,10722.458329069541
100893,15696.842178909721
96376,2402.847918946011
85359,17322.465442077715
85526,18110.803394499973
99471,6820.578803749077
100718,13482.658509578301
100408,7126.3817779899955
99396,12680.145529037882
88571,18800.712340303413
82056,33863.92213618391
95339,39955.913576384395
106966,42176.6050735023
87419,15666.342711140469
107951,10141.198667720328
89086,1207.6250505929218
81863,49914.82996040549
85352,7846.058644708889
107573,13527.68573426179
85160,7789.2983392033475
86447,14455.973493106385
85129,15438.270573319627
81978,21851.009610271725
76538,22344.41649019452
96475,12849.042090881228
81872,26051.012902563838
100975,6457.71602793235
89846,7805.219511600007
76813,27595.23285664398
79861,10691.218518607933
85807,11440.372548560363
100520,13981.356938327022
83614,10281.679907079086
101194,17296.198652866387
78639,35051.001221635874
97237,8237.668608394752
106299,11137.732407584415
88307,10206.766777557948
85314,10060.698603220686
105736,15510.257431845781
80065,9971.47754464249
92131,17173.019210398907
88644,17590.93494931777
76738,12370.48695169934
105697,14757.123258918758
87316,9397.913857108031
98209,12628.281607861334
96229,17595.048508831347
100262,5008.044723143523
100999,7861.452150481354
107614,9767.463988675512
80838,28334.689292973995
100986,14454.257754818638
78593,25464.656800922214
100441,5204.770589011456
82682,11673.025907142677
78999,33091.8382760714
93261,12198.945976069203
80075,36542.45820010216
93655,30169.44126192998
100596,17512.001494842385
104232,24867.286190578037
91804,40033.822763715376
77995,15625.295474570092
103787,7197.476199064538
94205,23521.542782389075
85358,8676.366759376213
78658,17057.1667733226
104647,16177.591385413592
76044,22220.33347590074
76998,10647.886129434957
90687,18300.01333490216
88724,23120.176401138688
89881,14056.839533018527
77162,17798.988838061046
105640,14774.243796272565
87663,17655.81401674554
79472,13811.28492427607
105402,9819.394558231605
93024,26540.524935590733
88764,13097.147978376152
102845,13485.875271230656
94779,18815.266999189418
78682,11586.578642130062
95089,47911.8157524654
92437,11251.678680834222
96574,7481.261760026742
80215,8899.19423272814
103217,8495.377860856746
96957,21999.86800301895
77332,14974.14298695482
88904,17697.222803567434
85813,19263.806877198116
90079,18389.286630196173
106345,9935.487728561218
93236,21245.334900061007
77551,27543.39265797813
98682,10819.918593489787
77482,28702.86031599138
106734,23060.303710257034
96167,15139.252038961555
97901,7703.232472015764
88753,17534.736322561286
80085,20914.85259577128
101127,10369.367058228769
89915,8977.244634098859
77818,38183.10830289004
88216,7544.908095782904
88372,14178.442817236511
83811,9279.063714526746
82936,10504.425845355925
89742,6285.133564284281
91673,29313.066218906053
96257,14571.627085473965
87975,14086.16646894404
80305,27638.131058645205
103204,6740.453539143902
87651,11244.700903616354
97692,20317.409191429873
79587,17995.109737984905
78081,20570.70481835966
90382,26043.48604648651
101784,11943.029502537414
86751,9782.949672136952
83746,7490.2611141475845
107367,22560.10843298321
102824,10326.070819141976
88861,10228.034823409655
81296,14412.945937906308
93069,23033.41393258427
87324,23243.006106324185
80156,26385.83310458035
101653,17306.272523817363
106220,9539.261734630387
106598,11502.907707764023
100402,9475.677067215625
76609,25721.6399519565
84956,14366.880594567903
95576,27389.238057986604
99581,8296.87931159419
80485,24307.02180614452
77166,30040.223491891546
76018,11134.650487126604
104735,12328.209555077101
93333,12669.561144862531
99795,10149.413526228072
89839,9530.990949417786
82759,12535.680494244345
78936,25063.158953211077
85749,13830.987723322889
103893,5173.527774580873
80488,16389.18360450846
85554,10926.00690728817
90240,13774.856015515797
106288,18066.74664606439
77948,11030.862671599556
102329,9170.12361793697
100162,13173.180559229699
88576,16552.7513079889
94039,17924.076507017493
94453,21071.888904678606
87879,13468.135742318667
82862,16255.36430704198
102535,15629.340210548682
105231,12711.34610140995
101295,10375.914904146273
103639,17813.90740342725
100996,9869.646934309683
90885,6985.034396567985
98058,6771.42938980028
76405,20793.119973073113
81140,10682.329241922305
106762,1835.79258212098
77805,18999.047351816203
91903,27559.900826768226
103506,7788.156777288359
99841,11346.670412527294
86237,10980.242514376561
76010,25046.291901713743
90547,16689.808248398185
97073,10057.869033598154
96345,21045.608263926068
104803,23740.596829657967
97547,9378.65967618561
80566,23784.183835084878
76686,27779.649752065794
76532,18601.63980123147
95342,16644.840073623895
89227,9169.10350537024
100141,11163.55745421911
78308,23159.28566736567
89064,13182.77584037181
80510,18127.65992773329
88585,14058.33182944203
104610,18927.141438595572
82104,9573.729429028137
82975,12599.152123426027
89065,9891.72985080284
101733,6035.520250104214
96657,17224.87258048224
86410,15675.193629582971
97079,12641.653726388573
99980,8227.301121022203
83405,17125.409575933227
94937,13959.91306656796
88990,11307.931290863853
100897,10146.500727700908
89852,5856.119876799844
79720,19277.636810583645
87573,7964.557087791643
77570,50896.78027900228
101535,5165.612293555067
106853,29226.049087304167
90614,14028.278666685184
99883,26894.01271937105
90053,14616.658710738744
85345,5941.948959149628
107848,11439.753866849554
93445,29810.973869739715
80275,15005.214153330788
78979,17034.116346434792
102516,11031.886141679552
89258,11026.018336952042
107117,23711.674135561738
106721,7322.3494715742645
92982,40818.04438654821
83496,7644.651451253441
81803,65745.99176039702
106993,16677.015426365026
103294,21025.136163331877
94098,13670.133464096894
77532,14727.603519398168
89286,10294.729624946127
89501,8655.767095199235
95186,18135.45948014179
92283,32124.266719159114
95290,20081.928348549565
96893,8176.779191627518
100971,10685.762885465956
78080,27751.29697843517
99131,17585.10837461332
108281,5648.0119894897
100144,7141.910264876971
105273,14605.043111811172
87851,14669.716056935864
108128,12630.575344187202
86420,9415.596061190694
88534,7829.525027160829
91836,15806.405247567702
105068,9978.07247963932
89909,16562.882253711286
83912,17425.06921056953
92078,30293.514245517967
97169,8499.280505605731
89505,7999.056365636694
84000,11060.593331713886
95770,22511.988389706617
96966,7876.344302341531
99958,12923.347277639663
93263,31631.59242244071
85201,5341.394830050441
87858,10902.514364189976
76733,18490.865905853843
95475,18767.402616813106
76959,15771.224266592308
88587,6737.7687121686
106240,12945.067902039813
76297,29056.925051977825
96655,13110.539669818008
97329,5888.88892859282
104459,14615.816941103745
86218,9932.404000023951
92652,27338.7231820999
87708,10791.003138180018
89003,11205.047004533168
77758,12048.032450425555
80355,6989.975084185338
102381,10015.27117753603
102034,19619.3597110886
85449,16298.058149400318
108344,12079.617623704617
103231,11317.413003274525
88619,10000.603309705135
91294,15302.869498805014
91671,40818.04438654821
89398,11867.615505977014
97449,12970.39296201293
90985,19074.20299755326
95931,28901.46602239574
91207,15059.66534985896
93227,46425.730612717154
83380,7098.681791335145
88517,4324.146691601538
94074,25566.632139796176
83286,15091.23347165558
78621,24169.284286680417
78559,31497.124953392628
95517,19701.16148562027
90301,7609.046977198947
86982,16075.213330011227
79155,12982.840514259335
87645,12592.28947326004
94734,19099.277701971863
80776,9196.281976433378
80191,22502.012331775597
81665,20703.07044646639
95409,25798.93002094546
107275,11406.695966329557
88752,7454.2365399733835
85344,13892.337050249567
96113,13108.290627083534
89564,14159.905004086551
83351,16302.707995861807
77727,20199.243857570542
105427,12700.656254595398
86511,15886.820597852417
96465,11960.947586907709
81345,27585.433937758837
102204,7393.754034482436
91518,47563.441168435704
103030,7270.143170467999
77586,28134.685977394514
81802,17495.59801528492
97913,17621.1497977668
106159,19074.213368024935
101107,15944.866273975704
77988,26023.849898241948
103558,8572.309105534923
107080,10186.893203195703
103080,7944.71281862358
81729,32932.93832041644
76576,13704.353351781569
81302,29474.001064760898
102815,6835.418822220605
76838,116840.15740466987
100835,7297.632796885377
92600,23536.815429734
98836,9991.427164499219
107734,13091.580842498268
103146,8682.00045795472
92838,30954.219095092518
107210,14634.288362081172
87193,7917.498237413614
80803,23369.709524417794
99014,27543.596409349637
81317,14531.75398128458
105975,14592.489688480364
91289,12047.346832697136
102427,9087.661013142379
88770,9117.453539538521
93130,18009.165857367057
91428,30362.057002780337
101880,9179.292240010274
96317,14257.388042172543
79846,15890.69387673198
76152,29639.069893111795
98591,9787.040041158098
83409,12876.248052110543
98307,6839.9396134504905
81931,44827.60466644117
90083,7196.206242391616
77773,15688.234819286858
103635,10574.47619006018
90621,7258.897154704027
91055,18203.44880769013
82011,11746.494426408995
84194,9727.571276753624
107360,19155.13504904946
89868,13764.65493271567
78774,18510.379553008483
98229,11763.272400681448
78895,13788.031458258714
104821,10747.769209132277
88829,18091.192131522384
103561,11292.145837776312
95077,29218.677435805723
77218,13226.030083416797
96894,8325.852485792513
102467,8855.979133691144
80026,13892.617512986559
81904,34435.600391421314
79212,21129.45367823172
76081,26629.369398715124
102446,11484.50081213646
92123,30189.44205292858
99505,18079.581085840982
90701,32906.79860421048
94131,30105.472102062617
98499,9917.987539873024
87292,16647.055859219246
101982,7163.04300810314
79507,15119.56275085318
80367,17204.2264098173
87303,9060.446998359232
90939,20532.122903321117
105990,22697.385747066994
93538,30088.51611786966
96747,15197.52106306912
96705,11739.617339251286
79540,23167.673732444815
97104,7904.269829224329
83406,16577.47800491559
105299,11408.680493812526
106722,9244.73295419992
105452,13909.413616931382
87290,8405.239197115583
81467,16193.486619584795
105170,26040.725491461588
93330,18404.81749210121
80272,20748.733047906437
107730,17841.659636382807
96010,18999.55335339564
81845,21654.05645808028
80811,12354.926482762818
83571,13723.417596791385
105322,18050.776371000225
77762,17472.025145629796
102039,7270.365103936103
89712,7908.52462147847
89635,16320.497724929195
95445,30106.2658084933
83168,10986.294119694021
97583,10828.856339996617
90719,13809.29397952249
83437,18939.20105976694
95182,25314.47158891098
85203,17908.416523430955
103788,11482.188342515077
82303,15335.643938790006
75983,35412.14154327053
86812,8625.053464541032
81841,29676.68925329107
84828,7496.625690573112
93783,27389.502455702273
107916,23267.03517154805
87430,7708.532802914187
104874,10587.982260579747
93137,17494.657596017303
103047,5529.781986321461
102110,7942.679011895985
91435,17449.116613721362
86558,14104.609439853848
95141,22769.545380026768
101513,7319.513457086374
98883,7387.9209557288905
84488,11216.519477842721
77317,27699.767423967747
76345,29494.202432911952
91779,25985.382389529317
76882,13093.099703309808
90888,9748.580811879188
98663,10592.958241005577
95756,18906.489510338837
92853,21285.36709941504
105681,25208.31216848609
100628,9058.015494710859
93663,15954.463324884702
92183,25490.328302761394
87635,18933.77676899092
104386,29277.590021154723
87388,13527.022657915117
77217,21807.77767211547
96722,18708.496566050035
96916,13666.25765234628
77168,49899.87577455833
78963,13342.555331410318
93780,23520.669875107887
91677,25586.848617664065
98082,8869.844700893014
76229,16856.009268068716
92338,25511.02838831166
84178,13483.457248364362
106784,10977.067353646427
90742,3432.7479648858834
96034,18696.182720933197
98064,7937.890460769803
96973,16959.89219512958
102048,9165.520296091128
106484,13365.814591310738
105759,13115.551098554268
93589,30250.603004721725
99057,12597.52738415799
80757,13851.478061862897
89636,8521.363510051326
83495,8183.437887784942
85277,10234.265019244927
91843,36756.239610707555
107118,29393.191522306504
100387,13741.962174400962
81885,26954.264431193966
105369,18469.251524918298
103588,7474.540605779522
89859,18657.18759464885
99533,9807.386785118068
107533,15524.024753735659
103667,7353.518051432445
92303,23619.04101844318
98400,9694.331661155207
107283,10274.234667892852
77352,30053.81003089454
83662,16906.532600540348
79661,21514.589199828097
102007,12649.98038186065
97793,12796.663817229832
106968,20970.729433402215
91632,23246.74457184686
79763,31634.761259187555
84785,10347.393371057773
92155,14671.224682136279
76625,28070.527711143186
107370,10729.37458827754
87638,8652.428287932975
96040,8654.044806168506
97299,13576.33093346103
81301,19296.82917419165
83192,17108.958456801098
105291,41443.49997837027
87135,13678.693925800133
75985,30282.56516428444
82125,7799.647619829285
87636,10147.304646951074
78783,30040.8407424879
78662,5317.7001974736095
87134,15960.815328629824
89451,6632.146610074061
100098,10719.488927618791
88589,8206.035743055141
85831,15249.171577757385
101724,9836.34349031195
107345,17764.19359765298
88336,14069.838024839884
105588,11506.94328422403
95273,20705.716982357102
101163,8901.313679213203
77479,9128.511277358859
80339,24174.020360803726
86561,10240.960968743046
90365,13372.731333191325
78103,15564.91612897789
98617,10785.230928477315
77621,33781.12685783516
91901,23629.16871436234
93087,18891.38569490659
82739,13781.428950454805
100953,7677.079614994527
80117,19600.991363380457
84174,8749.116475588788
106828,18315.444395399325
90803,17836.14593482559
85910,10732.7060651093
89576,8789.357208732757
106572,20352.488714821113
88570,20160.280957823157
95066,24269.910506903874
101114,7666.922545080877
90936,20963.34156008967
99197,8303.729556129822
106363,8275.576795965908
106495,12011.320623859501
77516,8689.003884915128
88093,2849.9489851746084
95483,13604.279278509237
93513,70481.634785904
102348,6511.727291286412
104779,11361.063277196376
90381,15993.344947421412
90866,17001.210476224853
76005,28963.32000050707
83160,18398.989876001222
105547,13702.447157443903
102598,11468.755929282876
104485,20114.47114778517
88186,5851.51638284097
100958,6276.096841391484
93967,29431.846044798443
93296,17581.000999469747
102906,12376.507910958602
96380,14122.859916809608
93298,26015.10023473154
84722,15410.51586905169
76718,20958.157963776786
80056,27744.31852985509
78850,19051.294194798487
100715,8829.858339748342
97058,23010.312627027975
85906,13797.384274240285
102477,7522.1618112486785
78624,49342.767904334985
104387,18033.60533637276
104252,11390.145343489488
94178,15273.16270324904
106337,22236.442201366597
105385,15932.380632874383
83119,8837.12385240883
76930,16127.198901312684
78083,26653.926990584572
97868,25940.495425480258
81081,8805.296999673914
102325,7876.104314467652
83604,13757.779559443446
107825,5838.978655792829
105577,24825.26720755594
107308,9471.196571766444
103876,15585.981530642483
97378,20606.91022464036
89508,9687.085736420422
86933,11086.717689496132
100033,11200.106183442424
84820,15965.435751501002
88884,11702.630893969294
105458,6067.740262358368
103164,9947.473600480736
101838,6119.632733660112
97811,26120.472137421846
93826,24716.204213396064
86364,6823.226965567644
95317,25162.25102429022
80613,16578.8333466845
78372,30739.952859821347
83283,15392.795271970816
93249,29568.66963225024
104303,27955.02097524272
87973,24223.43322343841
89997,7835.44450788733
103013,7327.784626956091
85570,10569.298485245956
102979,6211.992073815936
78598,9487.515693843001
101402,6188.782741123827
87313,6225.595356532165
95505,17842.019181243668
79319,19894.83596240058
95230,31770.012562334083
91808,19663.46749131113
98678,9780.997254939892
84270,11094.050166345276
84932,9763.137665940172
92433,17612.501974845523
95944,19158.77305600635
101180,13803.919284623966
82624,18090.658758273123
80920,22370.005695911244
99771,8918.036852351102
86425,16944.71804165918
92191,18052.17718399365
85940,12289.996709865381
97391,15154.802954740271
101341,6664.693833390345
76066,19114.01258828251
93226,19974.599356368057
108367,10035.460428726346
83144,8398.698178372293
82764,9426.365112144853
85112,17666.08740779523
97167,13392.407880647179
105808,11875.225332575099
108416,26750.11387408927
94695,37617.69045339679
100332,11245.6040222971
102829,7817.20494909124
83817,6571.729822772052
92304,25264.336917039196
104385,8945.45356606047
77858,25315.852037973324
104454,13043.598980638839
100292,13950.521082810974
88759,16603.385509888678
81746,16050.992296190472
98246,7185.404789768798
96680,9139.408302784035
84163,8686.23777226794
98135,12130.033493674737
75975,29832.128280308218
92064,14068.570795981932
78732,20212.36735377329
99528,16412.750013703262
97651,8207.542977256631
88195,10209.268111100104
85398,16180.430239675727
105940,9497.927591713524
83822,8491.051265627166
79148,19810.208100029817
101011,13670.142758814069
91642,26015.10023473154
92277,31344.640054209493
78438,13581.289145233546
103126,7407.515982632818
90247,15965.861132738937
105738,13140.185264202102
91585,22585.22857574329
99313,7180.797983644083
78484,11090.94730959803
91221,43493.108704280035
102068,15976.871888261856
103027,14330.903566789399
79594,28724.862976703924
78290,18596.245992432567
83059,12122.061984017455
94542,20281.60620223182
80450,14910.03057142436
86055,13447.560951870215
77128,22989.893967389544
78459,23504.540788680806
106614,7942.825595830479
100580,9046.877589473566
79200,17647.899057694158
90988,18280.146517994424
95354,56936.63547621091
95524,19807.448320605698
89514,24370.071695311028
100494,7700.620762395589
80365,28711.468780913387
100498,6127.695601155303
94820,23086.47150597706
95203,16940.731925933247
84845,13882.709306243953
103726,9697.838063510537
78164,10032.26687651239
85894,7731.781347379975
83974,11351.283362975966
100042,7659.21360764322
82641,15911.234691615557
89331,10188.679496648167
104138,18212.209531663015
84136,16439.337269953805
93037,22438.89049720323
88791,12306.035384900062
102077,11009.556542181012
81882,21770.36348374765
98035,10131.769314286825
108194,22358.889722013886
101297,8220.778021730603
98938,12651.617897747197
98486,9031.572856907183
83293,9064.755882714888
96404,12459.556405603733
90115,15993.344947421412
100205,6473.918639270268
81271,14818.786178718507
99430,10590.858970077963
106622,20798.145699033113
80213,24375.074323991717
106624,19348.014751180723
89907,9033.820402459625
92178,13884.877357845418
94849,31585.547583366606
83585,7688.249506828734
85742,9221.190576851386
98510,10681.886370387158
95629,30996.693140987063
86114,10724.268833563974
104028,23384.553679777662
78862,16133.849100863748
100720,15777.592572112448
97302,6437.064995995256
76761,15577.267773442496
97918,23534.161680218636
95704,10226.62790718271
108116,39669.982138484316
101381,9428.958490470086
95542,17328.66422843365
89609,17111.10060611879
79374,11446.884312518756
97399,12761.839729070347
79350,13514.978591870024
101700,10502.25450457294
76556,19265.63369320702
85945,9754.604313702217
92706,22912.64760561694
98698,11948.123993831741
98683,11765.293207289638
95706,30450.88492622979
91170,30228.7934994135
89870,6926.6350576816385
105665,23854.27596856743
76774,16298.499411836758
106996,11834.632567713712
100111,14462.474876565217
85146,10122.79068818534
87623,10026.353831954626
106125,16836.66958099616
81146,19119.743705251403
82472,14946.2221490323
106621,15920.234247717477
92229,18172.815975177633
100574,9577.84047504044
93325,21633.707722443018
88820,11715.892271864916
95448,25203.939710866543
94293,4321.037822627215
83682,16699.048775931064
82826,7357.486479886584
78729,15541.150700272281
82431,10132.697845735041
105701,26726.021509921247
90828,15020.369132770069
88782,18027.16755662979
90765,20487.78838870069
89779,14638.39666423138
93973,28537.549680078697
82915,11135.275915723729
107131,22247.073884854395
78143,33213.47623302169
101557,14319.723608596178
81060,18727.438426667464
88032,17499.757454099352
102913,10215.91153708228
84050,8272.928419054917
97797,12665.302146891905
99183,5124.739696862246
81588,26606.13097488053
89819,20692.538091697417
86947,13031.279192579152
107568,22046.399480945794
92085,16124.087165313857
101729,10710.864801466796
89417,13488.605882364374
89797,7970.285752480424
89349,12131.16550023276
86040,11070.847251515195
85454,10593.926836521241
78374,25661.223338018397
84084,7689.1577073529215
88370,10817.571839423028
99555,22646.04983893207
91675,80581.64979481797
87112,10229.48748698121
96235,16306.284421368116
98203,6955.654186826842
77675,9781.122771184771
98775,8121.507041028111
81614,28474.665043991605
102391,11445.158458695245
77097,25685.04841643813
80494,30361.1138161978
91050,27644.283653074406
90412,7871.041297321105
106318,15220.551706533368
88976,18397.121424097793
95898,25377.55585277082
107839,22452.454398184298
83737,8738.465064691609
99929,13871.680232144856
85736,15509.385387433647
100856,10793.261496930378
85708,14062.009891822792
90131,9381.108760042833
94568,18634.70068280353
96466,25446.201882030735
100117,12080.838874421823
87585,6702.873383459195
79106,12041.835968182908
80237,20911.62220185592
91302,25786.180442487825
83945,15302.996827533023
80650,23827.979278677518
95104,20241.370852584612
96677,5519.389578435934
100682,10462.337258537209
94464,18973.447079336613
89293,16422.47528817521
102107,7204.915183073234
92219,27952.596613490045
87853,15468.631585329329
95391,19732.115029087217
102232,9864.365497803263
83035,8563.24473173794
80636,13020.599238077803
105398,21789.82989203664
103291,9993.745560896443
78340,16846.274982281982
107130,13657.870338626226
85694,12220.358288259735
89901,7242.717721738734
101501,20596.560938323502
92797,50648.59923236856
90279,10105.66665446435
92115,27459.16226557345
105910,11838.419221693319
105226,15987.564162552004
94797,25521.60056287271
88857,15736.951179818527
91374,19859.27009557658
106841,18675.654336671123
90283,15027.711474406331
95421,22728.706540246803
102374,4664.44223165743
93581,25101.402595418134
77463,37716.91764011274
94949,21078.304514085878
79220,19548.069360847298
82822,20902.897688048753
107897,6506.579925209022
77398,49213.72756426092
99943,15136.794093782813
101334,6975.746916940971
78664,12814.129620707861
98917,25370.581181974772
98320,14636.465502940897
86414,14129.292491332919
106690,13680.57869310845
103656,10783.519756346423
82816,16417.89609370554
92595,19367.9078158557
89058,10050.875387081704
90981,39074.96906173449
84545,27926.47772146324
85121,10377.413817550349
86786,8242.451849952364
104318,8392.934560282709
101816,9674.359976300835
85525,9466.399005926845
79169,20333.678142676494
90473,8743.424374059325
76459,31279.016025204244
91881,20056.690650219592
76343,15358.200455043581
99475,3598.445950227833
76756,20299.482884560162
105158,8356.42349956732
82355,28986.63155655731
102382,11024.406947517395
102739,10252.764066616
95595,29175.21964924357
92655,20527.344519418202
93230,16451.253141374997
92502,27663.02343118128
78020,11570.764051002552
76077,18139.57215721074
107845,7418.497315397873
94272,67957.87212551908
89239,17092.335046683016
81657,23428.5003217494
79605,19092.824699838722
92466,27472.01373308308
89062,22630.31967298402
91866,21624.842924713696
87629,6878.5767014355415
94495,19253.7625092156
108301,9507.841893847093
97893,13968.296731278555
88636,11882.392053435182
76642,10722.74332456941
97723,7299.435748264052
99689,10854.110288818738
98669,9391.20485127742
107547,23951.391428078463
107324,20389.13601775234
96837,6474.469800507832
87607,8247.249730267053
77412,29567.04006046224
87012,11944.579294178315
106509,26928.67583000243
96290,14232.085318902627
98997,17012.624603318673
80784,13574.217782326517
79231,16973.763319598012
99071,11241.272214948056
95343,61438.55085755558
106067,19449.490093980236
99385,26613.305891404467
108247,27126.626395666597
92030,41979.114505818914
106907,18274.72302027872
83305,10844.984740448263
77537,11035.11289181287
94191,29611.98145376374
106218,10070.25766933727
90895,17868.622808443753
87733,13647.585550868987
85938,11456.552735738696
92778,17781.48291127449
104351,24734.145159250336
98023,32589.355310738145
100496,10302.005522492265
99703,20404.203250289036
97963,6013.461266984965
107514,13596.09168343032
90147,16797.115801267693
78976,20047.196081880826
87951,17170.24625649596
87689,19474.071705635542
95720,34217.68779611411
81362,14522.808291407573
88028,8541.648805452409
101241,13538.28485540677
77282,20081.10577752334
87318,12218.085099661665
95832,14368.624110422668
93146,20659.05116771802
105053,29739.62421636701
106782,23413.624098724853
95641,24649.955818131588
101467,10607.569552660147
78487,19219.73339687849
97221,9301.422316141721
88550,13593.29049317196
102969,11782.33126799853
91727,31352.400339282915
102790,10734.434028083244
90218,10122.962473424885
95243,51033.59193573766
101112,7784.410503697742
85231,10382.81747275388
108368,13419.484434016851
84764,6610.2029737365165
104560,21915.983306627742
88854,9386.64718405075
96342,27144.292468950393
97363,10841.786125113791
87222,10382.660410738155
85750,13489.111477505387
99457,10158.028483752727
105834,9502.065951938255
81230,14275.365344467527
89905,6515.056183823257
99107,11858.583492320317
97725,28001.98190566785
103383,7996.327499329748
101881,9691.321732232023
79274,34480.27037123381
106126,16535.43115338755
88014,8023.875765732861
81379,21380.968126348234
76685,12065.692533985137
81756,33237.220853811166
80382,20369.441531603814
87661,10131.433151583597
103160,13733.48687894919
81893,31889.97293696564
103538,12532.035670424371
101780,8674.696744110912
81384,17574.834624761286
106350,27164.748980956356
92907,17996.499595695775
99538,13735.715326504114
79214,18222.056344920362
101909,9842.480439975445
107864,16921.50829769358
100524,10603.612618478433
84466,12262.355283674253
105389,21971.731297360344
95621,16087.602988303865
85294,5710.8167003274175
101831,12895.466197486616
104539,18529.368950000902
97418,22148.879063803808
84417,13518.390524659168
87082,8463.801594779301
90484,19570.63280704486
94455,24195.50613802994
88204,12498.716349650693
102964,10690.089218888606
83265,11894.429338081274
79644,27854.233328252652
103662,12173.172521074866
98160,17879.785758579375
86602,18845.558518664908
96773,18582.52442182622
106258,19965.39440764181
93161,26673.891368987373
84913,9280.462616815805
93566,27997.944774139425
99048,8868.27713818427
105009,19870.571422368397
78907,12770.357370517824
86767,14561.405229141845
91280,35204.57312827185
80284,9933.954304670142
90664,13060.045892743354
82570,12186.294752509415
97344,6539.494615611065
107585,17869.909397657088
88462,12119.939041935691
97190,9370.66660902495
105578,8005.006265337712
100275,9831.15992646914
101818,4326.285934487097
96900,13595.956405973782
107149,19641.238012951144
92413,32612.997360749785
79385,33045.9839927756
86389,10263.608161472988
95212,22071.293343445755
76373,20706.81999614364
78959,25029.199650817598
88737,6081.726813746038
92016,38239.468477559225
86224,22003.24594979624
82578,10099.52731109011
97155,8796.18119502736
107701,14857.330400310226
100516,6413.680799845283
100278,15103.825485754956
88637,15481.846349801403
82527,10915.96452394539
84753,7775.311095858502
103714,10869.267160451773
100322,12223.211717906606
86770,11912.523123165936
81754,33326.887067513606
88214,10635.39516568494
104113,15046.417993382152
104421,4332.319133298841
97736,8291.300278193728
103535,8205.983223275112
83206,16220.733469780165
106330,9826.509970682922
102339,12517.797986578935
87709,11595.028007699686
76492,22040.05762101616
77728,18757.978539917396
80481,18689.603830710865
103158,8482.823216616334
88892,13424.904709563125
100388,10691.432516052413
92082,30007.404283419288
81236,26771.998545141003
77042,12288.682405650672
91157,31301.04022583206
84392,16665.15123015991
93436,27853.321117752897
106487,23759.49030848253
76638,12352.069755899816
100756,17234.47929757394
89769,7758.9365330756245
107047,26496.43730678016
107482,11826.771595675644
77672,46510.24647939412
88137,8378.080252258214
94234,47550.66575596222
100690,8963.441204874985
104730,16410.674705981262
80889,36470.54822599997
83038,7656.381488902404
78952,11574.919501473983
108324,25378.55609908199
89723,14504.983890078542
84963,7932.5990733391145
82834,16521.160836066265
84141,12732.565269323215
94870,25414.45658532726
97980,19966.73050798288
84101,11358.606179905864
103187,9711.536219973867
89617,11284.760212424502
107178,9408.564870844435
92448,26055.21853834716
105739,12958.916744551281
94934,18199.007349150685
106422,9405.936048648417
84357,7240.769035010731
81219,16665.849033230217
96165,8926.182448088288
89437,7787.710161270767
107434,25322.385149649635
104751,13748.604989713784
79869,43806.46293865418
108255,20166.718239739275
93706,15587.626619454457
77694,26020.86775842849
106112,32654.61949344537
79750,21226.499801894268
92715,26249.905392155077
91183,22622.918935350728
104425,15729.103525729673
91695,19240.536789618105
107783,23142.200105431326
80023,30766.65205796286
106551,12087.19537042218
88253,27289.938723643507
89867,15149.362484447267
83678,16234.096165360641
105660,18208.831543377677
88202,10294.729624946127
95119,26917.429202174662
108260,12419.116952535735
83078,8050.053799419075
82345,20072.018324358636
83217,9682.270361831035
87850,12712.639279280855
81035,44598.96747104883
79575,30662.30038180749
91737,16188.157099301046
87829,16367.681825378948
83729,10092.275163593547
85611,15766.37881814564
98402,6920.302083633641
92385,11564.486710089417
86408,11857.62527113311
86059,19222.679570274242
95741,44884.267030145566
86739,9453.397758466568
78929,24331.71034115794
83842,6341.140768342351
87907,11473.277798041117
88079,16028.690278508553
85643,10778.704584494313
81382,18686.53070176866
83493,8947.198251523921
93460,37187.83183771755
80412,31088.098900787987
88171,9349.879298711274
99783,10544.075287208556
102777,9346.16105044167
80663,33282.29430889551
77531,11288.677554772372
86865,21672.0273976499
78461,21415.36951612992
107352,26002.812970108083
94120,10265.397791992531
79496,20650.072797615197
80515,35993.930901862965
91344,42079.45570918633
79373,34775.13951625973
96220,10435.801146129912
93246,56489.157414231966
106908,10282.230348357458
78245,39298.15727908064
94731,16097.499046779936
90402,6729.530808701667
76206,50603.37859011302
98559,9446.673884636539
88796,13295.621525665918
85816,16496.724858260444
92649,32065.11204155552
101935,10224.077792684147
105463,21406.468287468902
87365,7960.624893399425
95227,28846.06150320274
93234,13150.76846730574
85937,20029.045231978685
101266,12389.69921059071
99571,10334.894950032363
85700,6061.448013967435
107102,10491.831264158154
89204,8507.785248859407
107013,9295.192830106074
89174,13615.691500769852
105413,15800.680362164176
97676,6866.214009120949
97236,7656.659742547254
103159,15456.124040822711
86515,14689.955007332073
95748,19095.705806263097
103941,16978.838763261312
86393,11020.170758667904
100154,7483.977681902337
96775,15071.766566345053
85975,15682.723196265473
80620,17570.470982297462
91545,22398.89920879586
90512,8740.28955540193
98423,12949.029488730514
98191,12673.361376869494
92713,57470.95566577706
106242,17800.660378484383
96941,8268.623284327601
91711,15930.788233434638
93194,21340.96199504144
84431,17797.402639224016
106092,9965.52589293186
77699,5955.983483595488
107042,21828.595860196485
94581,111463.37629405344
94719,27001.46221548334
103203,9882.484340203448
90527,15218.160614102586
105553,9862.995526401692
86257,14320.448970408197
108539,8399.502336717414
80580,18122.2387266275
100564,7501.939974084857
107330,15198.198986223722
91726,19298.026471960296
102084,12921.244997362743
87088,11850.825496089588
106757,33311.600528859744
77040,12358.622929361687
83253,12249.704516485195
87231,5414.500140083738
86913,6696.386812694212
100372,6465.423588666696
104194,24631.561058140884
91979,11400.170624501132
82139,15451.11724345973
82434,10648.004290265062
95418,23386.91511181477
76862,29900.713565395046
76939,12881.140885932113
86454,18266.20449434298
98632,24711.06927066608
77936,29149.314238985153
85823,10060.698603220686
88035,13365.520040879732
90469,6026.304117195389
77882,27909.880765459624
91663,19130.611585127735
84326,19428.886213813064
107834,13601.619577803827
102220,13591.843080760542
105246,8988.890371348287
107828,23142.634759123157
78808,9491.881041355884
87428,14230.129014520891
83186,10810.376558841263
83578,11432.67845161806
76948,17554.73674487184
78241,14634.037826186684
79743,35351.43200904879
105523,6754.533167303865
90957,13937.463526363119
100382,10126.5484438958
76105,16279.04357625363
86104,6207.320673542764
101922,12616.866201331437
76554,17802.69471290751
106985,21571.480428406987
85689,11957.729321537407
85008,15995.064593816192
91965,16959.915924547768
76366,32796.16759032711
86191,14535.779094846643
99663,6714.346656396005
96285,9321.172952192572
104099,19432.970187537987
99056,9128.544736276632
84374,8868.497343836247
106354,24044.438201037712
93698,46485.23640653722
96634,8747.57511274479
84156,8053.808865764138
108084,22429.74355274809
87399,13754.643111498977
105466,26041.606228687146
80586,26204.742022544677
92580,9274.35324738033
101845,5039.585486379242
84566,10781.673645014233
90141,6610.220743909551
108378,12111.542156590669
98277,2896.389352190979
95092,39827.39470771321
104064,25045.08643700977
107637,9518.113169312432
97365,14928.540527052543
96955,12715.683032983745
95760,16726.031472572206
95872,23334.984455726604
96240,16758.520997321535
88163,16916.9682282244
100611,16092.558227059291
78881,22728.384749548837
101061,13760.588726774393
107426,11900.67240708436
84044,12541.924319856598
104552,6495.841454358015
94780,11373.44848510109
91863,62319.29187374955
100864,8627.000923477648
81237,18023.21526164053
82136,16882.00916914981
95905,12961.467775233958
106384,4114.9972602794605
104293,18979.863716214328
81454,18680.541184516973
107302,22351.944856568378
104291,22343.916186319802
82868,13800.461473584664
97858,13794.029447611641
105855,15395.882209793275
93166,17589.98297354233
94741,29876.72432742134
90290,13619.342278559892
89573,8103.387249939135
78623,11671.805703009548
98815,10566.894832807966
108391,8972.700048805911
84762,9690.586848277606
91318,20659.05116771802
79163,17915.57308147732
95977,18052.940496853156
85867,10603.04577687779
88322,10010.049801637108
79623,22143.15323107399
98269,9027.802103820562
99650,9028.772348941571
107902,10538.695269055666
105941,10327.630213025548
81949,11489.392421339864
79343,26068.11588346635
107578,18922.068982042078
99489,6799.378083119318
85577,20649.06955881956
96815,9821.34124498126
101625,15696.842178909721
77737,14955.691370491144
104092,32212.978348101547
100181,11655.071398814454
104928,6598.2462093241775
98913,6760.523033271176
91602,36504.00441082208
83876,19425.318980113163
89307,9278.546965175678
94093,27007.731040629747
90665,7244.213861716671
89424,15665.402437316936
89966,15011.632577764696
87512,15608.60651207278
93925,17201.052585354166
92819,42493.951548522055
93100,29466.390749142975
84387,11975.092571030798
102337,10972.569992804658
96351,7874.683437012738
84790,9984.365648771898
82257,9299.206212848496
99957,15249.69384859449
88917,14167.864639224777
95068,31410.20620704754
84509,14385.54099245107
91624,29687.084211892186
97851,12802.596426383358
88699,14990.417364978013
100216,9189.59956124661
103752,17494.24693904104
86444,15184.88072115431
96692,12944.815361907382
99855,9581.11081543501
80299,33016.20808359316
106960,6884.289389638045
97471,18294.667583447746
84560,6895.82174310719
102670,9453.378206747575
89279,9520.447706926057
101965,12999.017289867621
97569,13153.05652563201
79614,26943.472053307505
91772,27943.81025531492
85007,12182.17996179024
106561,17653.466951657283
75994,23500.646002253263
79691,33901.20339088524
89364,17398.282390254062
78875,13896.98422892405
107066,30091.50171525291
81507,25230.174657537376
95249,20793.48161003148
87015,8633.47917949992
91324,17071.05651487808
76752,5616.257790707215
102171,13707.294475386287
101910,14066.94543470491
103619,15113.00556810445
100128,8909.409145576472
79404,26294.24211334881
93180,30037.012355641542
98208,15930.61838989134
79595,21448.155615251293
80232,28668.46993492005
80698,25832.770912461223
77442,10682.42402102138
89295,10888.370225241375
107982,8433.877457198898
104260,9099.003514759139
107081,6918.101473769699
84397,18711.30810970637
76341,10491.260002720484
105837,21312.77595379329
87758,17070.99588316562
89085,9813.62472387888
85464,6198.346219936311
108404,9838.493366695942
87357,8136.1336312630165
96567,11263.433820780549
106723,6528.207030601732
102198,6972.780929895306
97673,9918.940569280037
94078,19870.80064351635
107507,10189.10223489376
97681,6140.976828041191
80033,6991.5654718516935
86656,16784.349018938192
77797,20507.204420757695
107699,20502.8535303865
86945,10874.080824662122
105222,4533.9806263161045
104904,12068.09969958611
79731,12311.908771592536
79205,30617.43784492868
94275,44844.603276652444
83219,11410.52281135938
93926,27632.484227401972
77804,17487.813875528103
84512,16591.880104496842
77215,11025.060585457944
95226,26578.32526350066
102992,5871.1758883422835
98108,12725.010174240357
80629,12621.014603930904
98788,13552.13410837256
84971,9438.119143625596
97484,11956.097111030836
87887,10104.016192686178
104294,41172.96858487971
84316,8722.055669331003
105685,22148.511557530957
84866,2479.2022075242908
108412,27345.748389748154
83463,15720.202106926079
105005,18014.211009202685
94134,12608.9413800301
87832,9510.712615405748
106089,7421.200269991149
90745,7024.0734759117695
93579,10069.440092270534
77750,31940.734509129135
101618,5593.778338061039
101148,11428.810686934497
91084,18105.44113128824
87106,15484.099809647974
89045,8852.58131485652
100365,10900.437904734845
107100,18874.86982230894
89836,15584.967425238041
90463,10753.06703976096
95908,29463.87040218823
105700,7722.286049652975
93105,23789.587949730867
83244,18604.019562152538
97603,13899.505545066464
93616,24432.127114274856
94245,22755.353712240336
90752,14597.535202965004
99594,13316.973969698853
93068,36981.83223798525
88443,11198.896722471052
92592,23033.41393258427
99796,12343.573405194067
101588,6849.8919197807945
89633,10038.399648112732
99577,16917.78863146106
97165,4556.302833722502
95686,14385.690628432589
79266,25987.686575588028
76351,24453.732482107156
87457,8458.860052124684
90220,11284.760212424502
87855,7570.387649277482
79818,19949.023822765368
91024,23508.67866949617
97908,11948.123993831741
101556,8432.343915779227
89750,7719.703583148994
107781,21062.094983246978
94151,10667.878472693406
103214,11710.900075793226
89012,5735.4048849297305
80997,25771.13791961994
90002,14523.02902271162
88243,14003.32108275432
77631,19531.220672175383
76185,39735.99826816
102767,14343.92352584745
96776,24255.03117580005
107630,9816.153135595066
97550,10437.405363913573
91871,17230.23094937428
84499,14028.356870092453
94523,24610.58965416995
95467,23458.207202195365
91735,17177.616460329336
89874,13542.291813775379
90168,7847.309998720748
76765,12589.274809496927
92590,25258.21455430707
100529,5354.735163496387
99330,6518.438449616469
92566,28440.011394613743
85303,19421.473297200748
108401,9710.245377037745
107621,9250.589064581354
80471,17047.71351466828
85478,11059.772909811021
78386,21768.464922686497
105016,16908.277134264754
76807,17167.635178052093
85036,4751.098679775427
85428,9809.738328021616
85783,9625.876353427795
88510,12029.061906490542
89262,22302.904164555683
89136,11046.409276680622
77193,50867.11899748215
88928,7459.582373299194
85930,16349.610876711218
93387,24310.846168451702
87348,10610.357828441976
106766,10931.56164292511
94358,15997.496422904514
81582,12381.867283423173
87880,8558.231090724092
80554,27964.737230144045
103295,10719.488927618791
86265,7233.557036155258
85650,5430.72573042782
78496,9668.464570564578
90155,5423.238393813496
108366,18054.76141133816
95435,12936.764680282848
83433,19144.580473131962
97917,12267.846723467857
80755,17342.044111943786
106070,9093.930498048652
80354,17485.412065260472
98453,8634.26194680593
100106,11716.262803187714
90408,23243.126079749054
83615,22520.451740058
82425,16751.885131471332
101993,9639.033408669693
94522,22344.781724581953
84782,9214.653322553138
108223,13462.436177518533
96160,8756.68178267402
98432,12732.805125049143
105363,9947.870480998048
100535,5929.673850003193
86591,6528.695924980806
104667,20080.72164099547
90913,19257.98713031754
88935,12831.555336782647
104570,12378.79793507794
83610,13095.185887482896
92006,6149.59639794961
86169,17628.38591522289
82827,6779.577462379608
86592,10854.528029059022
87212,10622.885550427163
97120,13401.886080477532
77359,16133.784158311724
104752,17800.660378484383
97296,4344.2843195332325
76528,19055.15090415008
94678,15389.750622897604
92677,16531.86072833994
79068,17529.586253463163
79258,14383.23470915656
85903,18889.36080581369
85139,15763.965960208545
93427,19049.390458165624
83820,8840.952860522679
77286,25863.14252379643
99210,6933.282092969665
87068,11315.573571684963
83423,7206.330455423535
104277,13217.543083858905
90679,14182.218219633563
87218,16026.528157785011
85604,8035.542240411399
81045,29289.181102982013
99525,11301.065121929616
102332,9742.667331855622
81248,19170.746173596755
94626,38580.909501574344
102031,5648.333573138074
99240,20481.179379487294
104198,7696.806892039285
103296,2413.0305139515926
105530,20847.643609406467
77830,14087.882061981401
107707,42654.41092152467
99875,50772.1124386591
107727,10075.075231651572
86279,11041.714410829927
78738,18609.5879192358
77514,17710.188602191058
83235,9461.929017285454
96964,6592.448427194475
95157,27107.20833265565
84407,7198.614800031848
107930,14237.706219530619
100103,15805.144131312278
97895,13596.605112296269
96823,27521.13068722681
85448,8676.366759376213
99246,13591.311271068247
100586,16558.793818754722
84536,8558.231090724092
79744,13094.009828213324
89433,7193.106328134351
93466,16646.301994925805
80628,37651.09696892446
105144,28609.239150323963
87407,15080.052446395304
106295,26458.03508786083
84239,19333.004772714616
89362,10844.690752443945
85099,10936.995299413875
88071,4182.414334438245
87696,10912.552631197335
102512,10000.181288476771
95911,25847.459127000388
85069,3730.235830200567
77710,27225.308220545467
106234,18533.45783624722
96338,8936.020652857173
76534,31663.84677799591
91330,14071.336256161701
99229,11982.874694625414
79318,14326.01599534243
87465,17147.43830485886
85327,19043.904493770424
85601,17712.630131831575
84287,18735.055736279344
99523,10910.625385189558
85692,10262.040205705462
101573,5794.7785885177045
97295,8944.251791846837
106567,8690.80635137814
76031,9085.10791604592
96219,20541.46551276331
103153,9680.424191173568
91126,32210.016827102474
106188,22999.952818447055
79174,14456.244310975942
102013,9454.329666923593
104603,13368.28705432635
94006,21501.16211441769
108326,12887.620341926324
78483,27279.388490331556
85801,13035.202610140668
93295,21476.222902202368
107744,13671.510797987443
100171,5679.22277093942
106558,7106.811238597773
100806,10620.265512238157
87732,15844.637907300801
96227,30015.860578238473
92111,20681.529382502697
86147,10390.479047250989
89519,15440.531794027285
95271,27491.864700422186
95264,28379.652641133
102294,15696.842178909721
81966,15772.11253638213
103012,15793.557741364597
106989,11502.356783862122
96772,15620.778705556068
102972,10211.42232648028
96306,34396.14111011069
108418,28342.127834163934
78045,15177.015248617434
88095,21229.781511039164
107561,20569.232820911853
81795,7711.869524340256
106736,19865.163892939738
89308,21083.55041393768
92852,27777.43898492887
79486,14270.818201734666
102942,8751.222008185758
104342,14391.891281793804
92242,33803.57991620172
107000,15510.257431845781
101869,11578.325261307862
103744,10103.411265177721
92316,20610.065157720066
100386,9907.541495932895
93123,67055.01103428227
79755,65027.13445343898
103598,12382.905293077742
85309,15562.918131446715
99062,5840.733717334698
106747,26033.481960334608
86675,15029.415903122608
78833,13283.930098145716
77194,16301.432594495907
100977,10415.527833052218
80837,22811.49504343674
89253,18733.322856331637
99368,15892.576979158948
82058,7596.635490220092
88519,15201.226361018002
91242,31084.27747298598
80897,25715.42982894754
80505,10540.509984991115
77645,29306.57978118177
100818,12318.848936379427
101021,8380.311903208083
80028,34959.69591120618
105669,15131.726319518348
105092,4815.228152575688
85973,11182.845963554886
101110,16951.02288063168
87926,20228.445352351013
102411,18661.99424104578
86210,12117.515828156489
106999,10347.06370038905
86228,10463.47309435446
89278,13154.823169728868
85460,14974.923438143482
100527,4710.837371059207
88852,11439.031152331745
105762,16807.901379803312
100149,17560.614375916677
80290,18087.994662873272
85953,8101.641344891016
81492,17130.78909242683
76831,18875.55367114058
106123,18517.93525908659
81945,32751.176441230145
96796,19657.41567148355
83848,16349.695680979297
76568,20948.548253185945
84777,6014.293189643563
85159,11589.69345622964
86943,11567.265111622191
85719,12828.737905657643
90325,2657.9508645359465
102061,9340.37387010837
77924,21902.719310653873
85093,8259.547542080083
101892,15578.822916087947
100848,12071.695207973726
98725,28223.13035802874
83883,7429.052949323941
90754,8247.016131921964
83803,6530.246582901863
78486,12617.842675660318
82705,10106.445925521773
81532,47212.550485573774
108285,25156.04239462246
83833,10631.499653939796
98263,21908.586161177267
87000,13805.902149657737
80673,22479.601127406928
78206,27821.225228322506
105718,7954.1627338140715
93533,21581.97365201398
92133,29296.57836649879
91065,23958.596594003167
87899,19792.08312522685
98017,21350.91673878841
99570,8803.643946514298
85188,17900.493359107506
101319,7442.143639027212
100142,11627.930875041768
100019,8583.683127192591
96598,10593.230203958517
81397,23750.386976292208
89238,22877.564231329696
95758,16872.537137925287
91540,15512.008300619327
88474,8389.20330376065
83465,8742.376994962335
103092,11696.128631899748
84968,15269.588921796538
77523,21893.804419232336
93366,29276.16927951278
90815,10201.449063747903
86902,8187.1614793062745
98479,6422.348061849593
81068,44498.68013283279
93005,13038.355506645154
79216,22561.742779794942
87027,11736.829131473845
97332,15771.68090825181
76700,29833.693644807416
92098,22435.282609659425
90564,15413.487790803329
85106,18067.219221707277
107907,20476.15786168065
84142,6691.188218772569
76304,26446.47815420485
83000,9809.244889482206
89782,14523.823854653361
76184,3982.9309475286987
107539,10763.423670277356
78236,31314.12817687791
82316,19790.82955369352
106526,10301.40171109091
94138,22152.36567711175
87340,15794.992188010556
79516,19829.298182208295
77411,23922.716755404475
86680,9957.425880963528
95225,17369.40394271985
92224,29622.511849087212
94791,18275.86884226523
102989,10143.688088674198
80765,17672.323832861108
85393,21291.71441196662
104860,18974.9216273682
102484,13217.466667237723
103672,10659.969701953367
82448,13633.83977514227
85479,4452.260763347392
94775,28050.42900399414
98729,22418.703420535538
76893,18277.90147241028
88144,12077.417375118785
92369,12307.480450103423
80841,22919.235238937603
76791,18291.8469373448
91845,15794.576238253176
86949,9793.294666264563
103913,19322.024480501368
85869,10614.714730240215
76426,14461.284038153386
85214,20475.635720655733
95332,21747.251136944724
85821,11535.614524180233
79430,20918.158433132397
104573,10708.417051706601
105788,15844.47557011528
104867,13522.143382769997
106367,26739.64073014287
108241,14976.805106362277
76913,40709.97878476381
78712,34960.666797945996
87769,9554.853036216087
80169,20665.993398393803
102028,8891.71376929856
102001,10984.501375943619
107798,39984.58290406436
80044,50032.90884349483
93757,17645.679413414502
104233,20625.841197560814
84195,7337.851337015058
84096,8369.860642304937
82336,18713.27613372645
90423,19477.22234188985
81769,17226.043802809123
79650,15217.68976226628
84837,19570.58247323081
106303,9535.28891941229
98551,26903.162106503412
100452,10719.488927618791
81161,23404.854107848474
101116,8252.837639058498
93465,17461.419633723122
92749,36435.36397789486
86281,18636.089293636902
95586,13033.048374351487
78235,27036.386491947876
102754,9369.695213958721
100017,9032.290227201738
102637,16090.933906411337
98192,11902.479689191161
96683,17482.681756208778
103968,10698.034346943352
89159,20471.48093009618
77752,19566.203553569598
78526,22632.520668731293
108387,21649.90032213001
78659,25578.451181198012
77013,19679.985959176647
106480,14085.184271344195
93920,25603.551643487488
92912,19675.925356636784
79044,37086.11878563263
96831,5683.618597723511
83502,9647.635580695638
99420,3368.094539635057
93785,11788.496769001435
83739,18553.17977909916
87018,21296.569115589693
93773,29657.836931233407
101674,9089.940306949313
91655,24486.744191726615
104412,4806.4641709576645
91636,25585.34275246322
91101,16272.049093400772
102437,11438.218069779028
96958,12761.651515852833
83934,10858.90949108133
83372,19431.740149681384
107296,13111.402552822261
104909,19469.668600625424
103886,10323.446228865841
98858,9853.690027781984
86276,11493.15609075665
98148,12734.62217806363
107294,24072.968164859925
81812,36461.58579844797
77997,18550.264408869312
104626,10499.75442266065
102424,10249.158515513549
84992,9890.542575697136
86867,4558.818510614494
93370,22741.508359579384
90804,18105.97082496484
76001,12184.138622524195
85691,11257.923807758514
76328,50795.98187949434
79143,12534.897046056141
91356,11237.844292551223
93553,20257.524947281316
93673,21407.959442802625
108239,9900.181754595365
99923,11515.058657388961
81616,35176.390825006005
94433,25414.166837848807
99985,13691.616809728272
79648,36542.45820010216
91423,43332.659052059076
96581,12639.501995074967
93321,54336.285422966
89736,15579.917542277628
82722,7458.582986445696
76093,34193.49430384748
82767,8852.790677986071
101615,15976.871888261856
96585,9076.027141649663
81552,16956.2840132405
89656,15719.878458778703
76301,13888.155068843249
80683,48134.322725494465
95638,15390.252391545902
78343,17962.929501579998
81495,25838.21917841502
78517,12575.245642057156
91764,15254.181620301586
87050,22272.91169518482
102877,15288.629811687822
86844,11559.73116387064
94535,15966.583413892518
80871,10674.825415522495
81126,9076.106130254251
77182,18091.694690181914
89335,15938.233205380531
99612,9815.928818430908
89041,9366.273725213427
104165,17182.090877070386
79096,21205.60020910614
76051,19745.48370105606
99599,15423.00379890215
107763,16468.08952683388
106646,15787.973163057986
88985,14950.616991958344
107109,25376.974130861247
85110,17107.849725853615
96907,11566.30716633041
106806,13101.14369520335
105409,11388.698080396163
105449,16380.519886178474
104042,21635.789773759265
101299,11787.348122026822
102434,17890.306807755805
96363,9534.359366694256
93918,3660.511556340463
80842,52555.00673804905
91578,19550.518556434174
90458,26045.577458236476
82186,25644.287449772768
99767,8456.395635548994
96898,31126.321930572216
77755,21373.983022664423
82958,13604.056106804348
89248,6462.2463123943
93452,8089.573791836878
81517,11771.958388240724
77919,29538.155357099924
97110,15813.621919183726
107317,9153.987654967228
106102,9250.589064581354
93034,23790.72784135667
103446,10545.326265688027
82762,27910.839564905902
77365,21773.158936299325
86634,14759.457848050755
93109,28606.26824588697
96094,4671.911883674274
108191,15560.582541056858
82667,10749.966639360639
87953,12128.354548058078
79188,35292.818013146374
84962,10844.452674919048
88377,11307.340561304782
85942,11999.550139511173
88278,13741.440700246054
77743,19204.360082959734
98341,9940.741788833446
101197,5144.749653321423
102838,12864.936442580052
86885,7168.788634234813
87648,11980.866507266974
78995,19990.50560256839
81374,21944.80617912913
83829,10979.0505260892
86073,14634.08726664405
82848,10828.451162392555
101727,15629.340210548682
89929,9208.20391698816
108534,11460.145206223331
80592,24342.868602435326
96292,13306.176532476824
102569,10725.136725242231
84692,16606.4184447007
84531,7791.075645905785
100173,7594.971048509602
90263,13134.754332592576
88489,11474.18565220019
83941,20063.51050690989
96621,11542.398932813467
88427,12063.730181211278
86625,10195.586573237066
82798,14365.885557835063
86084,2500.3548205085644
93058,28102.60436894284
98527,9585.356530679632
99786,12547.775505306961
84132,9766.43945013046
101160,10947.488837853762
80396,30632.690172723367
88132,16018.23102544224
82835,16933.82242057114
82959,12211.941159566355
97225,17850.13621488061
85463,15704.254374531774
96733,9312.920683913217
91820,11302.499400245228
105870,24627.420220422893
83255,16195.461137671353
78899,19693.953885773113
99812,10992.769991135727
85798,11710.5031676577
85452,11830.779484867968
84706,18377.71271631849
104289,21526.95349948508
94785,15714.479086232197
96707,9816.099604312252
92847,25567.569488162848
96054,12849.047244613474
77986,57443.83542844539
103435,8663.491985250304
97008,12815.852170855262
81650,30168.149286780328
76920,23494.29496277921
100479,14207.29201070801
78120,11155.696885961406
84761,4933.951835878399
95062,25976.00822551489
83102,9369.183128749084
103872,7728.715685966715
103816,9892.957298426476
85672,8541.648805452409
102125,13951.072650746019
86928,19289.289325201997
82814,15341.899093817388
93167,26015.10023473154
97674,8773.474004927039
107400,28544.8079510698
92669,12835.943845676937
78046,23239.438971907002
85703,14314.041878109716
104265,17741.205695997574
107786,13288.441226745514
83707,16923.515496860287
76858,23847.720834912623
94147,22850.941005804983
87307,19206.355621478968
90594,23580.00846115511
91305,30485.57895291939
83302,9912.954282658644
86173,16347.158025830386
95811,20596.619898106503
79868,16361.760937257803
105265,15375.90157001224
107009,8913.056750751495
107281,18011.324345481135
98848,11904.42689825184
84222,13115.559843021043
98808,23147.199666828103
94002,32279.628364999957
83985,18387.151331740053
107772,15018.648566089467
86564,11022.151778755679
105241,15396.583370522989
101060,7839.700892779768
104362,25308.293214247195
77441,13388.570543099966
92827,28891.4948763283
86523,16536.84690640505
78695,31540.688373344445
81392,20653.33219734354
104823,25374.213980381097
93521,31415.111731442776
107098,16380.623494378375
106011,28133.22099302227
97032,5264.569792869587
88646,9276.850197703154
82014,26096.231511117156
88034,14014.470198736222
90561,14539.637095155136
107888,12751.626039346334
106249,13251.421464756024
94608,23388.082171486512
78134,17762.481021248488
92898,32204.506225322926
97031,9519.587531136163
85220,13697.11386360616
104973,19016.3322512733
104081,9862.995526401692
89865,6137.222137814637
91706,9325.711466716062
86089,14715.453873607521
98736,15720.190010015896
83238,9912.954282658644
104237,29398.893060946102
106990,9339.817642204813
93432,30261.027628365842
85280,17270.556786486424
79909,15456.518667514365
87698,13108.0330349654
106059,22364.9836412891
91016,16710.799705832753
80180,21017.56339188373
90006,12000.286519281884
78122,24719.880249190235
99672,7906.490348741902
102297,9701.893025988167
76047,12584.277642977178
106296,15238.716769902105
79989,31300.800480958944
100843,7607.127691076946
89014,20262.940180770973
90568,22199.015703468758
79905,19448.50702018578
90643,13810.241146997612
100729,9973.764824623022
97084,9723.441087994677
100984,12636.049178756377
91475,23629.16871436234
105531,14116.774988494044
78482,12008.81121066837
83254,17232.497716970523
85217,6564.347284870656
102974,12566.194288146857
80040,24458.535040088358
96077,14010.156475521342
89073,9669.614525395576
79118,23445.90522110587
107565,10721.08657133501
93486,17439.363851224356
84670,19787.843295678413
81104,16021.067096211194
97867,18275.507535200526
92897,14570.515003924265
96592,12640.271651657995
97864,12825.961654941062
83369,8101.249528617554
100471,11916.433061453075
87533,10163.277920366701
93111,17700.34133962388
99979,12566.194288146857
103340,16198.2255554822
104434,19034.865774962826
78515,19444.774300052406
82046,48043.25172816346
100572,11727.297902143631
96382,13528.996447323343
97575,8888.616972844153
76210,26510.79270510986
96628,14318.2300511297
98232,9598.918662779233
92457,28070.820953118666
103665,12828.707420190525
107838,16311.03567156419
81165,18808.770613461948
97719,21824.87442624897
80739,17199.19812644611
77593,13136.760008081337
84766,13502.447505086686
97274,11694.016859909547
77281,10212.203520459194
90347,5811.915228905058
77555,18199.582951557746
103246,10301.026451090358
78404,23328.29198772117
107745,23103.125243034534
77017,13960.544126463883
107995,16213.679943789577
80982,24232.127820312304
93844,57024.950100587725
83606,14002.294892765505
86904,11033.13239947958
102616,12510.2663995299
81768,33044.30384498108
81464,14485.764245494322
103309,7800.926063942733
92975,26525.87118091175
96156,13983.870005397624
87770,11210.517919847272
99632,18221.566046636024
89924,7582.9722534256925
77573,22291.334656423955
102968,15219.831309507059
77822,19610.15651915027
77725,10794.545116103987
100787,8688.297605249949
78013,34227.38503639844
94440,22972.83596961296
83938,23286.512831496802
81204,21648.217847594744
76519,34198.893535683055
82172,31893.615980562932
103592,5961.524676987395
102003,7309.07316355914
104259,17976.32524933514
81120,18578.764386785013
106207,10711.915416146314
86710,8165.982279680641
94024,60261.2171333694
88164,11780.109140508019
86667,13014.262292978381
98371,13624.716614517547
102344,18174.232610809137
83142,16651.141263392514
92532,27423.20633190045
98345,7925.857446472671
94565,17036.753220863673
106223,13073.176352495917
104831,28247.66673291122
96144,7754.037028405032
106634,13165.681389437328
90623,9757.864894596434
91275,27581.830228045877
91547,14811.549876645475
86390,10098.203132138557
101986,7463.131608360375
102994,6497.434654249363
85291,11568.674001178804
97430,13593.194766644636
106209,16945.994903125986
94798,84829.5635452726
104565,7084.714243986605
93679,15751.684877020767
93960,31098.252931853905
90063,6330.899951559382
80038,25625.2275885903
106513,10519.245402471584
77267,25607.860134968967
91539,28661.795984897904
77973,40689.88548370903
95999,10292.136461500797
78036,23847.720834912623
106191,10812.240664366791
77480,13492.673166310298
82656,9092.853256143839
93916,16040.851181306023
95975,18318.14596238141
81550,14155.076546110688
103221,12394.192084768261
84062,10621.483021790395
81584,14409.284921060433
99564,15173.168768158028
100276,10813.10874339706
81308,17393.578627331073
85519,12238.136821150692
80114,16629.190852858163
83911,14506.132578492383
101879,10432.846417945548
106626,10320.717970144071
89009,12706.43948261589
81989,20948.563282245806
88197,11368.839810849613
93592,27958.761678454317
103290,11380.203158821512
96988,6805.549513044613
106777,22170.803962255628
88922,28403.742751298803
78224,16234.217586613031
79643,57084.88185227529
100066,9993.745560896443
99132,7863.429391846974
100610,6995.995979298555
89409,12354.842109569945
105675,20331.797135390272
93304,25946.617565760203
87662,10463.814482534484
99433,7111.978464657319
100011,10879.268874260199
95327,27499.246156202807
90169,14536.43461579347
103978,11008.072618291262
95238,27385.374805323714
96242,12939.860860821933
107917,12186.865654131316
92639,20539.153058208165
88936,17929.649450017478
102923,13499.745228953949
87883,14553.890722440841
82670,17065.476409185416
104229,26568.464772401025
82031,18322.13563298386
94197,26780.070070297927
93921,21442.630451982164
96030,28658.219356858113
106335,6153.554798835331
80671,16365.83221593376
86723,30244.130331527416
79293,31058.225155430664
97549,17757.1979261248
91837,18954.400296225776
86437,18676.60693857378
107577,23538.262216815838
88419,10349.240242196181
80746,48098.69854794423
82548,17232.497716970523
102711,10819.272309422584
80682,20579.568969400512
93204,33953.26277339436
99582,16728.15957326948
93195,33334.09549701263
89626,26129.931577502073
84713,2666.6158670599348
103182,16344.047116138603
96954,23931.944114830352
81758,24067.99412260163
91938,15297.770863552852
92961,14539.344386161194
89533,19259.996106835562
86243,13875.603310166754
104482,16711.171255340967
83198,10516.0482150249
78284,11851.418504958481
101133,15696.842178909721
94339,25543.49900878946
88631,9803.730674147466
84364,15133.71232141622
104341,16442.05326406923
84650,9916.166572915823
91140,25670.902940113072
88889,13335.793164525974
98085,10001.53582078279
78796,13523.175476111468
80524,26224.139200519483
81309,7793.063111823893
87410,12831.555336782647
96810,1493.7395496529698
89982,16575.48447984098
87326,10270.513340607025
79722,15300.789379769563
86367,11198.896722471052
105368,23027.52188243094
92505,29804.32098785692
103000,13132.811513871044
85052,11733.309338892946
76497,52324.6959888166
105312,19746.200048259292
89705,12379.219348349854
104999,24451.053118285996
107876,27205.48634881795
76095,21687.59934889522
96723,19593.732589903182
91593,29766.97126975539
85772,20863.43531746132
107199,9565.471868429076
78256,50449.80126480675
78275,29746.193313147327
87582,20379.08894886798
104231,11693.051641734837
90265,9686.858778227788
81793,18013.654986823527
90526,14923.59102255311
99086,7547.164646326131
92743,17048.764957258
95412,11913.972864504045
91146,26540.524935590733
95923,20444.129535274365
76021,19741.69505076737
92858,14304.762604649559
90984,35776.22053221278
79158,17320.121291854986
90318,14759.507375751054
91747,18684.58099959413
96641,9727.015399153499
76202,14956.629951991543
101040,12726.915220008315
78797,29813.023997986016
84745,16312.06791268928
76942,11571.896517387004
78980,27986.752081608465
96662,16054.500170344234
107813,28211.650018336528
93431,24606.84262801576
86915,13035.49277345954
105102,30425.52512114786
104447,19936.14603213799
83183,12166.205890550205
78917,14997.260086208104
99336,7265.779323836576
86883,11704.346146012029
104155,15342.240252446567
89989,15825.062058008474
80406,28963.053117846935
103151,12188.921482404721
101077,12175.176221983054
80134,22787.284735404814
79090,28280.19493704935
93482,51173.38740621916
87205,16282.322240050069
81295,43643.7918994734
89726,9138.032650433137
107842,9794.920401941226
100351,9907.541495932895
78392,22185.34117958372
106503,13238.568025708115
103982,8487.49103115546
89276,7494.706167976854
83143,11696.548057836197
106521,23289.73456458777
100841,8986.829339889933
76990,9117.034061646204
108466,18627.07577431171
94285,21072.399750834127
76323,20733.11263439297
90868,21409.459807077175
100631,11388.125467719365
76196,11972.174751864706
98387,19149.65831177751
107494,8766.041308542428
107439,14085.900503001129
101458,17890.306807755805
78473,14698.196940234931
107016,15406.846153842753
102109,9891.660285234888
76537,11352.92190078238
106523,16128.200685216527
86340,11231.917258644675
102486,16152.630477176428
98993,20780.35514566097
79358,9422.548906421476
79906,9585.34705594417
83932,6980.905529981872
95064,7652.070925179875
108339,20273.200139212375
90489,14010.66394262362
107984,21054.112380904196
108096,26195.04461780701
98313,7444.886113601361
79508,17249.591921736588
94289,25558.53405800314
104393,14102.862640257466
108220,10464.27382471316
104795,14589.109501890081
93178,19514.833612502658
106079,41893.07140062367
89584,7653.602510622202
102435,7244.341136995244
91967,47980.29347132754
107618,20565.668664674013
86862,5999.151277303892
87991,10516.0482150249
83618,18322.702349384675
90089,12318.541164632634
90681,15181.661533930943
85562,11818.846232604841
102934,9805.392711417877
78806,27716.327127951463
104615,23796.86961111969
101221,8380.311903208083
107067,28871.880736643023
101807,15629.340210548682
85952,16091.941672838819
99387,34749.522678650996
106135,10904.517988409645
90522,13598.097242934366
80068,28896.8067612562
95046,36075.37278230439
93546,26215.933637226015
97202,23013.949716062478
97567,7443.373304439075
79963,23775.78544008731
84033,17557.62325678032
86538,11787.855920115851
104104,31227.741559193473
98033,6182.902763350919
91989,28070.820953118666
102114,17012.645677862805
102507,7846.86973959442
104663,14752.370568261258
90772,7185.010531836851
102250,7453.9402064784035
78758,15756.267244268889
101421,10429.510028946042
86744,12033.224794987205
98916,8595.108511157228
86659,19416.952571983216
79853,31825.495595141772
102463,8076.274642405617
103827,11544.882482315681
106662,21949.142862915905
97291,8572.523283565186
108516,9608.981451635778
101211,9558.545142130248
94947,20102.25912128118
87948,13656.422555920863
83719,19739.855783654766
105186,10533.69715586686
97592,20093.470903247013
79918,38984.909661269754
78137,11855.763737453552
78859,8708.823303326266
86082,10592.446847681897
96316,11132.139429396888
80327,10078.385766245128
81639,9206.452305423667
76145,26922.754579066903
76612,27285.9830771974
99606,19210.050469367747
101120,7961.101052402183
98540,6487.549885958664
99667,6926.397140517316
81038,31686.21232172063
77521,16516.136617889973
83408,7366.389707360071
86905,9689.574172152483
85997,8695.701965433229
77009,19203.896854732084
103958,10540.580855561084
90392,7781.673521224504
94800,11827.065031349763
84391,5803.546185595233
94843,21861.155425364985
85555,16307.87220872468
101453,7608.77128744183
86686,9419.613812829091
101665,9015.878689474614
101044,4805.141877166397
84230,8609.938903470851
88440,16240.104278463501
103253,6682.1734252800115
102847,12083.29701650093
94381,45055.66710721082
94229,27598.86195215509
76327,36469.431439832246
97717,21214.48842717722
101291,12532.868842054271
81877,14405.316309044887
88927,5800.342697240389
77137,28874.071864135134
105325,9314.956824340878
79368,61503.56268690237
90769,16106.500388290116
101376,14963.627004654752
88733,11369.267701776376
104519,20896.622811854326
79100,11887.852296552339
85667,9661.469383676493
91111,30205.56439755397
84474,17635.081205867602
102166,7479.283452531445
96711,16062.657463515525
103102,8490.096308672215
102519,1307.715737788838
92508,16700.013217874697
79560,26968.18686577901
79530,17851.006832209143
103272,7488.150453979856
86935,8675.861069424054
88977,18284.63943963812
92681,13375.682031833698
91978,15182.484668194273
81144,22982.04434903756
98005,13025.111089656313
82716,10700.520700414072
83371,8341.518452622882
95566,19928.900972316365
87240,10537.102981043132
105593,17303.410296442635
85457,11567.169450585814
89803,8730.144819562936
107934,5267.049329062803
94736,41755.319214296214
92865,17016.275817310594
89863,14205.863668329528
101109,10801.168795314505
100755,7826.954655449858
99015,20890.38102620096
98439,9048.400614335811
84150,10049.846232002943
87593,14254.656309388536
83830,8865.543231637597
96778,12478.917063304074
93458,38604.346171278274
103141,9832.294989913482
78576,25505.32332605762
84582,8092.173253521609
84034,11068.464193178923
79223,29038.960438777074
88574,15584.319121175102
95914,18188.86199066286
91830,23918.65557281233
76682,20407.90551247229
76091,23266.324293014437
86187,4172.269928355331
80571,21489.28498165842
78015,19794.36781846735
83392,13326.775963724152
82103,14332.42194740525
93859,21644.692515060266
76290,6367.552963755456
86539,5220.741496400364
81288,17680.190145922723
103599,9157.549676848246
90430,8106.712488631704
89392,13510.987955042257
98963,1784.1520688963276
88846,14241.14492958627
90966,42244.78872287641
97360,8453.242771045223
82496,10572.478280122079
96630,15816.639881044552
81712,17677.725591341477
105871,15173.913174858819
90926,16008.238862413937
81443,16416.2095738376
98173,17034.989183476664
90309,5906.526321501162
92444,20195.442419411294
80136,24575.074690149886
95739,15504.227767362321
89153,21573.376905783258
76376,13892.883672946216
80884,15219.908854121688
87395,16824.545131588187
85338,3205.5080027923714
103345,11016.45148883624
82351,11068.031559287583
94598,37638.670737709464
103500,10183.195953561511
90717,7267.048440993363
79512,15490.613584978173
82283,19945.144482788724
85192,5375.820002580983
81490,15459.140125013264
94793,22371.35123295286
97046,17971.666084056298
78567,33213.832843829754
106928,11388.282083848762
102478,8185.403324971303
99213,8542.390006262027
101949,6136.70310243251
102151,6447.1903631971545
82627,11135.275915723729
90239,7402.552431748692
91840,24447.40966315093
93782,44057.692986967595
97384,12459.556405603733
108322,15585.626425864984
97638,7513.023209371073
101508,17038.724392858563
77475,27105.940524478116
106194,41965.40193258146
76651,19137.296933636255
104133,25141.51153407626
99030,8708.017447454728
81824,18664.676163295935
83167,20205.93221765879
92274,24674.7362848785
86068,10590.76370089722
78912,16716.520150881974
88363,13263.037139377418
97410,9850.07594985115
77823,20649.313077587343
98879,12209.038311424913
77043,11585.498994489126
93902,18721.836619822112
82757,11867.357747223808
90417,18853.021565795996
86645,17499.950488564344
105708,29420.9523649969
79365,19306.65503800071
93456,22866.067997126724
104676,14296.950095962411
92775,25394.031542591372
103789,10530.163517049588
98176,5453.28651510696
101278,8724.015163809014
86112,16256.235576793057
90579,20028.22460734326
102615,7310.067654987158
97093,26022.752688238637
84373,7624.05290094098
97755,12449.472121329134
100097,9993.745560896443
80866,19931.234180033196
84693,13972.15983277697
103077,3910.942448826445
93079,74410.41826054649
97533,27813.806950282895
94217,12855.408474346443
106019,25067.150560199454
107836,14496.06228344234
84471,12900.103126607608
94600,23276.44322714122
94349,17604.860281742735
95132,27056.284206435183
104772,29760.760230789034
92560,17039.17659527086
101638,8012.366229949539
100523,6162.5978791625985
82090,11068.554730246458
95816,18868.269079716163
88689,12674.561212841756
82540,7476.131367229305
81643,13502.916220914876
104880,15708.690518841933
84922,20167.92594847478
97849,8560.565680583652
107366,11000.241093254908
89303,15687.499530207886
76547,44746.097172665905
105055,19767.285278016334
104312,9000.276243794606
106500,30210.909532778227
91096,14743.39907867454
92671,18935.196707124232
95982,18852.578135736694
105012,10760.343132182586
108232,27959.045740498135
84668,9917.24482375872
104903,15590.39737178481
86487,10111.411533462291
102860,5335.2956368990335
93205,11985.21711986981
78221,19668.333438498823
91931,31770.109536771026
81589,16063.733826724936
106873,17630.685348484774
89482,13905.484877303064
98459,9699.009036268362
97660,9665.571563411213
96409,13593.194766644636
101480,5047.459104920584
105862,2616.9501604951306
90363,10903.757237652517
96433,10600.83108583268
76970,21129.91221635048
96689,27006.971850616403
88899,11889.181705541478
87559,9515.724473120259
92908,27718.527147251465
105211,9048.551209737861
96729,8968.701031371655
95854,19263.078900872293
93767,14493.44931059142
90545,12147.187773253978
84005,8246.409847625182
77380,22998.794585051306
105877,9891.84349901772
104706,16439.21963986527
89994,8154.809349170094
90227,13732.334992258999
89814,15477.248202543493
102539,6144.077837648624
87753,14659.15390568094
102038,11927.147909754933
76666,18223.009063064987
86698,4578.154772340267
97368,9220.68437669985
79416,21151.27557123082
85147,17219.316769309986
80148,20332.508382116303
96579,12357.447915605337
89817,9557.799524421765
86431,10337.791644497318
103566,2625.054565013658
89355,9671.920297036331
97349,6725.521887219952
92618,22491.934457746807
98595,13740.965833995719
87502,12436.429128225405
107954,11043.277656230268
81470,33598.156396226186
79848,27685.209680604334
96373,10718.75479401629
79599,28033.108866619335
101454,10302.005522492265
92802,23864.33964529733
82725,8652.631465193283
81084,33498.6830206726
90130,14492.041900271539
91985,13071.829275800885
79528,17438.904600626436
86359,12259.722938920868
95724,18755.448883245896
102527,8581.120124917676
87032,22218.873939988564
78499,12504.388891499852
107980,29815.53217752682
91005,90333.00009695906
100196,20294.94806510046
102797,6735.613409742822
77141,19451.417828484282
92109,48532.98099712081
96501,20019.717077535344
83865,10923.853146825195
79122,30416.92647537793
87979,15490.466138217898
93237,32645.06904701648
99104,12539.784385965308
95095,18589.081595712418
89412,10846.675659408278
77440,12957.036675426767
84127,6121.729370228782
103842,13755.309052851579
89806,6049.837198980781
98894,7596.830549045416
88126,9880.566492018688
92809,17089.395745009042
106076,14016.444402087618
80110,24992.1269450729
95396,18523.737948475722
103003,15474.199558867173
80123,26025.254186417744
82441,11778.080637532734
89990,19921.41716740082
92936,20829.424218577886
82544,9165.802821147729
91339,80675.60375525153
103929,10003.137088624666
102389,12659.701049114812
91128,24830.925083290553
89752,7503.140448908486
76840,7804.508020305496
96514,11539.85754408424
98706,18323.077463361795
107602,9957.997619700654
103844,9533.076719898154
76375,20210.98763554013
80401,15600.19488800383
79030,21170.702225037952
105766,11210.16090950885
83033,20348.687644502013
92521,14270.145751190685
90836,9686.858778227788
99168,9317.5252692174
86363,11488.529004426817
87320,12531.867514515727
88185,8845.003194815277
79290,20024.229851195814
88091,7046.386716446663
83838,6175.437135854315
88099,6776.940494353568
82824,10639.675200631193
94204,10734.329307156606
107723,11199.317559452687
93691,22993.59423054403
99317,20892.656080912744
107105,13737.77087528676
106351,20514.078864171297
82970,16302.707995861807
107261,6006.8369696401405
76679,31549.72715824774
79464,17343.415897727995
91312,28286.748942918282
80546,28293.65733687585
89220,10050.875387081704
91796,27834.56614580664
106360,30962.635893944767
83027,15640.5800951246
81553,17679.465490541934
79124,15984.065525426915
82590,9241.07052630527
107515,16123.745526105156
87964,5649.534791583181
79995,16756.15613563514
101022,10094.660433940178
78580,27849.541341568955
97644,6956.283763762787
87603,19005.784497534132
85091,19710.324302068744
85155,15111.369030874841
78402,10832.03665016759
92603,29537.919458798235
79788,18621.444029911727
107769,20501.39330370896
105117,11067.129117967168
94619,45830.3304474628
76808,20864.71186885534
89229,16015.470315028288
102592,17509.87634788745
84597,7715.824623817778
77146,29864.298082739984
98794,8176.933107732247
100453,8818.605004547022
84075,13647.641719241834
92090,29201.146699274082
97646,17476.88507479096
84071,10762.484581305309
80924,27467.839316039233
91167,27762.377753315588
92607,17150.887415275723
99654,12740.97610113532
108195,6828.721697396379
95150,30542.13549198766
99921,4189.116655308527
83768,22657.997762225972
106095,11553.212254808097
79380,29246.4940652418
106671,43035.41438490178
91757,39216.20057111006
84936,17558.35418843927
77970,21648.417598012344
103327,7910.395288668391
102169,9687.024560752165
103207,12240.290805617673
81602,8856.348877256543
79975,37444.089903083244
102385,16168.339738003195
80726,26745.569120621498
106953,16332.518033034055
92929,21643.625664092917
96553,17545.43666194179
79654,9942.680016943605
95376,19868.322234210682
96667,16657.56340803894
83421,10360.588020601072
107579,15077.467631137068
89108,19058.999745046553
79958,27853.58649828109
101980,9091.741673154678
85178,11175.59493778111
100898,10060.545099087563
94926,12115.302624878344
104484,13422.612172802976
80250,35078.576656500794
79639,51420.78887913605
84385,9358.236872694617
98249,16466.55867370492
94803,48950.10454585304
99178,11390.744170059146
99706,21573.357187196103
82493,10289.64023340002
105868,17288.57137377727
98807,10052.930494163435
95529,38606.59242220229
93580,26015.10023473154
91437,38185.11881935018
87804,6245.115883127744
92901,19870.697384940908
77177,35722.40520829944
78856,17737.88617057714
84586,1935.6213244143264
85230,8926.063251310401
83215,12392.702179515187
78610,19067.23615555184
100081,8013.951430510286
105716,13219.97234387541
95022,14928.935040659931
94225,11822.133842556057
106371,8923.048882643196
76850,25651.708640959838
108514,20761.898986607943
80352,46102.5802804631
87930,17277.442902733586
103564,12743.728860742229
79881,47461.93695431822
86736,13607.340252008593
83661,17992.986692431412
98853,27125.650447007534
107158,20722.235291512952
96809,12574.14861996805
84048,16622.181611173073
90608,11010.161868160529
89134,16621.17757166356
99321,8801.76068167929
82452,24174.83403411667
80684,28174.784283831035
99699,10934.99127619498
88449,7871.618687040658
76962,18881.200477345697
105626,16351.767089948342
78655,31960.04845787359
97115,6161.9591045356365
94865,14990.873563939755
85675,15536.880612966812
96671,11554.70722227181
93365,23921.328102552165
105188,16660.888622771363
97713,13548.447462612727
98996,9114.230467940373
98329,5961.55416069668
96091,10292.136461500797
101010,10630.39730700789
87169,17662.754882762336
83760,11882.392053435182
98511,18355.005581923302
94233,51446.68560675761
92072,14048.12371479392
79796,18565.098853519758
97619,30617.65357805849
84419,10923.853146825195
101015,13689.464433623494
81132,16894.66792616973
105597,9928.314954269092
99139,13033.574419745299
93116,20395.99845644367
97838,13920.260587152596
76627,20450.227713252407
81785,15137.514729832532
97645,12558.023671893023
78865,20496.484147500323
92152,32238.764450479575
106432,26948.396475302598
81609,23853.84386280362
85585,19010.51795714319
79017,11522.422958895915
105666,9342.008595851685
97664,24182.0946774552
84418,13656.422555920863
102163,8669.913923179613
99675,6686.777302070746
82132,25445.92035455971
89488,10409.501585452113
95516,14472.141794589274
88542,8139.55057483346
81995,15735.328253254876
81065,15949.903139547554
89542,7925.663961412087
87184,23984.37762429908
87194,18293.53983826298
101981,6680.274673803968
105620,9117.531085590488
99094,24048.063396196183
101950,12691.143776943432
93488,32477.732547068463
79632,21747.422730465154
79299,16215.309546923958
85438,11473.277798041117
91006,57537.89297333252
78636,10299.051688154743
98590,12523.120672131248
97735,13075.063390400303
103694,15976.871888261856
97890,12047.092587771438
87646,6128.803819662424
107953,30745.22616577268
103882,7671.418610576922
77900,21697.587383814625
101991,12501.20601346953
90105,6284.1386716180505
106516,16263.409019630182
108415,9517.596445388419
78853,11169.121650380835
98196,10032.866503566038
95738,29484.824284864026
89535,20576.292742252226
85467,11263.68090541514
100920,7226.653679687158
97314,10066.366832701184
103461,12813.233414104074
104907,10879.791547704179
92168,21432.362511716572
98077,11069.548754631025
80593,53563.00281138
76915,15305.047903246597
106919,27003.90183584482
95592,33070.595189130625
105772,8840.301540858096
95614,13847.676002975033
92550,10721.20783413353
92495,26911.674577254136
84341,12489.402385666266
84600,21004.855637418474
92665,16726.213656325293
93922,14948.556261325784
88129,8942.319079010065
82700,13142.880210341278
94492,15568.591781667985
100974,12477.069265297696
106554,12912.222315202607
107785,19715.68852695489
107443,10518.591928287045
105470,8323.923050945
99750,18392.033218465527
94633,21313.91094183897
99429,7486.9059550108905
88790,17218.33980555435
104180,32244.920321454974
104589,30959.587345009437
106704,20768.326278276196
78596,17717.165101364808
102083,7173.074311696769
84507,15123.922490032393
94274,25364.069211716862
92588,14104.21348890253
84344,11810.219377090649
99818,32672.515807691987
76710,26126.37128368476
107923,13141.456327353093
100470,5481.437380445457
102211,19734.042894035658
90030,5027.138129054764
90852,14952.213741377507
90222,9929.399066782482
105952,12332.144612202355
100876,13681.916210741414
98062,13296.755915680242
100478,16294.997778466139
85486,9246.388817645846
98292,7684.01475256041
86160,11789.69798501314
82468,21962.92123604576
76728,15617.069639143538
97277,19776.614090383828
107553,15330.27914426672
100325,9031.314527242948
91775,35529.147936436006
104326,25608.036764268865
102909,10890.920945921098
82173,28650.037285457765
96281,9733.621647303811
92426,16668.185543568437
97724,10740.274620223476
84057,5661.197858450677
91020,13230.553702767334
100095,17219.493806377137
81655,17614.959863975484
107220,10307.164293036072
91626,30542.13549198766
108469,21609.65153325736
94037,34309.60230823393
83530,6036.395034363528
84542,11305.846088244158
85634,10676.819799273891
91707,49842.459680164284
81934,10672.666567192076
94960,8687.30536711436
105778,21640.100854161265
83841,8534.449376097633
77242,31101.094804499273
104694,9007.888331264
89706,20532.591683963125
88670,12305.706163486246
102492,6049.711158320129
82971,12420.370211451458
87256,8808.919695337505
84642,17209.799519762808
107437,24784.942498040447
94640,15486.559694192421
96089,13105.161292031913
85018,28051.981554684655
106576,22112.97514882304
104158,10030.983204076763
98002,9245.128565118988
108045,29612.674732598767
105890,10110.2497796551
103298,7709.018607484865
98977,31570.191712011085
100431,15696.842178909721
81100,15803.556141373681
85300,20343.15414626922
77518,18718.816506138963
76712,17526.88013707425
87545,9058.448670656298
86848,16450.104183273183
77647,27658.52357970272
92094,27476.309201543856
78540,6913.332247014886
82957,17602.3165334011
82768,7589.471787885571
95875,13973.356971273068
80705,25533.495351195324
76746,41592.18549653626
93222,19049.390458165624
84494,11138.451971654775
97557,11231.647251865597
104969,20539.11129096016
92998,13177.81282223937
75991,18213.787493888107
78217,17793.842210613566
79176,41382.10206315404
83261,9520.146240018019
81177,25354.21787217571
89681,9976.018591707607
96968,15220.692335118702
82896,9253.758016910737
108357,17254.074010716777
103421,11358.86920911237
87971,11431.265415030204
87170,20310.503515063374
89941,24163.093837311473
104046,22523.2765558595
88894,13337.22747009951
82638,10386.635050628383
79213,15749.087116695006
92902,23846.70949028618
79282,15514.333997342466
86331,12208.531262192944
76336,31338.03969322728
96080,9510.972596777432
86990,17630.850279641887
87762,6399.942754781837
80699,23000.68606916532
84711,9626.15326861387
95297,21282.346655010697
92828,16830.05944568488
77614,21155.66731952676
106565,11753.087245967588
96874,6830.826154985332
77145,15453.807755998041
80473,21082.5019814227
89438,16432.50961184932
98442,21809.20938406747
106213,20225.82722971854
101442,12432.504817528674
79337,26023.724243340916
106021,35557.39708381683
88638,7326.327132429246
77383,11678.851736811732
88452,22335.384922485264
104464,12500.064680755699
82639,10204.103285484473
87305,11861.745768918992
93172,27385.374805323714
98857,27858.35135187545
90873,20689.888880775197
99679,7883.575461757053
78104,16781.809947275324
77770,19069.452125567055
91351,10565.137184843077
83700,12283.538802833402
80548,27988.8773452548
81163,17109.306504841123
84140,18814.64241250647
95479,22156.702823670654
91705,27773.484358319176
97722,18154.22233785179
88383,10368.134426804972
96632,9970.06095364076
76496,14189.085487346387
79062,29508.706706438923
103519,7626.65908818678
87592,8091.412984681434
97668,18381.456083148787
77969,8509.62605327648
97610,28821.555530717884
93889,21066.821893015484
87792,7434.105833392302
95078,20693.98413098577
87575,13360.214321205052
78804,13074.568615588885
84242,12957.18935084213
83462,10851.529143501226
102260,10737.952929097213
102635,18493.246569996256
104460,15492.011443727792
100463,10496.01297230581
77272,18805.741980687733
82246,16387.379183858127
81472,10975.290633766499
82420,14679.410507157943
91586,26015.10023473154
91099,20314.12966061766
103536,11068.86296094495
105169,13515.870389097321
93837,25913.428252751914
93958,17752.324349009574
86124,8333.500085101552
97448,8986.325433908274
83040,7590.981934566194
104713,19192.620622795726
101549,10203.437402469395
96018,8879.705505178805
91089,32596.06229166531
105130,13931.407921211936
84720,9137.645047572541
97182,11396.802249876633
81653,3522.3294809515664
87522,11371.37876743711
92754,15047.28731158245
77510,8495.17292369065
94863,18762.75604612059
108414,11782.194243114614
102393,10291.480011307951
81528,20657.752341282692
78983,30177.485967270848
98051,15194.540555628493
93080,19189.404319053392
92657,16866.30094914543
108070,16267.646936960351
96990,21132.66351867067
83301,16913.721877339205
88459,15771.180358893227
80158,23951.79060842085
106913,28408.806436318544
91119,14902.984380924061
85522,9102.821894703384
87469,9699.76871489444
89620,17325.010249257735
106903,5857.192244005975
104183,13893.589361445289
107015,16930.575656290574
89120,10923.853146825195
80555,30212.517595461974
107037,41893.07140062367
83340,16779.727010596398
86654,11630.198385368125
76116,19100.830798025792
108208,10809.443799759492
99790,12699.064332988857
100950,7780.896990812455
105495,15941.94369777337
85317,13095.185887482896
90114,21944.570451497268
99322,22190.242851368443
77185,23789.24564220373
99412,10764.523911203412
100021,5042.500293340797
106020,12213.458029360776
85234,16484.35972554325
90059,25343.029509266915
106902,10702.80390175815
106871,15745.03363904558
97784,20523.658110932178
96140,27116.625846894913
103840,11520.48255071148
99573,9641.141240463592
81967,16723.659857502855
96124,8627.434941078694
80245,27138.923210350596
90896,33264.671867593395
100257,6572.879661109958
76759,25471.134755945648
87022,14487.292807933747
90758,15864.462504708561
94073,20471.778464239324
104837,12435.934970159884
103025,9647.90816816575
91765,25383.698472768087
88352,14436.393520167734
83826,15576.661953501643
106648,17613.17760505349
102967,16114.277877080542
88989,9782.949672136952
90846,14757.592730360504
90232,12165.653417679703
95262,20032.817493662475
80599,8856.817477277113
93353,20444.129535274365
100230,9704.119911588252
104516,12941.171004619337
76127,16149.2648495117
99603,9967.455959103592
87441,2453.018562458414
98607,6564.501159615761
101385,12038.927990697168
84028,12985.729327666442
99900,10137.51472211332
97880,32618.0905967695
103005,9451.524275996177
99862,6841.632668166762
84899,7450.950075307512
76129,31044.38086423422
107674,32712.55682223127
79058,24105.621737349367
103161,13482.658509578301
77525,22073.85463322461
89366,15799.766095402782
76529,20820.690572320582
78121,52855.335299508726
87960,8219.952356271137
76468,8839.06219360531
104029,16549.269108569653
78294,34198.893535683055
93269,47886.75989784171
76124,17940.968879603333
107551,18754.40899501875
103953,12835.032399616663
103212,9787.096166438434
77337,24246.098827861297
94095,19458.787240271
95358,22379.677326807374
94772,24993.819112414996
99318,10793.822689812734
96569,18879.259915694198
91669,18540.550778724584
95240,20173.367750935675
79693,17307.775989397534
83100,10162.586642921835
85506,19946.472673758955
93245,21428.198677787794
81444,15442.528229059237
95558,19165.626518671572
105709,16919.688225517963
80796,22474.664421804315
97061,2112.335674884987
91452,21641.168265059572
88626,15942.115919046148
92700,35479.211281011056
80109,15251.519770449924
103649,12245.958644475157
95545,16446.009526754446
96879,18715.55098656335
94580,10764.158583816541
88361,11590.204661697891
78094,22601.392918726273
82831,16939.058379076916
76965,36473.724643618494
89246,24671.22012797447
91844,23483.00358294791
92122,18395.141569175605
98944,12745.62965096186
101088,8355.742637985639
107119,10098.259607231965
91603,25979.251051443753
83339,13630.574121070775
105408,19032.680051755324
97091,9808.35751636626
93822,17721.417858835295
96950,12403.77195247824
106461,12579.64308379256
79538,30518.919082541062
81813,27210.7707165691
92640,29862.225953402834
107376,21288.318048646368
88834,13120.183074644658
98532,12356.279739641293
94957,20523.29827821751
84884,13165.936319791652
80124,26202.039189314753
92048,29806.566062539412
90244,6734.0833812950095
90103,6426.153913827437
108009,4965.065651692899
96435,6911.642034592065
89475,14523.823854653361
86286,6761.119712816354
100193,8419.215781047433
99733,9988.140012840578
100561,12883.392665767924
98626,7630.1969504748995
89177,9430.445041806675
80294,12115.603446288329
79134,29027.621815966613
78603,26496.835173044787
108528,15240.18024736935
79147,20511.49951619968
78538,4118.945909175852
105042,21102.45204260123
93560,19714.916791784315
107122,12831.569311045874
107336,11355.26038658141
105831,17749.203208829276
92973,22352.41661470656
79087,14436.232330789651
86806,16913.568162951542
98787,10622.29977171149
99838,10872.593477433931
105442,18920.04974182387
101659,9878.992264507913
95085,25722.280869240894
89893,8287.991863117357
100412,10774.857168747949
78433,13419.67990579357
90887,15359.876718741702
87783,11129.65578082784
105572,11238.245163984373
84065,18310.125496437176
93714,25788.730731762986
96148,11150.899751134384
83771,8778.973950237936
84970,6292.0253287478845
88859,3746.3304476413473
104620,32290.325887316583
83749,7001.053139203613
90174,8346.427714337598
93947,28064.48747358703
91462,27561.42488493179
108075,8441.601989870229
79113,25154.522430662662
88445,12797.709935833907
81311,34715.45913757167
100633,9453.017405591627
92904,23630.262332295923
83091,7699.279886283694
104657,16848.302660006077
82910,22960.89594493587
92383,18534.61465781512
93424,6859.19825616262
79891,30864.31621002593
98961,9228.397314715481
81502,31011.174086286414
99035,11896.605263790929
81371,13990.680896642816
87333,11316.866495116645
90353,5020.416792451344
93258,29161.139738023878
102053,6961.00340946368
86713,8688.908519987586
97203,12162.864759609633
92794,20821.823125543022
84293,15833.573554455254
91672,16553.257334969876
87085,9619.120395327252
99300,35156.2474540624
81242,16099.694670963965
77834,50390.01689941333
86864,15860.979683662727
108332,16313.396187806857
93461,21959.771598355263
85198,46413.55269339054
75974,21842.743989033348
78679,23352.991000210353
97060,13237.142210947917
89300,20007.273481682772
97682,22237.792850359576
86664,6270.57552851662
85169,30914.999769548376
82930,21673.47000204976
104583,19833.696928798352
107212,23165.510024867886
78128,17712.6213984172
101395,14319.919415641996
79984,15363.807519199274
106844,13530.766938212053
76507,16201.239673842709
87935,14603.603984430663
81796,16828.6111106864
92942,19429.432489039144
87848,11142.94898124855
88325,14723.81193985111
91296,13865.7790480964
103415,7444.884023347005
99038,20554.07413968424
101080,7127.378571904142
102789,11529.72755405753
84656,10495.010239549492
85716,16289.642406376604
90233,8159.196385743422
91097,25264.889527270745
104466,12842.131526368736
85061,12027.171437925637
92535,22501.38131712594
82437,13908.084235830069
104845,10696.834885463326
99353,14708.811278348578
94273,47051.191117625254
84080,17133.99187588368
90877,13638.036158362445
77883,14252.95773015905
106394,19197.827974570217
103042,14807.936315724206
105388,15934.059775888754
93490,15777.678609032977
102852,14973.97891364499
101859,7425.910952750448
108113,16226.321614458686
77290,32793.72670380507
80341,23674.01573702937
84286,6725.905915865141
96187,23394.192186536704
100716,9086.372468439715
99682,7091.2558655076855
89827,10422.750292339073
82053,11149.68792717837
101135,9656.633950028898
78574,28743.380508286067
82541,18011.216469089388
94530,32239.518280418702
107277,15364.935259561204
88719,7509.731590054452
95962,27336.403100181105
89249,10516.14125477003
98786,2360.613538912634
83968,4031.026450291095
85115,10471.174350416823
79741,16956.2840132405
81050,27619.884549579696
106955,10412.70484496244
85572,13165.936319791652
80604,31890.285631522387
106115,19700.172951185647
76213,17436.918753848797
92026,49044.16809991989
91397,16521.15354700569
105916,11332.951741172068
100938,16032.21922278857
102187,8384.007368868151
87434,12036.771025493292
99959,10378.805847167854
83438,13321.235962666764
77840,14292.99309679242
100930,16332.356811336658
94925,18911.05237692904
78494,14900.334887550302
102418,7513.638263039412
77793,4123.6408651909915
78383,25003.15883948687
84216,19960.246143062705
82610,7429.052949323941
97544,12833.138523918255
92549,32516.464006494418
80538,40836.48901636407
90890,14023.636438763175
100299,9633.374737094242
89902,7362.528077187196
105561,21990.683377506062
82364,8169.363282203188
78091,9935.17111059957
86023,17020.455262989355
79752,21732.737457913045
106315,10428.351091317945
80934,19782.67291063467
78782,28880.764933340524
76471,25371.79538337931
87418,11454.223157872118
76891,25722.820551620778
102628,5173.527774580873
89363,8852.58131485652
89237,14527.510753594466
80257,26071.421468374017
102857,5660.039130200325
76201,43400.9468836209
104887,8911.051267210793
102310,6740.453539143902
78714,54586.2953249084
89302,9980.364781264147
87676,16999.676849776035
90321,8522.825081258894
85244,15290.704156359076
101913,9004.691849747942
87086,13042.990867641816
81974,26318.036784730233
98075,21350.91673878841
80870,18437.067861864296
81556,37356.010822460405
94722,32249.325322940676
83840,9263.723398569979
100809,10838.357752677404
77101,16412.53464179812
102172,13296.794058746522
86373,19039.23467730003
77540,12741.365543389078
86271,13235.310303484202
77679,26268.759437317272
99807,15759.41464011172
79126,17191.99869106502
86337,13389.58289071881
87496,8581.329786835877
83272,15287.57523673238
103495,15854.046700062758
107915,26688.816797960448
82213,22712.380097367342
99461,10117.150717631785
85797,13858.036660222988
78898,11838.883791828384
86463,19297.12018088318
108138,18871.038985692267
88417,31416.495079828688
78694,44879.2106853442
99802,9049.16381422271
100250,16083.565559122504
83482,11886.040666304256
104457,10595.313398982622
101415,9016.657849415995
101767,16653.558412984563
108250,18382.580088291106
89772,9528.376491069612
91127,17203.910737747276
102887,9695.373970313323
90756,9263.216221133413
107554,22432.28090032506
103731,13591.843080760542
92317,15944.630776846676
86805,11678.337833566908
91722,27207.83032349901
85026,25923.411187583577
77478,17065.791058505285
82027,22782.384176423267
102742,13902.887049520648
80198,16479.1532352184
94907,23418.66891287168
106738,9532.32386375992
99797,6583.634198629167
106456,6866.039008689469
82741,6224.094483162882
79172,29871.89731105483
106696,13288.441226745514
82422,8090.991157530433
83924,11077.290456213397
90599,8432.8381277322
108095,21807.803505154177
91777,16358.151055620274
95001,15639.341064252036
80408,37330.19919727817
87330,16699.048775931064
103361,13401.786883405144
89641,11497.542431511065
90618,13829.444694797525
91679,29735.95940939711
96844,11177.004156733397
94418,20821.823125543022
97002,18811.291173044312
79748,28484.63772240388
96355,11597.974140289773
92347,16615.277442289753
81569,14291.712410859664
106924,29411.402014747197
85270,12865.632123229436
99622,6591.241663493112
106843,6458.956701712583
80147,13985.635453300258
102181,7965.5387067085685
84710,7285.922226914138
85189,10804.175053032946
99281,17128.020870007374
101130,9613.538431798306
91554,21700.241360840173
86116,12895.256338813586
106899,18740.511283964202
84516,16620.72802175134
105422,27965.782303964057
76956,13097.016022735546
84006,7035.947881186869
81453,13420.623652020457
104850,16515.441582508764
90867,6045.783306178308
97154,14195.697378595934
102088,10885.362525958697
96019,18789.249813215236
100300,7448.140915354668
86459,13158.194447166516
99304,10606.231939741716
80630,19467.23971155124
82387,25234.84148023039
91359,20168.36914443964
79123,11641.674037072553
103324,9685.791840480299
101086,13296.198933441836
97170,8126.843294691926
91834,9594.309669107477
85238,7325.892881605298
81942,12419.724565489698
90971,29806.78961720118
87864,15549.847376440155
95296,47175.969926313956
91427,14012.251755703477
93697,17418.14078066595
107694,25285.94338286148
77364,20804.74638025901
102144,5128.947933265454
83410,8881.285218411505
101560,7017.940607698105
84775,10114.314650573813
103879,9038.479600688903
103933,10641.833226490922
76344,15850.537854554785
82119,18294.375111668694
102130,10352.30996475061
85748,8462.136170493797
93769,21007.556835971438
101775,7626.9692690464435
94613,19563.07168569919
104021,27704.743655112572
98175,14851.839431635957
98477,10391.295840668228
78185,16585.24683749227
81576,22058.917015905143
84854,5240.888878857781
98361,12673.361376869494
81390,9564.536823536224
80911,63970.98588612681
89407,30970.440036803262
95981,24744.157130193773
79131,11902.62516434418
96624,13372.356135008511
85131,18145.15927158413
76436,14153.962245903263
94111,17279.74652383887
101518,7981.63638283199
76588,47330.117839012186
82353,27617.762710532395
96186,9649.393198604916
92735,17049.636560684638
87271,16603.84972403183
88968,10341.926670392239
84154,9772.668091665468
93692,28022.820021054133
89484,9493.089135235894
92547,26762.928875880945
78689,14674.934668900507
102058,8316.494885512377
102579,14973.834300499064
105825,10089.728360954467
96154,17394.297297656605
102183,11273.84503919613
85976,8467.229050796499
98679,7597.258926761819
89612,7619.281321094393
107988,17946.508159370875
83362,12165.172737579194
94251,18973.372541544668
97018,12659.199863709397
90329,8812.115317633967
104604,25092.717867776897
83742,9182.414180410768
99447,8952.38870400278
82194,14347.451465774531
108351,20649.900403101183
105314,27448.475289580136
97351,11103.511989099414
105861,14345.236143194754
83010,8836.383938611536
91447,21560.957122040243
87619,8437.062166475584
91870,20565.976344836705
86543,12959.012952256673
91484,14629.32497000043
100659,12745.871940424702
104491,21048.352884926553
100779,13159.414850462708
100935,10629.267883347135
82331,14110.867097796501
105140,30408.11813747868
96349,13852.297440140792
82664,17809.361166056697
104532,9126.9908981694
91854,26409.00422068008
77003,19708.413981775884
85137,6553.975061187951
94577,29879.456037934757
85461,11249.871813156538
77550,13713.516523611763
99095,10315.466598910692
91832,16771.76657903353
85920,20086.102474993368
79766,17697.669091176744
103839,9252.90605628004
98167,15877.922354420103
96684,5083.0279086313385
106982,8229.265748729234
93524,31739.636051875314
108310,15656.955042343532
106569,11275.764702145718
98088,26472.43325350563
78890,18535.113355131998
81559,18462.090012469005
105178,19852.18611914528
90578,9104.789788312437
82299,23565.246983491466
103885,11457.895864670934
77488,12107.835025277516
96669,25004.621769563815
78344,28850.1086601108
79405,21213.069173549255
94620,36573.404205634724
96836,12933.96948491942
80212,11515.573391595675
95746,23456.983981774603
77363,29408.457201678964
76866,32993.54261731175
93847,24417.090469328898
105175,26666.99581087841
90010,8311.532229107455
104429,13877.567747437392
91160,29972.15610700557
78906,15152.360705230862
106414,26028.725313584127
86910,10702.69812614724
105882,9838.493366695942
107238,7590.220511519028
77102,20274.80136226023
76704,12707.115064897938
87083,17213.139196318054
79057,28305.402721290913
83270,10070.843260441634
80561,32997.88247592255
88469,2488.1874520767046
78768,17170.791318647513
83574,10897.226989437884
76771,30440.89872814042
98589,20528.806683920888
93091,21428.198677787794
108358,11290.674652063788
94601,23630.262332295923
76151,15259.929722221246
87442,11650.319746046214
93531,19822.493379634332
89771,14182.394084625685
85803,18522.820149094263
93147,26225.162101837708
105196,10048.449759697876
76171,27759.55788562552
90616,13903.123926571487
100032,16671.449051940985
92905,38647.255564793195
95696,29959.814341503716
88913,12982.68767345228
101504,9435.902020960557
92241,15720.280749726837
99822,7099.606106349494
87745,9532.977410418389
105827,19094.002874054233
106620,10062.694279977533
93497,23881.30522164892
89250,13383.091965649743
105581,7716.193229032678
91076,14529.612214842104
83506,5030.086258869994
100635,13943.30555745882
91828,41413.2518740646
76039,14489.862917072136
80685,11839.434354300078
97571,25866.610667926056
87425,10030.113867597787
91662,24017.35428065196
105161,20993.784370850168
81006,38205.84124649893
82888,16065.805729673348
78545,23607.503901617114
102922,7479.003389207708
96198,10525.628984892364
92979,25537.398205910715
105623,12575.857918157271
82195,13423.627056045852
76760,17206.04904060793
79305,21648.217847594744
107942,12435.4070627391
81981,42417.060465418544
100135,9704.119911588252
84307,8485.758032749762
92628,27190.35581859724
103304,7539.6436945814
89421,9731.80148804092
103645,11558.929456452075
77164,9416.166353294106
88451,18417.080336076215
76488,19292.4105512375
92835,28371.72130882216
80449,12230.269242514303
97408,19523.94500578083
99256,19797.04301533315
86205,8234.197312892502
101002,10822.800607917257
93390,17066.85675975039
101654,7278.12387724966
90595,9008.965089042338
94955,25632.97877525848
93871,24084.588280501623
82164,28803.556280509456
99373,6707.212568532267
90148,21473.894418217096
83210,13425.175612250529
81726,11792.18424969502
78041,21341.011100752177
106229,8707.871209462646
84209,19886.4538226879
92225,28589.137558937295
91878,14516.577488187728
97878,13465.245771803131
77435,15740.624536369609
91180,19059.87780283788
100272,8130.992580731788
94228,21685.38042754642
80549,14263.096338638072
99566,9705.378259095573
85829,9554.853036216087
102693,9923.47144930182
83322,19871.26365994093
96980,8518.716958867362
101844,10488.13216270078
80791,69858.80904409337
107384,14821.578059693953
76193,17110.334635312593
88605,13380.156185382177
95910,40364.814694734705
101217,7892.541918565215
94833,16239.099139985292
80221,17966.441689679894
104479,8124.084185819865
94405,32596.9544099072
93415,15513.62849187754
82460,18357.498643407016
83009,7939.625774152303
85429,8467.597547399904
106034,7645.888092233598
88406,10893.773638889279
81623,29330.16746036733
93605,34938.48282625207
103670,16255.624877368375
100409,6808.741091063327
107237,17588.683831633924
101669,10311.691911305254
78854,53139.23537252646
94034,24716.204213396064
101096,6307.998651547202
98417,8105.553745258823
76874,14197.486500919606
94954,20006.8052626664
83137,22418.057076119287
94653,22315.997628271354
87567,16298.058149400318
78154,14487.760323473281
84461,15940.1322130973
85686,11089.688600577856
94342,16789.082369451986
101392,11851.17485922665
84192,18850.472687250392
106701,12524.246580586856
104013,21091.08888341067
82745,8570.712690279855
103973,6508.975062724705
90409,14278.336968938815
90651,7093.252899706564
87413,18587.43465722106
102121,8786.623829334905
92145,25467.572699191485
107141,6978.030244719138
83230,6101.064641372524
78553,6548.059089573418
83939,10030.612035923406
104875,21530.074744461635
78129,34379.0418969864
80313,26058.126375809763
85535,15438.946261304529
108311,16698.610879377182
102292,17863.30416051476
89716,16394.313010985996
77046,78614.48016137867
97611,16582.050309885315
93038,21737.926663481823
80503,10403.16406271263
79132,15438.926680364093
103759,8930.627618019373
78960,18393.03756675246
97265,19760.83440994577
77855,19238.497703314453
97371,13126.370188564046
94297,14950.170295982367
95653,4789.939074565436
95891,26894.02254768712
81947,11136.30912484467
79702,12591.354649725352
76463,27597.209812973313
98065,8424.076098180818
77154,28190.983978778106
77348,27511.473133135612
80987,16471.131201750955
92207,10735.524976905188
92983,31902.247971704764
80731,12010.720708009543
86277,19417.31319500314
103051,5159.932635156126
82013,19988.56980544688
78814,48019.785189530696
80153,38409.566969653904
94618,22494.73122676522
80059,31072.228965515438
105557,10230.472205868178
78860,15419.156366532165
84849,10897.810079009574
96896,12438.974774491227
88244,7714.579921020159
105984,15101.450678391902
82644,13469.0059998858
90970,28929.580892805465
98810,23056.162090069247
85184,18838.855019589966
93723,47845.748479304595
105049,10164.536553415424
88554,11013.1981454731
94996,14937.94376761318
107689,9939.671840923922
81575,44196.467208586575
106988,9935.487728561218
89894,25225.197582063367
81703,15947.745642058124
90718,15907.919006036405
99561,9734.726750627528
81269,35642.16220439522
103069,6247.106201642572
88952,13210.683945321189
95295,14166.70419369769
106589,23901.18805375496
102918,7836.226368607572
93669,31191.047769587658
86144,14016.635508789328
98336,9210.880965848699
96891,15133.134975826952
98576,8814.327009360415
86038,15374.444151513271
87511,15474.346994025269
83642,12592.28947326004
99964,7163.04300810314
82842,15771.180358893227
101714,10492.795866304936
99439,18453.482450996802
108487,18811.2705697278
88965,15363.0175695428
86445,6590.357596188857
85916,8237.837729561614
85616,8149.511685114552
90865,16529.498852410656
88634,11386.44716854262
108094,14937.797762609322
82654,13892.444180524852
81401,14798.580374809015
85163,16229.927885290095
97623,8786.552240776959
79759,22502.012331775597
108230,9532.32386375992
77757,30947.19070735073
83089,10543.845663314874
92851,32498.80109988099
80656,13531.071111407822
86019,10716.776273157522
100887,16947.10929564914
78011,36352.10686293045
96398,19580.483781529027
85254,8941.78688351599
95254,19076.536080341695
102320,9666.380262881703
88408,9744.471416164579
106594,5418.056346223586
83849,6674.028265887512
79313,17809.473289315087
95010,21363.89818565681
105546,16287.152008578643
81884,20882.533057464705
106088,22275.567466358138
100892,6203.907110672898
84487,17484.002596278027
78004,29604.185163628037
97446,23743.011535269536
93170,18644.68764288952
83208,18947.903360930242
88728,8485.758032749762
91300,19622.102938523578
98637,10802.338252077481
107267,14600.044454577775
89956,15440.531794027285
77052,17228.111175940452
94583,17248.766120532782
91424,21095.883754481132
104774,7167.9614589228295
93699,21168.840607417667
102986,19597.319108162632
94176,14373.918192488567
95618,18839.74861082004
81622,23050.846120399292
91273,23664.53972885185
102725,8048.726034845931
90479,10108.152963935416
79835,18763.414218874976
78909,35632.73541426273
99437,12074.012447678859
79890,19610.58568184875
77662,13258.223928409661
90320,9389.014168654863
76278,17117.534163078253
80029,15339.714979700617
95797,19380.68076852052
95356,65011.8525429562
101962,8430.853707595586
85810,16646.26941221241
93588,12942.147593770664
85679,7739.838670708707
78286,14525.696617908885
105233,12383.177620600332
98613,6205.033776468511
101314,12170.456143692867
105749,19399.66489119241
106103,20145.80070597582
96678,9866.03064340539
85003,12526.152535499305
78035,27512.252676888682
82443,8788.719092047497
93373,39745.15949685691
99857,7760.309214306545
82450,8263.770012333669
96256,13917.54717183196
95924,33821.57750268589
81425,18494.149827068602
87252,19039.23467730003
100379,10497.963426827258
106316,7564.189758815728
85879,14512.606808606854
108334,10949.77616168371
80243,22690.53232639924
84504,10915.11378139258
106064,8435.700310944025
96443,9267.882164013738
99020,6949.956495045348
85068,9453.397758466568
105374,9153.987654967228
101946,9733.928863688607
92945,22163.060236700476
79338,29602.88949640103
95027,25570.555651263403
81488,46938.41842500214
87754,10827.82101837655
108454,21278.848698947673
91283,19189.961055358686
106232,14615.816941103745
78368,28581.375248809974
101417,17358.51373158318
81479,30125.14508010761
94527,22400.269773970194
76897,26619.433655331504
84107,9636.727034064046
103177,10886.698475188128
88043,10813.28213394034
93710,68690.56345186208
87679,10741.701327998018
84644,7789.857170325437
79097,16635.147174642185
98030,21909.281804234983
95131,19103.555404471455
83593,17427.615622613626
82532,13407.042736861855
101675,11758.159556197043
85118,17414.364998023342
100813,12212.768562912197
88693,15876.10812077912
85819,16891.01271484477
104337,11895.647198387145
102104,8814.867661372258
107526,11290.510726864193
85600,13377.508608272725
81771,18917.108477501395
98339,7551.608644989003
81855,11024.05608900128
85755,11274.551994192376
87321,6566.8251042518295
101819,8313.807002536258
101569,14251.846956336076
94538,8559.049564302855
104142,25608.216939427446
93830,25336.320337223962
82076,26275.829583265982
82721,19892.793335529434
88982,9760.913046762627
85055,9094.609875374028
101426,10441.830559381799
101136,9697.838063510537
91939,9532.558134072931
104368,24692.531196897933
81513,11734.335829755904
76394,20906.747111200686
92054,18299.472639311178
94663,29012.794923336405
106117,4392.018968713222
92528,27559.758817723257
79929,31042.02280052082
81579,29852.58307813011
107328,2566.7300978699127
105031,22499.628762026827
100819,7261.999348550503
87353,15536.880612966812
77698,24427.414173289606
77157,12903.055108824794
85947,18249.867642533143
92761,19916.931551662477
101344,7479.429476247331
76877,13189.295840956549
95851,12924.540220875246
84319,12600.501538974246
93218,15587.504552521912
83770,10549.438281283603
99753,7170.807498636261
82062,22540.06835610947
78053,37127.92655515544
83901,10223.591610648637
89826,8438.178713988647
104171,10504.945447567392
83906,15145.038446416675
86819,12519.266734663459
88150,16565.135465508374
85289,8061.16771850641
100567,2690.141082978277
105930,11560.694669911672
107244,6996.842113882796
85900,10610.357828441976
83184,9906.228471199947
97034,12084.648601317369
82506,1537.1480765780943
81182,29042.44493565913
78619,6507.341293020041
86046,17117.777033862323
92798,16636.450415303305
86595,16668.209370721685
103854,13987.601281569665
108504,17712.137346562533
77451,16039.690790149802
76665,25376.387993249584
103434,6309.069224294017
82338,20038.411024337176
105189,2913.2752014929733
94512,20243.89702663786
97542,11697.615213978546
83343,10225.696168792305
77274,34274.02015492736
83810,16307.87220872468
90850,13010.54749455056
79688,13888.490801229
104038,10171.73797494998
100468,6004.7059753903695
81010,16778.3635248182
80372,26787.2225889418
95979,22501.38131712594
89813,5304.091019245781
96873,12697.965768991698
87267,10028.827114380321
83327,13951.04945611699
92095,25600.15244318904
84723,6937.2361543416855
101561,10874.923300366701
77409,8203.038977870447
76480,22336.179121366196
97632,12219.679680758782
91990,28756.17056667394
98020,19450.51983292186
81375,26410.453046912407
81903,15553.270553253184
107050,21254.90578389054
84920,10896.22583305986
108180,20632.427978177322
94696,26063.813353206246
88215,11125.123922469389
93276,19864.169848882735
80359,13902.956408996333
88717,4892.058810753007
99702,7820.762935992043
86283,10020.14500689758
100037,6147.154525541844
93640,31328.771467763374
104313,11292.386283616885
84666,16415.150256130895
93000,30549.698854592687
77512,20391.535692829017
85094,7361.812792633357
77184,19644.674426799433
91257,20398.350346044415
103957,7438.9144037452415
78533,28709.666071051073
89080,12209.19320707232
98463,21697.46707855173
89002,8437.202401308157
87542,9312.780970257754
88641,15223.287276167839
97972,9197.701893068494
76363,20188.684780213498
93821,29887.127601805878
93549,15909.618364822978
86037,12196.283033825657
79563,32396.21807404469
100014,14479.233703833332
98717,18075.343018816682
87323,10086.933283514922
101054,15315.968348471164
84408,12625.360183758572
82692,11377.635471745005
91513,44844.603276652444
92863,18491.53753121542
90666,17866.169446518612
76919,40221.30792080916
91549,47700.38416081313
90300,13082.314328498118
106228,14766.85384151917
101551,8872.068519246739
105986,14143.152079946089
78520,21716.04916571939
94130,25719.669088176746
88980,10807.525081008778
76245,21228.547866331493
96800,11708.081896387224
79591,28061.83997882283
94738,25201.827875401945
103275,10892.907094042816
82981,10728.409130484402
102017,10894.881996502812
85242,7424.582930556915
106488,13399.957392165657
80606,14815.507097827034
100861,11137.586087748261
93103,15858.703342705667
83680,17379.504074925142
95926,21671.610763702294
84955,10041.860419530642
102279,10094.660433940178
90285,15239.087292628628
86735,15433.72285414002
89918,6454.260600210299
100914,8374.516629252417
90315,8129.186272910962
98805,9155.425056368922
81572,35358.85984368808
85263,5099.6118383192625
91962,11748.474161212165
86328,21071.546692444004
79610,25719.06799987873
96570,2512.9095944983314
100929,7261.572133662336
107784,20880.65231112389
94269,13948.847833926433
105574,23982.329877170727
76572,11769.073847420112
96249,18604.428293049506
97897,13045.02462006601
77625,17606.304237153025
102369,13639.411005447377
84079,14509.139898401732
77866,16417.093244184038
83806,12680.064797103756
107540,20353.41117883003
103244,16136.037234107558
98859,22187.323824198298
96719,18359.43302924245
76235,48530.891104874514
76348,6720.720393173245
94323,47508.13234871994
96314,13330.788509069254
77439,15189.66671196728
88588,11620.32531242477
89516,14911.352538311883
92199,14941.194618364714
81669,28239.804587387014
93600,27111.31183351781
105605,10139.956596929032
102501,10209.692196067152
105250,20417.20491107318
103132,15099.03718004306
76914,33209.22004532283
103063,7964.779504649302
85636,20057.608915373272
95703,26031.48896449531
95014,13256.734892854469
91855,28855.269855429804
89326,16220.733469780165
86878,14228.144755073412
94159,26715.39443887743
98939,19461.480033589152
106603,31085.15904641993
97683,13553.83747000106
105057,13617.914756495811
82551,8560.470797697802
95156,16989.830806776707
96663,11015.566665515531
103966,15457.335221778536
103721,9234.725638087759
104581,9632.85699047708
99601,22104.713690809975
76271,12152.683296412582
106578,12148.627267496388
105436,7518.47377750794
96180,13150.843330160289
93214,19406.76564083155
83950,10070.858750888967
87436,7669.089276173787
78008,33814.08170371628
96396,7313.14290532484
86423,16740.142399411918
97519,18983.35693036841
86137,17527.75738675167
94515,16429.658050510174
86264,8682.889364364148
93856,14329.748850244634
89370,28051.981554684655
95869,28391.330082041855
108411,14051.325800434086
90193,12289.268979991872
84817,6095.199786513244
100719,9253.362118297791
82801,16205.231916399734
83103,20375.023544227854
103950,7724.471323667691
83927,13184.51242808111
96442,20761.781491726957
92599,14630.14699245472
105284,9263.765735873183
89963,14694.273165818144
79117,11052.693845369979
94001,11839.058122624154
90520,6013.1479763342895
83344,18276.63727366968
104811,23925.612110200076
81567,4744.73932996531
102778,8100.624460136608
90439,23784.1877876007
104220,7188.432442378478
102961,3503.20135338285
97588,8838.818451611203
78049,8376.543870830323
80076,13869.237385821265
83466,8050.326492255918
81941,24205.083857853573
105786,15763.181500760835
91443,17847.43253719905
99961,13438.489385176692
96323,8825.903262057675
107235,19266.27433528135
108199,4807.312360194999
93938,27076.28700022047
82727,19330.66662664274
78548,30569.307062555676
90362,16202.141142297109
92257,24604.18189262032
80015,16075.332617594608
93724,31324.78132183878
88826,16055.401549568207
80051,3972.6803447141424
90219,19960.194885653596
83727,18353.444247095416
90139,17971.81721907642
101189,7973.354936610597
85435,16685.697653365714
91933,29477.448280890436
95135,10163.391825030583
80576,29623.748515653075
97289,12806.035103398624
90225,16125.034690793798
77958,14914.92309835942
96218,29713.31073022877
83747,17993.105129726697
85699,13406.080477928326
92682,58189.328980391954
92129,41458.633293859995
91533,30828.050879238104
86503,10030.475420575422
107555,19123.251122510523
98751,25051.55579068306
88145,16009.466115629819
104214,19173.16010597765
80027,17064.163427695028
94594,19306.05360047807
105978,9346.216245330419
81202,19940.762028052948
88343,17707.284591619282
96928,23517.628449471777
89639,9220.090959866919
83427,7365.462749065552
77241,13629.129267812903
76837,20554.705074169517
105316,24222.07274443921
80915,9755.518959110566
78226,20176.044635599304
98367,15704.167641029202
99268,10382.407975390028
102336,13681.916210741414
99355,8896.156513627324
92728,25377.55585277082
105261,21531.665915410515
86321,11585.062448419925
83913,20784.132843833955
76582,10310.935211162461
80624,11356.686830612227
105804,15180.526930349752
101229,9411.761531665295
104782,9935.487728561218
91859,46934.893127200165
81892,21138.51129892802
104257,15359.23803458969
89995,24242.101302024945
94721,29013.32025393875
100123,10719.488927618791
83121,7944.884906226777
89621,8515.708329298517
86608,13781.428950454805
106922,8688.117851643441
96146,17850.13621488061
108383,20982.15136485615
81554,48290.77046553547
101538,8685.440099992189
105248,13201.067114597628
81033,22579.811405229837
107312,14710.462983334517
85588,15790.02243214446
108227,10036.214342225161
84017,15966.578495589878
101028,9728.016747648779
93019,26857.962876086316
84359,7335.169487424746
90602,8038.832517413497
102834,7533.464684947258
85284,10467.84962011076
78749,63005.25700467789
96892,27486.05057178597
89640,10454.303765158567
102773,15696.842178909721
105779,13002.40510476435
108453,18394.562960223535
83162,11205.860403309594
89704,13058.360823343119
96488,8302.20633692807
81546,20420.72638753879
82108,21606.347797037462
96784,8862.909062111832
86526,8413.276657611885
81220,31311.223174440165
97126,10235.81861687774
79954,25452.96645307088
100182,11694.956478539636
87058,17810.111001734324
95026,21753.428425333674
96334,13041.047045990272
92636,19692.833191966416
89131,9492.170721152757
78145,14909.047834991608
106255,12013.185723211445
84691,6103.859997266549
83425,11202.137370133945
91526,21060.9207663151
81170,10710.717418155244
93766,23397.492072165445
89183,12412.661708141937
87644,17758.809366085065
105559,43848.09913168089
91968,14048.12244582209
107198,10910.01233109624
97030,8135.086204266709
96512,18975.948146063314
106506,10218.01533037592
97240,11379.532781865775
98164,4333.249096194129
79782,8606.433517414944
102498,8549.948336316684
86052,9103.001390989242
101070,12566.194288146857
88461,6037.801335077674
94238,20164.500757618673
97040,9102.914242264531
102861,13878.913311588316
81516,49198.34332967075
98512,7091.2558655076855
91654,30041.510547152884
87837,7489.211377588075
97950,17674.772323203808
91492,25092.87039525766
86374,9586.554177947648
103671,6739.288321835684
99254,23303.72310823242
96920,18353.000409582735
100733,10607.634312556058
101602,6154.861354488506
101809,8509.696714666454
93626,37304.37967942673
94707,25354.326099244703
84718,6198.346219936311
77357,18974.874976298244
101735,9609.27748074226
85009,9484.79724692544
98213,18064.386287039328
89068,7080.166061752495
76270,16638.76056854958
84608,18267.84772537764
106582,11935.411688040871
102112,15629.902882410826
79840,18026.506726138963
102362,9877.29969707548
102074,16920.271908064577
78050,21194.325071771258
91002,34736.17621125202
91648,17766.432588572643
90182,15588.926485516477
101732,12293.056214208185
108023,22390.40510457769
94586,28493.064888115052
91189,21569.23057516042
95199,23028.3673896318
78510,13684.26444178592
92551,13148.632788253242
92368,20754.070208758534
83335,8161.109360276205
82609,7335.046634380205
83471,15707.611495535743
89455,13849.022759456375
84982,9043.284402550718
106978,28302.56229944727
96399,19473.937048471642
82526,13047.457391980282
86743,11172.120126181864
92104,18568.174627442317
97862,9405.699878164589
99211,7916.794162590809
99118,21956.861533148538
97657,28924.916515755835
80627,13545.07341810037
76293,16766.413711986865
83108,7383.699270110097
93728,20821.823125543022
108295,13302.73367563209
87957,9942.062984294316
78627,25228.820335422693
103227,3244.398603699153
88115,10239.247812551434
89694,14610.480224440273
95755,41127.009351952074
100889,10235.441495581397
76859,11716.607203116755
80975,20647.73300430555
104878,11860.449755388137
105859,21469.805290123593
93283,23488.772982169492
76217,15396.318568382829
90731,17716.083885116324
99826,13029.497483397294
84180,12938.349026421658
92500,21975.07222871871
81956,11514.147705304185
100508,10302.005522492265
78336,12376.589562282697
98694,14600.502486154506
92486,24442.46421032984
77134,18242.223509269956
94264,18170.005459378193
108210,7067.643344227912
98310,17870.180243965333
76260,36794.10830316721
89623,6908.94486722645
101737,12582.897712987313
97665,8097.313696400323
86041,17453.779865911005
86653,10811.28571206934
88423,15164.22193589449
103407,14984.138449457483
84654,18582.63330940405
77143,29589.596370667103
106392,19615.602580812876
86347,14422.962547675623
107230,10136.126554290482
103693,9197.49547232259
82765,17010.64990350936
103894,12125.094083222903
105668,12511.456084560481
94216,9250.176340816495
76250,28619.816069980203
102466,5702.23437004949
91919,16847.6027671166
99138,20528.806683920888
102850,15501.628557188555
79094,22931.802731406722
84552,10274.558847513019
93668,21182.69554198556
93389,14822.268350682136
84312,9832.76824013118
79379,22177.646624303874
98739,7597.258926761819
91448,40212.64008160068
89834,8005.812440608821
105359,8757.6921360219
100267,12029.562546969231
89101,16983.355429780917
76904,22174.649005035815
76664,30183.988272663708
102621,2298.108303880081
82337,23392.21923636421
94266,26783.626774708093
84994,17044.457474881958
86246,12602.171721296805
96923,10626.839412231197
107661,19843.81510981364
92401,19136.78648801435
96296,14461.122255243612
85114,11408.068916194547
83081,9340.347422992756
84948,8747.975023409324
80292,16154.23178627799
78938,12444.302609459413
79942,19686.064504015434
80899,26853.964293290064
102476,11283.034344650134
90589,13656.830738844828
89944,14301.35720014837
106241,18382.580088291106
99835,16996.030543752582
98665,11144.490622280062
96516,6191.523508964842
79065,21711.60729811687
97070,14178.46847689772
88721,16814.37877792556
100311,12643.256548124973
97912,6134.133324945739
101514,8452.333779962917
91763,18888.465647233166
88488,17204.882233722692
79955,8335.34275530288
105677,7502.495910776463
99297,5864.173301945259
77377,10503.996098880445
95552,14769.12088441042
99704,15425.779849619477
82097,48569.912941550334
77067,6512.6592791163885
93326,14678.580235591708
98258,5840.733717334698
98900,19867.903583477084
101474,10438.507266152088
91945,13310.124663654084
78816,31499.120213853686
95208,11768.241213033954
80788,15229.573702178432
92446,13483.691098436644
81929,28872.523391478517
101068,13482.658509578301
105116,9311.846361189793
96828,11860.301398081287
102272,10167.057907174283
89347,21863.874023183205
105201,15032.394145532891
94146,16193.399344908274
105641,9703.61592264258
94416,36582.68417553167
89152,14993.932451423198
99500,6476.917686307535
101711,6787.433895403147
88178,15772.788576868697
94259,21842.681274705083
90380,10563.588101226445
80659,46979.90460299246
94687,18543.049230814253
100447,9081.745515263989
80895,13583.87126187049
91806,24843.193763154784
82758,9989.887291806828
81850,14690.094536123452
85521,10255.529907735148
92432,19130.611585127735
78318,62138.59944438421
98804,13450.49384827808
84403,18616.307718288776
100979,12650.200580876166
80559,17037.40458195946
104553,20081.94584583684
90570,11260.881089145925
108278,24699.08797685145
107134,9532.32386375992
84351,17674.054534224782
105418,9180.65794292102
93910,19861.68306945004
98231,24599.032180502832
100789,16916.40522740695
101332,13900.894037651504
105715,9756.888945703724
82170,11163.46387684988
101526,12418.829303512126
89070,6354.111309967924
90429,15858.57898208339
91152,19060.107723467674
82374,50237.254115778334
81668,30560.796140379163
78914,19511.230608025628
105239,12681.611105116768
107483,19298.322549309167
83354,13342.051940823261
105252,11052.733531189386
93977,19299.868942478155
89807,8515.588756247564
81551,32263.36480645087
86311,11628.827062485758
85966,11982.732016351109
83878,17271.310903789486
103342,8738.113802686894
102398,11297.112003368184
77021,49501.282143899174
82755,7950.169116561592
88635,7499.282651278013
105457,12911.291019092156
106552,22036.094907530576
102641,13513.271756140952
77582,24596.48926408424
95453,48653.22336447952
78388,10852.837998381548
99772,15875.560820034205
77990,11607.49492597281
78944,31940.734509129135
88290,13920.657472157529
90011,5599.281040675842
89540,14968.618766379017
78904,26332.779641020858
91379,16621.781294342843
105750,10664.582251444552
95603,16832.541975507254
92481,15045.311880565518
93463,17532.493688949922
88974,12554.019165110592
77787,20615.456318389643
101389,11274.448428998
90559,33588.379636089674
90421,13197.344241366147
107190,25159.561348595154
87506,12140.532648787992
101147,13803.159474542836
78096,30004.32204685479
99840,6252.274430763553
89677,9926.215984493572
97991,8867.422307025636
103556,10278.968990507938
101327,9620.583501775454
108008,21141.38662953649
107752,17366.240184642433
94554,17189.80987642016
96408,25763.483225040698
93573,27521.02599727663
83674,10168.293213822762
104503,29266.718493490378
93082,20698.834220493736
101841,5748.0461352768825
85143,32060.662183845245
76781,10951.597853284728
102153,8975.196180604622
97411,6573.889670399846
101676,8611.68746886712
103176,12086.036294158426
80879,27759.555701332418
79695,17077.647629927375
106987,29138.3115180137
89095,17738.853023279687
88707,7817.557978277264
79935,13403.13709681219
104678,10764.95316259217
78644,10676.425331310362
101947,14492.136721073553
85390,15009.772803554179
94121,13854.077032658515
80525,28407.814310787533
92964,24397.457703076525
81982,30460.485987192445
93804,20083.77151073158
95574,27502.01974341701
81710,18224.071501537408
84452,17581.18489686813
94410,18820.984190333747
79137,29130.095942420812
103270,12237.869619016343
82736,5385.66455757379
106741,19531.949953157695
77630,18510.457864586308
100426,13875.435662391512
107231,10640.418665173902
101001,13119.687708004942
95067,16596.65685262365
107197,24777.182217887454
83522,11117.93603922433
80239,10195.940994802611
106389,19938.663499751325
99072,15961.188901401747
92779,24404.386397872644
107906,21771.65304676545
81289,4723.211652702641
101206,7218.6280776034655
85646,9074.098180294412
95202,26715.426968637188
96423,6297.571814400604
106597,7376.600590894183
97601,9889.66110994914
76974,57486.036207694044
80171,28411.658640477366
78391,21067.149763307916
101424,11053.627817227634
79548,31703.33287454241
99083,9615.73874736474
96204,26022.357431187207
93318,10830.628441503202
85745,19095.058973970703
79531,46206.30466731994
106411,15851.264741093972
88431,13375.728889323587
79827,14271.117616393476
80860,22791.371584231674
93114,30089.030659555843
89031,7406.87598228528
105755,18127.33964169886
81286,9919.633093474915
94641,19008.044000593272
92196,9244.88186010117
103591,7267.336856779193
80497,9549.339727214623
89672,6605.9509572883135
80800,22358.067338246296
102146,10674.71149018794
106675,23132.451638106468
76780,19477.678328351452
79880,37898.04791385673
90306,14759.034402009427
102271,9133.84202926645
82996,9725.726775815348
77929,28031.383374825076
86610,12938.41834229006
85316,11824.014567383265
91134,11481.279126138192
87377,10030.113867597787
102946,13985.91193015922
105420,13768.709636409594
78375,26020.86775842849
81157,10938.002417100592
93430,20231.386625489635
90671,10126.178639583632
98881,7796.62009419651
107152,12650.455538590131
106056,7522.903188731913
86256,10996.444082354858
88692,11481.894998488255
98622,11424.962364196419
84068,4321.655494215977
85863,8095.228989392148
104131,10678.802627104458
94296,13331.523205412299
104177,8084.412397578361
105126,8396.215322611355
93360,22861.403114950517
91059,25196.61308263108
100015,11729.759550824827
97027,10282.777230457206
106300,27626.259318579156
83539,13259.101777736314
87099,13696.207030067006
90692,6490.831258240728
107313,13773.26274558866
81341,53150.6398517807
82901,11205.047004533168
85576,16627.75440219117
98646,12589.757333257587
102552,8527.667423250607
84874,15968.702509189377
104768,10855.281873933387
87768,6888.350462014408
93342,18525.67527547693
87241,14337.61045398523
103615,9503.023750340471
98526,13602.696631466326
107464,12887.620341926324
83357,19140.647739894335
103171,8150.13181344258
100341,10649.639273534724
104547,10046.035199066655
102882,12363.863443803339
107531,21629.81935468806
85433,11688.59411430696
78435,17163.54754566567
106094,19496.429734045505
92625,91948.74830302094
100319,9895.660631876886
95937,28775.179885939684
88915,9735.158324734257
87681,7272.596431861845
92428,6244.426038400825
85427,12482.567379415319
105372,10091.343287300175
82482,20645.936776929186
95178,18989.974037154527
106881,9142.787009268544
76562,29552.98665002883
103710,10068.241922079442
89109,6376.585913694766
92522,30425.73171523857
84821,17978.622656071282
80597,26689.370497670152
104040,10504.878782720461
96115,8830.530853724904
82818,8806.302180813453
90316,15803.825351152753
94385,19208.085819994223
86823,10354.278571813926
84842,11432.60304042408
102995,6885.991714765425
85397,22646.938837989102
81427,13579.822043481663
102461,14818.901661431286
77422,31448.224246676262
102354,14086.189244741421
91822,21133.37014172437
87427,9940.005073900798
105450,19488.837992586563
94789,23369.142403179307
106631,26507.41876557478
97004,13045.435360070298
100826,14891.245101563325
97915,16374.659895453955
93253,32051.432231253555
85776,10032.384021667829
105562,15402.32890098031
77560,18336.906350943627
82659,9460.53619663428
89531,17809.364319489487
94076,19197.378038874143
98457,11161.670190854242
96163,23179.859844624192
84779,9878.519545317442
104551,18603.972360015865
79934,17870.693942608217
84896,13495.579418640082
99393,11431.140478674768
82051,16805.82153145247
93247,17635.163054746066
86929,9841.803095450978
106943,10716.387456684071
79979,23951.17383862032
80912,21845.963694196445
105006,9215.185566830856
94368,31760.842326853075
81871,23034.287048500504
90338,11797.744256615995
104271,9150.497557232324
89984,6412.646256029152
105122,9862.995526401692
104308,25167.080291679533
92941,29629.16932866088
87433,23765.05524800803
96289,23949.9252294165
89130,10365.233584562753
77233,50694.61658199643
96895,11966.682258192459
90364,11650.378131445113
76283,18998.661886296213
77689,23432.09003205829
98366,9606.165210522598
78025,24011.467311505257
96644,11684.659900565728
80641,28551.212737998627
80271,25861.21691289887
99003,7696.537491190026
79756,10913.633941304142
76981,10990.821943992934
83320,13958.57857114692
96797,4716.193934042713
86350,11194.522515350034
107535,16788.591499688784
104370,8414.235235267708
100740,10894.835119696854
85851,11316.56566507241
89132,4916.11166607594
78746,24671.704948066712
88999,16723.60443667917
96416,17306.486918681072
88921,7538.750791106585
101078,12193.425714450374
92447,22403.146660208888
77960,17493.85318997137
106799,15742.529685724596
99888,21484.259865182015
83252,16614.432300987904
78645,14229.167640539932
92233,20330.24499745065
104026,9065.936768023741
85148,16581.385340888562
107726,14444.974629417398
93331,22829.614212385037
106236,16137.359268260023
95282,14963.906454826378
76222,25505.23435953011
84158,5468.1286586323395
81857,32677.674918783418
94698,17119.044070813972
104680,5778.253369875808
104366,20325.06459898562
82562,17186.343515017612
89753,10876.953357369895
101937,13503.692369181948
76600,18275.170558470898
102683,5177.638422165767
89245,18492.68222741656
99902,12223.211717906606
106525,9507.841893847093
80738,33077.70247018985
107909,16249.747481910515
105939,15514.942283962815
92485,29622.511849087212
105128,18056.565029528025
103147,7267.3045629457065
96539,7925.3822349598495
99656,7846.77523456968
89755,19487.595360563402
88400,12990.011050911837
82968,18451.419905292452
103521,15685.266541628209
94755,28999.13415861185
82278,28726.76260851385
106205,8396.215322611355
102677,6754.110901357068
103577,13587.513626353475
88365,13464.462069533452
93543,14688.02863568467
103285,11155.289163793475
91445,52354.69844853555
86676,10284.464923541696
108086,10545.683612448793
97671,13017.398988876528
85193,13045.701915245485
80220,43844.397071328916
107824,13836.292818297767
87246,8785.250793165915
85080,8942.319079010065
85470,11799.626897042333
93453,29983.884228638282
87214,9303.372140477191
99010,8614.682779367506
77246,34235.37745163233
81671,15227.153673146651
83651,11406.915992167931
101085,5339.713850291674
86961,10209.268111100104
99154,7127.925225427227
85563,11357.909225677373
98972,20118.713369248842
79331,18361.993662817837
100112,11976.543910624669
92540,18294.585800696736
102135,6432.381300093253
104980,22715.05982901669
103442,6975.746916940971
104320,12637.186870776763
91208,74065.7757710663
82486,22286.18733606058
92052,9114.150965821374
80540,17548.066502581147
89228,13337.22747009951
98960,11186.773067198115
86821,15914.295028969398
95220,14786.969843725185
104196,12718.628691020524
77934,46151.26344750332
80965,17021.25307649913
80864,15856.097437308355
90303,15325.126985215424
100396,12054.598895250672
98226,11826.922635267536
107713,7532.924566988026
82199,26026.494753433937
104715,28430.02806625513
103412,11394.476947181634
77224,11621.622309984235
79149,21595.986300721193
79332,26342.787670100093
100094,15696.842178909721
76280,32318.20038816867
104668,26299.856915393353
106239,11930.930793205227
106918,17821.811088570565
103738,14239.97116990273
99768,15276.163850963883
99895,6620.240123882356
88553,13957.100118516586
106781,11817.882499428159
104339,23168.61830482088
88198,8175.623688516196
77024,11693.80929841706
90492,14419.794960253463
87383,7739.255524890024
85194,6737.934580568092
100821,9979.284292458151
86207,8608.368979633633
80736,13332.210904997102
85035,6350.624394964683
77847,9054.700617110424
102444,8640.001130908937
101635,22344.81445013981
99639,8249.612154791977
101365,6754.110901357068
106612,23654.160907973917
89655,12814.601394372678
96679,12830.91312595431
107353,35308.63452003078
101805,11032.16062327724
81804,17591.621817253967
106783,12903.551471660296
101047,13902.887049520648
76164,41064.579894748975
106524,8223.660649313662
104745,9865.415060175354
88874,11129.992214415537
89206,5434.016580035756
88602,18704.732114456598
80458,25232.459903509796
85756,9899.330203031004
100972,6686.519710510276
79897,32993.897270310874
85913,11406.587260405944
107705,23069.961474405867
102659,7533.030871996453
101994,10672.616163413351
104004,10373.817648328439
91171,53885.843895287006
100207,14297.841367254647
101431,7571.008981940395
92034,19314.4475833703
95470,31677.54902320912
79276,28179.6883452171
101893,12666.577835609649
91522,29882.49427911929
94047,21441.331465021463
100620,13956.975814269548
97405,11364.122436867852
89277,11503.321140595668
102728,11514.552791648908
95665,53498.89550067933
93861,14511.028587723511
77779,11871.288045375442
79844,19881.750430341268
102549,11090.007331643694
79764,20047.025059192143
106543,17251.21826239177
90127,13093.552184343682
78759,17747.19861954757
85232,16665.179692637746
103173,12811.482887447879
77690,11381.073029694884
78669,39004.37450276482
77821,13245.578867891978
96869,8025.219463771844
99426,10363.78073211982
86596,11631.511172011133
102352,7531.5529595136395
88825,7796.185631274897
82595,18416.637469763184
79408,22972.92119509024
105771,20674.821800613267
92499,22003.800893881227
82744,10206.283415453312
104310,7204.209392931874
82965,11678.631407911316
108492,19952.582534751557
102748,7437.654155712241
105549,19923.651327098876
103794,13236.635158117406
87574,11810.219377090649
77090,18595.885734221894
77729,27727.96526001844
92854,18738.007244973905
82724,11780.41905095791
76843,8241.357567735555
95714,9413.915165536184
85077,17281.74260359507
100035,4470.984154575148
76694,12171.162785479391
86970,11545.752474786437
93243,24620.258146997974
95700,23629.16871436234
103907,11195.594174542028
105698,15009.835424746729
84320,11351.283362975966
91561,21986.5540772432
100459,7218.6280776034655
106398,24097.07130233741
86911,4979.4595200286
102905,12860.74153193943
103009,6695.6252660061045
76287,14765.493920546603
106832,10675.094097336665
107240,21139.5697422777
104164,9205.725326694741
96561,12968.821134469892
81823,9513.461396186456
82102,23339.221568488185
81420,27531.728016974674
79102,21768.464922686497
92252,19100.803628750007
91605,24005.775116944016
94353,26934.509809193754
76883,17204.531203320064
79941,21915.859362612602
102977,8288.605807964777
104975,26602.264026507328
86138,20276.212903417163
76309,23091.21452334787
104976,17682.70202797254
105819,15535.03341096566
103115,6409.5315898725485
78958,20375.55209811078
86851,7459.582373299194
91889,14142.022502821175
96977,21392.5675029231
98888,10648.508273377192
87642,11013.1981454731
96835,21566.37476339957
95915,28349.6963625865
89880,14291.07966476321
86974,10888.370225241375
80793,13078.430797036739
95773,22311.874093803923
92664,11084.531749252843
108423,13509.858933276784
88073,16646.893419407763
97731,18208.011834224882
92705,24779.803394229795
98275,9283.746537369523
106563,7459.337725681895
83216,10704.557337961684
108252,21360.432451017656
90052,21723.119509395503
96839,16406.746407152077
87847,7851.219944450453
101778,17813.90740342725
90493,8920.994968686471
84236,8085.853209602293
94651,28621.822947378747
82828,6123.300334987767
84570,14167.481503244871
103560,6420.184648527005
105414,9642.32685746337
82874,9635.40449177504
94023,15074.572499899685
99936,9059.35432157261
97927,6071.883323269076
85922,17517.90976646591
92409,16410.691666767714
102547,7486.739489599164
98620,8010.691228837055
77418,28743.79859405099
106846,21907.485959716785
90794,17361.980369837143
102848,8051.3800490573985
77668,19444.774300052406
87057,8647.431509999287
92125,48965.1928796731
89356,13715.007180124838
93931,16951.213895185938
98496,8341.636829377083
96762,12028.216204707109
77603,16716.61167194642
76242,11953.732779944732
77854,18651.036638690777
90496,7481.946665728287
89873,7697.646927117246
81047,35029.53673339139
81482,12125.223107682286
106630,21726.232811291866
102807,10546.702671187379
101397,9398.096300812393
103459,10223.237276407639
78508,34541.94092351286
87042,17739.09474097566
106348,21993.484521709404
90653,6209.933849451056
76159,22931.485839779292
87944,10638.173657238402
81531,23791.835233427228
107875,7070.863295896975
99542,13180.544560016038
107359,19484.225207008403
104564,13265.596054196116
82560,14859.38681988843
93591,29518.810486348397
103234,7445.249150443966
108458,10943.428692632899
79888,12498.541097663578
76419,24076.474082322373
106649,12683.05532987392
90004,7467.627055735185
93201,33188.92162555842
97558,17076.407977964434
83097,14014.438080845413
96492,5364.096407251739
78413,8965.33381641899
79076,16079.73182675594
87061,9830.16278583414
83665,13167.861685173079
97131,12459.556405603733
102075,7160.115517018112
99331,7693.746538761504
82067,47617.77309034031
85459,18051.539953883577
94510,40814.11253439968
97875,21694.92592066832
105176,13218.781276117972
89196,6918.381788568245
97424,19956.46067846517
92886,22491.837751701427
76660,12051.533789810557
81181,23828.396241567556
93133,14094.480637468778
84390,5936.878513613471
107413,24944.516738853916
98681,10778.105525236311
86318,1888.300777337983
80893,25608.08848894452
106409,23236.435710198926
101539,14552.903587384779
107735,13908.550702526942
103362,6428.47593087235
95493,29434.622109895132
95573,24405.21394834731
81435,28754.785790204744
89730,14247.546985185092
104812,10582.19684877517
95540,14551.67851419097
105693,9145.006290347941
99879,14852.21926331501
105045,9862.995526401692
95556,21676.076630934414
105209,12137.460894372174
77262,38547.776385138364
88746,12575.391444328066
106257,30292.023066909813
86665,13708.797141648442
99714,16024.098339557968
86308,3816.3908940040264
107814,15253.536754201627
104110,14671.504675339895
107020,10328.307028345576
99899,7903.379537692198
87878,10406.950169731426
107898,9138.900213783509
91803,23580.14607913904
91708,24018.271652363877
88131,12037.471580663901
94236,28478.83160643861
94787,39956.67137970062
88426,5961.549313234796
82052,20250.03293220224
81430,22055.06466803056
103458,8498.564681744894
87322,10640.823170120479
88030,9793.294666264563
94505,31440.021331253985
80104,8833.028534356718
92324,27566.17620095379
93393,16711.84165877452
101185,5640.691298887182
99944,9396.370583999364
91381,18776.920949144485
102720,8636.184182533045
80107,24667.3591885582
93006,29735.95940939711
85248,12277.35011392503
99068,12590.76263969171
76834,51669.61204685805
89377,11178.210917108125
101452,13867.914597238914
92548,41106.96126789723
100658,13572.695221830525
98383,53449.71266091766
77915,28667.46114629205
86268,5077.466489757512
80304,3405.1225560851717
106680,16005.578846634491
101132,7265.362946020042
90092,23611.206534971196
100329,13952.992203113477
79943,13390.170566019493
104189,14341.407916976377
107250,23670.827123868232
105088,8180.591800770112
88824,18738.768023956076
89166,13464.462069533452
78748,16488.451453965485
80118,20011.69586167643
106238,30899.294288415233
105638,9143.915697294076
94974,14758.795656489587
78384,14944.75715049083
93451,19728.19579891331
98422,7357.773147439947
91430,40434.17602743622
77519,20554.705074169517
96946,15579.794481565163
98391,6623.035542800942
102809,5928.117919038804
82926,10309.492405765694
79108,22781.724583550113
96213,20826.173413041393
89205,5330.752447018242
91600,41846.02059545918
107292,25731.71381079326
90688,18390.02474678864
98776,7370.8553303947965
79778,15156.931453986217
106834,8178.7210642755945
107835,18274.831056851093
99788,10701.026771124496
91133,24827.806326170903
82747,10228.05069247442
95651,18967.14794579921
90035,11953.04135973069
92821,14233.612569275605
93614,23436.21444415138
85993,9002.326399364654
94616,16404.18328962058
97987,11715.337100287203
79300,20825.481658027667
98588,7580.663989824473
83355,8855.678438231069
105664,21515.38084996214
106502,21578.607838606375
77235,24746.94523291638
101503,9769.197852576293
99569,26065.351027055178
93332,20753.217852151694
103565,2979.511935159117
98223,4698.651517322285
89090,11274.551994192376
101490,5128.947933265454
89428,10492.951261601287
82555,9300.451090442104
94744,17858.51682141097
97092,7676.972566365684
80994,24543.429931035214
99486,8784.657661686688
88556,11733.309338892946
105789,26586.191954828388
90968,14306.44192299778
87386,11112.957483169994
96239,10408.46495344282
98412,8668.667382929438
107073,11109.3544582938
85775,13419.731331631161
103494,15102.859278970433
96232,8898.15450256985
95146,19852.30741282409
101493,16930.87332117619
108369,22622.076248119505
94214,25538.176141226068
95377,17563.741287724217
80081,14129.444246331364
81186,14149.442835175347
100638,11495.510369454758
79228,22154.161527097145
83296,16844.89181023182
78663,16108.932425053925
90474,12477.72197450047
99746,11889.004406480073
80600,62721.12086867912
104132,15639.1769544632
77292,9661.444577813998
104314,12836.9198398623
92563,55442.4938455557
81135,22818.753613202723
83199,14236.58356654093
103083,7363.477970733943
88165,6776.940494353568
93492,7527.297301343535
80502,19632.903548070484
87640,9086.818573623645
95862,23616.265319146034
97106,15588.086222830054
88353,5288.6646237787245
99443,17132.865807096696
85914,7639.020343445204
102522,7723.13479089692
94035,21904.563033255257
82309,16668.08318821866
103845,14284.587749216324
82955,6546.475689405275
86039,19282.99005252272
76890,8187.766313516798
94862,20119.34057090396
89261,10202.829683953714
95261,32458.251861002227
76543,28973.648717288022
93805,17084.712638235935
79387,28580.56161278266
105256,18804.888752651088
103632,13878.913311588316
101647,7608.77128744183
90779,7934.044803600167
83004,9252.37616183099
82810,5637.163889281452
89851,6495.961993459772
95583,19080.130756612027
95318,12748.8916078688
96740,14227.335612175246
89999,5919.99507154102
101586,7109.266423569833
90205,21832.409233535396
100202,13367.762782843938
95896,16506.439494492995
78190,22663.996094630475
106867,12111.705982970852
103122,6664.693833390345
78800,19637.028141595274
98137,10579.631675058023
104071,22225.636025911142
80969,16474.984949705246
93695,12487.155847743214
79235,15537.278270640678
100233,8522.526154657888
103673,8548.230462594938
82811,11012.781661204583
106273,22001.389926954467
81714,12354.363345698584
76623,15613.8626819591
98396,7433.178895553371
87067,17589.319119041567
94615,30226.58012504404
91380,27893.12170113655
81368,14629.182826746666
100189,16268.32974463229
83055,10384.877386562106
104726,11095.332325635036
79494,20766.16831165721
86895,7405.124500148987
104253,47850.94863824317
80451,27473.75671457183
81633,27994.523027107607
85761,9366.785080062795
76040,16342.948677838636
86749,6299.661826286082
97161,20738.949910652034
89492,7662.224410591597
101063,12628.119613955629
102557,9634.620907806975
99966,5346.392302926357
93615,16145.503081024137
79812,14261.782918010154
106083,35151.220429073444
91688,18606.637993470795
93348,14671.001466978247
95861,13631.779661951228
84278,10614.939224526754
76892,16488.850025096144
86674,9329.572699869514
76138,23399.327300367586
104974,15166.528912894737
102421,12546.228774120058
82617,16624.514609559203
90307,7750.808569641605
92258,21422.52619617504
90255,20969.592898399314
101498,12603.63230566446
80567,8516.862283905197
95321,21986.5540772432
86671,3376.0659729415956
89272,10472.836405263477
78823,8737.704232412732
95185,21912.76782279892
98753,6729.1619441813455
88611,2593.7527062746017
108390,14023.287063547494
105366,19406.614168706274
80433,20543.060593782157
104145,12131.306936640856
90881,13953.53114930428
82596,9095.219799527784
85279,10913.440849367353
105968,12030.697647203388
84463,15811.14114606361
85840,7678.532778381193
78708,12701.273250304772
81642,24416.086604860244
88004,10471.123885360195
97345,24896.336855897203
106927,6475.4544917824205
78351,13418.699726578106
91596,31183.237223437816
98390,14807.34405852582
80145,14621.90566864319
88364,7619.07168450986
88715,15219.116726279211
100449,10946.623106361823
92076,27298.23319836742
102573,14059.9832465494
89983,12179.929489942013
76338,26479.228561053562
78076,17966.80433890708
96116,13137.01008364864
76662,19438.8160351066
94194,40672.65014732461
105200,6039.25689359543
95232,15788.550405906626
85705,8176.065561774175
81683,6408.585546300712
92007,38267.407025688524
101156,8116.4745306568575
96857,8836.876113277218
91201,20200.781227625816
77066,8368.089092710181
94938,24292.17689454385
82691,12558.580487616706
108279,24944.516738853916
101317,10221.617212249954
91872,19525.848705771106
92517,18116.06145367304
76176,16215.253731155539
98840,21293.52366421847
96297,12508.431288569453
105077,13982.025807929122
108306,19649.035991152337
106837,11396.703040064633
80906,10678.612834002764
85979,17506.147805890552
100004,9109.277818083005
108473,19559.302784484058
77203,18629.77132122643
101523,11938.982755256548
91769,23045.984285537786
95403,24947.477238934316
83930,9368.264634970415
95272,27867.120369859702
107063,16196.30674000017
105033,7460.8921049059345
105705,12887.620341926324
80224,16562.25361571026
98468,9339.933432833188
90993,21586.28574637031
89413,5900.272580937549
98561,19272.008113394902
88199,12724.205240841728
95082,17162.597841975414
96647,7639.41313198412
80307,20818.474281504627
86717,7552.329920392701
107754,27192.41576292939
92740,19443.37358367943
89653,9230.807928749588
83458,17619.819123750265
88918,6041.051709068105
80859,11077.875208636447
76830,37293.82258830858
92727,11330.92282613455
82512,8490.86225544328
94918,31216.6221733513
96158,11568.620923129653
97812,30617.65357805849
102820,11044.05143081788
88655,10108.004670635997
86512,11192.978488224231
84814,16726.366809421663
82832,18710.626720690023
86946,7606.886842251499
102885,7704.47963852261
86598,20327.296416241268
76927,50735.84099792841
83377,13219.030735413508
81917,27815.531217279367
92972,21886.85652266701
94932,16491.59163103996
76026,38506.788470273685
82383,31942.20210996533
95697,26492.314886866618
79489,27402.868255659407
102254,10012.185097598598
95248,30299.44949706047
99438,7748.229720104741
96002,25050.17247438154
107266,13442.200872412704
98233,9852.420969138304
87721,11838.664861513575
76462,49116.41309189363
101352,8324.627158653131
89118,9896.368187880338
91908,22564.04113109422
94169,20008.219441692563
105347,17184.339322487358
93347,19781.957762391037
107981,18059.28582162551
104698,12844.9753993214
87678,19351.6303725128
78945,11096.92918665266
106051,12485.511428589973
100768,16553.275163680264
78915,29256.72210766965
101837,3449.190011822385
79136,11732.652175719253
97035,8088.542845258867
78591,46103.931302016026
95969,31674.9944275059
84208,9016.657881050523
100228,7644.173232566128
97687,10722.223213455343
87591,13805.871021851639
96149,21641.93288670251
87736,9911.289464873304
87550,3601.9872095614633
102052,8448.594202537775
78827,34664.29179336418
102402,15240.407033670659
79412,30791.402471371573
77865,46707.48228661826
107971,9694.502401089536
107469,15663.760056860894
97612,9808.35751636626
108451,16331.303795528256
91741,23860.423832838285
97524,8526.800538637888
88979,13761.951037200106
87740,15595.719022029096
98817,14530.069131521856
93862,19323.424484181625
99648,17908.80890657019
76643,15053.989035489632
107633,18669.055754828936
91213,25152.00624082081
90869,22268.680680949503
85444,16624.514609559203
104383,19168.669777105424
76870,20448.049647251635
79279,41703.05828094357
83999,5955.38870715634
98596,8602.057361165706
86831,12141.949303211311
78863,32121.44598115171
98360,7269.559181646834
100096,11663.118392210303
104448,6479.204494135526
90367,9706.393239639012
103277,12847.649941163185
103728,10115.022751388295
84370,9895.529062826048
89978,8434.930863082074
92359,15269.887297694975
90135,6740.936791180162
87969,15697.782694522428
102318,12398.675302828751
76607,31248.303811441343
88481,11779.813438865192
98436,21067.440746966615
92888,66565.47468330667
106269,9467.499112414222
100538,10794.849652522842
106326,11082.060680774994
82449,5726.90382142302
91142,17382.05264599836
80150,20718.360369096863
106004,19128.52685943249
108069,16474.24211375936
87037,17993.105129726697
101280,7636.087345306366
95763,14923.536852163501
86504,11782.57811446247
81964,21790.13529985812
98685,11166.064932425941
103215,13414.302676768551
94922,36862.01937028888
78554,24427.617971944386
105764,10621.595428702429
87972,12313.235726863662
84358,11857.798471412929
94964,18672.69872594662
103241,9743.483103079305
86647,12750.751671865062
99158,18079.045752495294
85420,10788.737588999158
78077,25835.54261397673
107422,10652.33403805447
104022,22067.11524375737
79737,31923.7007139434
80207,14321.17098689314
80967,22448.530918708795
104178,14489.160759421362
81030,17542.835061213464
93015,19236.489883719965
80407,27362.343822491483
87649,16269.578272126597
76690,15449.114727493155
79789,21618.70679270489
82746,7859.14563581224
87159,12206.995517598625
105962,12962.496133760415
86711,13078.722657717102
90644,6132.923296549619
85786,10122.79068818534
107631,20672.626849494507
99617,7194.139339174325
96261,21591.698562518995
103524,8282.161432248222
106761,5789.804950580869
85261,12401.481839284805
82784,11449.804502640518
79866,10249.537064400613
85332,19046.381013516944
91102,19144.071525034928
86628,18156.614889522327
79673,29915.128360356437
83347,16300.607708304664
94145,28899.30519310365
106036,19456.06930919644
82287,14682.118430948676
88789,14292.098238130016
79618,30827.50773262518
94133,20821.823125543022
76165,18744.609613434517
101369,5670.916058505866
89387,8177.1596793434255
76789,34461.186913411606
107309,12601.416670164186
91783,25189.616387523893
101897,4786.654358529988
97745,19866.254440969926
82133,44990.5830288609
91614,17816.345133893126
97308,10587.387203442531
95044,47549.884616373885
80363,19346.183887782623
87137,16895.77192845105
80900,10159.572706056864
81525,28266.96090859735
86772,10680.314553205153
104784,24926.949023926863
76211,31106.231409366093
88180,11201.940846318887
107375,19474.12641591143
87142,8599.861697490116
102944,7057.648115046478
99258,15453.620085137056
80209,14932.543054803782
81591,14346.017913784874
101494,11655.370946659996
103703,13602.466705643421
84613,12503.107535609934
81070,22713.60238366595
98675,21873.040481510136
90638,6304.864912177339
78215,18460.13957444682
104188,9858.621291138705
79525,28924.12700170752
95362,20086.787215773933
95717,9512.586094380487
106872,24008.24181258373
84301,12942.412289826447
81601,30985.585028314275
86575,8953.544418482874
100108,11115.573076372553
98140,10949.92458649097
80480,17618.87042477229
105961,21402.339338125228
88147,9155.710199088295
90426,12724.070421142484
92503,22917.71833428893
91066,26920.206639268163
103976,10744.896137477646
78267,21767.226049821144
99535,7766.026797680036
87776,8919.97027924189
108501,23514.036853145673
102285,9654.804418689502
105946,23581.834233250927
107799,14535.464065632557
90291,14508.107433331015
103617,11115.573076372553
97086,13819.311128717698
108058,17008.060190763277
84663,13470.78005702304
83054,7524.64949366499
80706,10396.269626919096
84885,7804.639597973448
96741,9481.114826967398
89018,17018.27437563173
102962,12140.707064788929
107208,22041.770794992164
87254,8918.042627863113
90928,32779.98374957488
107211,14498.800557156705
104636,14398.699578021184
96902,25442.880056822472
92953,20058.58066787881
107082,25702.65429283832
87483,10284.538552859318
81493,20516.93044305929
97521,5527.830143483531
107168,50098.36177119178
94004,27385.374805323714
87794,14499.365779498123
99172,9681.343879613976
78673,28343.24830791822
77673,50910.042596693944
89569,19999.943516366428
95130,10531.357248367452
82941,13561.565997964639
106278,23249.796212958354
92295,25528.03918976827
100500,6599.392795334263
82192,41160.59261603368
103583,17533.396250455608
76059,14091.078437132863
105499,7167.9614589228295
107083,12392.525876771153
99563,9333.288250026284
94951,15477.58160805298
103148,13741.962174400962
91319,14758.93584343768
93386,21428.781570656378
76109,10043.401921772593
82945,6974.116892171201
101785,10501.513061098607
99381,3352.7889070230103
87060,19565.801013786382
95211,30603.77703667752
91694,21637.533222424696
77173,50496.583533105586
82094,13854.141393263624
102120,13098.48822898413
91721,14281.783216706051
88100,8129.946682435106
101115,15917.128325043368
104595,10856.917975182694
90098,19498.5289923235
89595,6190.367584227359
82269,35421.65329415444
79900,20272.71650875576
90360,9655.471863394343
102462,12873.785740235015
106639,18771.93729915973
100825,8350.69662370437
79579,31739.72932217224
97198,8845.088484091855
78303,13042.417965412837
87680,6057.800809009969
78160,63689.50041210151
76168,29711.171474611157
88329,18497.215156169103
97416,15731.544501331537
93159,66552.09085456876
91927,19229.939022219765
90611,13376.925981407756
78641,34396.49415631745
92598,20259.002792146173
94425,23955.926756126977
91168,21382.597327547377
78734,21901.27666921101
78005,21373.983022664423
93001,31081.41966634411
101473,13482.658509578301
81076,35026.2569811288
89625,7737.603362035109
77610,13913.82426769697
99909,14627.091171261081
84285,4795.102556936545
87146,11014.340944596079
106204,20934.225368324318
79047,10728.705580163843
101371,17894.214014160083
83269,13927.630914835367
79251,13200.39030510966
83976,22680.091334709436
102684,6799.252068471568
97327,12290.401556698269
103469,10278.968990507938
84299,11702.860348324126
99272,13230.165296804444
89489,7278.7662187099495
83325,9959.855136315518
89423,11673.399959448274
86724,7960.085003375245
83802,10287.79323774408
92419,45016.26129566091
104989,12014.299068271128
83670,17651.39488466166
90400,8100.468262982945
107433,18749.301883579505
81641,30831.812648232313
103722,12740.081245263043
86632,10887.187429140817
93036,19334.97199465677
94398,16447.1027429433
84906,7676.592522853989
81280,23837.34701949013
104075,13540.744860795716
95998,25341.368830210777
100993,9453.017405591627
105404,19725.938219917916
95615,24414.878999425975
88828,8174.226209380345
94230,29943.737346580343
97101,32713.082069208875
102266,6152.618407116588
95269,10953.275366216309
87008,16821.465944648895
96384,21323.30419055028
81461,27976.91015951555
92651,34375.401363602534
83997,10915.11378139258
100143,15696.842178909721
86721,17871.947005886235
107348,12636.09247495184
99221,9726.522282127808
92846,19227.548389573003
101042,12600.025586687863
76663,47946.756819561655
87986,5615.115120369296
92959,16125.05536324995
86076,9554.056663110952
76987,12149.875968255481
76842,23864.509557766858
77966,12140.443074551302
86599,16480.641386422223
87922,10139.633670138595
90812,6209.126284759709
90897,16451.069965739312
86531,10554.237350296431
83583,9879.80149422877
81256,26369.01905184914
80343,14599.171173454853
102122,11111.416949597631
77334,33376.40796318765
102222,9630.405862731852
93883,16439.319896045876
101876,11345.669194348797
77602,16196.497061958416
88598,13597.930742010092
77524,27410.47856471359
96783,30717.965124596198
108041,10683.072931355757
93694,35127.53226594261
96258,16847.3727905088
97398,11867.41769728122
84225,19422.177487997207
86415,10131.054938990885
90604,10722.440694548266
103848,10464.248337414687
81012,11363.61674364948
94703,26488.85494756208
107406,10753.84346401814
97842,6048.966375421843
106706,8978.295379495761
81667,32863.20768301177
81092,18660.495984132463
97523,18899.727289807273
77107,29466.49250426347
100699,5932.652454943476
86969,1793.5564066795403
100917,10672.71595748606
86251,9246.814955361422
86424,19172.33147244139
79990,11414.502918212771
86382,12207.050731336567
101613,7760.886626194106
78397,15081.611625835421
80111,10959.923435517347
88021,11865.878276547694
76832,18060.351527803905
78935,14062.840416679586
100446,12118.324035892416
100621,9496.134499677099
78399,11477.303729203562
108515,20674.821800613267
106023,11000.241093254908
93721,57870.401632178386
83647,11180.49431835576
94136,27111.31183351781
95847,24211.9888479659
107172,11203.508883610604
94458,47260.252167160485
94175,17379.814566544388
92726,25816.861155133836
80910,46102.6244734624
86869,11152.26576498781
81258,18583.85003403732
84340,15059.342582041521
100324,5597.013267487542
99428,5535.785440051091
88878,13488.378612531333
78066,50784.968694068615
105935,19369.252383361516
87309,9552.114871280395
87656,9928.643126502471
83790,10959.1962365948
77893,6663.527491422204
76055,19656.514926795888
99688,15916.502354421378
99661,9333.288250026284
93173,33577.74664215638
89291,7812.291129065683
107766,7052.986483294757
80369,14172.299394921258
84448,20777.37915717329
98481,6104.218768101338
96477,30268.261411812517
94818,13447.425283026187
106708,12966.312392450982
77786,21648.417598012344
77244,53495.498493794745
91199,17364.009511866312
101108,7521.470194818936
78967,15130.131737646117
106914,15390.8656127224
91647,20340.226525867187
91411,28713.641166020465
98766,17559.367087320483
105906,8795.30101434265
104682,19606.626187163565
78615,36932.08089923976
85253,11166.59977386292
103137,8370.900375010122
94662,23554.92182920554
104640,7114.92716223266
97535,30399.718654134867
80168,34489.6141447452
89005,9706.614260394868
99876,18802.793536843023
88741,9671.920297036331
88333,13664.152276793746
79822,13187.176201765069
108292,16158.08135404052
106845,13933.190505505241
92167,17077.77268099342
91226,13584.212692103354
95206,15760.207770748975
92166,36069.05262236339
102963,11628.789540409356
79527,47232.22168444398
94552,25514.514165870547
89210,9169.048279134644
78573,22441.040052355023
104073,11093.602919917546
98520,13499.971002332533
77491,47227.99440721646
103333,13652.138495903555
80090,23689.750446369217
98666,8994.801731744685
86798,13517.601873093105
81728,15663.28924460587
81606,11697.33285968073
84372,10606.130867187414
105528,10676.619555151132
107436,10218.01533037592
89038,10543.845663314874
102983,16990.985642454012
83135,11595.028007699686
98165,10057.058672808053
96159,8026.10643433412
90229,7956.793641856696
87710,16302.707995861807
91414,18741.747103087986
77961,20343.210886720357
101890,13482.658509578301
83710,8887.530113993434
92874,22847.93976076619
86534,7374.881261202938
98517,22224.426473019095
76174,34541.94092351286
107068,21620.992291676288
98050,11556.65424709172
98718,14056.347888816692
101964,13863.16924524533
96813,14629.557375696402
95118,15835.673718050204
91139,26709.518408832373
98838,2256.6166011811497
98268,9532.652254484501
99553,12208.451668912796
98904,11019.239634746338
80828,29530.779436454068
100001,6922.04836780457
106691,21705.934666999896
108038,20911.582015599706
98715,7411.597879900966
85714,8329.971696909619
88475,20059.350052034402
91923,25939.596383295
94795,18643.092712477013
79738,12084.265832110974
104213,9560.925039971855
89425,2242.6975206444436
82405,13479.590162662826
101000,8254.271378893342
83819,17674.438689276507
103491,9899.448877095354
88226,9153.763084162887
102022,11198.281993227061
106889,6874.778801161094
98697,15892.576979158948
97178,8969.80889785975
92375,20671.935371257758
95917,29392.057631413496
96308,11540.504438179074
92406,15586.846006898411
108375,7769.236846771214
76860,12811.714231618194
82234,20091.733595194833
99593,9779.53872544314
82962,11132.621045440523
82016,12485.371433827391
86781,20645.8760657063
101065,15806.573482094445
95525,19542.484677339922
95306,30800.428475209876
77397,33972.78964386121
92496,13904.122467493637
102473,13681.916210741414
102927,16538.937574595944
91897,27338.075164673646
95554,16325.781573134784
97488,26580.753974602067
76085,18235.900422811977
84133,10419.95501446027
106369,21335.304317381106
92172,12691.4477571836
80532,12770.56058447623
96952,6924.333695479861
104627,26858.385432933545
87415,10414.124658250272
97047,10875.849873407695
87227,11355.244186345271
100308,7056.214630521032
105075,17110.982750388255
84539,16790.37513220206
92284,19690.4538574501
95634,34249.20498682748
86731,9388.629109253701
96425,12621.37153989352
96765,11705.28929196287
93239,14795.698721973667
95450,15038.80461443624
102086,16294.997778466139
103024,10977.44351677874
92808,25169.520727626765
99619,7653.498440191579
79704,19985.502207403006
99613,21933.169344862887
106854,7532.795669210301
80959,46045.2960344602
96020,17439.363840696195
78736,14558.40306339522
101207,14760.665657207472
89767,6829.032298863372
105747,18137.51470923061
77828,16688.26385676223
91572,27852.740928876716
88785,13953.71623943201
76972,25549.28901805635
76362,24110.745161790474
87572,23480.08576203126
82399,31098.58010971109
93833,20800.78143060877
94597,19533.610107412955
86551,9325.252170211757
107163,15588.518578828047
84085,12829.83186173482
93349,32851.763121645155
99389,20498.22235114704
80970,21618.584661890352
96279,9361.936239366647
95329,28133.39369840408
99228,11239.231835672288
90184,15634.868108152388
107226,15596.574171783246
80769,27060.221866939304
80742,17906.84768824417
93650,21782.195768067504
107530,24218.83928793181
87038,10687.253184817566
80146,34030.82008753266
94892,30041.414269097735
107150,19110.78214924438
77880,33159.501875456044
100591,6960.776951794575
80919,13610.011231313989
84533,7266.568820626596
82006,12339.733696620106
83592,15356.606772588677
77124,22193.42315160164
93924,19244.943507421176
95528,19012.331268152786
105644,14050.365183459357
85662,16644.431409672492
83079,12779.817082907442
106655,10865.971066963182
96517,12312.982326832147
80260,32943.78694332231
78203,13631.560510388437
104045,20860.656383021753
76147,33114.42281390492
94260,23857.810419607238
101648,11878.692910983638
84725,11472.467557854872
100099,11199.882067499602
79381,8302.829055013193
77511,10724.707699235745
78265,15193.241077383453
85496,10374.825005463927
77336,13228.05266575601
80330,30154.46669294228
97617,12869.844274300738
94477,40018.222994808646
94881,10969.25156131852
76653,101048.13920124456
89023,16910.92883586391
104965,17411.118528368163
79637,17049.235607178147
94018,19541.275592812573
76481,12823.730901859224
76139,17097.541725104165
89662,15275.997271546981
105654,17178.081774302107
101555,2877.0480971630473
107636,14855.425982848557
99722,14167.023350701615
77887,34463.303496860666
83236,16328.956153256402
107964,22549.97173238581
108137,12598.687388048615
99718,20640.13020065215
86701,13618.65895194514
77077,20432.03069859448
88040,36462.92276856855
78583,16003.766422050354
85917,12442.575359473178
81283,23002.355527221323
104304,10900.043004492472
87081,14268.774571209371
87129,9673.835449716775
98111,7509.481602012441
76125,20997.852072905705
89395,8097.626617698461
105028,13228.628179923311
98036,12660.293003214574
78805,10151.633859305457
103101,12613.455797819981
108365,9543.876005274016
103367,15865.179752098771
79524,26539.77173423651
96079,27385.47263466273
104361,43391.89921470324
106133,28563.657322392555
88514,15576.661953501643
80511,63448.0330471523
90340,10183.757620087677
105563,17660.43329505513
85987,15152.242802861134
88251,16214.293431294425
104270,16762.847666653346
100820,6971.7866727155515
91061,23436.72105235331
94348,23615.48963807048
106956,23084.539747429983
100858,9482.147687410006
81114,27555.716485244255
103100,9428.958490470086
87787,9761.580671674234
96168,20605.908144786295
107880,10822.573452280232
79423,8610.54187599194
96948,9180.845014936776
99709,11137.842877724164
92562,23187.226617307606
101684,11097.787578475916
99037,17348.15339452282
89129,12452.83057561051
78722,16495.3312650084
100854,13132.811513871044
94206,21809.89269019336
107045,6803.45592977957
102537,11098.099689413524
95597,44965.18592726302
88680,13163.23170473777
96439,17257.712055649503
95466,22223.158535808736
89104,6397.071164708858
88224,10056.638155801136
86152,9468.096739916095
98291,11793.730830831131
106901,19358.18361276953
81783,38299.77321488388
100932,6574.776934739361
81607,10029.71054337552
96664,13617.22022107621
87553,18304.219449949655
95513,29850.821712677825
89899,16838.569747538033
98891,20753.357078772795
107167,10136.018033338421
77353,11224.74327351737
106280,20212.2204458234
90874,6784.731181229515
101248,8242.801934577456
79805,28797.598763743517
106429,8844.651754718298
80749,30473.717726094248
100354,8543.979750996836
80249,14389.337954915383
108135,42987.010318212575
80931,17884.29403980063
107899,8704.66964190132
106399,12386.047812819224
92635,30171.152469549867
99128,7657.561082580774
83388,9334.857858563408
79225,32570.15635532795
103533,7485.210978986406
103029,12806.051654134935
107588,26892.846192759233
92646,24676.29063628804
95432,25296.339195563676
105377,10122.268642365856
104914,15776.229498305156
103692,6526.217879210695
90273,15764.535992960205
91496,15181.344373365373
90243,29251.074543955645
88300,11047.311711958417
87519,11548.267569577803
91612,19303.256184392983
101939,8565.660813310737
91015,29883.427697605275
90181,21936.21056363119
78441,15146.651008330082
108389,11913.287986390495
92627,21560.756597340795
96927,9054.461847313838
87730,10716.776273157522
89842,18149.745149498547
92971,17057.06426293777
85556,9245.49175259908
82669,12487.539526295137
96673,9086.839605305562
79153,39226.09132906388
104675,11833.80193742025
91062,21918.52342481921
93779,23811.40806353762
84248,19960.246143062705
85038,15935.390897235042
87003,14089.727891481638
104951,13336.917212092267
80530,13578.239803165436
83785,16728.91374930538
88812,9590.664688865603
82270,33407.88837916643
108300,12657.632876688454
103880,9869.646934309683
90507,15751.373791448117
108049,9922.89020033075
77105,20704.278548382776
86615,10107.748606778563
86494,8168.611950549341
103184,10881.114078827048
98599,21962.255276209657
104375,28818.81087290232
107205,30610.328115233653
78844,9638.143101487101
99780,21084.1979180636
88969,8992.92628358923
95137,43720.28537512377
102509,10456.470935404632
77745,29753.334884686457
86566,7303.9973690745655
97877,13962.010849004648
101765,6779.90777814562
77886,10819.269799243291
90185,8744.49303863561
104203,15891.18945158446
85229,16663.27343621887
96143,18356.965113380713
88575,16092.807319736501
104096,15514.842975836635
90161,13592.74068160073
100702,8043.887788402344
91390,21841.980297363105
94518,19410.492225260674
95365,15677.238265002057
77078,10759.879722337366
103981,9527.789179798134
93049,23524.4448550561
104932,8670.947500093149
80929,22377.968922557557
84280,16969.37828792053
107619,9108.27039840626
96726,7517.941106877253
95122,13995.002429459242
96286,25982.528268984363
104463,12610.683624489482
79669,16496.039639918745
83751,13729.355610829632
103686,7723.13479089692
76601,28195.39781848297
78424,29308.468799750648
103522,18191.252954793574
96181,16808.661450543364
106896,21807.803505154177
103201,12139.892456291494
108472,21615.808222791162
96100,10304.79986066004
78149,37219.80386471335
99046,7577.809349961588
101215,9259.620713162734
95675,26093.643797791134
103753,6908.346119483164
102010,12624.993780994773
99789,8180.085359868339
78760,27213.876078124147
88270,14131.816030912203
77169,30325.455119510236
94033,43035.678717949835
96304,10170.056983525279
83591,9234.388459539281
80417,18452.083227752308
87101,20058.96439128886
91487,21411.891699861822
107256,34466.18532826343
81695,30266.785488765443
104760,6593.760391555211
86668,11121.305069863422
106007,27396.399810725175
94726,18664.801866473124
80940,30394.549975622005
94574,16375.6567963438
100505,11169.079025338231
86383,8183.925911252614
95683,14056.821046469808
79982,11167.415823422616
91488,42969.49682988104
79556,38011.65104120487
108183,14970.096330076842
93993,33039.70077474085
95976,33813.186439761455
98574,25525.92649557959
94825,38827.0988534539
88397,11486.84201877711
84250,11434.230824572778
98593,10058.975804273327
98330,6680.232718522544
103350,7398.485832239242
79640,10422.555115240837
88447,11136.947451725582
97515,15580.190296478655
99951,13013.835359174078
99333,12910.029282276135
88755,6355.381819674573
86184,16439.337269953805
79396,12928.700928327635
86690,13797.384274240285
84172,13838.660143488343
94766,24716.204213396064
95569,32313.565354256447
106158,13104.79078530097
81339,13511.718863395457
93286,24882.22174189227
98950,7674.602177988762
78868,15795.707495650604
100793,6666.181598870917
90095,16553.647401322847
77269,24978.74425848188
79615,22480.422406259404
104050,9087.266384724771
103961,11404.741572402207
105844,14862.817009609515
101832,6528.444746573153
102550,15477.628279678727
101434,15696.842178909721
101418,7083.163580496798
108042,14694.162708286558
107747,11199.317559452687
84521,8459.600984156366
97615,13703.738202519322
81424,11476.536911217614
99517,8708.017447454728
86658,18477.82368277062
91422,19233.4007477706
83839,16507.606145906757
95100,16358.634283074669
108425,18981.902273859367
102439,6247.106201642572
88840,11789.621518488506
90580,10861.418611924451
85770,9496.789562791126
87728,18474.831475407766
89952,24553.999530658708
97315,16125.128431186416
85711,10611.60554376211
90358,16245.183241801975
102929,6920.8317115661575
82447,6757.88374806721
100245,16186.280982311531
84784,9554.853036216087
76465,15695.315901021611
87664,9485.024277293149
105387,13255.348872193807
77089,18190.29651988302
81610,12309.941300504912
81058,17101.508526690388
77730,55462.686660969746
87459,28409.61028140565
104036,12202.900881984271
107145,15892.060105456703
82326,29225.31741658369
98946,11549.8098760768
107053,2674.774114842272
108371,16597.106964745562
99914,7361.42164238698
103049,15630.143785378947
108509,12936.421399092018
97598,21999.576034243062
79617,24315.54661891341
95140,19635.120751678205
90323,4908.845559985413
87974,18977.653191722075
103944,7773.071601856816
103018,15696.842178909721
87158,10887.319926224964
77669,18303.901119018585
98042,18305.057732203066
78268,45280.49328768112
90767,6143.718887112554
90669,12921.267890159572
81912,5079.1306751456905
100120,10558.446724628862
102601,9260.012995544006
106911,12019.06674023829
85941,11299.760413495696
87006,19878.43393509862
79286,25200.851116892598
97138,11595.314743902667
90797,5484.4076408032115
100707,10512.206442755523
107334,11235.75731508467
85757,8325.786601598575
85888,18835.64993465615
99962,20554.293837312514
76188,33348.15986732817
99064,24192.231526281957
77045,34839.8203559667
84655,9140.241292183
107154,21632.037884872447
95840,14069.378239873018
82979,14953.86257361455
97459,7649.226967037337
89352,5065.533156227825
98956,20185.602691074757
96121,19627.150691970328
84625,13194.367515607764
98767,8201.379187845481
104355,20685.142005738493
89678,17859.741300303653
91357,31847.838776282937
75998,15359.415537822048
107603,13714.076261266147
86574,10406.809096269073
83632,14103.468124442388
89374,16117.565041462154
81663,12843.51069974967
85717,6821.522955241153
107272,15721.368048503426
106265,2590.464613988405
99040,17370.955134572163
88694,16517.563086172402
85144,15694.792779067446
86820,11921.832476795382
102396,9187.230062361983
87881,11629.838996447974
76603,17001.09597649419
100941,8213.431303556643
97580,24865.673193502094
106362,14862.166395048816
84680,6210.805022538762
105064,10301.851551871989
105522,17303.410296442635
82587,14319.227298043683
81216,31295.427210750873
77075,18984.619709354807
95633,16638.200127047505
97702,7701.683882414739
106735,10887.132521345393
78177,18511.301145747595
108495,10408.390466235742
100743,10065.779292184568
88876,1777.7996321273229
101192,14664.089466411715
87450,11601.577989418201
87281,10601.177733271887
89740,18393.077903313464
91037,16168.656656675703
88485,19289.289325201997
103760,10997.536372663506
108527,10221.9670107857
94564,31100.93067111607
96909,13593.455364800311
96759,16360.241947087421
99752,7667.85858732351
96075,15699.444223551287
93329,17266.600490299275
96936,25893.19204770649
98873,8478.930191136362
90863,10498.824637631042
76692,43970.8720583592
89812,15584.380569721106
82128,13183.559983775649
96066,9191.655290014798
95160,32917.94503332961
94923,21270.484322254913
79998,22447.475221008695
98555,19528.15075534974
84197,9957.425880963528
93881,41347.257165571646
96420,10673.77993322923
91466,13019.013049497229
102246,9247.633389149254
95149,23519.41515651565
92066,33381.57115257515
94579,36565.94548735694
81791,29323.665547102257
87929,9453.397758466568
79839,16967.53233101082
103708,9910.40593883296
78718,20769.72512937524
87840,18394.886337190823
86316,12270.554250117675
106118,25952.579279678746
87923,9566.363614620135
105417,19604.125478997088
95584,27561.42488493179
80187,8233.26865422711
96280,18618.389426206584
88069,7484.586295642498
102826,10470.884855493647
91166,19094.05854054473
95616,29792.047471577298
77374,26273.37726520087
101288,6888.5050352832395
88801,15790.53294497657
100060,8170.020738217737
97336,9064.471167624977
79226,15596.940701743522
106287,10990.131637833523
95018,21580.818069562847
78131,19116.58438274025
84551,18441.063215855418
100445,5700.705132701742
93031,25339.344736404953
104415,16189.83371647286
82984,18712.01103676131
104242,6666.663721552861
86170,18314.906624874035
79814,21326.183277948137
94172,37449.6441428404
95530,47438.462042613966
96105,13353.238787715698
87822,7995.43104957013
78073,16091.457087354482
106610,19086.820911079172
99065,9993.48157464606
77646,54684.10512173464
86266,16712.332817327126
80186,19862.71241909235
102645,9850.052508667019
83453,16824.84588728054
93905,26486.88836986712
90535,4826.935074103358
103695,11796.062587544326
87488,17065.98651634339
84520,10461.444254425058
97541,9780.567715041618
93818,29239.962776333912
90796,23517.96641552951
92896,31232.412933273634
95577,17642.204325564086
101488,13952.532994216437
92336,26369.08788970381
98826,9913.008024791792
99527,13607.79442337962
90582,12517.071517076425
99787,23381.989833170173
107806,13591.03314517653
94108,18614.3235006866
96333,8900.472317663925
100710,13495.84241827162
94129,18833.722685490095
85361,8603.8324338246
86043,33569.736341968994
86833,13588.677655214207
94373,18935.099664228786
77978,27581.187735319985
96250,18669.58520348199
95594,30625.565440773684
96781,32041.90862997415
91860,29695.4995770056
91206,18365.446393469105
102627,7180.058417372262
89384,16751.885131471332
100945,10111.051807225016
103337,8182.221211098083
78230,19180.18821483716
103814,12127.314952324197
96429,11646.247031213796
81547,25841.58977025255
85056,23128.788697714815
107758,9261.72182125803
81328,20416.951936301168
100775,7074.09379421098
82066,17664.30963357629
83908,18102.567483278344
105323,11432.66048592405
77492,18245.554731014407
107451,8542.644395461297
77351,11948.980032175328
98029,8478.930191136362
101572,6744.725372449131
94944,28378.95238896035
91179,30292.068216109972
97780,26781.3753818152
97978,10060.23282158228
104953,13126.784875673131
89173,18873.251784746666
103406,10829.600737988
105570,7530.086894896754
81815,18108.30581198795
83095,13102.090345779101
92184,21914.029998978458
88793,12127.65234332379
81805,9510.978756172859
85794,16722.808714374147
97245,28205.2558172166
88691,10631.597316614516
98261,21878.860814451215
76495,22042.587046904628
100400,9572.31018838258
95964,26826.084344809853
101477,10242.902713440479
91345,20111.154180992304
76207,35505.78469971573
88153,11674.661804748986
96153,17302.595897184274
82291,13404.667261757404
99451,7745.56060527632
87965,21070.567918773966
102559,10406.693726635986
106147,10053.764322414812
77921,16665.268483401942
82334,21897.45986064206
108164,10850.129094890157
106096,10089.728360954467
87657,17368.94877637805
98448,20672.70381767623
91900,19619.99738347985
103220,10875.756617840856
107077,8458.72578082365
78197,11001.85067252418
101655,13841.726305251748
107006,11687.943056755448
101367,10332.181193715796
91219,27128.116123812848
92182,16581.81522133959
81544,18166.52702161234
80496,21836.16211478018
81766,24150.98374764995
96589,8978.26505262971
81711,20638.534639888087
94981,21371.779541772616
80701,15364.690084911079
83791,12880.892920409695
84832,15225.130010842555
108407,8818.978292818014
98308,16600.97353489497
101437,6774.648694715347
91248,35826.607090885766
104100,19987.052524102986
78410,30548.843250926613
98413,18198.731976260224
90060,11667.707512022977
101366,6797.3328818521895
98709,9341.71538940192
102890,8796.356032138583
87962,13523.581116894688
79140,14021.827319493297
94166,36310.00544111831
105551,10902.369688193794
99518,10785.230928477315
101813,13902.887049520648
97443,25419.484713838345
89725,7972.347160526268
100115,15886.479811428819
91893,17628.64048121107
90000,5798.438643291536
82989,11654.284100902956
89359,16136.617368920972
91971,40867.580636721046
88614,8333.122787789083
104765,12192.334054688332
80918,25804.644677373166
91622,15422.746789476647
88210,11574.425305940418
82019,54270.86355998431
85200,12693.98427146471
81558,21616.90915143996
99276,11038.085072750473
81563,41424.5325797456
99583,9082.351132723215
77201,10493.769179297748
94664,25463.251417091153
99203,8874.573765381807
89314,11599.654004196911
89306,15064.806790965868
90716,15965.164245129057
84217,17096.30971685465
104655,21290.885914960058
92210,19870.80064351635
82528,7788.848833239372
91346,53892.05322163967
88118,19073.615508061554
76132,20321.880632217966
101208,11269.371761714556
102136,8154.363926558225
77562,31782.65033510133
108283,24399.71409237964
100008,15696.842178909721
91342,40891.167557518456
107698,11173.033439248096
81538,12210.388854986588
99044,15101.111277556414
83163,5622.814356579667
105124,9610.538839965673
86549,8990.321787180286
91034,10008.65093867396
101853,8530.435436575968
99837,19460.00851331822
89337,9782.949672136952
107369,8737.679087615257
77529,16530.244416312205
78801,16120.573160498943
76409,21563.269708607168
98146,9978.757973080119
91565,49406.83291857645
107994,21858.95739433111
93945,28220.233335581375
99755,10671.901830905392
78753,28659.810967623165
79674,21218.237976962744
101599,10719.488927618791
81659,32679.635010981776
96322,6905.098082585554
80700,33598.322727778876
101522,15696.842178909721
93595,25132.596174699105
78924,19071.430528325935
102891,10719.488927618791
107611,16586.0437630333
78528,42642.730434730416
86323,16470.438079977535
103910,10222.400464203829
93854,20773.20064693469
88710,7866.618897570248
82438,24032.416044047342
83328,12474.997839516918
91690,24999.925046756915
83796,6140.549309413264
99904,9405.250744841327
100270,10747.44059710549
88422,8581.47237742621
102971,7780.896990812455
106161,9898.79625335086
91244,17125.52864400988
81158,17135.316263755256
98004,21977.635641237473
84522,10176.64681944347
81215,23386.156888648416
94487,22967.36555816884
78065,20151.35179527922
97766,20019.717077535344
86180,12871.2355841326
87921,10658.522827823595
76160,30218.16970004622
104197,9338.04870066071
100295,8023.784169830763
96012,13156.499736715916
95783,14475.4665790471
104527,21149.724748458775
77354,28871.399209717325
106062,8535.36605350702
84578,8575.84012627282
99784,11723.481731542364
91716,21435.92520928712
97394,13326.959847238762
97254,26163.859809090998
87501,17589.319119041567
95532,14309.851324322683
91011,24658.463412143232
106069,23681.01195529531
105103,18157.91021637678
84421,10721.494345342418
87363,5185.806519561611
108379,13053.783093145677
83268,10610.357828441976
94592,37838.00214621327
84041,15050.783403341055
88908,24993.359353244978
85932,17841.41335517152
96593,9934.85318746082
106195,10117.360256285947
107153,30643.961830681023
104500,14521.879442168905
85737,12243.561796007923
75997,10876.083727944297
79336,33351.22070781427
77061,41657.28912440682
88839,17606.157267756647
86859,9551.521600461056
101090,12769.644759720697
87563,10194.39201576608
107188,9140.395176944707
95198,18025.192318683366
86476,15989.061216552354
99894,25711.958206530966
88279,9802.638187824383
108121,13350.76077406272
99827,13509.964174561968
107457,30425.52512114786
96509,26642.565828757626
101858,9463.84078181764
93052,25365.20878478294
91879,26830.234591570574
107229,6334.619311412518
87917,9445.148299595698
82310,10092.605418721501
93584,17107.79323667883
94356,6946.29961653387
76249,51147.87426757747
88386,19786.37130724599
104406,15505.12010895184
98286,6720.72912965165
95310,21056.42008272791
95994,22391.586930653135
79879,29176.224019052996
97135,12758.099499242146
81818,31023.078077852795
108055,18839.76449984891
96474,29381.298333332677
104358,27055.09417937082
77110,11804.290444213388
95124,11413.682129216735
100539,12624.993780994773
102883,8350.69662370437
94081,3966.9977442695085
100018,7969.543024175106
101491,12867.11567545278
89297,19054.819550147993
99337,25130.290448529453
78463,11993.012659496817
97799,14740.290433157705
92138,21235.251888877556
83715,14125.927878722712
90455,9363.962327431844
89100,11351.283362975966
79908,21446.076707470736
91045,16830.084411442327
78357,15997.642900690713
83989,15443.384946506345
83057,7955.337177142
92472,14621.074173938317
77836,8225.119588451364
91661,26356.337107236155
103107,12257.310676726223
95476,28766.652995632925
96615,13521.597171022666
76337,55055.66816108578
85067,15624.154328500415
95176,16305.361711938314
104450,25783.109450062388
104227,23687.58677468496
94327,15078.354534562215
97056,21888.853190947677
79775,15898.127060544814
91282,26751.56501493612
98425,14349.37298139427
79509,17857.288356656605
79798,14508.8754478959
82615,4580.813687170508
106314,21713.452763073652
88964,11285.629955441924
94303,14750.380439850314
96851,8120.880798959596
104465,11894.095043488142
89500,10798.439691790389
100482,8995.595434758046
102159,8452.761794803777
83242,10050.875387081704
104780,18434.28676078561
83902,7520.203840535949
88955,11782.57811446247
83139,4652.781956561469
88842,28044.210967200237
99320,7554.380095902122
81840,26392.59309444008
103216,7113.954651907655
80734,21906.68108701243
102743,17619.674609175425
76855,24154.72423295596
89866,15639.835534119029
106171,32318.968495005884
76530,12802.322998195474
77933,12366.689153038325
89304,11132.461391101204
77180,29662.638314871896
101525,13266.164424598663
83657,13820.013921182077
92832,19121.80494249001
102059,15417.309942553706
98895,2005.8932536502123
87994,19247.709166573582
86458,10052.950924223149
95568,31656.460399737516
79603,21854.19724534111
77681,18288.248915870885
105596,16189.55270881805
100815,7043.46724960527
77113,50919.35594343682
95519,12107.570493579762
82180,14185.22489121594
105893,19669.847398105925
96087,6612.90741321236
102458,9463.747265353353
104637,16915.44308537275
78633,21503.67564119081
101205,10719.488927618791
90825,5994.747426523654
77280,30369.452078272458
94924,15339.78648418042
92185,32322.756364522942
101547,15976.871888261856
88425,15200.999974191469
95191,20346.595769117775
82878,12785.886336551706
87900,15099.09339907708
90045,6718.626500704267
85402,18431.370236191753
78124,19486.48448613018
100374,9824.276207947569
96192,8639.399544021337
108050,48038.251772195974
98773,5777.0260093748575
105534,8092.759770445913
89256,15866.28475666822
102735,17331.98704025388
101683,10620.265512238157
80977,30130.258936069273
98983,9815.928818430908
91969,48175.17109472138
101852,17101.963181182473
77600,14335.683851095144
95813,16995.889465213793
85687,20160.77503715541
97288,9024.588989644828
76331,16915.691468525547
76111,19991.270274790502
84464,13319.987750725906
102105,10824.619588190262
92739,40868.141652088256
87154,18386.95710359809
76313,9345.475428978114
80830,15553.270553253184
107419,45264.25551285195
103729,15865.179752098771
93796,19841.336074367522
85542,8374.678217510671
89838,18501.13248528716
93303,17308.659874772984
86555,10306.145265431796
81471,22428.288119821937
97273,29394.06315467909
84529,11482.690405987207
86886,2111.4584679237414
77905,49956.70903811121
78325,13420.889174436823
91821,24443.960722251293
79209,17420.417752105255
107729,10979.64364390647
88328,10987.704809236671
85466,8031.3585085436025
105634,9090.397798344746
79780,11214.114268216537
107271,10852.712514752173
77909,26020.86775842849
81592,22309.624583532335
90946,18399.609171284596
96511,11693.53496193118
101345,10957.992658957954
94773,22418.593186650123
106754,39563.82522045105
82112,24213.05016043096
76758,24472.24778369208
99146,19370.33835233399
103707,8734.227596982637
84009,17756.019865842525
84288,13924.422615815703
107688,11106.048979521807
98025,17304.72083563579
94529,25282.204039546054
78142,20405.83668377945
98985,18464.93513625318
96366,18251.62107519944
96697,8752.058357663887
93267,17938.292316255807
98625,7255.964008267371
90111,15553.011340435613
94666,31062.393878513576
102390,8590.875225169895
87799,9078.029705549205
101806,9246.820364571555
92319,15558.967598571313
82564,9871.048814494838
80431,31974.705840607363
90298,10661.21652614655
83570,2246.274533847154
85343,15752.48099489881
104567,20072.766179024675
107481,17064.862827617366
80625,17091.87886952502
98575,10660.700161846236
76415,14011.911466702091
95772,27066.016747524274
85564,16736.189300565562
106489,9330.315993836784
104520,9441.610413501841
85622,10462.083387842658
104842,25983.983938480567
81717,31793.230384768005
91720,12632.470018275948
93411,30587.114559587593
91818,33799.39047398775
103824,11990.239511489724
106453,18236.990396011173
96056,23002.937905956263
87924,12951.663332189255
76902,25792.52600146248
107200,32604.840822191818
98825,6001.446552394362
84740,13415.957765863666
94186,35982.35027159933
87093,9559.982303695126
90703,8919.40088067302
87711,10374.13795973217
89763,14237.809128098124
107087,10815.292553670617
97903,11864.023902708257
105393,11375.641791467533
77984,18587.577575515108
93270,30431.101397772407
83584,12822.127479578103
95630,23005.116673588465
92001,11447.536482985744
104596,15728.07224465415
108196,13813.86636850754
94963,16066.06599954364
103813,5663.293540006945
97285,8670.357820721889
102140,7937.08158125342
82537,2628.1267794882588
105396,19293.11828813053
92363,24663.006804026354
87145,10896.22583305986
83808,7579.527362231754
98940,9618.847529827715
79334,18320.534148390936
88939,9734.730904225227
86108,12431.814991035471
107513,18220.205026748932
93992,15434.29219217269
77114,17105.502781632516
106247,11492.976548836976
106460,25843.67774304328
90980,23762.01905699776
91407,40055.46794102576
92716,15193.604248881678
94427,24199.5099791651
79107,61591.59495279565
97517,24472.140911073566
82963,10515.386227572872
95600,19644.284304457018
105627,20503.140882006344
94599,25747.278063045047
93831,27468.1894042135
77796,20000.362767835595
86054,9207.233132490013
103984,6528.9831201108755
79232,22982.04434903756
86186,9667.790405089672
79993,21593.66935768184
106645,16627.815541146872
100923,10564.040247277964
79473,6901.572018037105
78631,11588.20445006319
98920,10463.354515068637
93487,17552.933251940263
89722,7579.784901271953
86489,9986.159293026412
77792,33931.09078946525
83434,19812.95154520177
81597,20849.687431466817
93788,31775.736896923612
105929,11963.782956291676
83037,15834.477609219517
96675,22363.56417738283
85315,27640.87548753268
88309,16300.521991320524
80642,20014.712488575777
85401,14959.183672876927
81449,14563.749692130656
108274,24430.901084609613
106544,7676.0264444447575
91643,42725.999631751205
77829,29697.59816478558
78255,18241.496347976867
106408,12251.261717743557
96365,14166.189082189978
89365,13544.1371751657
98758,14154.557468527459
82412,16388.050306240093
103970,5422.536997577442
82004,31807.15130533119
76359,23083.770536919954
77601,21934.64799512761
87750,13095.185887482896
103263,8559.505771311364
103050,17903.780371976998
106203,29203.727908117242
107465,23772.838655867727
89824,10998.139101806677
83691,12418.878297165586
83517,11963.850548606753
87354,11231.917258644675
80631,47999.76678692657
88470,15868.904089786887
85074,10298.833192161177
106338,9849.460595643406
86031,6543.59141253334
77815,41820.026346258805
94854,30413.206171054073
92558,11917.42654684524
105202,8798.274819068169
79841,16443.159234747065
81027,33855.73605216613
81862,21729.56158561372
90349,15742.969776200089
95059,34300.258774841706
100279,9019.733638556954
106984,23838.481625810295
92688,28735.772601096578
79781,12894.645359216891
105426,22647.346382310265
76908,20438.956435518096
86624,7984.694215588111
77747,23137.424639688645
104911,23776.57755750595
100968,10165.390253404488
103235,3441.883949496221
79717,8014.631839976381
93346,15924.549415939968
81416,49889.24105911362
105745,17389.268707643176
89942,16972.52434054116
99350,17190.29164001536
77848,16433.19640008862
98163,8828.653277955518
79733,12161.404126049272
106417,10529.650953715756
98931,6850.672468645882
79025,22383.897331519343
96098,24157.419182704285
89627,11952.527870325599
100722,9024.904469526104
89119,7838.834995559853
106445,18726.413045980906
80588,20067.0581794597
91785,32883.14802105827
79294,17156.52913577904
105542,15151.501045109291
98603,14274.330471784313
103921,7702.337529096329
98405,13755.829690910425
79284,22571.371544048685
104738,13346.435888362425
104623,15863.350903091396
105041,11311.085207694981
107556,14350.740719544738
103553,18506.218707627155
88716,20277.788533516425
88844,9445.871527251411
87568,4303.171432245318
84183,15941.957793100444
104240,17467.23884214716
87404,13288.876970022653
95985,14493.44931059142
95986,16161.748653594317
102723,8206.747301346748
93713,32170.04584446482
97359,8633.605740063385
91991,22327.872461165123
77490,18516.717182670553
106975,10068.322286358618
98180,13223.13426561925
80465,4598.569540488157
98027,2808.525663178932
79085,15131.112897863757
92539,32657.04534949901
92267,24088.122394694266
87807,3898.5945273567822
78839,13308.52239399645
102361,9770.095864041463
76828,19323.275665272024
105914,26824.742672641794
80885,34000.011195711624
89833,18481.08106303732
81436,9744.775332547357
94157,24982.80227589979
98733,14572.1023479633
102978,4955.924123424201
81455,19658.686655550253
88578,4045.3176149414353
105743,13335.976901810162
94325,59963.771734447895
79801,21964.614419504956
105405,17940.431481602533
80670,23557.13178862047
91173,12998.77351551483
80960,13850.101053513032
80623,33851.324768754814
93516,19911.527506934908
101762,12201.953276042967
104665,16465.486353373573
93682,25298.466709109933
86261,5434.841893886235
97450,7551.015283162913
97153,9469.525878554787
82769,9087.974590574975
81781,11510.540505267943
108329,11316.46153138195
93812,34284.52119729359
81383,16761.826369406324
84306,9473.297246937274
78773,7877.1377594980595
85809,12220.358288259735
86305,10183.71865995073
88701,14162.342106367112
99973,6871.278434948201
106851,11840.749795386486
89751,9651.812710201537
83788,7678.532778381193
80351,12939.408102013755
84894,12306.035384900062
97232,9360.22166102583
82689,15935.785160167712
102485,13706.932996664093
96093,11034.54586716607
78234,44099.43976520683
83402,10960.290548969953
96362,30268.981415210965
85275,10536.88873224797
106895,24542.922843730932
87163,17191.700292219397
94751,14622.541269363912
93542,20503.068937984106
77980,21967.201537284272
76166,13217.074949547517
89776,14315.39688701291
106767,19334.749528447202
84743,18065.31625186141
92273,21031.87142135892
97882,11422.48730849772
76744,17722.952690335005
86560,12420.822860335902
93835,17001.273788379985
94203,11918.362781340198
88439,10050.875387081704
96097,28998.466647796482
105131,19471.904623348408
100343,8958.349786271823
90841,12055.08750438356
90540,7914.818436563238
92762,22812.676079055953
107805,18702.229099846598
102622,8715.96597744105
108073,25179.0207713482
86061,19523.146143161397
92883,21623.449135417603
82290,5712.126647983108
87824,9295.944003733892
82554,16786.39418233563
102928,12008.02144360398
77420,15423.855411141698
76315,25188.29865544165
99825,7770.364377649429
89292,10790.40233246402
87301,4468.681661885261
103076,11990.677408026815
93084,30216.673723695545
96934,8104.22639790887
85141,5486.882752661586
101607,9923.47144930182
106992,27609.647385294655
95873,24907.07301621297
83341,4993.922143794741
78017,24946.611580383145
83129,24493.02707541899
92261,11972.235691554173
83824,17546.92445015193
86151,12836.451169994696
88105,13333.336416810875
101848,8611.050249195368
89588,7365.548606844733
93705,25504.902179331555
93017,18544.392462692278
77465,19954.41969256218
105484,12470.831382285174
76751,12868.181385451371
97511,12382.828320049332
102864,10074.547799489506
85858,16535.200771920492
94836,18156.8526096377
85250,8823.687285540243
78497,22062.907070814927
99540,11575.795054077696
97147,30046.165185634218
81347,25594.274075329355
95555,22795.19175571922
98074,20171.782851294225
104435,10073.37654361048
107097,12279.87619139092
92205,14295.977154168837
90822,13565.417650406187
93344,12414.504073309447
84232,11653.56735647034
105217,34498.585466919445
76013,23415.44436752285
102818,9907.541495932895
106541,11731.938862669318
87213,8976.012080267874
94119,18776.5558834251
105753,20775.362085836143
90397,14649.192995382431
87612,6098.560019157653
82789,16304.413524463442
102916,10528.946105599713
104561,7850.679548019624
105428,12500.064680755699
86677,7554.738268216823
95080,28200.265284108416
90113,9148.048259536048
77433,21247.569010185875
106180,19356.465480005776
101692,8442.124560434513
80466,5561.444487344475
99512,17908.80890657019
104554,11986.956105772018
89047,13541.374436205191
93888,29516.10346305173
89659,9342.096440643381
89920,8830.330560231725
86975,16108.332121789235
91405,27855.094595942286
83203,30094.45871603152
104338,16894.272903015935
91659,32216.694204041345
86385,13815.822541746043
81048,14481.765431127624
102880,8253.918791855582
100237,10869.267160451773
97751,7222.6357870470765
85614,6497.01540813397
106145,9680.405916383072
105955,10373.617354872304
100146,9257.682781915633
107491,18169.473095678033
80061,18435.825039017174
94324,29357.512459061865
97114,23807.613368594124
106600,8032.062057582193
90922,23648.581500248434
80222,12569.655186883
99356,9092.441136267975
92780,21753.428425333674
107380,9050.445804104109
86069,10362.680291579569
107753,18478.251244416148
97983,11096.975019540401
88082,8863.195857105065
82115,11940.248703499332
81634,17138.982438334628
89943,11853.534698093596
104167,13464.979433182312
91010,22173.517540531262
85004,11782.57811446247
96953,20414.929843427988
78632,13110.07068559098
76114,14460.81880305483
78570,12882.012076297982
82674,14757.870090849387
91196,16244.800536415547
93734,13308.853613877309
96031,24935.139240410514
102015,9347.863764770847
108372,25819.220175433624
98719,10354.80364441332
83391,10339.657764175123
97098,16409.7211919584
104357,12065.176911863997
93495,18776.920949144485
86422,16407.14829637348
99731,12790.220595359355
94144,19114.275819470076
88103,8513.308126324446
105199,23988.220838000816
97003,7411.81292924573
99925,8223.098961197222
92816,15146.378440441087
98472,9943.359685196649
91986,14233.14407152638
84152,7996.806798081005
87538,12675.083609224057
93305,19998.20231730308
104249,16119.51194954512
85501,10959.1962365948
82343,26435.416764834474
80601,33276.86840124479
99715,16409.864866401553
90451,32875.13460509902
98282,10648.508273377192
98397,20853.066914891882
76414,16391.65915417631
99016,14685.182393764728
85767,10893.25861635973
102787,10349.820557688616
101188,16017.00408716186
85019,14845.654487575051
79803,11749.02704952009
107582,10085.827681411372
98501,9134.150237962192
107021,9509.136235861639
82317,21991.912495868608
105678,2763.1375097133296
77931,19300.313819068553
101619,9071.71065437463
76128,16031.473391098265
86460,16911.09528472965
106084,7030.26342093983
80551,21799.478073621613
77062,30736.91034177818
98406,18760.560604898204
103489,6231.969222886935
107191,8990.98652555819
88549,13489.111477505387
85095,14137.275288618406
83923,15814.34006730664
87074,17259.455866081844
94031,24830.925083290553
99120,6377.406433712719
105824,13336.917212092267
82389,38116.70952403368
91994,16742.932030712192
85060,9742.892621415469
87412,20546.440998341062
94683,18605.61702644378
83069,19883.4741487696
77071,29332.509281504437
81406,32424.494018588695
89203,10923.853146825195
82423,9769.88979617441
88301,10749.377504899236
86758,9729.380957600863
94072,16550.95152804565
102247,9370.453696156956
101529,7258.884000034081
100738,11703.61858818846
101790,9172.74774882955
96188,9370.01695583081
98656,15239.837927847713
79321,12144.955575968404
80052,18154.924049278135
85150,15335.149604871494
102370,8370.900375010122
107503,20549.470099571692
76560,22064.84712459444
85319,11704.500975388428
89242,18850.472687250392
89510,6801.805908517833
104922,23540.666559008238
86937,15137.947043111826
107780,50525.46754492009
102448,9558.154004048327
89648,10070.328155487261
95347,21614.851548563034
97926,9883.091044709628
104963,14674.387457259594
92272,16884.148901508594
76618,22786.150919339827
87722,10832.41689320446
85560,15013.515137038848
92621,25865.78147862398
87712,10919.556417531447
91009,34813.08902532831
76199,19527.26992850378
99145,27577.45169683074
103618,13902.887049520648
106072,14416.48282105193
102488,8142.115167335138
79837,21861.454095996694
102792,14957.389894580607
86565,6023.0122108455
98631,15903.281267238526
106374,43982.67337195296
108222,8836.660838995535
92127,19000.463384633757
96068,12527.311322661928
84411,11645.75109469121
102143,9706.417778464147
77502,20141.962797429605
105514,15798.296632326392
76896,33376.44621585677
104868,21090.864483642446
99686,13360.81129637558
96721,20607.120285088917
93026,19615.372028145826
95961,25250.52656067788
97465,12689.840311415699
86075,13936.56237431526
106946,11546.165010313007
97605,19050.004730269215
83156,18846.80437670258
88123,17617.492543089505
106817,9641.355471787978
103245,7598.631924378315
78564,35282.185031554625
81879,22939.904803622772
102330,9175.05118243983
98866,11765.293207289638
87178,18838.855019589966
83106,10515.143073191666
78280,15826.996169054715
101161,11639.418969699349
96047,12940.032132582926
93044,13230.503223502028
90176,33743.25233074414
76585,20699.619480307585
99524,22536.497326355944
97467,23368.380206453534
95557,14097.70842073258
102816,8881.917490203006
87141,13217.359641235442
82602,13680.731046185614
80108,25081.81116675149
77871,17529.759989424376
89910,7245.933114442593
76255,11365.988024000708
76231,50213.26878855564
87089,14589.39226734538
107635,15510.257431845781
80916,26032.814830227308
95179,35889.68338508738
90694,7346.122643047375
87504,18615.72250237756
95882,19197.081814926794
82944,9172.406619514157
90862,4240.169575319964
89494,12407.473357762341
81196,36521.81766370026
78258,25484.712916160697
98420,8923.060560253149
84051,10011.43468788262
97011,12449.472121329134
97357,6484.2287143019885
82683,10267.825158126712
107472,9582.928765386227
101033,8297.139113754256
86376,19720.998890390518
97773,26858.596908507996
76448,22077.436417717006
94912,28628.924787910437
100444,13313.776731090515
92364,22085.813923897316
104206,24414.32971098237
82384,28739.323971970603
78524,28113.411118447315
82825,15316.305236749417
81519,25207.449443751746
89462,5268.801132462038
94783,25847.459127000388
99101,8862.723952046403
102363,7258.884000034081
107901,13709.38543012425
107950,30230.113832515075
94631,22301.26203306316
85176,9665.322127710855
93934,14786.983241082211
99621,3121.0490349281204
101616,5597.976859267472
86156,16568.288940130293
96327,8181.127398884761
89538,14684.197733746005
98236,20426.412478385635
92253,20547.58997687001
105896,17931.694910606715
97333,16417.340891582164
83166,20407.9420179721
96224,14319.174859096736
94462,21951.98626856143
82796,10540.936956360154
103597,10258.215540959069
99905,10238.070281545815
107349,14323.309809359005
76754,21261.175995366553
90912,26860.270394509524
108289,25526.734825927295
94106,30187.902248538652
86956,17762.312515883023
82492,7604.801597093883
81747,11356.899361990925
89144,9982.028824511368
85256,11861.06393474711
85342,9355.00921646666
108054,11873.895559516126
94681,28608.30268259485
86244,9791.96391138801
81028,28586.42690635178
86773,8107.2224994367225
108431,19987.052524102986
102839,9468.981786171926
77700,12711.132096049025
92967,20821.823125543022
91982,19924.91322551604
80639,11890.796870108707
97770,10791.626375677024
100460,14356.0693389419
100531,9052.178779019396
84508,11424.970893512265
103706,3622.4184855515855
79723,48224.89376804724
88897,11349.210064044248
88695,10312.25468106381
87380,7097.458055737803
76070,27772.291213936278
99342,24150.092951100698
79110,17206.556680978592
89341,13703.352931925609
90330,17770.834315001506
93894,26451.772110295064
104137,6178.155130866442
89113,11527.838144135416
91150,17573.79456050924
79621,27511.559170752364
86822,8403.328640436146
104869,13572.511148547424
93874,15661.950063504548
77606,30443.585487512268
96981,9006.123637613222
88437,8567.641075457272
87834,10444.926956190511
98923,9596.973707094832
108118,24008.800791180598
94447,18479.087888969127
99454,21754.929657977198
82144,13381.14948617063
83494,13807.358422392228
76545,18229.514952257192
85852,14070.147070360576
107056,25759.262154949203
95419,10110.100427538082
76570,16959.626931949784
91325,19772.052368895533
98990,9672.014588384143
107639,14418.911750560668
100232,10545.326265688027
83318,14228.612546846138
82277,38245.83445355308
105198,16752.872346808126
107660,19324.708386552324
92349,23973.894623446224
105445,15798.040787032189
98333,12232.152514341951
100919,12622.786497300012
94295,30777.879080267514
105853,6723.083583904681
100457,11185.478079455877
77726,15842.873136133994
96027,10265.858461807786
104201,11718.349570011647
105205,24656.969090908024
94718,86841.06218644953
96617,12853.502745248432
81405,13108.972057945773
98642,15477.206771322284
89156,13389.58289071881
104916,12212.317387852112
107696,29691.610112096805
87902,10897.115963519023
106870,10089.728360954467
106153,12832.18422554087
85108,14741.290496543896
106590,15076.052172017118
97948,8551.166731577248
77144,28438.805134144528
91535,13576.925514026902
83900,4579.432728949747
107374,6370.58327780719
106805,14590.062715240243
101971,6944.222010633845
103690,8427.69768580375
107830,14253.259827848713
105302,18108.611115544256
90504,12861.058254580536
91865,17572.808980149
107204,20330.040262394516
93231,29657.836931233407
94654,17080.741326468797
107435,9932.166326639408
78616,31403.028641509685
102268,14239.97116990273
81320,25319.089747922746
85005,12049.21587570385
98032,7920.737450697721
92938,30246.848589713863
76177,11097.319838506257
83869,22276.267373911403
85806,5814.42092535249
77987,10629.280383135654
103802,9896.141496254588
104020,21008.380934536704
93262,24001.421662875393
92988,24030.528612550104
84434,18264.02818558215
95648,33728.82860487115
77947,31549.72715824774
76135,15080.395685751424
80971,33296.991042526264
105584,11765.249157642473
85530,13695.148417809172
106515,15342.240252446567
80686,20382.36732521297
85040,16761.672838884162
77404,9329.555352162693
91234,35615.569327461795
99225,10482.696882135606
88808,11210.517919847272
89948,15550.557619738556
107161,3918.6998528273616
83683,10552.864735569776
83709,16484.35972554325
80256,18223.14649886378
83504,13489.111477505387
90112,9041.527937241453
93042,35374.31011859227
89466,6921.083248524583
103405,13853.786883513998
86026,36489.56235797659
86824,15391.212762387084
79357,23470.070775860153
78812,11723.660880534928
105364,18225.57099289055
105744,7441.688104306151
99819,22828.302878718463
91051,22522.66011053408
95688,21624.842924713696
102174,15797.538051915308
91914,45594.6394251593
86568,8421.523224226143
98761,1824.9251281168683
101252,9545.965621709352
91406,18073.82840256372
78069,15120.416260465086
86168,20107.775251503266
105858,11718.349570011647
83972,16944.71804165918
107196,21833.095558614677
80990,12499.811074561965
101095,13579.063992256384
93806,22028.524944712117
104535,8304.741379020226
99257,8714.888784245044
94967,14742.564961804688
94257,17136.97736442828
100543,9056.054767636944
96277,17432.153375701622
78730,13639.342623686907
82370,18017.424322684194
86050,10647.180328552748
104245,22992.81011226635
89903,11327.657229272636
106353,15882.81424623425
90055,9687.085736420422
78070,24444.873922426752
84302,11386.44716854262
101048,8486.112123356153
97981,8834.94488915191
85001,16568.654290719882
79444,22959.144941564515
88862,11704.346146012029
90445,10246.41228573782
92203,42039.859776066565
100623,7227.398087294396
94528,18500.253654161694
94482,19090.788422930502
77706,31792.525208212304
100947,8601.828588350143
94367,24798.417427439475
108205,20662.405853362998
77256,27883.879958090347
88458,16593.223111407242
102997,9352.383273290712
88421,8902.07680534207
86001,10113.958986958256
97594,12814.21065736998
76992,28963.32000050707
92157,18078.079232053766
106018,7612.543138763412
85491,13763.460720630515
103359,9406.64883693588
101024,8083.061831765319
95167,31965.49286879038
93493,21918.26411138666
77624,18831.595296195774
76803,27721.198521863964
77142,23605.0994030666
86693,18613.749107642725
101755,9333.559491044589
82229,30831.731667226173
105220,10583.266549004587
81442,40478.86673327283
92017,10273.102790813336
106471,10600.193155889598
86231,10989.470171374194
92036,23950.645812627034
93224,25395.8126860175
87139,9706.226628671098
107623,9537.151938907276
81066,27347.709348602097
97790,13078.90532074399
76514,20771.243336256262
85297,11978.63328896519
93020,11670.593940990826
88666,16818.25516392293
98711,15185.401691826812
107486,20422.932304819773
79363,26864.322755140416
88053,7814.767609712788
87127,13685.889516721023
104704,25753.82505617032
103808,8865.83806836901
90199,25828.365085729918
92950,71364.46760893868
92002,20945.31404361507
108435,14892.524177774512
86748,10867.841289101678
86978,7912.190969717879
79932,32630.1112825704
107382,7996.156561066173
82616,13845.690995310708
99198,22126.765274855014
96788,7797.670163666165
92073,18262.21471364043
92060,16944.91904579034
79559,8627.803388222912
105276,20328.138882125026
78536,17395.738738977452
86795,15707.611495535743
103739,17013.258397668833
105087,23672.602802691566
106499,15590.288708828393
81009,47753.24305140856
77053,28280.19493704935
104832,7395.7000909891085
81864,13052.80378370246
102634,8796.37283714465
90510,7246.212714320164
103001,6609.039586012479
97323,23352.681442338842
77996,32626.593287299816
89082,16101.885701771056
106910,19393.057327693747
83882,8045.702419130409
106459,21340.239749282075
99678,6876.826837607021
92583,38281.83431596638
76986,22361.839324094813
90844,9053.242900531272
94286,10296.263664448777
85208,11289.856887734357
81224,20009.540947790418
85569,6662.695478214968
78152,23879.06872022438
93054,17785.522378505906
93481,22420.9659034352
99735,13943.781613924291
88060,15327.586951677718
97546,12804.699440281402
81083,29404.46155046341
100259,10991.136301411443
77751,12732.745663470792
105093,7555.763106010491
94991,19497.202635468773
91352,24632.50748274083
99901,11531.946448638868
83577,14140.718987818515
95846,40967.80608259276
89917,13848.068485862725
93394,15670.83676133909
102805,6057.548439327736
105448,24723.02215035842
108444,13378.814698353153
100862,5957.7124809140805
95006,49862.20044491358
86446,8371.43074699075
90906,20353.531774844447
95336,26470.41880144864
94904,12678.000595813115
81105,13901.094160634815
78132,11671.805703009548
87302,10861.424964565946
101471,10237.68897981137
90015,9907.263414689405
90539,14092.031235868048
82418,9964.638669885273
79940,20689.518716557777
77401,34642.02866150597
79054,12652.736853660455
78493,45247.93804567398
87727,9792.651038645981
100390,7737.826912037193
86020,11618.688233490473
106293,24691.31544238173
105435,10974.434118114346
81992,28771.58293949502
92805,18339.02380719421
92871,22601.224320262645
101833,12499.342012812927
98352,10411.552271642227
98629,15544.578572119095
79700,16408.108795878525
99710,13962.74137638676
84526,19087.46700201435
98636,11451.12666293245
106829,11657.127927900725
99652,18773.06187154193
85469,7339.362145431022
82224,20361.17188586538
81899,20832.797120968127
94817,23420.452786957216
92379,25808.339975501178
94423,30077.40709126385
94010,27567.475959581345
84867,15397.130035268217
84679,16200.236896582383
103292,9829.88817460803
77349,17833.78594385353
77697,12762.707772733904
103017,4441.802202763998
79727,22505.735279753626
86490,10180.797398248147
101009,7417.1150859694335
96540,13929.647836435339
106974,19507.94098015526
80055,20232.787568675925
102035,8985.722143943527
87843,7594.329598185572
107868,22591.439264075783
100831,6286.932334663465
98936,9934.926978801052
96915,26643.333956357812
88473,18276.6023535267
89030,11567.169450585814
95894,20008.87727718339
92113,22127.0663740768
105809,9369.366152542507
99360,15523.06922903537
86746,9064.368086404884
101917,10061.26466979679
96687,13522.943842042168
101210,7703.943880028337
101146,10146.759599685283
104900,9539.261734630387
85924,23416.317577979975
90544,7360.762921177517
93003,20138.01400527205
98738,12471.58122765693
99884,7576.655444933086
108053,25988.36562261721
90188,6646.469495612794
91970,19495.2847283497
103257,7280.811041524246
83138,8561.002329268735
104017,29606.01933299304
105104,8333.08578017851
100054,11412.004196511038
87155,18417.90791211755
107600,10916.652903249545
80848,27006.779695008176
86709,16372.947867417517
106214,28973.22903951926
91963,25049.497080251756
97698,6500.136067616158
106109,12113.453758081852
88231,9985.23692686134
104537,10939.507174442155
99388,11086.455011112808
94517,19613.19185102773
76658,44126.00844689807
107430,21055.786527297056
87408,8651.283777239478
105971,18108.259700370436
90264,14840.12248530982
78434,17228.636501812838
88248,19787.843295678413
103386,7261.999348550503
87862,28689.28197218952
83101,16126.777426962919
92350,29296.57836649879
98624,5765.966773022176
97298,11965.743898234201
81919,16922.648660540868
80556,27412.04753475596
98141,13422.664909568786
88205,15460.311158629262
102779,15976.871888261856
99926,9532.4419832204
101484,6480.781989804091
102869,18273.046174840623
89043,13521.183147602082
92878,26091.170308494708
101071,15296.406426747368
106583,25561.217416066705
106819,10091.343287300175
79956,14245.026114105814
90659,17127.940582557992
82276,11723.535995212185
85881,17379.188671004307
76753,34564.88413952515
102970,14718.417339757849
93126,32424.55945107048
97964,12618.474308834982
81951,12272.626333139433
101200,12117.417356959111
96104,29391.028491926147
78169,19798.09170723222
90062,11173.298624521387
100918,10874.923300366701
108353,11371.417965694825
96642,15656.078879265428
104763,10871.836497117203
100926,14107.839834947066
107597,11000.241093254908
102765,6770.718413749573
85805,11782.57811446247
102162,12710.849386406482
82952,15653.678519041343
94184,45287.91497210831
87797,13935.178643890415
101511,7422.618342339366
107686,7240.357242784724
95366,14761.868926321155
78349,7929.810030404984
100908,3662.5623180630328
96196,6464.025981709092
107677,21117.020451063156
93603,22227.514769635283
99861,14067.098404162052
87456,15319.807448290654
82484,12956.615155875017
89252,15603.299943683893
104243,20231.458233500267
107181,31076.060788581548
90446,4174.013963813643
81412,17208.69115342419
86732,13781.428950454805
103972,10355.465294280886
102586,9850.052508667019
82466,13564.159297340988
84937,16644.32201783043
103038,15696.842178909721
104111,19394.31294500794
101111,13943.478239309195
107812,12388.979105724024
81483,16311.200777871372
81303,17468.243647833846
105370,14942.948545060157
80504,28788.633030162116
85839,11940.975931095694
91560,17845.385304288047
92722,42692.05218576124
86115,17217.235116164415
88062,20691.01563418855
104876,17467.801801601385
98777,15643.944732557344
92504,20414.9892971972
94025,11806.171332674037
87253,14653.191526021788
106668,30881.348457645112
100007,10326.070819141976
100956,15208.05821674226
104055,14279.813089060826
83761,8416.806928923432
79429,18022.876798393543
104731,20849.88115394648
104125,12113.95878559048
95628,20651.860704355528
80913,27286.92690989843
85196,13872.723994228516
102697,13392.954869638677
98587,6277.068959066828
106771,18460.73421741577
90889,12721.547618114662
99697,8696.249409026595
101404,8526.322415042308
96283,9889.66110994914
83072,8998.09064514211
84053,8909.870258409434
92435,19441.04040536214
99445,11916.411872975143
94604,27055.780837242804
105585,21054.1170202889
106189,13742.568748959602
108456,26546.68901478875
107914,11496.952957588377
105646,8712.950897143057
99808,20820.48532921565
101337,13144.73629541011
94636,11202.853541517747
100480,7641.046654447438
104644,25572.590330155734
96254,23714.193210476056
105238,22912.480574928944
99534,6925.820674300542
85285,12966.824271346219
82145,20271.41175928451
79604,18014.660279417043
92928,24848.399892267054
82245,28174.784283831035
100973,11822.88564078229
76365,17182.95004884138
79164,17968.638945528623
75989,16273.001583371128
96557,20971.066837905524
95029,6711.688635961466
107817,6874.621247670806
98521,10470.95710722871
103150,11842.53731908061
95850,14195.40403394552
102008,9950.674955920555
106002,14429.444215783493
106077,19245.893296699927
83367,11660.509371316382
97196,14151.459981308577
76566,8070.5550158272845
104384,25859.475480369612
80692,14599.252448429545
101094,11333.177062541006
81800,18028.89357292172
86722,14489.80605543359
100318,13855.505189232073
104827,21332.164922262196
98244,6765.490316021181
94712,26649.82892497587
98393,7265.468819162913
80771,5832.627892435865
86607,16984.27082627893
80768,10816.127869248734
96949,20021.290453761943
87207,10042.834362537922
84629,10292.31731890397
76136,20792.953801817996
76644,9046.338924235786
107649,16956.903503736576
90281,13578.982368276236
108187,17799.0995334305
92025,35659.935466684256
99737,23056.162090069247
90801,16664.055399088968
100790,13042.50758407345
102558,13461.652026659864
98713,9248.543984053558
103633,7784.410503697742
101449,14445.537028249173
81515,19475.915795319703
98364,11019.461068878169
83966,12945.33440262664
99995,9801.185491160071
99150,45160.59735113654
86873,13483.457248364362
83731,19536.502056309026
80810,34405.17042577365
94650,16800.233494280477
82521,14948.893570615777
100255,7386.601721341489
80454,9354.491881262367
105154,13747.082652640649
79689,20180.815356750467
86810,7111.717010323532
82113,21307.776801882912
85929,7901.307731978926
77522,26384.280551641605
103578,4776.87064256784
102688,15487.003423226362
90791,18088.864867658438
94401,29842.63547480534
76740,18227.32593084327
81666,15107.623300299465
100227,1126.0016532341174
85673,10728.409130484402
108395,23786.137066802545
100214,4950.558251485799
95659,23832.456497619914
80490,25328.309140965208
88384,11452.721928199504
107062,8720.528237366289
105277,9517.596445388419
79265,27389.12729937889
84984,10577.643045115214
77376,12079.829273881367
77355,24401.539641420335
86313,18105.87344831262
99285,23588.558223140044
98028,9536.67075828663
77611,16411.857455409034
90056,15796.074877529903
84773,9709.611410597829
99264,19223.75344098077
100948,19787.84764189814
82379,27524.83815898508
85047,18289.528942446483
104114,18265.609071035175
107632,17120.51249337993
93536,12680.53677792508
81421,34259.92153398197
104793,39383.890323915235
88141,15695.494778496426
102679,10958.108637396183
81051,29193.27813484341
101005,14919.91763577572
97532,10018.597974943881
102499,14621.610790707233
89537,13382.879887750145
93046,18886.34708206808
79823,16752.975077439947
98882,21967.32442710868
97094,14967.380716856282
82461,11035.746813864931
86118,9946.653635132661
89801,7076.568189662045
83127,17092.335046683016
107519,10036.214342225161
82583,8409.704534159708
103259,8534.022597618137
81152,17488.217583004807
106206,27231.17334466199
96706,8930.35163817709
88303,16028.896317591383
94241,26252.582556299174
95076,25249.46652207526
107546,8644.816303351523
78467,19687.0419467086
98304,17974.060348321433
95393,20164.508827423393
98134,9775.871654762563
104152,14767.673213882736
76818,21842.743989033348
84707,6702.873383459195
87889,16933.030044712832
104736,14499.40623325968
87844,17521.63743912768
88388,8778.960047658813
83940,13479.906142495121
99536,18420.441085112918
83313,16815.64589467254
89864,14651.292677724347
106944,17328.529879861493
105635,7225.889640867052
83110,11372.747614263677
78937,37074.60652635218
91724,20098.091728774107
94886,20755.94242572348
91449,18699.638291068175
81745,27555.9301153413
93405,14499.568071036427
99402,3140.971203765185
94317,13351.913743286637
78503,21410.798251969114
87111,15655.833530401844
108538,14766.85384151917
90689,7584.4594309265685
84402,18272.637527029525
80890,20263.0049273693
101682,7388.572390359377
81874,10621.029615358138
84259,5067.041168723281
96616,15572.97733103895
106173,6689.808835744922
102534,8437.669347368595
81629,60748.57380576414
104910,12364.136697228349
92100,28683.15350777327
98454,9937.565300588796
81880,21885.463786968434
83346,11657.49574185927
95335,22591.725157031284
106693,23609.892570828557
107432,10085.827681411372
82694,11104.652621882531
100199,10628.502238166851
107361,23646.662944675536
88659,10279.664954813345
84237,5466.847333936032
83666,9851.621752978612
104468,28580.504191143184
95495,15473.450699878613
84298,17310.657277893166
108427,11200.54272578365
88238,16679.654011215447
103836,14115.351712876914
87394,10601.851744730331
77799,16565.163399637215
97905,9314.552340134109
101142,15824.569563080546
103274,6335.697717190852
88302,12850.187398549337
76533,11902.113073304241
80080,28445.305089043213
105134,12536.892311684187
100792,7777.576177441363
81408,18775.23373442168
80410,17797.914645822133
86355,12850.795901187139
100954,7319.166401449145
93799,18517.604278141105
100810,8164.716769808605
80379,15886.593271142026
107796,20633.68995017819
94046,16518.80495722467
99931,16753.84857080187
85890,2989.4096732677917
106923,17080.623221607184
98319,12163.19176703916
94853,19159.877624378252
91069,46918.08920646447
78790,8006.343071986508
92697,24730.239290013276
94765,32549.275805289784
102150,8718.935947508297
105768,7002.968517348427
81755,20227.31282755397
96933,9727.015399153499
92136,59185.737735918505
96082,7532.906366901116
108457,16211.297213336658
95142,27241.18794361277
85688,19053.04866079653
86672,12176.494866473146
107583,10983.68280526308
93369,26015.10023473154
97637,12966.096371860907
80868,14925.755556356435
102315,7545.290603609753
108428,16189.55270881805
99478,11470.97950732131
98906,6729.1619441813455
96394,9557.155651889598
106032,17281.359807224573
76121,18867.233782200554
92642,17322.52754441274
94725,16879.57821872071
84528,14649.693327164758
104492,11677.13423147525
98456,24235.38056829685
102089,9925.307905976484
105274,5168.941420690855
91436,30130.509433416326
99127,4471.488638892814
80416,17675.85274478882
83419,8203.184134916755
76209,20070.152749105473
91874,15249.214920399787
107892,13570.941805974151
86727,13992.914872506652
83096,6687.912483503145
107036,17949.199537318866
86096,8841.175640212014
89684,9641.50884588239
105301,11316.46153138195
79056,15178.25521619089
103508,15504.518889905883
102651,11958.460144315884
76605,16354.854102367906
99170,5953.146994303292
94850,15348.82368904908
78638,11824.170086764683
106031,15961.206983122194
104955,11458.828747482561
101565,10021.4824576906
105886,27427.30696790444
86499,11982.78968999626
91809,36899.10510875827
86033,9097.397669621423
90761,16849.90009836397
104168,30141.91586799834
88048,15044.621242466912
106343,28830.14210516552
96568,9214.07256937684
90082,34067.73244953091
85659,8690.214288014826
102950,10676.012835754796
96231,9821.34124498126
101781,16008.815201359681
103210,7286.546465285964
95174,4399.355390689053
105594,19993.96725359489
107809,22729.635567057536
81222,32996.38356660256
84506,19248.095183161386
83399,13885.329441567726
88318,22730.967497665653
106235,23218.087882281503
83952,12124.081858309744
103610,11938.17018022715
107273,17837.471742568465
102134,15696.842178909721
77708,28250.82999192485
99754,12932.129476041955
103372,11878.692910983638
90457,7933.416849305363
80228,10700.104984539756
105630,18374.056481937012
78448,24037.65525523359
86729,9806.446929082134
108510,13898.09001913102
79686,30436.37982024994
82677,16550.70025763982
94161,22756.24993548403
93064,14719.472796467164
103595,4112.127418794103
107257,6506.579925209022
81162,31941.139843287983
106410,10081.000164138666
97829,22074.322950995338
92429,21794.699657668945
90183,15713.571414176784
83816,17962.410916223034
88613,9489.57334668658
90025,5661.105047136501
89004,7050.901224563993
107997,17800.660378484383
97458,16151.341782339287
82737,9667.541448726672
101739,11317.413003274525
86766,14099.129222784279
77098,15412.288692207188
93598,21604.215559151737
108115,12098.576854066077
107653,27015.365769014847
94706,20888.37423085626
105344,10139.956596929032
87516,7935.093686058919
98959,6750.615607543468
104557,9342.008595851685
99137,6274.912938716782
102126,5333.296512448563
104455,12650.786372914405
104278,11255.985352545857
80331,23388.25831129021
90087,19498.5289923235
93700,27410.584109504114
108517,13306.152301541606
97373,20901.366750534362
83394,19858.52535753934
100989,10794.849652522842
82625,15248.087508057231
93457,12600.758643793339
103186,9627.051388515894
85133,11631.104366070673
101198,6805.971473185081
102095,7247.828798855964
99684,7804.713519913597
83595,14172.883083205232
76960,36904.38110170735
103015,6420.0969133416975
91987,46391.06625750991
78825,23118.995938240467
87668,18296.731815950185
84826,17860.319814139646
92309,11688.563644745718
90969,19599.370708359587
92987,18441.333347360716
105317,17517.68734904258
93606,24406.070328108133
95536,39068.085203836876
92839,15154.045657003731
102133,10242.182097351151
105225,20019.44394625945
85627,9941.37869579555
79013,50098.15477692279
92008,29984.007019363296
80983,18880.055704600018
106475,26060.718426816034
99357,12324.029792797683
79246,22676.384713516632
83200,7784.154873104543
79656,21099.454727731798
99031,25052.125496057473
82780,16253.422495157633
88310,11205.047004533168
98056,25323.438317270597
77289,19822.82345153224
105503,15728.387337811548
79198,33282.29430889551
93429,26029.052168238333
97172,12403.026909823724
105958,18818.162893415796
103180,2630.611840728574
85825,8442.281419097573
81725,32595.69302263249
86590,14849.91763470522
92366,30436.846158990713
80589,71816.07216625095
95454,18525.67527547693
104525,7298.802904928887
107646,4022.5693502037448
99226,8781.804828927125
77273,20046.1476959879
99642,16202.906210797997
91195,24830.925083290553
98641,23224.763103555164
107724,22438.726832593395
89646,28605.18942206926
85873,14666.124097429505
81468,33916.88071435114
97648,7256.517797656799
85573,11205.047004533168
102394,3177.4375228690997
77771,20454.454335128597
88122,13799.991850217963
85640,14747.837563758634
97560,6066.944439909918
100584,5825.30741373403
97404,13872.745963400796
82414,10601.851744730331
84609,11382.723212995257
100462,10252.31913348663
91573,15871.387540616799
94716,19020.083854800305
107560,25803.173872837102
79627,17079.167910905435
83025,13494.694857898367
91918,10509.553628346643
87344,13211.514121941735
91683,29841.874314437016
77259,13079.203112803796
95887,21477.93894142849
96802,15107.862694149979
103965,5922.303486419564
78110,11012.63342793275
99144,9695.271158739211
86801,11575.464944696903
88181,6787.238183086371
88262,19140.647739894335
85846,19069.701713629885
97896,14119.943883681612
92462,60000.05998554182
99668,19984.570504341013
89440,7747.2199663927795
82867,28369.564286554487
85857,11504.41049774048
79583,30758.853405905214
103090,9134.319174050135
104184,31623.720980292932
100921,10627.554852194438
83124,14384.986986944292
93320,23112.826774971632
81985,26157.369719229453
89618,17705.281460471197
90086,7983.136210735792
80855,29452.14159589392
105114,10825.42699554466
92497,22999.37879428274
89049,9974.418223505276
88584,20333.98541797365
88019,15462.202423276362
80119,21701.786518477747
84879,21554.215950284462
99293,11220.259599084507
82515,15811.119584950193
97600,19175.723599919456
103737,11627.363609322309
102387,15274.282861493108
80404,32748.99723953788
105785,41184.73056918422
76379,22107.444950696292
100569,13868.405988939634
101553,10891.587847552035
105803,10157.447773383237
89151,8673.113819148024
102960,7180.058417372262
103094,8337.718731323033
92146,9828.805078964218
97802,10947.406981595419
102939,10653.851036490954
101492,10870.20574876433
84207,9845.426050937349
86995,12207.857542674565
90024,22323.320019082897
87536,8535.76288909471
103571,9549.687191355735
87529,11231.917258644675
96756,20747.391615185243
92326,18133.917128817575
97609,7084.62321026598
75984,18190.32186916769
80733,30954.145326263755
77150,10236.602914884095
102496,7701.467446850053
86666,16383.99050522237
78836,11671.336878975386
82444,9875.03684234098
104414,23987.648463983616
98585,7943.958421882575
85191,7427.205479228471
88013,9989.978369029004
78962,21885.26659855859
101510,15217.62452836833
103438,11440.424830442154
99474,11355.36216413182
87180,14780.390774258074
82983,25394.002559512064
87503,9680.23692815759
90410,20811.73069006148
98416,10830.53538028353
104117,10976.523341964757
84900,7424.415574500524
88565,19533.063816555612
93797,16707.20190584914
108131,43922.865606712585
78848,17110.410938477093
88151,12916.47629501887
85081,10608.668656823673
78163,9589.357113684415
106580,13175.889691632714
104638,10564.113446805864
103696,12401.908535795512
99589,7042.871598197341
79699,13228.493358222546
95129,27018.98918325037
102173,13543.357963179107
92811,23342.755855560164
84986,8044.02478560916
84162,15810.582606865408
77340,23705.679160850046
79685,30645.399206340604
81423,24667.351761218546
93745,19600.00904123356
101399,10402.967381319548
91611,23616.265319146034
76973,12240.103475341159
83734,24002.407467019926
79526,20425.709139659746
80087,7181.65324570494
102186,14356.0693389419
77640,28952.54422813781
105138,16101.44030555847
79146,29798.581705873396
91713,11858.576112330127
104230,25178.476165614346
101896,5971.309565019551
107587,30299.21770137741
76461,31450.83362982142
95587,29134.0329346371
96185,11431.555370340786
103181,10472.19264172841
107643,29404.98856204824
88948,9860.345509775407
97565,25139.58917861003
83821,11858.271661895962
103781,7333.714595841386
81677,54270.86355998431
107975,18614.71788973089
84106,10072.656385160479
93060,43713.4237097618
81078,31453.783059941856
106748,19497.35167538206
79264,65273.95395094245
84098,10127.015151907497
87838,21483.08713945247
102957,13367.762782843938
89353,11133.460800531779
85492,11452.721928199504
107957,26632.721750583663
89938,13570.844420065392
90260,10994.667564032856
89571,11708.643483507723
106963,10573.030743341405
97266,11254.970683447946
80413,15227.52226184783
86028,10794.990640586244
93343,29489.12012174053
105232,8005.006265337712
107755,10244.969013908581
107326,12090.918790050964
107571,9613.75189188466
100062,9736.255769608906
91477,27057.595880901976
104598,8790.741557344314
98614,8756.31805338674
104034,27287.624059575213
98446,9149.356140587266
103023,6035.520250104214
91550,21975.484168094346
81211,15879.775745902318
90619,11126.397060796526
91525,36509.74609951883
104422,21828.595860196485
93555,22624.50484343956
88346,10123.421792780891
102067,6546.071423702377
107051,16984.942112546305
89642,16663.05311742567
83492,14847.107462916772
99169,13797.772625032349
85964,9051.951430201138
85179,12171.396691324999
100677,2963.8791308351215
85529,12678.66333318546
86198,12624.994259575677
99532,6590.534423661731
80443,33924.27254772551
93248,20478.716170957174
86958,12262.692834725874
77942,25804.11410219768
88568,15792.81204600271
81730,51757.99127897707
98884,8774.309056347063
82267,17119.50619436257
88088,11390.179826998838
89578,19478.307864079707
83568,27901.766304692625
85083,6869.542218060021
79222,16177.660768521038
82543,10923.853146825195
82611,2436.8688229790296
99708,18355.2896812781
97699,6750.8703280886975
91371,26671.085761746188
101757,5932.652454943476
104417,11715.955194321215
99830,9665.133161522914
88477,16470.25969275436
104614,17030.837405039067
76098,29300.115175900035
92143,17183.13127789682
81343,27613.068556401427
77212,30188.807194888373
78262,49361.445080541496
95097,28486.507106995276
84440,9808.549431372016
96942,19712.107744416895
101584,9339.370299331289
77202,8122.81579198192
85173,17404.372615742905
82953,15469.319156842692
81151,23965.14074660443
104377,18356.252604559955
86697,1084.9905755771113
96650,13128.076551292133
77031,19629.972210336073
82235,46282.44818414435
91333,14942.143471140176
103393,12480.730485556773
76254,15387.518804292478
101592,12859.22224227223
101865,9738.659387149837
90819,14741.730468261267
76941,10410.454796861257
91974,16234.957839307215
102930,13713.49368726592
96310,20460.452770516506
77912,22879.988179254873
108119,13245.542923462537
93631,16835.754808908812
76592,18688.250351150207
94282,33817.70635956576
77715,26501.724286402
93747,18409.37796172831
94560,30820.21188039788
90108,15580.37675907736
102128,7376.941458513373
85820,17342.399634585716
79541,12746.506762648729
102901,13591.843080760542
102761,11529.0304507876
91536,20456.275898706197
82089,13766.556756932643
108489,8955.044303834775
98409,7522.198618154178
79151,12591.711269513104
95549,18768.270547025768
85472,7076.2593751656295
82072,21746.569864287314
99386,13236.508266363708
92932,31303.424697400184
86525,18891.272977375145
99013,8660.259202733807
99472,6064.876234936121
89967,7746.442230938351
106604,24271.684067264287
91608,14556.090666222566
82249,26860.192578414328
85445,17543.229800313547
106905,21615.808222791162
89122,15198.158933417559
87056,15310.061513088389
98254,7056.022937590011
81697,27149.291436167754
102542,12058.371222388501
86804,10023.011639375049
92626,47251.74147840123
76602,46986.618438139194
87943,12283.538802833402
95438,19662.751326496276
95823,17813.884360763026
82403,78817.77711124496
79347,22322.908124400336
99419,13959.791620053296
88561,8803.915038713349
104572,5787.195947796461
108507,24247.522420237074
97900,7401.0301395501465
89733,15008.432649852497
86211,7122.988545938904
96713,16801.620882133146
107123,15631.895247507775
78086,17630.175735057186
100576,13981.356938327022
102589,17482.229057034103
104477,27621.38209241387
103487,14071.763736493685
79189,12696.157728050985
89098,16573.442383077887
79787,30986.289017874235
84294,17128.760965919002
79128,16237.536786046068
90269,8645.989391121937
78251,21232.888566156438
80572,9922.292758812207
75986,43124.992140424954
77619,31924.22199962767
105025,16159.648109955875
93882,26783.626774708093
78338,22150.126394068608
80621,22587.97655674716
103601,4502.4898205208065
88170,16621.52223714252
102889,12919.565533657718
76347,23847.720834912623
106080,6130.471539833533
98834,20346.56846243604
76498,34503.05223093514
85104,8630.679645103639
87534,11125.896790735816
89883,5050.845991965612
88738,4040.5802351428133
99252,20239.715319427043
102696,10933.45354610021
95948,22326.2291632995
105438,27418.317642667786
103463,10719.488927618791
100261,9573.800474450522
95315,22113.903544210963
104172,22304.424730456183
76502,34425.986197060745
91569,28977.149476139388
96071,13041.017992422883
105936,15645.059917599703
97089,16223.765426159502
85434,15562.217406143161
88446,10310.020858573138
93751,28062.611825212833
105399,13601.619577803827
88174,28714.235615906473
88555,9149.035028496673
102346,12923.347277639663
87144,10574.971931185693
101990,10143.180143707386
102931,9696.578993695597
108317,12904.489453591703
87976,12113.83302025353
97988,10574.121200614389
101822,10758.841500859387
82536,14466.661972176116
80676,31894.541321861427
91255,10237.264858687939
94069,16753.82075759084
91894,26762.928875880945
108147,13053.783093145677
76928,23577.04973618971
82648,13535.429104308516
79426,11978.76662175493
101936,12955.701571638941
107567,21865.58089318918
88776,11826.783676954934
91113,29170.074836032447
84568,18835.125071242615
78044,25907.97786805067
76929,37860.267973799055
102526,5922.303486419564
92515,10815.539370497621
90009,7533.537971319215
82978,8323.915140547277
104437,16229.258748378652
101451,12755.191215500483
76325,33149.50941303881
89491,8461.790000037428
98435,13085.85951631608
92282,17799.54550253665
82209,14300.03205313702
88705,13769.022187504961
104679,8384.922000402843
84919,7370.886565854821
89998,19498.5289923235
103520,5715.58275745234
106857,10573.201594251312
108499,13568.544003295377
78893,44124.11534806474
100860,10576.996271567325
91684,12229.54122331172
80617,13381.260222304478
76634,35067.94699152969
92055,25501.6967677338
83030,1817.6068904730791
86154,7169.154378846158
96022,21305.76205347571
100336,16677.520741536187
92663,13808.018556309982
102884,10117.436204876472
80763,22352.489884189035
78329,9838.036684350765
87867,13752.609549129675
104353,26234.119931974812
94284,14201.741168224124
107996,20558.268475382934
95784,21496.630292884223
101298,16296.911805032465
95995,17543.45687474258
102718,6681.838610038078
93623,29043.741380442723
89585,17769.307260013735
77533,22876.026574294112
107550,14807.457802221812
87760,15766.37881814564
86299,3245.739729459546
83152,11505.161928168243
91322,28815.515095610594
91286,8685.864063559602
89231,16883.806626188565
80082,8863.300404477945
105518,9559.929488657546
100224,12132.47540194387
97261,11939.304645418391
99651,27948.097263326723
76487,10925.27517511812
76867,25241.177114393147
84574,12010.021312727507
92378,48756.99846946733
103934,10826.691777900589
108445,8832.910516871243
76872,20062.855248845863
76180,46971.354556970895
106906,9640.691485060888
76431,13254.159953872711
102603,10215.91153708228
78403,14855.749325705505
100799,7384.417356406757
104755,14305.121154584982
89602,25520.41243092312
101656,7333.714595841386
79362,15601.407178230367
102262,17423.833040900663
79884,16977.118720213257
97740,30277.19026392738
101264,7564.774752605298
76525,12084.340053140564
101988,19429.50078860214
102819,20100.520921305426
95501,17935.53000167557
82890,13124.832447630557
94413,18513.619776326756
77898,27896.307601297587
92991,23422.230723322697
82055,9309.308666436591
100865,12882.030203945573
107388,12825.193036835886
94252,22621.654281704432
105973,7340.595618130191
100976,15777.592572112448
106212,26399.38097193316
76078,7649.009532232093
79014,16875.642149419553
104787,10697.18326687881
92342,23413.266200126385
86334,9080.112710791496
94066,11666.396964922127
76062,9800.499667710423
99371,13460.624709676486
91498,18743.769389589186
86406,16657.678937319455
95531,31456.62153746849
93274,9339.121404335807
100190,15587.75815222404
90424,19452.197025780588
99089,12433.60379869068
94306,15277.307044101226
88209,7966.148213890189
90029,8686.852218615357
103397,9447.176943871293
82341,27780.052760836243
92358,28489.46674595497
100389,11291.195097040341
104886,23384.34432263626
98404,10064.144070304274
85100,16614.266011514956
84878,18349.935044481717
78693,30044.922247710245
91992,60868.60151278519
105754,8509.940334761164
89594,16266.76602904764
84756,5539.188660214466
91795,67621.87952355873
108235,11325.488287818845
95474,22980.902383807002
103485,8506.980368439255
107700,9602.6159200008
86613,13102.090345779101
85741,8485.758032749762
89372,10936.510922161913
79735,27170.587139619263
76186,13968.904628584849
93135,29657.986697164702
108107,6745.99919746155
95853,30340.40575478029
106625,24161.085410918924
94400,17431.92742802531
84893,12907.085672452735
97777,23752.21890999441
82127,27619.884549579696
102116,15360.499707331539
84330,20481.733547259362
105251,22710.981743245986
104115,9691.635227643494
93746,15420.919864009564
104982,18892.718409932237
105988,9574.19705758027
102562,3484.7310122944527
100822,11887.155976726413
104409,24657.579690367995
80140,15114.253487746777
103317,10166.410699392005
96145,9760.311038073673
105732,27300.79087141617
100943,11414.877739719705
92940,13503.487158175625
108400,2212.7090396625795
108512,12174.325426016883
92473,46692.96679613998
99001,9909.216130815108
81082,24639.516710889944
108460,13685.061953988255
108169,11719.620574410987
106864,19653.02904238849
84685,19783.52466271769
77736,30053.81003089454
94232,28071.26086408492
89520,2385.2305751301237
104514,18650.958571653788
87509,11979.287928091664
102802,9605.668954475688
91042,29964.243816187027
79197,30005.283588467137
76499,15502.019815002503
100082,10171.071979900056
91224,24384.140794903535
95303,13688.614938217068
96830,13582.508128238314
88064,14345.368107848826
81628,8897.054795580078
84857,8333.122787789083
82032,21025.184529366492
93316,23190.049065584604
104993,20569.232820911853
82315,18618.156572947475
95990,52227.76024998983
89970,14607.603562119271
93407,20699.447418189342
84755,13834.503486812944
84684,16439.44489493421
79353,37063.994305886044
79649,53153.942338135814
81749,26912.64954147576
107002,6764.345914437185
82546,18437.48421776115
97536,15035.616459801187
77580,32066.41270189137
95967,19975.74219170125
108150,6713.043062159014
98992,8119.241185120906
108536,9712.211054216106
102358,6552.719166508462
91856,26844.54918237621
93148,26317.224939190077
84957,15190.770862383977
95413,12457.990698651724
102404,11856.175668732098
91495,20249.85260299036
77953,22112.66667983264
87398,8392.841525702112
95955,18962.585185661403
93290,15554.557435278528
88128,9810.098873093693
88830,18929.141871207896
83397,11509.403702064534
81599,33726.14547264987
106055,6504.801802564978
77655,14056.976151058117
92106,29520.847947103048
96536,10574.164906576612
104575,14642.736481055887
105513,7769.856457654682
92308,17590.757643791258
82419,15172.742003988722
96473,12977.194119246455
76961,31268.504737880903
104060,39199.09296152181
91056,21567.4500467282
87618,17545.515418312443
95253,31043.09803643698
96135,9667.288358063302
98015,7799.752489934332
87695,11005.936412261473
79066,14809.58164145436
95512,36036.03976106133
89234,17667.529074079637
89971,11475.319177541836
103750,10946.623106361823
94180,31656.478450266906
107947,20062.565691970005
93455,72816.36549472762
86369,17059.796982544296
78817,19292.342380782902
85051,7386.481560211765
79315,61678.86278794454
92395,27586.88256154697
82513,13814.829868203755
107728,6928.448062489786
90261,13110.362869652712
101064,13367.762782843938
79329,21819.161512972936
88998,11260.463471627274
102002,8970.896427624693
87718,10206.59138308656
87774,20355.365267357833
105214,10166.616440493366
103055,10039.046555773535
103543,15661.790661020297
104548,5739.848169085913
90387,9427.401320456052
83786,16644.431409672492
108102,13702.447157443903
101455,9681.114869402689
100577,17621.34650513468
97483,6808.357908987136
103056,11590.638919869247
78401,10709.118804783024
97400,10545.256474345266
97703,12849.942804103233
101311,9331.622094462567
87912,10677.556685590727
97168,9758.008005711828
100833,14807.936315724206
93043,27115.44247121545
80772,19933.775869586425
99794,5784.843030599292
78326,10072.129817245781
98710,8453.804992179674
92351,19707.909992379307
87356,6518.960439484099
96926,32974.04157664035
100570,7963.448281937575
95109,22267.539595052942
85050,7838.834995559853
84046,20202.70428883563
101466,15026.71240650909
90832,18160.841810187932
93397,28955.395961508326
107778,13664.107708527936
106710,21898.766419054482
83464,7272.5536355524155
93622,16131.040268412777
88744,17449.947403007787
107378,19902.30428211172
83032,10576.488066030935
89480,37894.9019288601
92634,26673.891368987373
81057,8713.601293368116
102633,19481.38834732905
101794,9664.391384098815
78355,12821.002034600615
76544,50338.0217404376
77408,13560.862868900262
104451,32310.271145916464
89254,17092.335046683016
85412,16954.39420404229
97709,9925.21772602961
105230,23911.47601197265
87691,11141.825544258996
90722,9748.580811879188
86679,14005.272286793692
81418,30700.376371974013
76980,16336.906767132254
105319,13535.213951358952
80516,15981.853766684966
88960,9108.64202118737
82982,13307.133627343052
105004,23349.016078443703
78037,38362.77538600824
105901,21158.065707288
77109,15678.314499788721
85855,11542.19039063288
107355,28201.72937469107
106193,10679.940776935759
97700,23165.729048580713
86150,9572.302839970067
76267,33313.761947598294
102096,15020.977082951627
102561,14901.721141429469
101137,13199.64212037865
92050,74282.91472581503
103878,10093.361223875823
94760,21785.807013158457
102678,10299.061939028155
79971,23767.995568840823
85739,15816.264696480264
79714,19995.84042948363
87673,17092.335046683016
107304,20035.385695175926
78692,30307.695473281205
107274,9342.008595851685
88686,5498.8668104595645
90843,13160.555283863045
97507,7783.723955926521
92343,47060.47280284156
78781,13599.893223208692
84990,20576.020079756305
92913,35660.48553953525
92079,45474.33444249626
98507,8331.135649716563
97152,19604.96860209844
78442,36772.47654892434
79711,12717.449980564486
96643,9700.379707983802
105000,8232.831895744543
89454,5389.253823472311
102265,15696.842178909721
94961,29578.66209207211
76335,16218.572095755264
82897,10864.396101105982
94061,26951.20658149271
90661,8121.9185970171675
78112,28162.43166130518
95596,18315.88232681102
94740,34859.14959962083
83287,3367.5125555546124
96668,14378.59567071134
101834,16647.89104900489
77285,31713.572894504607
102545,14511.711622189301
96287,18906.277012691437
82156,76056.10755238523
87276,11526.666329392372
77564,18853.618827587514
105991,7460.927514355011
107570,17312.944274635138
94519,32166.873006800783
78369,44987.820539468696
92674,9188.035684458915
90532,20075.511246357353
85489,7323.711944604209
103660,10375.226954806303
81206,16613.450194430137
106764,27211.99471370987
97425,13071.961432165948
96393,23546.62485942242
84960,10564.405295201006
78993,34003.23811880596
85876,14946.569055943197
103936,11175.772008032252
84201,6573.109136405574
105098,28192.536666688065
85078,16031.761279057662
89886,16181.023456974128
81268,52972.27034827191
79945,17121.186606598018
97727,8653.406046270642
90636,7156.629877124659
80106,9108.438622330777
76947,13774.718732079733
83264,15816.264696480264
101532,6754.110901357068
91558,30709.124325167908
93311,14748.848726416229
101967,7053.478762295977
85725,5461.064629488115
104684,21389.83342187026
89747,13643.544544726206
105165,17568.007442815648
104814,16268.074573354294
101904,8979.857724512603
99238,11867.400061186006
80989,24644.57020371355
93575,11674.998610139031
101536,10043.101163604137
86847,8700.438532190543
99847,10277.607908692444
89212,6776.940494353568
93997,20271.474807153318
93647,28380.51954654973
87846,11230.160639737649
93737,23891.24288719557
77906,25804.402217488812
80648,30319.36743045092
102925,7600.857057308165
103709,13268.530257824239
86195,13503.60381089119
76865,12442.488689765658
83260,17212.482876640086
97233,24632.29393630884
104618,22550.771765046593
83879,7513.641243718186
104804,8428.714428794541
100551,9899.139247954472
90524,19580.816552653498
99669,18335.92121858749
102658,7802.677503980216
101398,6477.429547968385
103286,10991.136301411443
94823,30146.104627176144
83630,11585.062448419925
86079,7082.881224712263
102145,7641.046654447438
94270,35406.339516095184
105688,28772.21033807508
87335,17669.721662718617
89805,13758.973784178093
95093,27426.92910757923
76699,18047.046737120858
83187,18294.04681852984
84218,6511.916822743808
94153,16634.57121763543
91849,17426.354348904464
96202,13814.54457063127
90172,13962.868772339009
98759,8558.253708534556
86718,7503.013445697055
103349,10268.165445816161
93293,47558.70252888742
94622,42298.23040717804
93181,20315.561148065106
104870,12419.660697893103
83247,8622.91445499086
87566,9282.166449360857
77362,20823.605576518712
79537,21035.97807790635
85049,13488.378612531333
81402,16296.323515902812
108341,14470.162102632166
92193,24279.546976227313
100184,15700.830246878613
106252,8911.051267210793
98047,11893.635052181318
105416,10400.098569851527
90872,30109.030085984166
100235,9712.979652943599
91485,21527.274517659844
90534,23296.62935231535
77841,15861.878543466244
105730,12528.516019814931
84175,12936.636356247016
103964,8319.880125956524
105970,49214.77985450006
99843,7357.773147439947
102012,9825.888331386173
76779,27673.435135797146
80778,20732.09569048243
106638,15530.246708742285
88233,15516.604165040506
102657,26490.123385266445
107180,29695.700167836778
108468,16867.811421550836
86399,11160.581677195833
85128,21956.53979161343
99868,5059.092180378034
100413,12160.281859910521
91125,20039.04807487556
80467,31333.758375077705
78605,12181.767578245504
90259,14734.947745011948
106759,10912.472362679871
101253,8424.964709087199
100980,7526.9152130622715
83805,10588.081173132588
96745,7525.347963361692
90242,15850.952506998015
76118,25502.1124108374
98824,8499.185562824714
78006,21636.339933708696
100924,13753.821117880823
77138,77239.14968581709
87665,10431.950945430182
78023,15207.425555210779
96117,22092.10670081192
86789,8408.004586954581
88649,15817.147830278935
96792,8649.22606192639
79403,20798.373228829405
100547,7618.174877491307
106529,13105.446224843712
83042,11229.617728450832
80334,18497.409538984084
86589,7842.552900045958
101811,12900.190242976778
94128,16827.61854443833
95868,6753.398637836084
76244,32104.866371201973
88957,19200.865892432616
108503,17660.43329505513
84409,8671.172438738071
104962,26582.716096314616
105121,8138.994025077271
94389,14462.75898060979
105602,16419.454738393528
88289,9146.518355477134
108168,17545.08099237247
84978,17894.029865791996
108011,11333.71368623659
79783,12218.418474456512
89892,22877.9992214878
91748,25011.655467210207
105942,12356.87919071009
106893,17025.277561266834
85969,11324.194736089536
105403,15335.65349120666
80319,29033.285166262845
103010,4792.6493278005855
76518,27151.942164202053
95598,15080.977848068595
101287,15989.65109946004
84475,11304.899136266467
87686,13770.905527866978
91202,23057.727666795163
85296,16793.158158674596
89710,10257.97612695048
108409,14095.224400488614
104660,12260.268532124317
91493,15718.483894272955
103318,9330.577211829059
83537,10917.588320939638
93277,19371.62425213567
91290,15849.335589485974
107127,12509.532768529527
87752,11050.654443397621
82613,14856.952567742492
104508,9007.959296347637
100051,9162.555943603906
84203,17296.588530169636
88624,13009.054832046622
99483,7251.797402980419
96635,29320.024092773645
78956,15832.395945990807
105839,22613.981885709323
92487,20015.751429600845
89382,10728.409130484402
100337,7391.7396664765665
78640,41557.94600577539
99495,6910.5194022113765
95580,39745.15949685691
85347,16618.921626840936
100050,13099.966933881991
97749,12342.002416950752
76587,29600.676284037112
95918,32239.518280418702
93823,34207.56136362622
80470,26310.223697779664
95399,90589.94914990067
101483,7872.223509557004
94776,27220.010350474142
97442,6319.5146110543055
79267,26640.98160701042
82710,12710.872170001516
77473,19517.05601319712
105371,12445.55386927265
84991,14081.472539070404
93878,25851.31290245914
107126,17392.1493692929
90996,8207.37236127202
87095,9930.929373237557
80205,16224.742214939337
100043,9853.852575104436
84793,16175.197334062681
80403,12211.620612126513
88018,12235.794354985122
92747,27688.22444442205
104894,13132.42296782291
108319,30419.70599163942
99481,31769.671938044718
98270,10644.172272273257
88155,18231.97113654876
84565,17968.75648510252
80779,47688.239614335645
105684,24412.775659452684
106855,14642.736481055887
103908,7979.704288447256
100595,10875.213749257713
89822,19637.76501636969
100401,11285.504419071034
101037,9496.134499677099
96350,17252.783836478357
104191,18185.42089566542
87891,11734.244679036989
97744,16268.379088988293
105757,22290.347909963195
98966,13541.769194924198
91869,9069.648347808657
81292,16548.90290655962
108284,23558.769989114022
83092,10059.458213380007
78394,20154.25628434698
97961,12564.9175945456
77723,36258.02970939929
87317,8482.299402786879
95065,35286.63119159704
88227,10036.72045324965
108087,9901.990467710768
76311,11009.099822453416
100764,8202.518396072795
87828,13529.016854130932
77314,18442.16590530318
107860,12005.799378574362
100339,6076.509232730173
106165,6175.748520580527
104443,12226.969095482616
79613,31453.63802849667
92686,24240.22733665214
97493,17841.190091706063
78977,28187.694018565315
82933,14526.704163877248
80063,24051.638760741655
92287,20821.823125543022
103664,11500.392101308822
102185,15832.896118791745
94679,15604.732517904797
99024,8023.7354972131
99366,9196.092370937851
96554,9800.456877284787
95906,24999.925046756915
85623,12289.656740950886
84336,17466.471413531923
96560,15840.591055914589
107448,6999.727573102454
104118,18023.154792093068
88391,8333.480198653537
100327,13902.887049520648
89323,6671.027438307942
106925,23286.62969087907
98542,9059.283388303385
93996,22611.5765475847
85103,10749.377504899236
76033,24916.012075366725
77213,21162.29634580434
98117,22522.04958158953
81109,34674.35280542345
78316,23425.4365510664
91021,27186.98427870765
78093,12689.673789316508
77497,12779.509791181148
83590,12833.373300629619
76126,21768.464922686497
90509,3459.1283310135964
76454,21830.263241532753
82095,32746.588580447773
88625,14344.340754265304
100031,8043.679362755725
99458,8304.170402669446
88085,10936.995299413875
91823,19350.281681249162
77735,27370.14971822014
91799,6233.408563598665
91480,8339.159007292244
84915,13669.527864879852
83688,10861.424964565946
102334,8566.71390042942
97765,10674.42383436565
99836,12337.02174181328
98569,18875.589514414034
105050,24032.076753053214
80826,15013.269904706498
78684,12731.98615421302
99123,8995.961356049464
96507,11524.823488326094
104742,21807.803505154177
93690,18026.415389607864
107606,13150.1224246668
87019,18047.92842531441
100735,9504.898806518138
101685,7378.958388829779
82792,9095.090583855479
100036,8637.36890139624
102607,7353.518051432445
97772,16250.20279358906
96207,16794.675491777867
100697,7961.101052402183
96481,22053.368229639316
89054,15684.57159793665
97847,23107.313289795708
87528,10370.40256357389
97145,6429.377633940415
95223,48381.36727080624
104325,13696.300132853416
93743,16597.448664911324
81914,6601.0535622148545
79040,24129.371993962686
107030,16271.778976790521
106244,26212.17725084143
79602,29926.89724424176
107684,7015.98076231604
105346,23342.984614373865
100000,15504.518889905883
79001,10231.763889323282
78942,24250.0294467879
87637,10809.564124016271
102257,9527.789179798134
103502,8351.507753538326
84619,5050.0026026167225
91129,23114.2089967724
98493,12981.066139309462
107108,30747.583142590465
101158,7471.820901413969
80236,17949.456938234318
105375,12986.918772962626
93002,28907.40406663712
91619,20102.832597454024
83965,14628.792511274474
94431,44404.91949365392
104601,9204.825288204132
92698,29556.16310650033
84014,8642.098706348881
91961,28621.822947378747
77595,55514.84513066368
88848,19684.77980272616
106046,13826.517220361151
99498,9752.54515399903
98153,6804.413756745466
83157,9545.70458049451
107475,11999.429920310697
100589,13572.695221830525
81448,13976.550857189823
102638,7053.987577505181
104473,26231.266078380497
102724,5459.016873113062
99338,9028.139927171402
92431,9828.805078964218
84969,10167.516974002572
108426,2434.6289291393464
103206,15587.75815222404
87345,8464.302572338736
102625,14789.141819507464
84606,13054.292318209336
99166,8067.912760649274
94408,21490.48127478851
94898,20241.025712450162
93658,33201.928274166814
98234,14823.39067396811
99725,11727.85923040159
103979,13572.695221830525
77277,23242.605657812503
84401,12289.253912448117
80006,28806.83094329203
78572,15928.8695812903
88781,11304.500493700392
78546,17232.29162489361
103829,18661.99424104578
79159,54837.870358804415
104502,10981.964557645024
95125,26038.900059099113
80804,15323.67423350558
96580,24387.965113535152
92059,17414.584313345804
100530,20118.867625547984
78079,27293.060941670967
95036,14756.666489060603
91490,19196.465950528513
103310,15274.282861493108
88853,14959.010097900906
105948,8995.33190370706
93744,19732.115029087217
108518,50559.19226875421
107733,19136.996143440138
106813,9847.273597052665
98343,13105.951538935855
83056,8545.019724936954
105721,22805.482478422524
89165,7187.2907790136305
106402,12502.687784155374
77252,46828.056300751734
89194,10057.52428199653
76777,15108.233446946851
90569,14401.497628953677
93912,8312.411657927609
96848,5443.449899558655
87355,6972.631322708062
80539,32993.791914016576
105351,13624.57259448555
108019,6325.036941393894
91331,17074.91547160485
80814,11865.587682703519
95951,21051.392980529043
98392,9332.333459448379
99209,19312.214539250912
86085,9655.8301640212
84678,7784.456434756595
96534,13362.362203584105
93665,24649.195173758697
89832,12136.912898876573
85079,13420.062959232846
79425,9021.391675266585
96052,4610.671807794515
96599,10126.308952250256
103705,18890.363138412325
78171,30309.496082089707
92005,20961.259497527484
101323,13893.850597584666
80398,17982.861152655187
82123,16668.147425854495
90262,6310.732588494655
93300,15931.371037394383
76795,17422.804490667837
91043,25180.809771433116
97362,13768.522325026272
98969,7763.010046559827
104826,12923.366103838322
84329,6782.36085570149
97976,11740.309650652893
96904,5499.224541574911
88148,13518.390524659168
94895,14613.312654803862
91122,28459.582453719628
108145,14102.38594692926
85476,16262.761219206546
97564,11390.16380801871
107770,40812.49786738921
106947,21674.73148330681
89548,15008.08452053854
79027,18281.545705566237
96032,20372.440179593283
100133,9647.90816816575
83191,8713.444280815647
82695,12175.998543959568
79273,50124.67607017582
95667,16995.71276131464
99578,11853.22676512497
84492,10506.987560869451
92353,14767.526367031922
106435,15556.414047834403
86655,15009.143992608448
106651,11802.272434945102
90268,8248.844780421681
98311,12149.345629985268
86971,7630.955821934149
88573,13801.914259402756
93189,21330.548744817508
87244,12891.081492863872
108207,7149.334289860266
95819,45422.69408046297
105846,27311.360076976376
102372,8105.078178153016
83616,11463.28730396197
92411,25521.840406248135
90395,12882.161163381921
104613,15273.086716186865
95808,27031.382419649966
98662,12801.299094406382
86066,11981.271326945736
77454,14943.314595934942
80846,17149.229699127274
89060,7608.22609565932
91975,14295.815106954196
84011,11158.628000053897
88315,12916.47629501887
95692,27525.994095696555
98373,8761.462111062528
97283,25125.128621620723
101495,7783.962843785663
81770,14482.925648319439
87458,15752.48099489881
102710,15886.162449041356
81205,29445.538665121465
97440,12494.831964574936
82618,6819.748072712832
104838,7696.806892039285
103606,10795.65610037118
91507,61499.33957590741
81463,14353.71406009437
76741,35632.73541426273
94422,21616.7548532045
99543,8551.182128722332
104044,18949.257782433902
83284,10129.995507416324
100834,15059.66134606674
108440,10581.264162071713
96881,7373.046216874885
103925,10594.813895971078
102881,13065.506778878727
78690,22041.989150705696
78052,25439.203390423456
103938,14015.17587448823
101271,8852.279404994946
76924,21112.723532802796
100415,10873.117864125272
78455,21842.743989033348
102811,3916.746456383608
85154,14108.405436059355
103761,7964.417962638169
77732,17582.455284740416
85957,15725.04875931748
96779,23240.15245662576
99061,13191.820599076882
106028,20471.69064821723
85889,22247.28304851951
97539,7944.626385432547
100890,14676.505825121829
96058,14835.34069840363
80216,18918.091793226362
93045,21277.60827036064
95789,14704.00708958679
89368,10755.181998001799
80917,19833.57158505363
93323,28030.548776731583
103669,14305.985320481626
81561,17239.334696358557
92214,29690.387689077303
86368,13540.860157098277
95070,19157.31576965521
80730,13702.490950399564
105647,18100.211411561355
104707,27113.115809141917
80353,20291.207853026008
98677,29436.907020881405
89445,9488.51896102322
98332,8369.846574749718
95929,12956.080128240505
88970,17704.32889921411
81272,16139.071855955452
77963,18611.464509479512
88285,17584.360476059766
88924,12049.21587570385
93562,30521.091312072786
89463,6032.506177241159
105407,14654.529934650805
80944,34565.25250929338
108099,26288.275398267335
89199,6387.85274704796
82756,15060.280818427707
79573,14907.994114931102
98847,10433.706821836247
100966,8153.025660738779
108500,25361.93523868982
103830,11615.341802327397
84043,9940.005073900798
84550,11664.30760461845
83946,8504.168516720792
86287,10107.748606778563
77598,14997.419468591312
92893,17201.052585354166
106936,16185.661727006274
101123,9664.311530055387
83943,10413.049463095978
89197,13836.959538350948
80185,58296.006384985216
82429,16606.4184447007
95864,24594.477613611194
100750,15246.726291999461
85497,6646.787034463308
99469,16051.983610089961
87667,7796.37445912113
78681,48606.56065035811
106579,15857.933933973281
97388,7902.419015151837
82487,11231.917258644675
80635,20415.733505126966
96378,8877.71518854917
77827,28499.325762164484
79045,33776.42974859576
95229,19863.55165877424
95387,16526.749964515766
101754,7308.295211389746
90728,8488.572809099041
77618,28815.69428258296
79390,38802.83958386329
79449,16966.082051860212
107826,22033.541668844526
87026,13105.069833364141
77765,18941.354951941605
89691,15175.078628032134
91087,15405.36866145817
79770,27815.531217279367
79341,33024.721075120025
87532,14699.48971399667
104082,9093.605161810046
83169,6583.404450765761
107978,25996.55793873508
97466,10608.023027087524
98381,19479.43023961675
87614,13615.281286200037
84768,11895.240963891454
103605,6101.895195843815
107420,10170.050116220635
76099,46811.129089919676
81932,11508.026758893537
96233,10175.067798793507
103484,9015.878689474614
89608,14584.971924194093
91316,20632.918270657403
80424,12808.944720635604
83120,9777.838556168259
95888,20538.114389212496
103279,12150.961002001191
76800,13039.916881569234
102188,13391.23286673908
100147,5682.141334572246
107959,23353.75449330962
93341,16039.1731323481
87446,13184.983435336877
103554,8277.738274005675
83756,6510.1113503537235
86353,9246.388817645846
107874,21234.483234808646
78416,16718.31618443318
100911,12379.039918272623
86514,9989.040020003673
92702,34079.03060477319
76787,21029.918250911684
98523,23507.113082077958
88972,18880.9027616223
87370,14622.300078948487
107060,9820.21921163034
108186,12652.799133080562
90126,16068.584141129148
103874,5839.328199237452
88271,11157.63871550189
81752,15435.725118158685
78089,48158.38370711135
102383,12921.407510236693
76766,33159.501875456044
86120,10949.827278108614
82871,20272.07695259005
78647,29549.163866153605
92451,16172.6153705653
91743,21592.433736979292
96582,12165.083538478104
79729,17268.08319350947
78864,25704.063504585596
94728,23500.299236194784
90355,7761.636460492892
103777,13902.887049520648
96076,4884.32008425245
79201,28938.2459145482
106707,16145.081359587666
83836,8456.162061270423
82332,32373.146755312962
106545,31054.531791918813
107268,27509.022787551592
105459,7213.841776149413
99683,13551.935125728878
98385,16216.055462039394
103402,9281.589182207366
89402,12997.753848944258
87077,7160.750684192921
94222,20313.50323998577
89919,6513.982270157667
80585,26765.1739275249
102406,4933.476143106141
95002,15175.763647167967
78216,19302.935733162863
81346,19270.7256436838
78309,18949.378592452093
93307,20821.823125543022
87233,4642.90887357751
77093,10135.381068392806
86762,7084.171165065013
94561,14906.537152956158
76392,75701.15611223356
76895,28762.25094838074
85419,14255.180062028398
101026,13952.992203113477
102584,7489.534731850482
81381,30480.004821258986
81761,51903.01047857271
98099,10047.381582418046
91347,15226.94396846817
100024,7479.429476247331
97924,11867.400061186006
100492,12092.210401289798
93559,22790.275526447567
103175,11111.177824602672
98122,14688.334742961717
84362,10152.083084678468
77943,19438.554095818472
87275,11375.16892504187
79991,12884.48898862358
102700,10608.230856292776
79660,45310.70873225163
105465,21217.710936763066
94354,31128.59131055904
96390,8107.22793794637
88763,31481.80210521023
87219,18499.021989213754
77221,26891.017891596824
78165,11134.650487126604
95069,23549.514452427684
85157,12779.817082907442
94547,13222.412640176912
80643,15180.1085491448
97499,8760.019881529382
81957,25631.156720269704
82538,11173.8594949766
83777,21825.399499549934
87927,14499.365779498123
82916,17020.455262989355
104146,13086.612561808724
105260,10076.060878863405
85483,13993.463287423168
102412,10747.572573762074
86508,8395.614933925428
102998,12292.140674879149
94493,36764.73674204931
93422,20270.417663328713
90033,10174.655745813483
92957,21584.39890582707
96584,13280.737607402742
103170,12603.604720638788
83550,17429.47761890596
76050,12617.024264295382
99903,10075.006998125868
95255,35479.211281011056
106697,23903.553038543705
91497,30306.645598418723
97177,8904.772176683227
101863,10726.087041527486
99298,7410.401016533867
106496,4007.271791567778
98770,25260.075639453593
101801,11362.728168897529
85037,13331.283523752416
104399,19126.38081847782
83980,3421.658419639211
97825,17252.57274928038
81924,21784.675640329748
104192,9627.565178068971
87130,8285.113631945505
79364,15382.361597659215
81388,11260.777530196301
94917,17253.10249175861
102119,11023.912120746638
84135,11733.309338892946
94992,24642.566905672873
81229,18139.390237090483
79503,21286.462926291293
84540,12700.336658750015
77881,7468.853794034188
104978,1355.6998715043121
107373,16822.022113870014
76208,14221.699464053178
88192,17190.14540828983
107010,58140.507403890886
93961,46148.35214310083
83957,19470.671483391976
85283,7475.088883251107
104226,6799.059960751886
79463,15472.369124808507
102587,12607.002170956372
90204,2572.845524692199
103507,11474.125184365788
94351,29416.78148793375
95181,13671.386624855557
107410,22914.69015486713
86541,17125.604622621733
106281,21145.550671070305
77315,11292.53644873676
84485,8323.333596653083
77592,10968.917973615542
104262,28551.719785245004
81260,22976.77067755232
94417,62592.864448324646
83014,13881.68728032193
78192,21266.719490990447
85838,10806.410571143533
98395,22527.591569360196
92617,20157.825872238165
107538,8812.261157165185
102588,10942.435429534191
88950,11833.538879682244
101450,8570.874273392257
96101,13542.009373122894
90567,13579.537157226583
94383,27205.907217419055
82961,3799.1029005899504
96591,8881.044253952185
77890,22657.153850514653
77801,17250.36142367411
85738,6465.99917088774
88580,21489.336070292506
88914,8833.042953762257
82206,19632.568765236978
107485,13460.76471480501
105203,23929.278890886806
82256,71995.4468866194
80181,34067.38599182695
88792,8491.051265627166
92581,19114.031990184874
101272,19763.492136568504
102359,8693.709954673848
85306,10437.031349611432
106078,18658.723714518386
82442,7536.231878866317
106313,19868.39262667671
107617,11059.024003961975
89719,17959.616231230375
91358,19336.115473354505
89676,33167.70130805021
86927,14849.955557364316
76819,26683.796045583014
96646,9299.679710375398
81533,35210.5973189688
89207,13194.367515607764
90282,6723.553573204433
94908,27049.980758618964
89890,9352.853364769519
103477,13579.063992256384
76090,19876.296957136416
84810,6242.582464567698
98323,12173.917571954751
100552,12126.654142072832
104719,10309.581029387677
90016,15451.340680831901
84632,7201.753708621671
99846,7603.966501410494
92362,23981.446041240204
81315,11941.491982305464
85084,17882.299859386956
86760,9933.640590636965
80297,18329.65844499663
93420,23045.632030488236
78563,20279.525776291535
100791,11973.625917511703
89019,7234.122253221627
101709,9283.66467920311
103419,7027.270239064747
96092,17931.274251734452
89891,6515.056183823257
86562,11820.184487127097
95874,26048.9270343484
99343,12267.846723467857
87586,7670.249268166973
103112,9194.981566323519
82740,10309.599745139983
81595,33380.81904790089
77578,7645.071366803703
94090,19033.775944673594
102873,9014.119776275951
103258,13132.811513871044
107497,7937.222620008294
101861,8814.867661372258
103997,24910.75824269417
79785,15787.702089132545
90250,6650.095705952368
93233,31216.6221733513
86527,12438.535494215705
86140,6036.910115119904
104063,8840.301540858096
77734,20372.973903474453
91652,19419.581222835714
97758,10087.368298743844
95096,15614.490019385512
106186,10644.797937544761
107960,21829.029257808674
78445,22765.15205032193
91886,22461.581668740782
82711,9376.528297384282
99248,9125.86533347678
91701,16638.929690894587
88172,10102.967676564858
83916,13875.77856714711
88883,11322.359738399553
90342,15008.08452053854
102042,9076.00803352516
96563,8068.170175513485
82344,20326.464851915665
102707,12921.407510236693
101718,12451.551938372711
102705,9001.426401468161
92589,28305.697912103333
84231,12351.43167747204
83534,8106.710384636284
85768,8896.674909107725
82141,11456.828317112697
87448,12535.058862735941
79569,8727.05396517852
82261,10561.72567633249
80605,13789.075433513392
91120,10400.161792489102
92482,20803.581542658423
99998,11115.573076372553
82202,19205.916386635505
105899,15061.521350628995
93653,16324.130669548109
94333,14772.872123160236
107717,11045.19904870493
107655,9522.538503451497
86240,15111.369030874841
88745,15300.756152470489
81723,34522.038361729086
84125,13926.819027109685
89476,14618.904001236966
79059,36979.23687408503
77879,13700.295033028096
82855,11080.819886723406
108513,32342.371052439485
83646,6959.641236859921
95702,35168.821171347256
84145,10322.19951490321
107629,25990.45179346763
81843,10003.87975287305
98863,9284.029109967338
95154,27007.731040629747
93275,29918.723784901824
94003,21124.055388501914
81095,16473.223338089596
81099,10232.027723471067
105527,12427.814000630839
89596,9748.580811879188
91007,23233.26320377501
80594,15587.287157114559
82782,10919.088399517017
92721,18203.094103576143
91718,32286.313162768747
87452,12404.041470455439
78098,11131.676999687666
84123,8949.828855907894
104672,13251.660727412478
105118,10408.390466235742
84690,15837.66841151889
88986,11135.77087225797
76028,24865.08066694006
92995,17308.611461357905
76275,33099.418535652185
103315,5628.096639290809
98168,18239.310288216766
93633,15474.459175923652
90151,7634.775939878457
105269,29239.99732372835
102604,2212.564760119423
89541,7876.9062962404605
105694,30691.823631646545
80405,30181.78056635278
96001,15993.381933176066
96500,7952.057638290252
95235,17516.080494709287
88367,23181.73374527779
98850,14823.347859604806
105724,22131.35820004336
86451,11748.84465558507
86426,12003.17531797005
81213,38393.40753859483
98547,17773.38115535216
86461,6361.429695157562
99294,21884.717106782166
99597,10488.012426281211
92255,10290.62740051687
90097,21898.189968833034
102302,12447.832348283628
105746,10301.851551871989
86133,24997.44863232474
94950,54912.0005828052
103666,7677.079614994527
94750,19783.22417180866
92880,25704.10526302077
82349,18022.631871186
107337,15603.281513497857
82954,6694.904756418376
89689,18723.405999211012
99034,12165.917597693397
79873,14050.096963348498
107966,19034.57682922556
88864,13078.572352434412
97942,24239.347649853935
97481,8680.587515250818
100313,9293.64836866417
99927,5731.668001917025
87287,9283.636800790722
99134,22320.10736565383
104705,18574.15826803065
86134,20488.439967828428
93028,24947.477238934316
80161,21086.525200892916
76639,22661.522335072517
79239,21177.99483853222
94244,18918.770623947075
103815,8499.887355342693
84445,16111.615920128099
85884,9130.62369261337
103496,10704.19307496751
88620,18681.343373286636
101448,7027.213046867881
100044,7726.171261367469
98388,15608.538064213722
87610,10042.834362537922
82063,25386.011041559843
82211,38563.757946051745
91156,14532.91880668717
83323,8203.205228444567
100187,8979.38267537469
93117,23630.076102133324
82227,32510.780119759766
94263,16741.78992622251
88207,9550.649178199705
87988,17312.744378270214
104687,21162.023155972423
79791,47213.01859660576
82242,21824.45365581014
80273,12887.414536807013
81542,26351.834732531595
90361,12131.554043156999
83914,18909.659361680646
103142,10703.676153553328
80137,36659.98793393889
103580,14690.643040563282
98328,8517.113218360048
95936,33825.864599147804
95189,29018.609154612524
97806,26570.070746180427
95829,11895.70473499662
98684,20748.809254833457
92494,19555.64589276096
83016,18979.112372022515
80865,17675.20760286499
94537,19966.910161171345
86293,11838.353716243933
100087,6055.404364354588
95534,17183.13127789682
80827,30204.93132873527
80610,12874.785554252696
97472,6631.848390427001
85523,6841.4021457366625
100005,8043.27441696013
96618,32994.68059345314
104893,10326.627771242369
93688,36724.86285588058
86182,13388.892095921208
105091,20836.595073067074
103031,10206.810890256726
99359,7134.78276105497
101907,17032.79826179058
82914,13194.367515607764
83990,15731.984522233834
98598,19771.63725953046
85494,9514.870336487485
82922,10029.726134550121
82854,11461.484111848056
89024,19302.255558503846
91754,27852.740928876716
102699,4295.769095902507
96887,15778.258481007788
102671,12055.387353147618
80646,21596.116922848843
88146,12374.71184924581
82969,16824.84588728054
77225,18501.452160270997
87443,7260.478017328133
91227,14088.00961236849
95731,16630.935045238784
95171,20041.273575609
97076,16405.66136935096
98901,10310.921520989066
86013,8402.628518463525
80831,20838.390830013566
100258,9031.314527242948
103586,15824.569563080546
84553,14732.234069912969
84400,13917.128925998024
93434,44422.07146301464
86149,6819.83711904545
80336,20647.919350226588
104511,20034.42291999989
93127,20532.122903321117
86330,10785.649850924605
105082,11753.824249482186
101222,13932.007651412187
92606,21220.818479288235
90462,10378.626502383953
102123,11325.957996507716
83212,11328.250270944685
90403,14092.031235868048
79392,26042.03443164429
102630,15303.96324927457
85988,8664.657609091286
107908,20492.927710703396
80949,17244.067366068008
80517,12760.883242793314
97922,12871.084594960901
100296,8688.297605249949
93073,20628.336764256743
97137,7647.890908604553
88311,9281.820515476735
78021,15086.365202343033
81970,22003.902876708682
98957,6892.923871112221
99602,21440.846424156975
91417,12997.84198480966
89429,13550.489627761042
96535,18036.571996333143
80782,58926.45116578597
86889,18557.059392216896
79609,20381.189419668168
99497,11346.31731211712
99547,26031.034458596092
93817,2673.683024569039
91079,32518.04340845246
81962,12436.547368784226
85833,8458.860052124684
103305,8370.900375010122
94357,15478.697598903129
88736,9461.929017285454
105162,16733.018167833612
91131,21725.13805421384
84148,7107.717579493767
76377,19525.34900621507
76357,25773.448482401418
84675,14968.572362002025
83239,30186.483838594737
86317,8141.6257908197485
93990,27616.51210996299
96357,8872.205502416937
89745,20124.125638376325
97141,20433.803611068826
82911,18118.084924367548
82943,7286.878611871118
96282,5041.042878816851
105885,21024.377088243218
80131,41524.386837890335
99806,22090.608202191703
105497,26205.043677840422
106447,21251.986739424585
107746,19265.289234589796
89523,15068.93852578261
84388,13736.819802092841
78166,32028.154918154083
103685,8249.56511332844
105018,9548.681144024062
102373,4158.026321535225
76988,17176.943811795325
81097,23035.665079563732
105521,23686.963825177583
99775,11656.132472896003
99766,9412.166214496401
101346,8152.271177819694
95228,2616.7200819838063
75982,25034.4881105066
107142,6034.2103316482335
86109,13864.018002348304
94195,18481.37151909672
80777,38241.44485856037
92612,27808.883547532954
99383,9967.455959103592
81686,19539.991828999282
88650,10548.098756247946
95681,14771.936478190395
100071,9480.774781337444
77554,34650.14447454939
103505,4454.571317937051
93281,19881.815819147418
107444,18481.42983418858
78752,22199.575290570832
103057,13132.811513871044
100248,12883.695124486927
98489,11289.875990759705
89189,16496.37730514989
81293,15941.232742829365
83285,9373.538355141969
99459,13740.965833995719
90810,7842.892114508784
82015,15704.195054121676
96132,16936.154197867778
80808,62784.66206086888
104685,16761.229692714023
80937,19575.781817932206
103328,8710.900114070255
76512,18568.838312637054
83456,13319.987750725906
95102,37181.08566128867
79692,21554.255124581126
107807,3554.6683481278064
99176,12525.444910004562
89632,10557.122518097482
85310,16907.89215333745
105676,16155.995957290566
96825,5987.600695649184
76640,11227.508534396758
99932,15846.888496957159
103568,13602.466705643421
100906,10922.733814976942
97420,13924.643970496229
86996,15977.764170686529
86948,11488.874968752743
77326,23270.670155495438
89296,13846.618584837135
83087,7867.403972681573
100477,9982.018138983458
84635,10486.414952019164
95060,32647.086827077124
79303,26922.79482943232
84026,8724.910341550725
87802,11244.700903616354
85561,11461.687347564204
95941,15086.693762419616
107662,20856.308193720914
105811,9352.412414577499
81618,15096.88496097441
95733,27968.552176252055
93613,14370.08941636802
82163,10141.787342796022
91734,25193.11494250789
87677,2057.528924389774
89816,7082.98754487168
106327,9257.803449638393
101799,9993.745560896443
106344,10556.129797264419
97705,24770.311113162188
86976,18822.53374491158
104847,19416.52203359082
103833,6205.2525019676405
103482,9623.546634158465
96532,13828.54498339455
105817,11765.696853295036
80883,15725.164313598365
77825,46006.851863369804
98673,9287.716849526956
107364,6816.749744481888
88945,6386.321718285672
108307,14191.05383072678
78078,30126.42540203595
92490,34325.91008554806
89401,11198.896722471052
81002,16401.57450507919
93285,21711.509900920257
76796,29988.816197368575
99933,2247.2703648653273
103989,8462.15438778644
77504,15313.267891794476
77187,15131.112897863757
76477,10528.828485291018
104834,11912.049410416059
90656,19580.816552653498
86161,8576.083482664371
82503,19380.64797409629
95429,21934.465165496033
86123,21134.053574025642
85549,9520.146240018019
101443,9836.753561750229
89089,11154.498347687519
101004,9358.126756001935
98976,10705.72138879105
106328,47445.33871434211
101630,4488.684135983469
79682,13595.3444027337
107885,24049.47482187554
97206,7323.806953133495
80721,27832.531600079637
96625,24630.10849575373
87687,14278.892214595813
91458,27704.558254818847
104683,12202.787103381637
104151,9669.390116217153
108346,33520.86029015551
101262,9331.841473409271
96543,15074.455630722887
102763,8778.616055210594
81274,13200.085110591657
95280,12156.019149328687
82561,13641.356589385647
77783,15232.56134840479
95843,32526.417531819086
99776,6749.454718919387
79114,31340.511755059888
102376,13905.13525221539
101704,12804.552393632996
77297,20391.983249050096
80285,39345.13848751168
83467,6580.025870342267
101059,9558.154004048327
102229,12713.358804375806
84664,13910.097340255408
107750,20088.3438363397
102405,10074.547799489506
85553,9349.879298711274
89780,33426.382288536486
104268,10107.299451321574
102935,7096.453925763097
97898,11704.217189781199
103785,5442.515617060471
98529,20707.755663515465
93897,11749.031768476016
101766,11072.527633236235
95038,14929.531593472877
108350,18586.460826208455
103542,10137.603094744494
106061,41822.31231180785
82286,22671.400389942075
93548,31536.0676057802
89937,10482.06022097192
97650,16597.324753612727
77515,32546.5798021668
87466,15081.908559239293
87489,14047.976848931412
83029,6776.940494353568
78512,47193.710136151065
93310,21391.200364884124
99598,10259.390351519527
91341,16397.475469424644
82704,9319.599100492525
80819,2951.068713339242
82774,10790.933584023676
100367,8258.041691233226
80303,14783.057086055727
84897,10426.558907637078
81307,33604.813709955684
99687,9351.188000748036
85321,13694.524860021986
80702,13570.708085219432
103843,8967.023183706535
98898,6875.142348291435
87147,11572.69473708602
97662,8627.40256572794
97518,13326.959847238762
100217,5009.314634862978
94513,28168.22735689001
77035,13457.223161083264
103165,8225.444941402133
77140,6788.411024655533
103771,13346.467878120608
95993,21951.45260121781
83624,15956.508115406581
97945,9137.31621230276
87103,6509.222991755655
107640,12548.01482682172
99549,10919.465843195696
80464,17279.939614698356
99623,13236.508266363708
103689,15813.091241893097
97337,10898.696864129239
84308,16807.283265674276
81459,23201.772761905857
104126,30538.5476076762
97303,31925.494988748567
95139,18420.78125305317
93074,38198.05201913037
102368,9880.792952846963
78475,10113.593346270145
80333,27523.805241469283
80144,12090.609901146372
100439,7448.2262547874525
108154,19144.997547603354
107137,32600.168965620865
92752,23723.023774952795
89896,11124.208096121747
90485,36825.473386212645
83159,11932.867790018181
76671,16167.22013495169
96849,12386.359704993904
93722,37230.60660987148
107787,7612.4212306744785
90164,14907.593830642916
84760,16046.348349549195
90370,9966.243091526285
88117,9193.412899425546
89557,12138.73531539389
98274,2471.230864920244
97325,8728.94113786155
78887,27543.39265797813
90525,20761.183476607566
86491,22160.96086685732
81617,10966.158889536964
96123,10018.655700440453
79413,14525.312573631192
88016,13138.600859111952
104681,21860.78178807184
83330,8061.16771850641
99163,6782.919285808426
102236,7415.710880312463
78116,15022.301121019176
81077,22197.730319153277
81046,34957.475201959154
93928,24599.038250521102
96436,9611.224120013354
93479,16897.607779412116
92021,32522.59502100833
95143,17913.528357925603
90500,13124.083432221127
78940,17508.327139115987
94861,17126.419668092105
81961,15269.22317225165
87630,9151.398352990378
101224,14570.487330117783
103357,7261.999348550503
99521,20731.6431553033
103897,16309.395823146779
76701,10513.972040627617
83560,10042.834362537922
83516,18198.24313159633
76385,14430.405769315856
87311,18197.163328993654
102065,12849.601631635942
81718,19286.63044117682
100025,12846.235481807304
93182,28847.786228213798
79240,22254.563613716102
96331,14924.847770283257
84781,11851.986452251987
100663,3354.970573340269
76390,23981.49218089324
87234,10132.697845735041
85790,18391.02843864505
91278,22425.91416276013
92254,22113.892250665736
99105,6282.356800444172
101324,11738.385784886479
104734,9876.060977690213
103445,17644.515862232016
103323,9020.657965492579
78055,23238.127571411937
101302,13285.86519123035
103095,9391.83926220411
88134,6840.316951269759
79346,13213.759943502453
81699,16138.35477118462
96464,26849.18572591922
86609,10734.21887691049
96737,26205.30689137959
100080,12882.315605016867
93423,22399.95311309433
79886,29679.38230263531
89452,10898.614716437463
81509,15374.637500000152
83975,21115.72421598671
81360,8657.23844438864
98089,9313.294891077761
104047,27165.480827267307
78711,18296.13267863708
81025,23484.43181856159
79973,17590.55025179517
102117,15805.144131312278
78400,50374.96154817086
87911,11116.86134287878
82806,15710.01293092867
102480,10243.512592508152
94044,18364.172728757174
76824,7896.128530488429
104095,15562.668081458163
98660,11117.14293312055
101444,10158.59002131177
92320,58299.04434313999
105141,14396.835128782253
106950,11027.651178281312
81851,28896.8067612562
100884,12061.513271474945
95196,19118.547816507762
103636,2875.147653113584
80584,16827.52279224259
92337,16722.82036094576
85513,7660.814940331767
85180,14151.062910224631
103365,11420.853225933173
85796,16251.12660904228
78462,29549.50452856862
87895,10860.187773352982
99262,11324.442637432034
83363,10024.91818019661
103800,14346.646727756246
78822,11047.578723177192
107816,22238.542802889966
90042,12037.658685502664
99022,12645.362567444296
81854,26243.575486167356
102619,12614.355511133563
80425,17160.992635197916
102306,14646.970407714862
99778,13083.135245109055
105957,20036.634556298075
102184,11934.692970993916
105195,10340.922231315546
98841,10241.658886386196
78452,36469.431439832246
98974,11379.684213907898
86430,12785.895184291758
87124,8833.529356698678
105872,20516.22284377245
108077,15920.234247717477
103608,9716.077557678254
89218,12214.259497713645
106418,20093.014657098924
94498,10679.17563969517
89269,15608.105580298126
87283,9466.155565761632
97545,11573.935683014688
85408,16263.977414030276
104594,8823.144795025246
103905,9362.068902050043
95101,23556.053702042514
83226,11269.05380302707
89257,16622.734156683127
79479,11462.180731812346
77652,20016.30689662044
96606,9295.696368808412
95504,2473.29899482287
84103,10179.353393632698
102843,8978.277385602263
99361,8774.293172464917
91098,17976.216200135812
92937,13018.415366296083
85635,11452.721928199504
105348,12378.79793507794
96427,20254.35473446927
89473,17604.2069837418
79316,32122.037734107824
89157,18353.444247095416
92217,14480.023447332536
99761,20805.964771385155
88748,12354.40844929982
96029,24852.021017812964
92916,28787.092743284025
81210,14858.839283732632
83778,20926.76288320447
89380,11120.153538606728
103398,1601.5459180640853
92869,29596.71005468248
105278,21325.436796806247
77054,18818.21511578686
94021,21893.742565190707
85177,11154.732257614078
77904,22497.60256222644
99917,16029.846176567076
77123,27206.2874219225
95195,22231.37484708558
81922,33369.88206699024
84281,19378.3905261376
101289,14597.52945352635
108200,28320.957995329496
90235,10882.809300375473
81150,31397.938760914072
104224,15785.718451503812
90071,12871.12637924091
93187,26118.696477009093
84284,11760.02525551918
97109,7964.615337953469
102231,10688.741089812294
108093,8944.671258468697
108443,41148.87164002079
92992,13588.750410788047
80438,66935.31645209713
104913,11727.855501480359
82772,9809.244889482206
83960,13102.090345779101
83052,16140.807321309227
82939,7883.767028188065
91175,24710.48956249282
80115,25207.018078767338
99384,8413.786426725263
101540,10592.461252407376
76849,33509.94791332044
97226,12976.798705254556
97672,20796.37463616192
97579,7802.684362998839
92361,28525.214183954995
91952,43184.5196443759
79024,17304.086616792054
98048,14542.557250156384
95481,21437.761078877636
90572,8694.400570464559
91301,19446.365863250496
103209,9836.34349031195
78464,13810.568862238873
91311,28393.155720829738
105722,19483.357215852662
96211,9642.722430988946
105482,7580.46705951326
80750,53237.328927137816
85880,16515.128300353274
106997,20732.649081852418
99866,21956.861533148538
107262,12515.565496966623
98814,2471.230864920244
98650,7104.937502611532
93505,15146.024686091007
103810,14998.278861518826
92931,54555.00283509719
96126,8551.518465533898
104285,7027.856125686872
96503,13874.614829400578
76826,19160.599814465117
102531,10965.97774938432
86939,13956.178098200045
98276,9752.54515399903
89094,5801.012447755793
89376,8165.982279680641
101715,7477.601900556042
98971,8443.02645825435
98359,13074.456408109163
101520,10671.53973187892
86866,10456.537500872631
80468,17766.81507440235
84146,8537.035647904
82628,10664.186594743538
88012,17236.27703288549
78341,16688.677591998774
104664,9452.37856453544
80753,25400.531491644088
88296,13860.183093570853
100349,10334.231676283734
95307,23281.657051400263
97982,14456.145008230927
99328,21061.060432826867
84689,6628.157646760307
86620,8485.758032749762
105565,11932.003220356088
94198,43071.88117371707
81959,8212.535833561271
92894,39682.46158328227
95163,18965.222080693766
81774,17203.270044892124
97953,7115.042227831091
83179,13148.964178951728
83316,9095.655011351497
88506,15105.623984215974
83533,9967.528416410445
84069,10884.519359481104
103724,8128.6176552381785
76757,18033.37542076734
88222,13385.388551604296
77382,18159.007425363594
86702,16444.27997921895
92511,14571.778290090586
100163,13347.399876106452
78982,23488.656861977368
94043,14998.741303249073
87066,10594.437911440764
79987,29604.248064911986
83428,18283.493085641985
88886,19604.46666202185
79836,16795.309065038826
95090,21644.692515060266
77868,23258.68346187669
81415,22131.226028671284
76542,25523.85040743609
99066,10154.915130531223
98211,13671.183060856876
77789,10423.154895517006
102614,9519.64661749071
100676,7133.7888953484835
95751,15921.88575776244
95684,20750.602720929783
108508,17543.223103686963
82075,16035.566356670446
78948,18034.75876028994
93337,20511.686561612732
86465,17092.335046683016
76163,27846.744777318072
101688,9673.473435326114
97445,21198.090967512846
76672,28952.54422813781
108153,27223.868288222184
92963,25565.705611617104
88441,12248.755524277967
76274,14649.199621369029
107189,8898.16862841846
79393,10500.456539685825
94684,33392.506508499784
77033,5829.924721470988
106413,19173.712786830092
90407,22532.9496107952
86730,10901.288546416577
79417,17008.05546416791
93426,30326.014877674515
86689,6574.37416989101
94562,21410.0634586714
101792,17014.897619326985
99696,11689.785001251044
84181,19671.335750211412
83652,23909.510642042496
87285,8431.228307598598
105860,5237.754069738764
80615,30102.57251654383
100040,7174.276973291399
88919,12489.402385666266
84980,11373.090750481742
83969,14987.092539476464
103616,6103.019898760635
105097,14152.616813168104
81573,26385.778176123717
85124,15764.607964483064
82995,15904.67717207411
106976,10117.623288597004
97250,17515.742504814745
91609,16613.076956586207
92582,30105.472102062617
106719,13432.02428990395
95711,22442.260827248378
81868,25263.28762182604
86650,10054.57234655473
84727,7809.825267151833
79409,10713.884546882782
90538,15427.954447698974
90346,7340.328059148816
94050,41768.13162003092
82866,9849.57814375591
93402,14524.005402779032
95803,67997.75025638813
88730,17502.16672605414
84023,16744.00040836746
85119,15324.78434614092
80528,28120.758516744645
103284,8474.40626162955
87269,8287.807385391245
80708,15102.364571342361
96853,18786.35130290437
77191,19494.044859227048
89419,14960.304760364941
106060,10661.355339784604
98372,4252.157245304648
102076,9376.432565051718
79960,26150.27792580726
97268,14098.175059771478
101849,15618.128774623336
96850,22553.30686899652
99301,6779.21185062177
81672,20823.44301054286
100709,12771.555879156112
104616,9366.592840665602
89965,8422.446253299238
93313,12274.015835919065
104340,12622.112374173887
103783,10003.137088624666
78842,28458.710108972187
87942,11078.861209817607
96790,6856.30933492341
97330,10313.402101337177
90180,11364.310670839846
78934,29894.68526113068
90145,24396.080732416056
78173,19519.660711867717
92455,29776.727300100934
81565,22831.28012975113
78530,27600.716005998118
103732,14218.290663695048
91559,26900.27843328215
100802,10731.956121194346
104472,28249.548147836485
96556,9065.450184419908
85610,9698.349789699188
81512,35377.840399488014
94005,26273.06940998644
88847,10189.2952655781
105272,19725.450164166552
88156,7305.627229595162
102245,12730.197245924272
103740,10668.99182022924
98554,2651.4069987863304
82268,11993.704745040244
80472,13399.786434786554
77127,24445.219029695018
94612,10896.889575233272
91124,33514.30763549528
85847,14718.340206798817
95527,25319.95222111397
83373,16595.866084208243
86221,16824.84588728054
83131,16150.249049673817
104639,19395.11380345089
108323,42430.79575064476
95465,17671.055681914488
96905,16413.40218419195
104272,15856.742288557116
90562,17773.212989291613
81396,30829.849595975422
107589,16081.145338181786
78022,16123.041736364807
89141,25161.315933402453
87808,12327.29922345346
92344,15766.34791312174
85181,15217.635100689347
101172,5791.717396482462
107038,13884.271945885885
108214,49051.277550274164
90048,9435.40630224856
92619,23693.284401056695
106279,12675.838570491003
103918,12512.520800444403
96418,29144.12392299392
97891,12686.298147141959
90459,8629.127823146011
90230,17154.305948529778
82589,16039.214165381733
84093,7168.146486030289
84128,17199.667870001533
77775,23390.14643352519
80709,15212.77962459907
87084,16726.366809421663
78358,26959.975297130037
99051,7035.2952195877115
81732,13221.663288698728
94316,30044.504406537788
95333,27193.916360403393
84653,8068.060405300987
94200,22629.90623137386
77707,25931.229116645827
78884,8300.723739221403
87384,13750.486083841852
84311,11817.595439934676
106179,6635.033573936889
77959,51285.89610432428
101918,11889.183773870038
82519,13331.283523752416
90216,5725.036919585318
99455,9090.332171010707
78784,30197.352384425732
93016,19870.07932069211
102343,7177.374410641938
91681,27761.775477640007
94868,14537.353263467918
87562,7973.773424212926
96639,18301.167870450463
85312,19010.51795714319
103821,6913.868652069356
101157,14603.800634531637
98644,7850.6702106980865
91060,20711.87702902585
87747,11500.910924076108
77903,25343.211581518888
99482,19565.254157956362
76170,17165.301348642355
83750,17432.17801339569
95288,11552.66203637828
83977,19302.255558503846
78300,23848.856741367006
80362,8252.194272834064
101315,11411.150907635109
88661,6078.784711232209
96575,27448.324044067704
87420,16331.141648633977
76175,8772.524722051126
95867,27196.39012868884
80904,34514.23898935459
106939,14540.022005614725
97892,10131.168946972326
102282,16294.997778466139
81764,17997.188628486067
103326,11878.692910983638
94064,25414.166837848807
97529,23251.082612251714
97606,5398.781810635181
89922,21732.605603410273
104023,12578.001383822186
98885,7832.064206636786
83365,12414.77513181143
81828,38045.50079414752
100521,10822.764762309253
76827,8615.89582891368
89850,8589.0054541606
90528,13279.378155237557
80710,25365.627242699415
104646,13175.889691632714
102709,10854.069451235477
93055,18930.149605681734
103701,20544.682165122387
103548,8237.222054518918
96053,8234.012163312904
77609,31403.028641509685
99637,13075.066715977842
99911,14574.109925736435
87622,13474.744216793477
95938,15420.512893271198
93648,17072.16111999886
105208,19987.63014421087
82558,25245.98165547161
89781,20075.281414419376
94210,44956.92232009297
97589,25497.3356982794
96120,14298.496451505629
79277,29879.3992769407
93852,25985.382389529317
106276,13496.542886100078
104292,20562.26267000069
103994,13418.423709197776
83967,13957.100118516586
77971,21940.54888472073
76636,25285.211534129485
105328,12861.880550824251
89518,8563.241789734155
107941,12359.765459420449
79721,23009.19305048164
96770,9306.828219732068
105293,8836.660838995535
81503,44630.83699343725
97932,11974.755520159997
101258,9607.440274607396
83499,7405.124500148987
85447,11927.299554162448
98221,9585.356530679632
105617,25748.115907190637
103224,7610.014369779942
82749,5194.31540874758
104578,17185.320855809427
77279,27403.521280246885
106045,24460.686356655868
106053,9713.51292911692
99749,15379.057583258169
102786,14002.932214375507
87467,10812.532730018951
97949,8614.692656235286
91680,26883.87579005064
86203,17674.438689276507
102078,6739.858557255955
94020,22598.326620087282
97807,12708.878800512175
86146,12049.21587570385
92130,26726.508358052484
108463,13897.124223656128
79600,25216.656550373915
89904,9631.603552182427
105696,12659.962112003132
105440,11930.930793205227
78666,24434.728537132687
87225,7478.989166435792
92285,31278.491828842023
85762,7993.596410705642
107249,7828.527135821773
86894,8088.208278426459
86790,20698.672710151313
98272,13450.49384827808
95514,15898.35997652955
103863,12560.594432576763
85887,11046.409276680622
92171,18204.51091082058
105828,20077.62207348124
99025,6306.053680484271
77032,7813.115638185624
96993,17353.20079063336
95599,13991.079349566511
77651,36371.107145670874
99249,6925.6745235589815
82347,31120.342233652045
83547,14671.967896555549
90793,7652.176250810004
94114,3711.612644477446
98376,19847.938239832903
88356,11358.098121023582
97473,9384.695563267363
84728,15060.847892092772
99765,9737.78816584533
95147,26770.779629510096
93220,24305.09053809289
91907,28837.025035340615
100215,9282.260655748038
93841,30346.565353277245
99392,10398.100373385056
100078,10553.617889401898
98334,42599.87042994725
97491,8338.753896679691
76179,13260.307703151188
96845,19496.682937501326
99295,13423.799767513954
101419,5923.564386867677
88658,15010.27744096482
82883,19073.661403696064
76475,10847.069702429264
99742,16770.956428831938
93385,29798.280976612532
96197,7657.935907742576
103239,13681.916210741414
89746,14723.155111606864
84083,17259.85854624525
90921,36501.32978127823
81029,38267.75207487273
85735,15154.13061187989
100511,7309.07316355914
86938,10295.090486037527
106540,12328.209555077101
95088,19677.449391751183
106791,23430.726087314728
101353,6127.375378490907
90012,7795.735653060431
87810,9831.900639997677
78427,25232.153772117967
105147,22694.128541135597
99572,19489.805328041537
95461,35706.8706238817
91238,24297.836221074896
89040,22289.056364497304
106508,14074.335481661552
84365,10060.247268273097
98635,14295.331304859565
95456,26631.612581035162
82157,21970.48409545203
107710,14687.110475084897
102827,8756.746592752668
79534,23910.07772302878
81865,27553.73635243508
88639,16175.991843167232
106981,31508.67181196787
105063,8883.578031844685
89959,12397.914408496168
76364,19184.400425422147
82709,11230.587319159915
97975,7726.922004472864
81231,25492.58292183384
91395,20221.99113910613
102044,10310.98335805108
78668,14327.637938172007
78000,18822.01124394975
105797,18349.00225284177
97820,18982.01507989821
78541,19016.598976886587
83979,25905.70434520388
92189,27374.893662612198
92421,30860.374903974083
104433,14796.477953150788
94419,23240.32327491157
81249,56357.14062744274
83181,14228.765876618294
101041,4461.627275174859
84544,7218.502552478986
82304,24534.108500995888
97216,24032.10858148399
106909,23925.612110200076
88158,6172.832909908474
97244,28496.473876196058
85241,19059.353430693645
93235,26434.08150915125
84502,17806.51036877753
100273,9641.741142861993
99220,8169.033359558762
100249,7995.657508817904
98796,12084.704177902828
100226,9382.27277859398
76989,55055.66816108578
101824,13607.563216360873
104347,17183.033059947946
83602,12321.697165933088
105100,29052.918021579513
87507,8509.501795710677
105460,21692.638196379256
106962,17074.328896091345
76968,18800.587246905736
102530,11058.92506175826
80270,29504.354710569987
76134,14688.554377703187
81648,20089.118356578725
82846,10897.115963519023
107094,28064.194423073117
88963,11919.866799110418
85665,16272.68412812201
83962,10290.114656989423
96200,14294.80630876506
89390,7378.711324946236
86778,7912.190969717879
87626,14211.86923683383
76994,14814.580691410814
95430,15528.24456787705
99912,9661.92064234558
79916,35772.87182898438
77558,35760.40802273778
102504,3598.4665204742732
79125,17943.624462353608
90514,15508.646329344598
84199,12490.296610759113
88179,12927.440160524142
93132,28492.72919584333
103105,15768.856420533055
91760,28077.666574805316
102027,15340.29040633231
99456,10557.370603830273
97843,8626.336985337453
98592,22270.45972395494
101912,8641.14642021805
99398,8548.002249308885
78585,17318.575826740027
99870,16354.15164886708
86989,17318.846290664922
86206,9198.72553859533
84406,9542.25797881622
86226,8193.747529453238
86528,12664.269507594076
84765,14058.332387892982
86600,9760.913046762627
97750,32695.58434172848
90475,8554.650000990368
103437,7777.848546899995
106713,17002.137015101347
84811,16497.018217738325
79863,33800.67033723995
79529,16629.99355420933
87367,11054.047791408964
93885,26116.195194546843
107524,11418.614948140383
77240,25992.751355693206
100091,11457.895864670934
77872,20757.76822961743
97015,26032.32300233188
78978,20441.361756343926
95091,21564.326663782424
107650,17284.28302162137
76162,30115.81104082492
102355,13266.164424598663
101524,10511.85651513351
78720,28639.900051412715
108192,28889.983831672496
94404,16648.820457177982
100206,11484.50081213646
94915,30610.85474996896
101631,7309.07316355914
84639,11373.028948484558
108277,21798.83169598125
103453,12327.312775417055
105392,20041.064021712802
82369,9249.052296590886
104666,9462.488994650508
95742,28847.78579645318
96912,12377.894662542774
93541,25743.15739531608
82393,17757.432393157153
81024,12851.58933955436
81284,19856.660163364897
78406,21732.887609589765
99306,8370.741639597427
108130,7571.988348169998
106160,18983.789496985923
102940,15793.557741364597
76742,20997.378251109127
108025,13218.781276117972
77658,25623.38141631827
84295,11394.829082826089
91996,15581.034556829854
103468,11155.289163793475
87336,10070.77156357778
103993,24760.73472411196
90396,7524.502241917601
97935,9967.455959103592
80399,33455.224678904655
105883,10838.916299349357
92823,24712.634987649042
82238,17044.576417511085
98091,17872.853948876727
87257,11648.680239032194
87937,9892.349975170418
97548,15708.359347434205
105775,17446.505929786752
81363,35037.2221474256
76833,33997.23069860184
91768,20585.60821667413
99627,11211.740865200161
